customer_id,true_p0,true_p1,true_uplift
C0001,0.6886026036094784,0.6916394542040345,0.003036850594556051
C0002,0.2366150503343069,0.2843133974549267,0.047698347120619766
C0003,0.6240910119682154,0.7312012439656486,0.10711023199743319
C0004,0.3701559018897994,0.625567207905583,0.25541130601578355
C0005,0.017232059863774636,0.018815563227472493,0.0015835033636978565
C0006,0.7869464920190147,0.9745898516741867,0.18764335965517198
C0007,0.8866788923984579,0.99752207647634,0.11084318407788207
C0008,0.7559672933674112,0.76625790538169,0.010290612014278833
C0009,0.06770708942541369,0.07319575215430853,0.005488662728894839
C0010,0.41844396568459813,0.5227989222438887,0.10435495655929056
C0011,0.6625439145612311,0.7859300602881688,0.12338614572693773
C0012,0.4431864110184804,0.6406739640436409,0.19748755302516047
C0013,0.14619018275129336,0.19360551752442884,0.047415334773135476
C0014,0.14359385720784426,0.14376509899224174,0.00017124178439748006
C0015,0.4235177610533238,0.5921617518703521,0.16864399081702836
C0016,0.4796588981223814,0.7059122980658555,0.22625339994347415
C0017,0.3522619637415302,0.3532935385684004,0.0010315748268702185
C0018,0.14416989105476447,0.3840189256658505,0.23984903461108603
C0019,0.03467714261859536,0.03468899342812872,1.1850809533364703e-05
C0020,0.44113134653017805,0.452001960594081,0.01087061406390294
C0021,0.6646774058672205,0.6655577575335169,0.0008803516662964084
C0022,0.6378126437151562,0.9332354867136494,0.2954228429984932
C0023,0.8647625844672339,0.8746523430976291,0.009889758630395207
C0024,0.5837635061752969,0.6139695956757769,0.030206089500479982
C0025,0.5808488728808132,0.585129315318301,0.004280442437487819
C0026,0.234442146736282,0.576787816237653,0.34234566950137096
C0027,0.3250901732098568,0.35346436280225974,0.028374189592402954
C0028,0.08346445997245312,0.11868958388178061,0.035225123909327485
C0029,0.36127086602545827,0.40736436495376394,0.046093498928305665
C0030,0.6440530094581717,0.6542917936630379,0.010238784204866236
C0031,0.5143058655132958,0.8623559519052935,0.34805008639199764
C0032,0.6061899828567434,0.6212009390467773,0.015010956190033897
C0033,0.15747001332171232,0.1742798445064746,0.016809831184762286
C0034,0.3454780473762972,0.410270006746356,0.06479195937005877
C0035,0.4122782818972453,0.41602105700445996,0.0037427751072146576
C0036,0.32497153894716263,0.6554673454736745,0.33049580652651184
C0037,0.2371129979527173,0.3894874838253086,0.1523744858725913
C0038,0.025664155770844126,0.025675753078034276,1.1597307190150397e-05
C0039,0.5743818740291117,0.5744812350537019,9.936102459018326e-05
C0040,0.619002087885796,0.636014591933117,0.01701250404732102
C0041,0.7373538088400581,0.8328635338075377,0.09550972496747967
C0042,0.7597478804652367,0.8487384733837844,0.08899059291854772
C0043,0.8075678404474078,0.820926815259601,0.01335897481219317
C0044,0.595270996405317,0.5982547226562053,0.0029837262508882745
C0045,0.6395085732393757,0.8723935934275566,0.2328850201881809
C0046,0.28736712717673984,0.2883544414585153,0.0009873142817754532
C0047,0.3415473974650382,0.6161341874384973,0.27458678997345914
C0048,0.38767985848095693,0.5213577417509765,0.13367788327001956
C0049,0.07867956806243016,0.15837595070150054,0.07969638263907038
C0050,0.35089150279074705,0.3521176525253949,0.0012261497346478523
C0051,0.350508823037026,0.47832905827360894,0.12782023523658292
C0052,0.09730951996741041,0.1016016828473465,0.0042921628799360845
C0053,0.7003051061790427,0.999,0.29869489382095726
C0054,0.07072285007180794,0.07610618470879744,0.005383334636989506
C0055,0.6695508940000372,0.9452563687370972,0.27570547473706
C0056,0.7214016522207098,0.9028151827264218,0.18141353050571196
C0057,0.5712172261908279,0.5804516831872085,0.009234456996380591
C0058,0.40875957742524166,0.6852964343088004,0.2765368568835587
C0059,0.07129105947498324,0.09682182835698205,0.025530768881998817
C0060,0.1734065382467014,0.17644342057023155,0.003036882323530138
C0061,0.7168399842065399,0.9825920327278603,0.2657520485213204
C0062,0.27408277106555945,0.45477391701521996,0.18069114594966051
C0063,0.9189920802051018,0.9244349927409191,0.005442912535817301
C0064,0.559685870119089,0.5969002515354652,0.03721438141637623
C0065,0.24679958960100393,0.27365550669953354,0.026855917098529608
C0066,0.5964702396066885,0.8975780653238138,0.30110782571712524
C0067,0.9281976170561029,0.999,0.07080238294389707
C0068,0.1688601357970311,0.4920014648256755,0.32314132902864445
C0069,0.4853200999871451,0.48833751297773825,0.00301741299059316
C0070,0.29313676741431316,0.4625483396707276,0.16941157225641446
C0071,0.7492364282801893,0.7500788386886489,0.0008424104084595596
C0072,0.031214852326095298,0.03153074804241009,0.0003158957163147888
C0073,0.7796671220003847,0.8158027710020698,0.03613564900168509
C0074,0.19633124982640573,0.27875793011455524,0.0824266802881495
C0075,0.07375204518902169,0.09104032480611063,0.01728827961708894
C0076,0.4144855290900478,0.7633875439839428,0.348902014893895
C0077,0.3254504049524008,0.3300306180650127,0.0045802131126119194
C0078,0.7510248686842065,0.7714483586664515,0.02042348998224497
C0079,0.8355099495662975,0.89361042875904,0.058100479192742416
C0080,0.3452988678495573,0.3514117208131097,0.006112852963552351
C0081,0.791191387045733,0.801039957249254,0.009848570203521034
C0082,0.4707032957688784,0.7650922289880072,0.2943889332191288
C0083,0.6862454807609739,0.7541187795399085,0.06787329877893455
C0084,0.4459822924367699,0.5175582859925759,0.07157599355580602
C0085,0.03655260782532336,0.11189637535817629,0.07534376753285293
C0086,0.43445843415354773,0.7536151197119443,0.31915668555839655
C0087,0.6644230047935208,0.6676528602497788,0.0032298554562579795
C0088,0.3565266893290314,0.5264114655152606,0.1698847761862292
C0089,0.13086850871656888,0.19847132871593534,0.06760281999936646
C0090,0.8353563355346549,0.837044340180471,0.001688004645816088
C0091,0.46132591974805154,0.7579698616197834,0.2966439418717319
C0092,0.7900965081907284,0.999,0.2089034918092716
C0093,0.3307466269727007,0.6702388690448935,0.3394922420721928
C0094,0.5978287051256782,0.6195422363131263,0.02171353118744812
C0095,0.8117881157894417,0.999,0.18721188421055834
C0096,0.7476030281603244,0.999,0.2513969718396756
C0097,0.38777236779527324,0.5069297771221783,0.1191574093269051
C0098,0.5953094881640771,0.596186517133049,0.0008770289689719046
C0099,0.3410985003665424,0.3472291311876347,0.006130630821092331
C0100,0.8288214088164374,0.999,0.1701785911835626
C0101,0.8813973511740352,0.88205574875561,0.0006583975815748211
C0102,0.813885385234012,0.922088057643599,0.10820267240958703
C0103,0.11683642659047809,0.11689439986761485,5.7973277136760815e-05
C0104,0.6747384175852849,0.7374042911603027,0.06266587357501785
C0105,0.30458306886095254,0.42808888079375496,0.12350581193280241
C0106,0.7238098439460662,0.7307998668640289,0.0069900229179626905
C0107,0.34743447583995213,0.6615773841397197,0.31414290829976754
C0108,0.06872813708331166,0.1467720159228597,0.07804387883954805
C0109,0.6599548276535014,0.7109089185026548,0.050954090849153366
C0110,0.8345863825281336,0.999,0.16441361747186645
C0111,0.6770035448466305,0.954512548330125,0.2775090034834945
C0112,0.3143438016965678,0.6452097290667547,0.3308659273701869
C0113,0.020834995118095036,0.021212587149058923,0.0003775920309638872
C0114,0.5974521648754764,0.6375891385209701,0.040136973645493734
C0115,0.1460803727359338,0.2743455680084913,0.1282651952725575
C0116,0.6725996115544841,0.9685612931526622,0.29596168159817804
C0117,0.6569892707365779,0.6929682535900826,0.03597898285350476
C0118,0.19109990187039502,0.19983449802624653,0.00873459615585151
C0119,0.46242936515405886,0.7787100452354884,0.3162806800814295
C0120,0.73987711299686,0.8899430616678277,0.15006594867096767
C0121,0.20131802215149863,0.2607073382409387,0.05938931608944009
C0122,0.4548434472979815,0.7717947990921663,0.3169513517941848
C0123,0.39283228583953084,0.49728725658809014,0.1044549707485593
C0124,0.5611556793465252,0.7121221944057489,0.15096651505922365
C0125,0.009847936410710016,0.013329202246875014,0.0034812658361649974
C0126,0.43302056367608843,0.7829403942424686,0.3499198305663802
C0127,0.06013048156294393,0.060212234720698345,8.175315775441755e-05
C0128,0.09841990363628428,0.11502037854675423,0.016600474910469953
C0129,0.31986036557709724,0.3935276988960612,0.07366733331896397
C0130,0.5387161096089607,0.5409812863158584,0.0022651767068977424
C0131,0.5900608624325667,0.7074392503481043,0.11737838791553756
C0132,0.8952009874554703,0.999,0.10379901254452972
C0133,0.5163246710590085,0.6469423236209367,0.13061765256192825
C0134,0.23623122435794805,0.25052650258099024,0.01429527822304219
C0135,0.04005400065594244,0.04339427682998264,0.003340276174040202
C0136,0.07418129580895774,0.12027652870327087,0.04609523289431312
C0137,0.9008251896451974,0.999,0.09817481035480258
C0138,0.31752852354043726,0.41112003812005904,0.09359151457962178
C0139,0.8642605771680051,0.9676557204487986,0.10339514328079347
C0140,0.15643056355463955,0.3995688776250365,0.24313831407039696
C0141,0.35628898696400296,0.4598230232841898,0.10353403632018682
C0142,0.2115722253385605,0.3222437293570458,0.11067150401848533
C0143,0.9068157870550496,0.999,0.09218421294495038
C0144,0.12076879753459759,0.14705199478948455,0.026283197254886967
C0145,0.5919297738341566,0.8135379756900246,0.22160820185586805
C0146,0.20166012002432934,0.3669804307904293,0.16532031076609996
C0147,0.797982017171956,0.799046759077065,0.001064741905108968
C0148,0.35350790302530705,0.5517796032376343,0.19827170021232726
C0149,0.21155917669925126,0.43406268741153103,0.22250351071227978
C0150,0.036877264513009204,0.042636896636240436,0.005759632123231231
C0151,0.1344649422134329,0.13450261846100348,3.7676247570589405e-05
C0152,0.8875594042929922,0.999,0.11144059570700782
C0153,0.74457342294092,0.7460019517319796,0.0014285287910595912
C0154,0.38488333867433616,0.4584007890421483,0.07351745036781215
C0155,0.17678353742630912,0.401068599303645,0.2242850618773359
C0156,0.8916258871698274,0.8924595818412099,0.0008336946713825011
C0157,0.8088283229606311,0.999,0.19017167703936888
C0158,0.37556798727650603,0.6202546964648421,0.24468670918833607
C0159,0.6269343673149818,0.7818831113467726,0.15494874403179082
C0160,0.602025384049313,0.9238730952301852,0.3218477111808722
C0161,0.42887321773884046,0.4305861127951823,0.0017128950563418122
C0162,0.17904303643781178,0.18189338500582086,0.0028503485680090868
C0163,0.31357897102951254,0.3418530371500801,0.028274066120567543
C0164,0.09488240234071751,0.2862059434068111,0.1913235410660936
C0165,0.5925500361262764,0.6178030760431961,0.02525303991691963
C0166,0.5586654622950789,0.5719783953046944,0.013312933009615557
C0167,0.7835689641248903,0.7965223874413871,0.012953423316496848
C0168,0.7245338047476727,0.7342145397954204,0.00968073504774769
C0169,0.6330280123689677,0.7122079487242686,0.07917993635530096
C0170,0.5082355647075688,0.5457800361423961,0.03754447143482731
C0171,0.05187176188355035,0.06507570085387283,0.01320393897032248
C0172,0.2827698462180799,0.5088350536589809,0.22606520744090097
C0173,0.13130133013008052,0.46668185036463083,0.33538052023455034
C0174,0.24045835445199526,0.4033478789209447,0.16288952446894944
C0175,0.4025133182681186,0.46244668479463114,0.059933366526512544
C0176,0.3182665692293332,0.3780796193260347,0.05981305009670146
C0177,0.6005339568548206,0.6017859023296969,0.0012519454748762815
C0178,0.8848716228866743,0.999,0.11412837711332569
C0179,0.8952283598151416,0.9293073295499166,0.03407896973477498
C0180,0.7094384620817938,0.7646560523415873,0.05521759025979345
C0181,0.9003035700641937,0.9011744460329282,0.0008708759687344747
C0182,0.852476425518628,0.8883083799647079,0.035831954446079894
C0183,0.7796725993633022,0.9771558310131797,0.19748323164987747
C0184,0.17629345379113048,0.18334694634998622,0.007053492558855734
C0185,0.7719157574406164,0.7732767139446409,0.0013609565040245686
C0186,0.49227526249761255,0.5724999493439604,0.08022468684634787
C0187,0.5248641098044923,0.5434057935451673,0.018541683740674997
C0188,0.09637726698347351,0.125971409399025,0.029594142415551472
C0189,0.507391349874488,0.5707837135257081,0.06339236365122014
C0190,0.3911600746771626,0.4439206367727909,0.05276056209562835
C0191,0.9067344806924752,0.9097598008847614,0.003025320192286185
C0192,0.11205269205729995,0.11535664772698688,0.0033039556696869282
C0193,0.28000295349574106,0.595339967870991,0.3153370143752499
C0194,0.29438472779088687,0.3036721626715756,0.009287434880688727
C0195,0.17036862742855063,0.17968308669093652,0.009314459262385888
C0196,0.11706328394415463,0.46687191356073665,0.349808629616582
C0197,0.7382429689723184,0.7546004745251979,0.016357505552879403
C0198,0.9403663110205874,0.9537113607896275,0.013345049769040052
C0199,0.0012472821536216503,0.0012472851293288355,2.975707185217183e-09
C0200,0.19555130125806494,0.4109690574441295,0.21541775618606454
C0201,0.7345356006219722,0.999,0.2644643993780278
C0202,0.8280457997089772,0.8450724916126635,0.01702669190368633
C0203,0.31283494200435963,0.483363025653814,0.17052808364945438
C0204,0.19702270563768318,0.24038657518889248,0.0433638695512093
C0205,0.08700501360443007,0.3852055420645301,0.29820052846010003
C0206,0.46641245150970295,0.7445352881276545,0.2781228366179515
C0207,0.23645959604167363,0.4773181130157639,0.24085851697409025
C0208,0.7253712288901547,0.7428781147735181,0.017506885883363354
C0209,0.2682309194634733,0.27090586765548924,0.0026749481920159135
C0210,0.3869893629173248,0.41172948843504864,0.024740125517723865
C0211,0.6840934212025381,0.806069523751702,0.12197610254916391
C0212,0.12739032256969035,0.33263355592600385,0.2052432333563135
C0213,0.10347461602647694,0.3183418475927922,0.21486723156631526
C0214,0.9147301066440208,0.999,0.08426989335597923
C0215,0.32444872400748,0.3354251360710341,0.010976412063554097
C0216,0.1777445191914189,0.19435724142515146,0.016612722233732558
C0217,0.6135399859652927,0.6288787070858015,0.015338721120508825
C0218,0.2837827144563362,0.31260400373672925,0.02882128928039307
C0219,0.7272633325376305,0.734414136245298,0.007150803707667519
C0220,0.13700088607709107,0.1520231828024313,0.015022296725340223
C0221,0.0788766070789129,0.3098178549388292,0.23094124785991627
C0222,0.719405424099845,0.7374749412016124,0.018069517101767407
C0223,0.1468236966727247,0.14699948713130992,0.0001757904585852066
C0224,0.6879996256603259,0.9766626236520867,0.28866299799176076
C0225,0.26756005082216633,0.2838087457911189,0.016248694968952593
C0226,0.9326431068426498,0.9357727092096366,0.0031296023669867834
C0227,0.04181173894851411,0.05122375586002887,0.009412016911514762
C0228,0.2717216496347731,0.2747324329179872,0.0030107832832141357
C0229,0.777240998688422,0.8379279852668784,0.06068698657845639
C0230,0.36971818220839126,0.41389522229153974,0.04417704008314849
C0231,0.40090809534220345,0.5019092024001238,0.10100110705792037
C0232,0.08022760592648194,0.20053010928235798,0.12030250335587604
C0233,0.8865356586060333,0.8930583010885225,0.006522642482489127
C0234,0.07949947860834151,0.07967614392323832,0.00017666531489680948
C0235,0.34332190419503916,0.38326878346027976,0.0399468792652406
C0236,0.8015615765796925,0.8661350741784115,0.064573497598719
C0237,0.3905514540110313,0.703233244449952,0.31268179043892075
C0238,0.49165599736839805,0.6275398377171755,0.13588384034877743
C0239,0.18502392230574405,0.31161651119833067,0.12659258889258662
C0240,0.09464885627291506,0.12876070360449987,0.034111847331584816
C0241,0.4988932427267955,0.5481978635706568,0.04930462084386128
C0242,0.7203179012871117,0.7258453940452266,0.005527492758114927
C0243,0.3913000481001428,0.7395059813163121,0.34820593321616927
C0244,0.7639758040621245,0.7917346819532345,0.02775887789110998
C0245,0.27415205013662564,0.2873018982706884,0.01314984813406278
C0246,0.7557789019604025,0.999,0.24322109803959746
C0247,0.23443924752340375,0.24083327222218637,0.006394024698782613
C0248,0.23695252088663663,0.31493785379149125,0.07798533290485463
C0249,0.17089636601596978,0.19141915188271677,0.020522785866746995
C0250,0.36687214809361385,0.6371643991750087,0.2702922510813948
C0251,0.9740312745686008,0.999,0.024968725431399164
C0252,0.9084581255578263,0.9581687840642269,0.04971065850640055
C0253,0.7159399294968835,0.8814941079371973,0.16555417844031384
C0254,0.044845378866904,0.04699778132052445,0.0021524024536204514
C0255,0.334128044810879,0.4857132893813916,0.1515852445705126
C0256,0.6873384246500045,0.8516060123455671,0.1642675876955626
C0257,0.4387551280642179,0.4509526292365184,0.012197501172300507
C0258,0.04019324766665941,0.04215196086181541,0.0019587131951560033
C0259,0.5202048029819768,0.8695713937023553,0.34936659072037846
C0260,0.08150342051719627,0.09332930864338004,0.011825888126183778
C0261,0.09508237516274809,0.4119825120769713,0.3169001369142232
C0262,0.6824140215113819,0.999,0.31658597848861814
C0263,0.2040498162317672,0.2803696547315165,0.07631983849974927
C0264,0.1250626483673591,0.15823544110449944,0.03317279273714033
C0265,0.28418925579802484,0.28446586489311987,0.0002766090950950262
C0266,0.3552959241046884,0.6242130644653421,0.2689171403606537
C0267,0.7151171528610993,0.7183660396272042,0.003248886766104908
C0268,0.3480447866563457,0.5504367023471508,0.2023919156908051
C0269,0.29162676726985204,0.4602140361440249,0.16858726887417286
C0270,0.02264590769367352,0.09501827186815229,0.07237236417447876
C0271,0.15811511315729382,0.4476204888233381,0.2895053756660443
C0272,0.06468878284543515,0.1660596312413151,0.10137084839587994
C0273,0.024098563428718276,0.0306681618734102,0.006569598444691925
C0274,0.4094774111620332,0.634429188024615,0.22495177686258183
C0275,0.7524332400775271,0.999,0.2465667599224729
C0276,0.6712824103752253,0.9776539330573125,0.3063715226820872
C0277,0.04968889590000749,0.08771991935109345,0.038031023451085964
C0278,0.8625844011593077,0.9253398254848118,0.06275542432550407
C0279,0.014598811945431125,0.014598811945966494,5.353686244324862e-13
C0280,0.6574858551202971,0.688684095828502,0.031198240708204872
C0281,0.25016722606235625,0.4619322999223974,0.21176507386004118
C0282,0.17484321616357532,0.5240095388145949,0.34916632265101955
C0283,0.05591219346985495,0.33886424758356526,0.2829520541137103
C0284,0.07846794079704401,0.07847663954197688,8.69874493286682e-06
C0285,0.4150620294354081,0.7285317243907647,0.31346969495535665
C0286,0.23305215811772048,0.5792048948451488,0.3461527367274283
C0287,0.10253698549284897,0.16674467602159232,0.06420769052874335
C0288,0.31634270142302545,0.4340472807887672,0.11770457936574175
C0289,0.3238032172503959,0.3435195122884478,0.01971629503805189
C0290,0.5542023216181964,0.5550390653972923,0.0008367437790959276
C0291,0.4002665131764018,0.45060113997797024,0.05033462680156847
C0292,0.0486312092277739,0.25677412332838917,0.20814291410061528
C0293,0.799496904653257,0.9375163488467694,0.13801944419351242
C0294,0.0293312832321647,0.04990552351352487,0.02057424028136017
C0295,0.5397297355177318,0.7865963094229407,0.24686657390520883
C0296,0.8935000999360138,0.9725817124797176,0.07908161254370383
C0297,0.555196528558957,0.6265400759327879,0.07134354737383097
C0298,0.8109635311123647,0.981962492860368,0.17099896174800322
C0299,0.7416327781622774,0.7699427306940997,0.028309952531822336
C0300,0.6733675228458412,0.9331200832587616,0.2597525604129204
C0301,0.9408285457162504,0.943209033789596,0.0023804880733455658
C0302,0.01771953216358604,0.01814935725855576,0.0004298250949697213
C0303,0.6298197079123982,0.665608728796541,0.03578902088414282
C0304,0.14648763726424502,0.4946361549045998,0.34814851764035476
C0305,0.8777309776222808,0.999,0.1212690223777192
C0306,0.7910141980032251,0.8104537498954608,0.019439551892235674
C0307,0.7867164484824792,0.7953652188819859,0.008648770399506622
C0308,0.9480764126432575,0.9556707253290648,0.007594312685807347
C0309,0.12271334082756086,0.4636309231927882,0.34091758236522735
C0310,0.08310001768066412,0.363466524124755,0.2803665064440909
C0311,0.3737017469989887,0.37838617866318064,0.004684431664191913
C0312,0.3707811141151645,0.6270196686870195,0.256238554571855
C0313,0.35836138833716036,0.3594704494055218,0.00110906106836145
C0314,0.4300850354796458,0.4314037625961253,0.0013187271164794567
C0315,0.09549316356935632,0.2715780337309717,0.1760848701616154
C0316,0.7705143784220163,0.999,0.2284856215779837
C0317,0.5576937855659461,0.5809554290869721,0.023261643521026
C0318,0.5393327924604562,0.6309659405094858,0.09163314804902967
C0319,0.11784363480137545,0.14864883700410217,0.030805202202726714
C0320,0.7142465656169449,0.7559261576029951,0.0416795919860502
C0321,0.6195369810759734,0.721403356528219,0.10186637545224553
C0322,0.5227415346557269,0.8540377361928784,0.33129620153715145
C0323,0.31392805407141416,0.3710271798670244,0.05709912579561022
C0324,0.44936577648919573,0.5112447732501815,0.06187899676098574
C0325,0.13521615021656483,0.13521622294740238,7.273083754699705e-08
C0326,0.8135252143420182,0.9953247733536447,0.18179955901162648
C0327,0.3604024668291088,0.6784630657555504,0.31806059892644156
C0328,0.3025202295089218,0.4464016657505729,0.14388143624165106
C0329,0.6881970318898896,0.876654620136258,0.18845758824636838
C0330,0.6050929707224685,0.8561239773218832,0.2510310065994147
C0331,0.6085060083986208,0.8258103840141666,0.21730437561554583
C0332,0.0917220220447358,0.19121438651286493,0.09949236446812913
C0333,0.30668163124374304,0.3178724167144192,0.011190785470676146
C0334,0.927210056567528,0.999,0.07178994343247203
C0335,0.006362093687039515,0.011716360975200898,0.005354267288161383
C0336,0.8524448044459735,0.8537324304376868,0.0012876259917132815
C0337,0.4986569356974888,0.7835584490312257,0.2849015133337369
C0338,0.3341938122504635,0.34020768423524306,0.00601387198477954
C0339,0.06574873143794616,0.06734727774839536,0.0015985463104492004
C0340,0.39685801092736156,0.6151538800971614,0.21829586916979987
C0341,0.45727595391947157,0.4787907014073328,0.021514747487861252
C0342,0.9490804814111575,0.999,0.04991951858884247
C0343,0.5172337524224027,0.8055156969511369,0.28828194452873424
C0344,0.8916894088764404,0.999,0.10731059112355956
C0345,0.6361844202129299,0.9723884492634461,0.3362040290505163
C0346,0.6451338864223233,0.9178384362592777,0.27270454983695447
C0347,0.4996052172674443,0.6160987686378115,0.11649355137036727
C0348,0.42441663537713104,0.6875593533961477,0.2631427180190167
C0349,0.28191470245561173,0.3032148198990744,0.021300117443462663
C0350,0.4086767237033194,0.44486198102163177,0.03618525731831235
C0351,0.28363943088444793,0.5668779202804108,0.2832384893959629
C0352,0.013465418780580532,0.013465418950694301,1.7011376855780025e-10
C0353,0.13348502430176856,0.2897803657233553,0.15629534142158674
C0354,0.47225047800972364,0.8176509973478747,0.3454005193381511
C0355,0.15178184078919232,0.3543352310362818,0.20255339024708946
C0356,0.35090969603623806,0.45150090361625095,0.10059120758001289
C0357,0.8990054327731667,0.9235633121240764,0.024557879350909695
C0358,0.6110656999027104,0.9505469901149063,0.33948129021219586
C0359,0.17302226954043226,0.476112708273228,0.30309043873279573
C0360,0.7527079059378886,0.8108067255487432,0.05809881961085461
C0361,0.43780878946877644,0.5047240958239738,0.06691530635519738
C0362,0.3940105875421786,0.6122828992077816,0.21827231166560296
C0363,0.39989029909303175,0.46628965531797006,0.06639935622493831
C0364,0.2275777294389713,0.4058214017815356,0.17824367234256427
C0365,0.7155235343085126,0.8615167885823322,0.1459932542738196
C0366,0.5242044719987383,0.5893885498165606,0.06518407781782232
C0367,0.5275361674875118,0.5630889935020823,0.03555282601457055
C0368,0.2566990971225739,0.4934780525846973,0.2367789554621234
C0369,0.6089070701434124,0.9451774249770302,0.3362703548336178
C0370,0.8713266478659997,0.909055720948022,0.037729073082022335
C0371,0.557234961743669,0.8203403817135553,0.26310541996988623
C0372,0.5203320092898406,0.8700697430382892,0.34973773374844863
C0373,0.03946848310903023,0.046283326063122,0.006814842954091772
C0374,0.19755077758686002,0.203289242966026,0.0057384653791659745
C0375,0.2337348318252922,0.24142299835754127,0.007688166532249074
C0376,0.0721342294945038,0.12168735827300259,0.049553128778498795
C0377,0.48107676047399794,0.5163210882129222,0.035244327738924275
C0378,0.791388678758204,0.828071320234509,0.03668264147630507
C0379,0.1991534922381085,0.41307449258222995,0.21392100034412145
C0380,0.7776388776348098,0.9820073843127411,0.20436850667793138
C0381,0.3702968200855714,0.3820164525221742,0.01171963243660279
C0382,0.9162559687761278,0.999,0.0827440312238722
C0383,0.397421141447024,0.4488402790411366,0.051419137594112596
C0384,0.29052548978422993,0.6017012173274578,0.3111757275432279
C0385,0.3798699881979746,0.3807207600121628,0.0008507718141882448
C0386,0.4362477667079741,0.7506406609116791,0.31439289420370503
C0387,0.09123156993503465,0.09538043073868956,0.004148860803654911
C0388,0.2904795678319553,0.3052537911057262,0.014774223273770926
C0389,0.07062802117482501,0.08945421354787741,0.0188261923730524
C0390,0.47823224323430685,0.6000165803883613,0.1217843371540544
C0391,0.7812443236279287,0.7827220532488731,0.0014777296209443902
C0392,0.09777605748229186,0.4420535748211817,0.34427751733888984
C0393,0.166040638361493,0.17386151010177847,0.007820871740285479
C0394,0.8648684028295108,0.999,0.13413159717048917
C0395,0.5586410827561819,0.6801912506740456,0.12155016791786377
C0396,0.09735158277036218,0.417599999112206,0.32024841634184387
C0397,0.8946099065188802,0.8977140576232832,0.0031041511044029857
C0398,0.5231334462350529,0.5282797013714906,0.0051462551364377385
C0399,0.18736398707599305,0.23474709168909985,0.0473831046131068
C0400,0.4034322815929409,0.42399166116345943,0.02055937957051851
C0401,0.06665987858076725,0.12141596319689571,0.054756084616128464
C0402,0.8760838209130813,0.999,0.12291617908691865
C0403,0.279368406026881,0.3429659004589132,0.06359749443203216
C0404,0.209214978595271,0.38705890987732705,0.17784393128205606
C0405,0.9699893491813906,0.9719256750263927,0.0019363258450021403
C0406,0.41433652504400537,0.6155130884105757,0.20117656336657036
C0407,0.40603495557745184,0.43222478868856246,0.026189833111110616
C0408,0.7624952532061338,0.7796482014381783,0.017152948232044496
C0409,0.38322169593574723,0.41043241468476793,0.0272107187490207
C0410,0.4040635352146233,0.530307949779341,0.12624441456471774
C0411,0.4825122190206243,0.5945308974680101,0.11201867844738583
C0412,0.8969767330538877,0.8992427718424336,0.002266038788545921
C0413,0.29755326200165133,0.5818533943728919,0.2843001323712405
C0414,0.859012399150651,0.8739005628410031,0.014888163690352174
C0415,0.16765028752496416,0.5115147015290856,0.3438644140041215
C0416,0.12185268263706352,0.46721660320776254,0.34536392057069903
C0417,0.39871609368539523,0.4037212147761602,0.005005121090764952
C0418,0.666674002227444,0.999,0.332325997772556
C0419,0.1400919421546306,0.19733455504407527,0.057242612889444655
C0420,0.7582406454871309,0.999,0.24075935451286912
C0421,0.5013176933390018,0.5298671428821817,0.02854944954317995
C0422,0.023799566941420706,0.027109867571197648,0.003310300629776941
C0423,0.2450100976881484,0.34956189291332684,0.10455179522517843
C0424,0.1595417862245368,0.23374429720371998,0.07420251097918318
C0425,0.6367006915422119,0.946385291338839,0.3096845997966271
C0426,0.6014290292295004,0.9362971864894296,0.33486815725992924
C0427,0.24358345336197904,0.2721176815052693,0.02853422814329029
C0428,0.6574252563979287,0.840377105127941,0.18295184873001225
C0429,0.384674553274746,0.4111497872705051,0.02647523399575913
C0430,0.8602246900164523,0.999,0.1387753099835477
C0431,0.9135329313464476,0.9144672671217721,0.0009343357753244241
C0432,0.35421782718891104,0.3613975517564575,0.007179724567546453
C0433,0.23654606905635084,0.2436344670723916,0.007088398016040748
C0434,0.22429075767942871,0.4626325674142324,0.2383418097348037
C0435,0.09076867878151888,0.2644929150332872,0.1737242362517683
C0436,0.49809455349555526,0.6082765945130069,0.1101820410174516
C0437,0.3248545103359396,0.35554069108698433,0.030686180751044734
C0438,0.044910613896011316,0.049674025889073894,0.004763411993062579
C0439,0.8424704100865608,0.8463108717722911,0.0038404616857303786
C0440,0.17622876497812412,0.18531253950736676,0.009083774529242639
C0441,0.8391516694377953,0.9446433347429883,0.10549166530519305
C0442,0.21509096158852342,0.5293209808095556,0.31423001922103216
C0443,0.6776589021847949,0.804214994612318,0.1265560924275232
C0444,0.04340576027038499,0.07004678635182826,0.026641026081443274
C0445,0.6393703980615151,0.6419662824651695,0.002595884403654436
C0446,0.8802662441322567,0.8828508038642786,0.002584559732021874
C0447,0.8270365652958437,0.999,0.17196343470415631
C0448,0.573915925859491,0.8986507044700583,0.3247347786105673
C0449,0.11663791771097708,0.28927602267748126,0.17263810496650417
C0450,0.5026744484062892,0.7465103087253753,0.2438358603190861
C0451,0.15719547049541793,0.4492463692134983,0.2920508987180804
C0452,0.6062996012262741,0.8407687883399629,0.2344691871136888
C0453,0.9517611304556604,0.9628573986073693,0.011096268151708943
C0454,0.334519458068337,0.5391216202664153,0.2046021621980783
C0455,0.21792812599446548,0.30965356943661615,0.09172544344215067
C0456,0.4286516053704572,0.4327401744983991,0.004088569127941866
C0457,0.7777913489179571,0.8902324306416097,0.11244108172365264
C0458,0.18533682962957398,0.2507172544395641,0.06538042480999012
C0459,0.8270014268899709,0.8277228043618227,0.0007213774718517474
C0460,0.6489260887304222,0.7494779443669539,0.10055185563653168
C0461,0.4624111086792322,0.4903000605755338,0.02788895189630164
C0462,0.02795147308838371,0.19384137854397435,0.16588990545559062
C0463,0.6849340695952225,0.7005355446162105,0.015601475020987965
C0464,0.07705565226401598,0.09103517232231643,0.013979520058300457
C0465,0.35345865261359743,0.6792618025980136,0.3258031499844162
C0466,0.04561299525834807,0.05272370046771417,0.007110705209366103
C0467,0.15950222499306696,0.22919898257843166,0.0696967575853647
C0468,0.5852763978116402,0.8624268121526844,0.27715041434104415
C0469,0.02590249513491858,0.025935515194508645,3.302005959006371e-05
C0470,0.6928668006371014,0.6957999313479031,0.0029331307108017013
C0471,0.2667611611688276,0.4394118366357832,0.17265067546695562
C0472,0.16415282304213513,0.1654329008245693,0.0012800777824341636
C0473,0.428021342471453,0.4327958069233129,0.004774464451859861
C0474,0.20414698705350592,0.20713151407044836,0.0029845270169424343
C0475,0.05143499615898268,0.05356883428294254,0.0021338381239598622
C0476,0.15024057555151576,0.37946124611473464,0.22922067056321888
C0477,0.5368534775161928,0.5529112064021751,0.016057728885982225
C0478,0.031743911699703004,0.03174574087212988,1.8291724268731935e-06
C0479,0.4596691139984511,0.6369089678350519,0.1772398538366008
C0480,0.15279262615042774,0.46295184371231524,0.31015921756188747
C0481,0.48152418623326726,0.7014044753521461,0.21988028911887886
C0482,0.2571150609235559,0.6048213260594766,0.3477062651359207
C0483,0.9711564111924644,0.999,0.02784358880753557
C0484,0.024355783944753233,0.024366540242517946,1.0756297764712847e-05
C0485,0.06149275812582997,0.1444109610453298,0.08291820291949983
C0486,0.09901765192420744,0.12202050590099205,0.0230028539767846
C0487,0.8183790785456547,0.8300300061677865,0.011650927622131824
C0488,0.18498882419603152,0.5273359921625744,0.3423471679665429
C0489,0.5882691387997083,0.9376075044885102,0.34933836568880183
C0490,0.8473120302326785,0.893115681912961,0.04580365168028244
C0491,0.40008497594691017,0.4000872915741195,2.3156272093149965e-06
C0492,0.4903310321032363,0.7968813676810671,0.3065503355778308
C0493,0.6427887334920244,0.8187621289618828,0.17597339546985846
C0494,0.33530104900154317,0.3522547741544648,0.01695372515292165
C0495,0.8822390619171631,0.8849146822289704,0.0026756203118073474
C0496,0.5491444140898097,0.8114353353852918,0.26229092129548204
C0497,0.8341195778351029,0.9120489306089781,0.07792935277387514
C0498,0.18663445505774387,0.2111619285766738,0.02452747351892992
C0499,0.4367960489079172,0.6042388211312548,0.16744277222333764
C0500,0.4246037676742361,0.7300428163382988,0.30543904866406274
C0501,0.43056182038618707,0.6739156043781223,0.2433537839919352
C0502,0.10475459205557429,0.10477819800191303,2.360594633873947e-05
C0503,0.9333029958845336,0.962669874786259,0.0293668789017254
C0504,0.6077089288346865,0.891133030066658,0.2834241012319715
C0505,0.8005003847669214,0.8091476941268145,0.008647309359893107
C0506,0.2699905520981028,0.2947818679357278,0.024791315837625005
C0507,0.6204466388166908,0.8893337833248541,0.2688871445081633
C0508,0.4383960380929931,0.4937753622702668,0.0553793241772737
C0509,0.08722844310717709,0.1255783257984046,0.03834988269122752
C0510,0.2689587848571792,0.2747602524497253,0.005801467592546072
C0511,0.013059452868828529,0.013420314023811844,0.0003608611549833149
C0512,0.7304020635880422,0.7343720950553974,0.003970031467355195
C0513,0.0985249046028605,0.343439608976559,0.2449147043736985
C0514,0.3592990787369559,0.4567878760187294,0.09748879728177351
C0515,0.1795938003750301,0.20425048997758985,0.02465668960255976
C0516,0.5886332554681678,0.75292680563399,0.16429355016582214
C0517,0.6153077785165755,0.6197689090342801,0.004461130517704581
C0518,0.3192799194161153,0.5163900288241223,0.19711010940800705
C0519,0.06562586499643003,0.08815445717091464,0.022528592174484607
C0520,0.789053142638287,0.8194314070413123,0.03037826440302538
C0521,0.9116119710082375,0.9956452603760634,0.08403328936782584
C0522,0.18275568517451782,0.21849642220278814,0.035740737028270325
C0523,0.25053472274178484,0.3840333311520018,0.13349860841021693
C0524,0.09868517998945925,0.1003805484501116,0.0016953684606523522
C0525,0.07368648374169624,0.10229898326669191,0.02861249952499567
C0526,0.5075126786734903,0.7483754116357985,0.2408627329623082
C0527,0.9440537707334317,0.999,0.054946229266568336
C0528,0.7986241392837231,0.8002339705713316,0.0016098312876084986
C0529,0.8486958442699948,0.999,0.15030415573000522
C0530,0.10208154898105312,0.2131991172043594,0.11111756822330629
C0531,0.756941915527934,0.757612480046262,0.0006705645183280318
C0532,0.23082166690643638,0.3280244032300852,0.09720273632364881
C0533,0.3962849967274515,0.7271542007050373,0.33086920397758585
C0534,0.6155429017285623,0.6636463802247539,0.048103478496191565
C0535,0.1103875963776657,0.17168976163338992,0.061302165255724225
C0536,0.6058265060176953,0.6072287515715066,0.0014022455538112988
C0537,0.6572733767034683,0.8035885600418984,0.14631518333843008
C0538,0.24307832600932866,0.48053248904607304,0.23745416303674438
C0539,0.10036935068650815,0.4047409337509805,0.3043715830644724
C0540,0.7197109147546477,0.7435369395379959,0.023826024783348276
C0541,0.7728713838346216,0.7762097001771135,0.0033383163424919315
C0542,0.19964369418369746,0.24105797217455227,0.041414277990854814
C0543,0.833686893289143,0.999,0.16531310671085697
C0544,0.756455201900605,0.999,0.242544798099395
C0545,0.4942431774958401,0.5388210155307189,0.0445778380348788
C0546,0.42625087686300533,0.6365206043501873,0.21026972748718198
C0547,0.38076624287112165,0.5551602361609582,0.17439399328983657
C0548,0.14210931483130176,0.15048325642354693,0.008373941592245165
C0549,0.8973035802669868,0.8986768747399895,0.0013732944730027175
C0550,0.7040266400658669,0.7085198247985003,0.004493184732633382
C0551,0.2504263162046059,0.2724805058778152,0.022054189673209268
C0552,0.25348067885077363,0.2628455222573445,0.009364843406570844
C0553,0.2048165971321416,0.2876274265229824,0.0828108293908408
C0554,0.6501653232181491,0.6671934245675528,0.01702810134940369
C0555,0.04197377832759599,0.043702690040233236,0.0017289117126372475
C0556,0.6952634531281663,0.7197091163734757,0.02444566324530939
C0557,0.6299458138921958,0.7579293412810151,0.12798352738881924
C0558,0.5259644332666659,0.6649528257917918,0.13898839252512596
C0559,0.33364621974442027,0.404588119042373,0.07094189929795275
C0560,0.6934693318205871,0.7820960278994853,0.08862669607889817
C0561,0.48806553139899084,0.5474909422430515,0.05942541084406067
C0562,0.06907449079928746,0.11664865835032553,0.04757416755103808
C0563,0.8496265419112018,0.8696644641077386,0.020037922196536773
C0564,0.5361245073621983,0.6985120001055907,0.16238749274339237
C0565,0.283648178539898,0.32233736088004195,0.03868918234014396
C0566,0.7738959297295891,0.7977873566398661,0.023891426910277014
C0567,0.3712093696578552,0.622972497694624,0.2517631280367688
C0568,0.06582581411017521,0.06889157507254294,0.003065760962367728
C0569,0.26709860072757136,0.29149958926702524,0.024400988539453883
C0570,0.2750223271674415,0.4618299957156109,0.18680766854816938
C0571,0.13738641074796606,0.20010542575088766,0.0627190150029216
C0572,0.8047429989744785,0.9039089427583524,0.09916594378387389
C0573,0.8176934972562856,0.8307389724538284,0.013045475197542844
C0574,0.9282062089341792,0.943747238512526,0.015541029578346799
C0575,0.6364538769464764,0.8202465790814598,0.18379270213498344
C0576,0.43651772378389503,0.5609865704610364,0.12446884667714136
C0577,0.7965138554999445,0.999,0.20248614450005553
C0578,0.5619700075348493,0.613383339086182,0.051413331551332764
C0579,0.6623454694070083,0.999,0.33665453059299166
C0580,0.4066625783890038,0.4739299208198391,0.06726734243083526
C0581,0.21741061341338616,0.4468118173061588,0.22940120389277266
C0582,0.3035990908469855,0.3095872884338897,0.00598819758690422
C0583,0.08906021777936085,0.2465231959198254,0.15746297814046456
C0584,0.4491151573344773,0.6677082860601058,0.21859312872562847
C0585,0.9017637482868125,0.999,0.0972362517131875
C0586,0.8099836962453288,0.9866910524254463,0.17670735618011746
C0587,0.19644734145762388,0.22010434367987652,0.023657002222252643
C0588,0.4596976271394576,0.7995761478915191,0.3398785207520615
C0589,0.07476685777938064,0.0775798940553099,0.0028130362759292704
C0590,0.5282083447436245,0.7328938371211315,0.204685492377507
C0591,0.8583806410380439,0.999,0.1406193589619561
C0592,0.7313109819996373,0.8489577641465892,0.1176467821469519
C0593,0.3284065182453385,0.5817586431081467,0.2533521248628082
C0594,0.1772968750175564,0.21038591124000283,0.03308903622244644
C0595,0.024581574431688145,0.050825355908552125,0.02624378147686398
C0596,0.036887857662789195,0.040672099564103364,0.00378424190131417
C0597,0.3521279368974607,0.35559590653663886,0.00346796963917817
C0598,0.1767063091757236,0.44297140387526784,0.26626509469954424
C0599,0.6899594290149613,0.8124922017047923,0.12253277268983098
C0600,0.40339373914966187,0.4441312089428693,0.040737469793207415
C0601,0.461679623959015,0.591810313147979,0.13013068918896403
C0602,0.874746506915683,0.8754890764929412,0.0007425695772581564
C0603,0.751811150562508,0.999,0.24718884943749198
C0604,0.6290668210649553,0.8430004157555999,0.21393359469064466
C0605,0.5605794883466005,0.5756193871157161,0.0150398987691156
C0606,0.25118818913839186,0.26237377084118757,0.01118558170279571
C0607,0.49280410740293656,0.5187348076877174,0.02593070028478084
C0608,0.08061879009609735,0.08646387202701884,0.005845081930921495
C0609,0.3938419020856317,0.649754526279221,0.25591262419358934
C0610,0.00434937698987144,0.004349438633641317,6.164376987680131e-08
C0611,0.3595357008178109,0.7062896678923153,0.3467539670745044
C0612,0.7874891259561044,0.9196285831394682,0.13213945718336373
C0613,0.27678475318074336,0.29255751831235577,0.01577276513161241
C0614,0.23730521591820483,0.25488437867385605,0.017579162755651218
C0615,0.2949609199024543,0.3735961557611714,0.07863523585871707
C0616,0.5421725750635534,0.7469034486381351,0.20473087357458164
C0617,0.8167158254286222,0.869835411416769,0.05311958598814681
C0618,0.1393465990170678,0.380299559805647,0.2409529607885792
C0619,0.3930482722502888,0.39653486540443555,0.003486593154146733
C0620,0.014714579925993206,0.09687504223929697,0.08216046231330376
C0621,0.09544156214785117,0.10102015211142562,0.005578589963574451
C0622,0.07754263758661666,0.07754504218923834,2.4046026216861804e-06
C0623,0.7916348967126199,0.999,0.20736510328738011
C0624,0.41370001967370884,0.42597038526975495,0.012270365596046107
C0625,0.9268173913155404,0.9599351661321497,0.03311777481660927
C0626,0.012556570877177972,0.012556619995217743,4.911803977089568e-08
C0627,0.8676641639012193,0.8687832042642043,0.0011190403629850465
C0628,0.624541797784841,0.6270797427350415,0.0025379449502005436
C0629,0.395332614960439,0.6363997763213306,0.24106716136089162
C0630,0.4936716893546599,0.6042450853915889,0.11057339603692906
C0631,0.017973968937528402,0.01797397021458034,1.2770519364213584e-09
C0632,0.5478883052286735,0.5544616853939978,0.006573380165324272
C0633,0.22582474636309177,0.5066934132771891,0.2808686669140973
C0634,0.32015380176411223,0.5727126348139098,0.25255883304979754
C0635,0.3541404170632655,0.36049070396196975,0.0063502868987042604
C0636,0.24966502086040027,0.487782491859432,0.23811747099903174
C0637,0.2761180111422812,0.2837002299375564,0.0075822187952752085
C0638,0.7822669443457353,0.80514834391259,0.022881399566854754
C0639,0.6188586678142282,0.7026152416912661,0.08375657387703794
C0640,0.8381799004450858,0.8590044688391201,0.020824568394034237
C0641,0.9456448441267686,0.9526982951183314,0.0070534509915627375
C0642,0.56482946194411,0.7559534453301617,0.19112398338605174
C0643,0.13078965948375434,0.45807917549621724,0.3272895160124629
C0644,0.03895668824038117,0.05432520544380712,0.015368517203425948
C0645,0.771396805575862,0.999,0.227603194424138
C0646,0.5361929576446366,0.6573411606973746,0.12114820305273799
C0647,0.16589815354524443,0.2463357666661855,0.08043761312094108
C0648,0.05449363228788539,0.0544948359304415,1.2036425561107178e-06
C0649,0.21400824456741807,0.22436082752567713,0.010352582958259055
C0650,0.07776133479846538,0.1397304176723223,0.061969082873856926
C0651,0.6334475461809675,0.7185724466633399,0.08512490048237231
C0652,0.22850746571002914,0.2381907160833534,0.009683250373324265
C0653,0.8133053501550768,0.8207417575656453,0.007436407410568502
C0654,0.7580799092696391,0.7904549935154233,0.03237508424578417
C0655,0.8293856257846333,0.8587315069345378,0.02934588114990455
C0656,0.5654098251227596,0.5887922618767504,0.023382436753990765
C0657,0.8224976290846663,0.999,0.17650237091533372
C0658,0.36638143453209177,0.36716198861196186,0.0007805540798700994
C0659,0.678855882734009,0.7557007505904849,0.07684486785647593
C0660,0.17470046843278905,0.19305586796075663,0.01835539952796758
C0661,0.17548143992950574,0.26752741506160427,0.09204597513209853
C0662,0.6983859163054108,0.9025224126532654,0.20413649634785458
C0663,0.2815978922704364,0.4878889548033284,0.20629106253289198
C0664,0.2662383467224253,0.5923629908040251,0.3261246440815998
C0665,0.2139230681352984,0.4739404912332943,0.2600174230979959
C0666,0.567095146148553,0.5731053672058563,0.0060102210573032
C0667,0.658187500298843,0.7074814880857745,0.049293987786931504
C0668,0.6828476574691328,0.7684559433760657,0.08560828590693292
C0669,0.5920226901146657,0.7231548702382287,0.13113218012356298
C0670,0.6024783842640482,0.6380458742165005,0.03556748995245229
C0671,0.029627321325742376,0.02971274026363972,8.541893789734342e-05
C0672,0.6128067197014605,0.7427507400611192,0.12994402035965869
C0673,0.9888518063131467,0.996193953293698,0.007342146980551245
C0674,0.27534992750070925,0.47603793914716963,0.20068801164646038
C0675,0.5007645779436758,0.5082924220481472,0.007527844104471382
C0676,0.19142795079518737,0.20869434983146049,0.01726639903627311
C0677,0.6523572261477137,0.9449241473505176,0.2925669212028038
C0678,0.45063730012403785,0.7616878906620599,0.31105059053802203
C0679,0.08431667958687754,0.26492595637737937,0.18060927679050182
C0680,0.23335347209782747,0.2608413885149553,0.027487916417127833
C0681,0.12609678712780747,0.4029220220643956,0.2768252349365881
C0682,0.3370683061677794,0.47079462104116876,0.13372631487338937
C0683,0.08991968737969647,0.3859037139753007,0.29598402659560424
C0684,0.36345267624293537,0.6952851785851891,0.33183250234225375
C0685,0.4932511061041571,0.7029113180491464,0.2096602119449893
C0686,0.7880182844060191,0.797082099599893,0.009063815193873892
C0687,0.5689885583858827,0.7898740982234463,0.22088553983756365
C0688,0.5639806605019835,0.7255846183701544,0.16160395786817094
C0689,0.94051221883049,0.9427528953123653,0.0022406764818753144
C0690,0.3695787505394396,0.48947088288633817,0.11989213234689855
C0691,0.06301807328692423,0.06500982044215554,0.001991747155231316
C0692,0.7850912965933361,0.9486584820813151,0.163567185487979
C0693,0.4499829437635574,0.45154779647598586,0.001564852712428455
C0694,0.19143074624860987,0.19187160340985093,0.000440857161241065
C0695,0.3453520936393125,0.4282963926488683,0.0829442990095558
C0696,0.4736775623375848,0.5328424188003199,0.059164856462735116
C0697,0.7008031733325543,0.7225391879521946,0.021736014619640365
C0698,0.10689566486472563,0.17897778422333993,0.0720821193586143
C0699,0.6653200445120102,0.6678632993663334,0.0025432548543231626
C0700,0.6934166628096109,0.8226191963785034,0.12920253356889255
C0701,0.009936974948453213,0.009938053240889658,1.0782924364446944e-06
C0702,0.75562303865412,0.999,0.24337696134588005
C0703,0.6792419763618741,0.6842177385045708,0.0049757621426966825
C0704,0.712235672825163,0.8073001481167839,0.09506447529162088
C0705,0.14680500270187113,0.16806483989664736,0.021259837194776227
C0706,0.8178649931293422,0.8937792753971927,0.07591428226785046
C0707,0.382329887434359,0.7082824612736587,0.3259525738392997
C0708,0.7914365986568642,0.8037677404045489,0.012331141747684682
C0709,0.2969203688935303,0.4893545548418198,0.19243418594828948
C0710,0.1268673244686895,0.18205089766697588,0.05518357319828637
C0711,0.49078520385151775,0.49096347911560817,0.00017827526409042171
C0712,0.661665141495796,0.999,0.33733485850420397
C0713,0.5743991935921856,0.9054872349346793,0.3310880413424937
C0714,0.9097039323638131,0.93484051110107,0.025136578737256943
C0715,0.6384302152810153,0.8288723022568096,0.19044208697579434
C0716,0.14115163716270798,0.26354009028810715,0.12238845312539917
C0717,0.26026342971677424,0.5628644154248073,0.302600985708033
C0718,0.5680896393517028,0.9106318274233364,0.3425421880716336
C0719,0.40585095403131577,0.6470273714219568,0.241176417390641
C0720,0.3814545071440944,0.3838013541398229,0.002346846995728513
C0721,0.7453377761325628,0.7461889883275868,0.0008512121950240426
C0722,0.17604596334409847,0.176057830108082,1.1866763983514605e-05
C0723,0.11495132998110912,0.14431415488111668,0.029362824900007564
C0724,0.8566046598718294,0.999,0.14239534012817057
C0725,0.44286973446716954,0.7306672790488846,0.2877975445817151
C0726,0.10050483888880249,0.22644998014711723,0.12594514125831474
C0727,0.6585810778543604,0.6649324316793516,0.0063513538249911905
C0728,0.531770218720139,0.5600697450597997,0.028299526339660708
C0729,0.29563806444440344,0.6312270860463856,0.3355890216019821
C0730,0.7037149457263356,0.999,0.29528505427366436
C0731,0.08057905183928102,0.09155012464506808,0.01097107280578706
C0732,0.2548142218180813,0.5539509867256314,0.2991367649075501
C0733,0.38813297954566917,0.6136842156909114,0.2255512361452422
C0734,0.6518319390528523,0.6580540377282227,0.00622209867537038
C0735,0.03997999466821095,0.0961506781152501,0.056170683447039155
C0736,0.1538069585797894,0.20312551191537428,0.04931855333558488
C0737,0.1524859634698979,0.2297977351895615,0.07731177171966361
C0738,0.15181549670998987,0.21322127646660943,0.061405779756619566
C0739,0.486937856450094,0.48942341498555914,0.0024855585354651155
C0740,0.5782743612546521,0.6062722758632958,0.027997914608643648
C0741,0.2863573181774468,0.3055662765263893,0.019208958348942484
C0742,0.14285487457944843,0.1578605900917523,0.015005715512303869
C0743,0.3547189757701534,0.3742952568934255,0.019576281123272143
C0744,0.23923166121993963,0.3325755395373562,0.09334387831741656
C0745,0.8462019108869401,0.9381239020355266,0.09192199114858657
C0746,0.16175845433803493,0.21086979881657444,0.049111344478539515
C0747,0.16393930277472668,0.5019360293598449,0.33799672658511826
C0748,0.3505426624353508,0.4883286399047476,0.1377859774693968
C0749,0.7454937500029882,0.7510987737841096,0.0056050237811213766
C0750,0.6183652694236208,0.6273089064453206,0.008943637021699757
C0751,0.3710511857947548,0.3772057303961407,0.0061545446013858696
C0752,0.6147543159083643,0.6182231294235316,0.0034688135151673682
C0753,0.3753128467638475,0.3787099715298198,0.003397124765972259
C0754,0.15032735977377734,0.15601003446556513,0.005682674691787792
C0755,0.8814501704374877,0.9989274972431121,0.1174773268056244
C0756,0.7188549345084249,0.8240342253995461,0.10517929089112121
C0757,0.2749148609832012,0.5239588860542315,0.24904402507103024
C0758,0.5018911073957916,0.5171707799832042,0.015279672587412585
C0759,0.17338352057784287,0.2196728650839689,0.04628934450612604
C0760,0.11121370272442609,0.11318611306815278,0.0019724103437266938
C0761,0.39211016701852497,0.7382627250614435,0.34615255804291856
C0762,0.012434151388192266,0.01243415201171,6.235177339719566e-10
C0763,0.17255138476726659,0.2846162492529741,0.11206486448570749
C0764,0.21705174125690083,0.22123326485066935,0.004181523593768527
C0765,0.5318447722025307,0.8675197319666985,0.33567495976416784
C0766,0.008841214536075084,0.0108158854945467,0.001974670958471616
C0767,0.22861355632322752,0.2594427253877095,0.030829169064481993
C0768,0.1293445784318136,0.37351087083428625,0.24416629240247265
C0769,0.09426669187370983,0.36264107760587866,0.2683743857321688
C0770,0.5228872707630461,0.5363320565294271,0.013444785766380973
C0771,0.47710014697187314,0.4804665496737592,0.00336640270188604
C0772,0.34109460129145314,0.3485163255874769,0.0074217242960237795
C0773,0.266482106548498,0.2922126600475928,0.025730553499094755
C0774,0.7236343907725555,0.8852838542631134,0.16164946349055787
C0775,0.2481535389242744,0.5871879278327874,0.339034388908513
C0776,0.3625828746903303,0.5769804536899463,0.21439757899961603
C0777,0.4926161287914393,0.6584265472695032,0.16581041847806394
C0778,0.03902360225071196,0.039535305450680056,0.0005117031999680929
C0779,0.884538180712119,0.999,0.11446181928788102
C0780,0.65047253770577,0.6577799562116204,0.007307418505850483
C0781,0.139307852276016,0.18726002916972692,0.047952176893710924
C0782,0.6714514861415073,0.8918360221568595,0.22038453601535224
C0783,0.7098884560850663,0.999,0.28911154391493366
C0784,0.5681682097436096,0.8001197327768012,0.23195152303319155
C0785,0.8562806416522539,0.9639370679465198,0.10765642629426586
C0786,0.4781191631228439,0.4852631128444126,0.0071439497215686765
C0787,0.6788231625996546,0.7914007087393904,0.1125775461397358
C0788,0.420206587429777,0.4293032607446802,0.009096673314903214
C0789,0.21681118018890944,0.5029147958224617,0.28610361563355224
C0790,0.7144381482356902,0.999,0.2845618517643098
C0791,0.11305551483264895,0.24597186923802042,0.13291635440537147
C0792,0.36508508831852715,0.6364109270098139,0.2713258386912868
C0793,0.12255420833890149,0.15463915663482988,0.032084948295928395
C0794,0.3996257210664254,0.7430541562160631,0.34342843514963767
C0795,0.1298977569567575,0.1813530602554449,0.05145530329868739
C0796,0.17101422675690328,0.33298087249276076,0.16196664573585748
C0797,0.12830457376663776,0.13519910742898472,0.006894533662346963
C0798,0.28101050710536396,0.5266078076613665,0.24559730055600254
C0799,0.755646109086536,0.999,0.24335389091346404
C0800,0.2302256491799509,0.23025561154010052,2.9962360149626832e-05
C0801,0.6486218093897796,0.724149883451926,0.07552807406214634
C0802,0.07189358630262707,0.07424347871114158,0.002349892408514506
C0803,0.2791523471069832,0.483645918809588,0.2044935717026048
C0804,0.24302243006145335,0.28933232945353093,0.04630989939207758
C0805,0.27707567084383666,0.3777770319091922,0.10070136106535554
C0806,0.23115898111466168,0.2370614544096555,0.005902473294993826
C0807,0.8968855816297459,0.8979158747376622,0.001030293107916358
C0808,0.06434733339331702,0.07518640685752793,0.01083907346421091
C0809,0.21283211548018657,0.5498037121419856,0.3369715966617991
C0810,0.7398249015789584,0.7432983064128729,0.0034734048339144508
C0811,0.06960044093939635,0.12382851722364513,0.05422807628424878
C0812,0.5074485738779632,0.508225118932144,0.0007765450541807883
C0813,0.5170533739780029,0.7072281886227395,0.19017481464473662
C0814,0.7758083635214529,0.776532726294008,0.0007243627725551649
C0815,0.2310982916883067,0.3088361191916927,0.07773782750338598
C0816,0.8568956018425112,0.999,0.14210439815748876
C0817,0.7707530542606605,0.7734486872852637,0.0026956330246031834
C0818,0.4552263931319639,0.7622364881888701,0.30701009505690624
C0819,0.6863415887258368,0.7925730381126982,0.10623144938686135
C0820,0.24615097918387138,0.26073533128644705,0.014584352102575665
C0821,0.102208725966506,0.11424550544627222,0.012036779479766224
C0822,0.5917167072829231,0.880643190740962,0.28892648345803884
C0823,0.046986869448810024,0.09770637062297674,0.050719501174166716
C0824,0.6073914948152603,0.8996085149142701,0.29221702009900974
C0825,0.9213922040380557,0.944180996220707,0.022788792182651285
C0826,0.08920130826144594,0.09601443088603265,0.006813122624586707
C0827,0.6259538928487061,0.6407780702297013,0.014824177380995285
C0828,0.7628981092602252,0.999,0.23610189073977483
C0829,0.8780454750828582,0.9259779311187014,0.047932456035843174
C0830,0.6611240237778311,0.7109332829627605,0.0498092591849294
C0831,0.6611392075769638,0.6660499730825604,0.004910765505596659
C0832,0.3227831369909855,0.34804526978703243,0.025262132796046943
C0833,0.6371721163167732,0.8949300921892809,0.2577579758725077
C0834,0.42056124915642257,0.42109345694447636,0.0005322077880537956
C0835,0.2692599768097115,0.2700828797899611,0.0008229029802496179
C0836,0.3389320467138997,0.36536610491431754,0.02643405820041783
C0837,0.6353594618581151,0.789667091940663,0.1543076300825479
C0838,0.8787233786167976,0.9062962996975649,0.027572921080767254
C0839,0.2925987103634193,0.4687632017285303,0.17616449136511103
C0840,0.8722675222794408,0.999,0.12673247772055918
C0841,0.2398308862811069,0.2548401573160226,0.0150092710349157
C0842,0.6133414962996325,0.9259405422087241,0.3125990459090916
C0843,0.514664942338011,0.605199648611572,0.09053470627356108
C0844,0.5219829549519218,0.8063961761888009,0.28441322123687907
C0845,0.27719157920951204,0.489571500725167,0.21237992151565493
C0846,0.8174854913089199,0.999,0.1815145086910801
C0847,0.6110742950505901,0.7288015435499298,0.11772724849933969
C0848,0.6436703116178677,0.9914457002191167,0.347775388601249
C0849,0.14537105085080065,0.15313583216155213,0.0077647813107514785
C0850,0.9697758600184664,0.999,0.029224139981533614
C0851,0.5955372738627638,0.62150641296874,0.025969139105976202
C0852,0.2796262040643533,0.5893529881145831,0.30972678405022985
C0853,0.28943534904669144,0.37666079247213635,0.08722544342544492
C0854,0.945371084822687,0.999,0.05362891517731305
C0855,0.16745741448628296,0.1848187423206542,0.01736132783437125
C0856,0.45916280318851965,0.777331614783489,0.31816881159496935
C0857,0.1626227658688721,0.17485609690551432,0.012233331036642231
C0858,0.47007869950261477,0.7775277983171955,0.30744909881458077
C0859,0.059984632480924685,0.060764295026646924,0.0007796625457222386
C0860,0.2692133924405137,0.5643592493518838,0.2951458569113701
C0861,0.4516114327528799,0.6418605928854597,0.1902491601325798
C0862,0.6864144295991608,0.7247252163233006,0.03831078672413979
C0863,0.7410606413833565,0.9630805884097124,0.22201994702635597
C0864,0.7251369728244569,0.999,0.2738630271755431
C0865,0.03946442768748631,0.0395070384541308,4.261076664448943e-05
C0866,0.8254893335428934,0.8310238364771543,0.005534502934260832
C0867,0.841725713979865,0.8435792636441796,0.0018535496643146132
C0868,0.5793594795284518,0.6072684098831939,0.027908930354742068
C0869,0.3996105016846613,0.6142160109090771,0.2146055092244158
C0870,0.29981888527684547,0.6484658871497395,0.34864700187289405
C0871,0.7668520281435764,0.9305674945629515,0.16371546641937507
C0872,0.030361314850977452,0.07289649544899289,0.042535180598015435
C0873,0.9163599685285619,0.950315884421461,0.033955915892899036
C0874,0.9476812054037901,0.999,0.051318794596209916
C0875,0.8236663842880535,0.999,0.1753336157119465
C0876,0.5916301578176969,0.5917008909989109,7.073318121397776e-05
C0877,0.40216271343126564,0.5428372545299538,0.14067454109868816
C0878,0.4992017268462933,0.5254839689784143,0.026282242132120992
C0879,0.7861800838402672,0.866195904753873,0.08001582091360582
C0880,0.10967434635104467,0.15747445909871952,0.047800112747674844
C0881,0.5880120924887972,0.5912215081033521,0.0032094156145549
C0882,0.9159585971686562,0.9276886519179394,0.011730054749283125
C0883,0.9668678256241008,0.999,0.032132174375899214
C0884,0.03955214320031806,0.04042830770481335,0.0008761645044952915
C0885,0.21577994359970462,0.26364563022387166,0.04786568662416704
C0886,0.37861144356013315,0.49120325378135676,0.11259181022122361
C0887,0.2518275074913412,0.28267379160202594,0.03084628411068474
C0888,0.1046570584685385,0.1382892996708078,0.033632241202269306
C0889,0.16094978348625338,0.49263610964450916,0.3316863261582558
C0890,0.3262305962228675,0.3321130216248354,0.005882425401967928
C0891,0.5149572871439801,0.5912554827628547,0.07629819561887452
C0892,0.9181374548782285,0.999,0.08086254512177149
C0893,0.6597485420462704,0.6798683740277685,0.020119831981498026
C0894,0.017753328528910213,0.024562898160764162,0.006809569631853949
C0895,0.644223472293388,0.6579417336700772,0.01371826137668919
C0896,0.19708895456995834,0.20035647171514617,0.0032675171451878315
C0897,0.44274234974499976,0.781486864700921,0.3387445149559212
C0898,0.13981973029303946,0.4570119421403079,0.3171922118472684
C0899,0.20981275007865174,0.36368687594096305,0.1538741258623113
C0900,0.5864995241724751,0.7766620216249005,0.19016249745242542
C0901,0.5369060835229733,0.8592655812332959,0.3223594977103226
C0902,0.4275785834540318,0.6649681064556875,0.23738952300165567
C0903,0.11479055819700125,0.3973930896396672,0.28260253144266595
C0904,0.782071151888972,0.8640832143174577,0.08201206242848569
C0905,0.9226220550805144,0.999,0.07637794491948557
C0906,0.5374104028724632,0.5989404384712587,0.06153003559879544
C0907,0.5787080995587928,0.6890789466352967,0.11037084707650391
C0908,0.276145155865122,0.31103184651360993,0.03488669064848793
C0909,0.059445373345126645,0.07601103528917989,0.016565661944053248
C0910,0.6688145924866123,0.8748206243534831,0.20600603186687072
C0911,0.9188579178548578,0.9506871908084301,0.031829272953572296
C0912,0.8744920209156584,0.9087822983623668,0.03429027744670843
C0913,0.6934966592239977,0.6982684694955719,0.0047718102715741395
C0914,0.6732057885783962,0.9751040609642656,0.3018982723858694
C0915,0.5179993516458888,0.5362726266530894,0.01827327500720055
C0916,0.7748607330773252,0.7802544843355556,0.005393751258230384
C0917,0.4522951050648385,0.45314858286163895,0.0008534777968004503
C0918,0.06678922710319803,0.07144469167203671,0.0046554645688386825
C0919,0.33042618072535074,0.4221556888721285,0.09172950814677777
C0920,0.30257687698215485,0.4576464115611782,0.15506953457902334
C0921,0.21096964460369758,0.41713333098024097,0.2061636863765434
C0922,0.8052125756554322,0.8178113430046331,0.012598767349200846
C0923,0.15550869262930395,0.1618878823475411,0.006379189718237144
C0924,0.7481802752864752,0.7680647505528494,0.019884475266374158
C0925,0.016280965977500325,0.017772514575300696,0.0014915485978003705
C0926,0.14167751499857117,0.22480603680470593,0.08312852180613475
C0927,0.008787188231248336,0.00894162447448538,0.0001544362432370442
C0928,0.6891830890258043,0.9357604820832597,0.2465773930574554
C0929,0.7020808224315863,0.7229086757684983,0.02082785333691195
C0930,0.32689074511627,0.5170766622173866,0.1901859171011166
C0931,0.8504488634478388,0.8513694886428458,0.0009206251950070188
C0932,0.7135409422144877,0.7438051000681941,0.030264157853706397
C0933,0.7346912157463337,0.782178313173209,0.04748709742687529
C0934,0.41102161032741397,0.4542791655671348,0.04325755523972086
C0935,0.1401436214789065,0.16552855103519276,0.025384929556286268
C0936,0.2546712262889228,0.37131109681307595,0.11663987052415314
C0937,0.9330950264715433,0.9409778180734863,0.007882791601943051
C0938,0.13531768711104197,0.47947214971988905,0.3441544626088471
C0939,0.941737894183321,0.9448175014179114,0.0030796072345904424
C0940,0.11384665811015825,0.1335602258992207,0.019713567789062456
C0941,0.8058258405141626,0.8105648603279015,0.0047390198137389206
C0942,0.30295574928962854,0.3333013753171153,0.03034562602748675
C0943,0.08272226254631648,0.1543142989827162,0.07159203643639972
C0944,0.4878571491610605,0.5794942689697296,0.09163711980866907
C0945,0.6838358155161557,0.6867489555526253,0.002913140036469586
C0946,0.3455130513019272,0.5602871733678225,0.2147741220658953
C0947,0.43277186449921884,0.4390653679487126,0.006293503449493754
C0948,0.24858997414787856,0.5508447552498429,0.30225478110196435
C0949,0.9631096312720563,0.9717360531530712,0.008626421881014923
C0950,0.2354494023052081,0.36857415484108924,0.13312475253588113
C0951,0.896562300013257,0.999,0.10243769998674301
C0952,0.5142914729243742,0.5672561420365371,0.05296466911216291
C0953,0.1817841730630043,0.22165033931239075,0.039866166249386464
C0954,0.6795214620821366,0.7946885440374541,0.11516708195531755
C0955,0.6515797685233724,0.6876227475112421,0.03604297898786968
C0956,0.8429934878205287,0.8526501133877776,0.009656625567248889
C0957,0.3848005537795227,0.5519582899828098,0.1671577362032871
C0958,0.2844419182964382,0.28472601607514825,0.00028409777871002406
C0959,0.6278143933649215,0.9469814990709442,0.3191671057060227
C0960,0.1724729139191429,0.2069734066218632,0.03450049270272029
C0961,0.011781692561266507,0.011785131751265245,3.439189998738143e-06
C0962,0.40776536406628355,0.662092798370701,0.25432743430441745
C0963,0.10360304617965892,0.4295600133221036,0.32595696714244465
C0964,0.21375576825454512,0.21789293042795346,0.004137162173408343
C0965,0.6596550100310551,0.6779326033449307,0.018277593313875573
C0966,0.5122643395532285,0.6224224306238231,0.1101580910705946
C0967,0.8172215029844289,0.999,0.18177849701557114
C0968,0.6711739242453867,0.7044200071076574,0.03324608286227071
C0969,0.6748917565499658,0.6811612005479227,0.006269443997956925
C0970,0.027515384234495153,0.16861124834054506,0.1410958641060499
C0971,0.5861995773920877,0.5895388591812724,0.003339281789184634
C0972,0.040762850623819694,0.05086506901361716,0.010102218389797468
C0973,0.2653439667375335,0.3863130857941414,0.1209691190566079
C0974,0.5896786198397661,0.6254841407699993,0.03580552093023315
C0975,0.03285750382124136,0.03455676452279636,0.0016992607015549957
C0976,0.12111404182906536,0.12758374244753054,0.006469700618465177
C0977,0.5868082856511553,0.6962907857989694,0.10948250014781413
C0978,0.3992076731640987,0.6748304809369264,0.2756228077728277
C0979,0.26635902199046607,0.32081707116321034,0.05445804917274427
C0980,0.2827079691151984,0.34042236781675983,0.05771439870156142
C0981,0.7169965350596302,0.7572717685127852,0.04027523345315498
C0982,0.37426860962051417,0.45840042007996756,0.0841318104594534
C0983,0.8563914655357534,0.999,0.1426085344642466
C0984,0.9587338019059604,0.960033324110905,0.0012995222049446697
C0985,0.7623258264674095,0.810777814992394,0.048451988524984446
C0986,0.8108929221051251,0.999,0.1881070778948749
C0987,0.22000718897935032,0.5222474012964139,0.30224021231706355
C0988,0.7659238472289026,0.8328177671158763,0.06689391988697369
C0989,0.06456874705979557,0.06519118268959025,0.0006224356297946793
C0990,0.45897332590771,0.5100707432917837,0.051097417384073696
C0991,0.11055322595068665,0.1118910087654834,0.0013377828147967535
C0992,0.4563511184353459,0.4880177268794307,0.031666608444084754
C0993,0.7683728869213402,0.9785818027060675,0.21020891578472733
C0994,0.002065057825236173,0.002065057938862439,1.1362626594832448e-10
C0995,0.41411718555689214,0.4675730877066768,0.053455902149784684
C0996,0.24710023010526855,0.24956542339812962,0.002465193292861073
C0997,0.287234216725415,0.31918579764850336,0.03195158092308836
C0998,0.1812956640104538,0.27163791574986645,0.09034225173941265
C0999,0.6967331244019779,0.999,0.3022668755980221
C1000,0.14084494833312353,0.3830985003817382,0.24225355204861468
C1001,0.05348719555831816,0.06146694524519808,0.007979749686879922
C1002,0.05240384802651021,0.05531007925733548,0.002906231230825271
C1003,0.09386524919414614,0.11428800876317327,0.02042275956902713
C1004,0.26701187762808254,0.611585024780994,0.34457314715291143
C1005,0.29429134493202164,0.3113972142283631,0.017105869296341447
C1006,0.21141694433246264,0.48792775779888975,0.27651081346642714
C1007,0.8399757149516898,0.999,0.15902428504831023
C1008,0.17907771513824322,0.22371348422939374,0.04463576909115052
C1009,0.8003827315671875,0.999,0.19861726843281247
C1010,0.8008080411483935,0.999,0.19819195885160645
C1011,0.2578240559093626,0.4722434047642581,0.2144193488548955
C1012,0.9363093368510745,0.9598740003026897,0.02356466345161512
C1013,0.47788179684415,0.8179084339420472,0.34002663709789716
C1014,0.9157142441907712,0.922186662370552,0.006472418179780837
C1015,0.12250684093883084,0.4606338254432583,0.33812698450442746
C1016,0.3006614554122406,0.6499555001802135,0.34929404476797293
C1017,0.9578220106361146,0.999,0.04117798936388539
C1018,0.8747296722600472,0.999,0.12427032773995283
C1019,0.038416116078898284,0.04486676569576982,0.006450649616871536
C1020,0.6301393645090498,0.6311407269464365,0.001001362437386688
C1021,0.9288829350212353,0.9312042424357013,0.0023213074144660117
C1022,0.8644236898193799,0.999,0.1345763101806201
C1023,0.677250841771818,0.8671029141152161,0.18985207234339807
C1024,0.9040877997300091,0.9459937960979491,0.04190599636794001
C1025,0.45434543417765627,0.45787164077168496,0.0035262065940286913
C1026,0.1263041598786394,0.36410093325766857,0.23779677337902916
C1027,0.719427483051761,0.7269504645083147,0.007522981456553723
C1028,0.599118852899084,0.7156104334548999,0.11649158055581599
C1029,0.5142732472025163,0.5333538017573518,0.019080554554835483
C1030,0.689402899556655,0.816647876505491,0.12724497694883596
C1031,0.5760446657351338,0.7780695017628542,0.20202483602772037
C1032,0.7409018784385066,0.9059483903542022,0.16504651191569553
C1033,0.20746011927513575,0.29060254933328894,0.0831424300581532
C1034,0.8544858286836676,0.999,0.14451417131633237
C1035,0.624049419928661,0.8193427173821002,0.19529329745343915
C1036,0.5141484601828556,0.7341703183340914,0.22002185815123576
C1037,0.12472291471216485,0.2032289918121522,0.07850607709998736
C1038,0.28530937774689763,0.4056461499164772,0.12033677216957955
C1039,0.742013049448333,0.7532364207587969,0.011223371310463914
C1040,0.5661601351701235,0.9144503959228478,0.3482902607527243
C1041,0.19679729431394433,0.3361212895485475,0.13932399523460315
C1042,0.5656450622173521,0.8860446526328675,0.32039959041551536
C1043,0.8517098543932248,0.8683126808836256,0.01660282649040079
C1044,0.20966674794594134,0.31859726716794756,0.10893051922200622
C1045,0.15974049530325743,0.1844504612700565,0.024709965966799058
C1046,0.42630641555919596,0.520533055787647,0.09422664022845101
C1047,0.29283631022830847,0.2996398765246532,0.00680356629634471
C1048,0.8549731828164981,0.8722672592815804,0.017294076465082298
C1049,0.9121573968587717,0.999,0.08684260314122827
C1050,0.032878250525930096,0.032878348837253046,9.831132295051725e-08
C1051,0.5676108770342759,0.6479083002637215,0.08029742322944555
C1052,0.5881383149096077,0.607435688972859,0.019297374063251382
C1053,0.6774857655498169,0.6783897363989477,0.0009039708491308529
C1054,0.19095746129659394,0.339572526494074,0.14861506519748005
C1055,0.07347565286380699,0.20907334075681455,0.13559768789300758
C1056,0.475348715660246,0.5037389939147594,0.0283902782545134
C1057,0.876419572418451,0.999,0.12258042758154897
C1058,0.1845816295878822,0.2012852793911587,0.016703649803276488
C1059,0.40047171920891533,0.6709106338830562,0.27043891467414083
C1060,0.47860267219042885,0.6363087254457381,0.1577060532553093
C1061,0.8118153095692265,0.8895673096239407,0.07775200005471417
C1062,0.5305644392274926,0.8803763164709931,0.3498118772435005
C1063,0.32215224194841874,0.5233943910776562,0.20124214912923744
C1064,0.9040610487950088,0.918804048212813,0.014742999417804215
C1065,0.2541629465918272,0.5041718672762707,0.2500089206844435
C1066,0.711037718887899,0.9077998387812319,0.19676211989333292
C1067,0.24432491533940018,0.502377834492344,0.2580529191529438
C1068,0.6599054817466415,0.6932931093926219,0.033387627645980356
C1069,0.21388885444293043,0.5583900121786806,0.34450115773575013
C1070,0.48239423479675,0.5437115866609782,0.06131735186422821
C1071,0.6938422122437666,0.8982715836497217,0.20442937140595507
C1072,0.8279142978979583,0.9352613425364424,0.1073470446384841
C1073,0.11060482255688944,0.11205248074335541,0.001447658186465972
C1074,0.9057130389672814,0.999,0.09328696103271861
C1075,0.6647041229925872,0.9148768448082738,0.2501727218156866
C1076,0.07164657277310534,0.1567635674582903,0.08511699468518495
C1077,0.27786876863125126,0.5487923815071463,0.270923612875895
C1078,0.06751461011520989,0.17036707362604714,0.10285246351083725
C1079,0.7012660955283041,0.999,0.2977339044716959
C1080,0.8738047300778548,0.8971355900216496,0.0233308599437948
C1081,0.08895538462781043,0.4351429118275058,0.34618752719969537
C1082,0.981070150275009,0.981850810360789,0.0007806600857800383
C1083,0.7548446963842083,0.999,0.24415530361579174
C1084,0.8435639861878793,0.9404475480621554,0.09688356187427605
C1085,0.5718305135808367,0.6410954307302258,0.0692649171493891
C1086,0.8276737453508366,0.8735886415746512,0.045914896223814616
C1087,0.9072231994746399,0.9138179127558095,0.006594713281169562
C1088,0.8202964155932622,0.999,0.17870358440673784
C1089,0.377597759313249,0.7135017482484383,0.33590398893518925
C1090,0.49021516987564745,0.4925364689155155,0.002321299039868052
C1091,0.1910163412555937,0.19305442873660775,0.002038087481014056
C1092,0.7684423689755847,0.7691654672702041,0.000723098294619362
C1093,0.1638971235170517,0.2228902608764893,0.05899313735943759
C1094,0.029946413037927604,0.03192773236044825,0.0019813193225206444
C1095,0.23090484837584693,0.4980590575279108,0.2671542091520639
C1096,0.4066855734010568,0.47320065938352884,0.06651508598247202
C1097,0.03407021589248754,0.03485418590184209,0.0007839700093545468
C1098,0.5130935920915926,0.5464897494684611,0.03339615737686852
C1099,0.2313355479274857,0.3418628389516897,0.11052729102420397
C1100,0.2876182732820545,0.3965166641081045,0.10889839082604996
C1101,0.34710291099050594,0.4154915720242859,0.06838866103377994
C1102,0.08547278333821998,0.1716829822634287,0.08621019892520873
C1103,0.9082110990465042,0.9231473951933767,0.01493629614687253
C1104,0.7755640521510971,0.999,0.22343594784890286
C1105,0.3740175339090285,0.5934687892915448,0.2194512553825163
C1106,0.7939065772245179,0.999,0.20509342277548215
C1107,0.03372732975751514,0.07745742087996052,0.04373009112244538
C1108,0.2922416463782091,0.641123066891726,0.34888142051351695
C1109,0.3477448975219303,0.3478103224943137,6.542497238343215e-05
C1110,0.18338493837080178,0.4699600998086184,0.28657516143781664
C1111,0.09708620669454417,0.11114140830790484,0.014055201613360671
C1112,0.8589520888841196,0.9427576466615973,0.08380555777747778
C1113,0.07978280071230676,0.10916342739766513,0.029380626685358374
C1114,0.872839662224223,0.999,0.12616033777577695
C1115,0.8424274263462354,0.999,0.15657257365376465
C1116,0.05146158514990083,0.10427933670336678,0.05281775155346595
C1117,0.3679951103834633,0.37729814631112146,0.009303035927658188
C1118,0.7117224970376158,0.8940704646699393,0.18234796763232353
C1119,0.08993953575232068,0.10291146237524021,0.01297192662291953
C1120,0.7095734416692757,0.999,0.2894265583307243
C1121,0.7433939130502102,0.9342507390747028,0.1908568260244926
C1122,0.5438102357904521,0.6917749303609176,0.14796469457046557
C1123,0.4154560115192712,0.4287333693504375,0.013277357831166292
C1124,0.03421764602735408,0.0703497896972357,0.036132143669881614
C1125,0.24399359455523728,0.3828437944173335,0.13885019986209624
C1126,0.15977475800686614,0.4549471159007831,0.29517235789391694
C1127,0.8553294401326202,0.8721166932916108,0.016787253158990545
C1128,0.3589465445604083,0.458052867642849,0.09910632308244072
C1129,0.30166511803925394,0.3386719144088802,0.03700679636962628
C1130,0.479822857080468,0.5127984012763228,0.0329755441958548
C1131,0.9543141425490198,0.999,0.04468585745098019
C1132,0.4216353822439625,0.7620447843327336,0.3404094020887711
C1133,0.1392606142859378,0.1665237174948199,0.02726310320888209
C1134,0.29781510786592874,0.31589206341139325,0.018076955545464513
C1135,0.8489782071672523,0.9688449953835403,0.11986678821628804
C1136,0.11580353747356692,0.33131920696403155,0.21551566949046463
C1137,0.24527091032764536,0.3745697216247179,0.12929881129707255
C1138,0.3422296113081365,0.55498898948763,0.21275937817949347
C1139,0.02415558257354708,0.04330165133986096,0.019146068766313883
C1140,0.5207381199394132,0.6267249908859728,0.10598687094655956
C1141,0.590301177397244,0.5912734299298166,0.0009722525325726039
C1142,0.8563611819073039,0.8635080385377095,0.007146856630405596
C1143,0.7517583006163884,0.7924585493781703,0.04070024876178191
C1144,0.7587081071040669,0.77450529849674,0.015797191392673104
C1145,0.2602709978117477,0.30721491843197857,0.046943920620230895
C1146,0.02564236782190917,0.025665204553043938,2.2836731134769084e-05
C1147,0.7127751817446566,0.8824269202886909,0.16965173854403426
C1148,0.7276051738275465,0.8160073955891946,0.08840222176164803
C1149,0.113591749878889,0.13748960272934344,0.02389785285045444
C1150,0.9152858385048871,0.9302481589213741,0.01496232041648704
C1151,0.11313766589760932,0.11467916285355864,0.001541496955949323
C1152,0.7433216750888176,0.999,0.25567832491118236
C1153,0.14709067017965405,0.29902177096470506,0.151931100785051
C1154,0.07615319985912808,0.09028565112300785,0.01413245126387977
C1155,0.6754453869604543,0.6852411937457448,0.009795806785290462
C1156,0.1787604882275895,0.18576085847768747,0.007000370250097976
C1157,0.08839631578043153,0.10159237596920156,0.013196060188770037
C1158,0.08580576089190368,0.18231688182614653,0.09651112093424284
C1159,0.6824193287617237,0.7744860426857776,0.09206671392405386
C1160,0.31613669010362994,0.3165568201111399,0.00042013000750995566
C1161,0.08736516571394641,0.2572266116232073,0.1698614459092609
C1162,0.2343685660042359,0.2578870663485234,0.023518500344287485
C1163,0.9582735075539446,0.999,0.04072649244605542
C1164,0.2734506861417606,0.2812999316001157,0.00784924545835508
C1165,0.5510438690830057,0.6535981086707506,0.1025542395877449
C1166,0.033892102829634035,0.03389210290143963,7.180559619124338e-11
C1167,0.745896030860875,0.999,0.25310396913912503
C1168,0.2433123371184219,0.3020522729795263,0.0587399358611044
C1169,0.7811459219695556,0.999,0.21785407803044443
C1170,0.6408196630569659,0.6631002725717705,0.022280609514804595
C1171,0.03713148946681519,0.038065216010791374,0.0009337265439761863
C1172,0.7806196767552056,0.9493367399526851,0.16871706319747948
C1173,0.5694699118473887,0.5696119444744698,0.0001420326270811234
C1174,0.6050668319099117,0.6104306249550965,0.00536379304518475
C1175,0.607684592415865,0.7348858182889422,0.12720122587307714
C1176,0.19178382491985438,0.19393463298906477,0.0021508080692103915
C1177,0.06780771012739907,0.09086955883023819,0.023061848702839116
C1178,0.6714700649198657,0.999,0.3275299350801343
C1179,0.12174764357517306,0.42614187579588536,0.30439423222071227
C1180,0.43764956108452213,0.4731754427505235,0.03552588166600135
C1181,0.6503191959078763,0.8464235657653598,0.19610436985748347
C1182,0.3380889920678836,0.36865595788057903,0.030566965812695412
C1183,0.3415296818859767,0.4330195425005326,0.09148986061455588
C1184,0.11506723434730314,0.3185133372786563,0.20344610293135318
C1185,0.5426173790546261,0.5571716287086576,0.014554249654031404
C1186,0.40077633448273703,0.7432418077301012,0.34246547324736415
C1187,0.12252095748511237,0.123106142777708,0.0005851852925956302
C1188,0.39581482084232256,0.7202736452237435,0.32445882438142093
C1189,0.7814347784442849,0.8169764913107558,0.0355417128664709
C1190,0.6145603889541503,0.6903256692813508,0.07576528032720042
C1191,0.10972472908521383,0.28371279551812684,0.173988066432913
C1192,0.17968598280829562,0.4097326494909956,0.23004666668269996
C1193,0.9735538346290403,0.9789652031153141,0.005411368486273771
C1194,0.8107343571871726,0.94063943107645,0.1299050738892774
C1195,0.748431765783501,0.846909696491241,0.09847793070774002
C1196,0.02602756051976875,0.07696205549587877,0.05093449497611002
C1197,0.41293840702356444,0.46400926335294773,0.051070856329383296
C1198,0.44474422454021595,0.565477470233406,0.12073324569319005
C1199,0.5319763916481234,0.7595623895503387,0.22758599790221534
C1200,0.7987338831370057,0.999,0.20026611686299434
C1201,0.30926421395820597,0.3918940285239139,0.08262981456570795
C1202,0.699457408280022,0.999,0.299542591719978
C1203,0.9207034871925119,0.9284793143600647,0.007775827167552762
C1204,0.8958866341117123,0.999,0.10311336588828768
C1205,0.7616083167203005,0.7624049136001222,0.0007965968798216982
C1206,0.13033347779309049,0.16347940154014345,0.03314592374705297
C1207,0.895308495595358,0.999,0.10369150440464203
C1208,0.08149946995228557,0.30227995493354415,0.22078048498125857
C1209,0.8729371166288677,0.8755216973011571,0.002584580672289394
C1210,0.2116922060567352,0.22094652879223645,0.009254322735501253
C1211,0.8798424232302016,0.999,0.11915757676979843
C1212,0.9382058871168487,0.9546891351825777,0.016483248065728984
C1213,0.7591859451733909,0.7615976037337038,0.0024116585603128904
C1214,0.08611512041540392,0.4294966392039983,0.34338151878859435
C1215,0.001,0.0010000000000159968,1.5996752533720127e-14
C1216,0.4755267700849422,0.6833784273293866,0.20785165724444438
C1217,0.4536727671822147,0.5113065695148287,0.05763380233261395
C1218,0.6882992781733567,0.9982825226245634,0.30998324445120673
C1219,0.583034666871083,0.6367461460686753,0.05371147919759234
C1220,0.06635099843438165,0.36261365649824956,0.2962626580638679
C1221,0.08365798395850634,0.2898182599905782,0.20616027603207188
C1222,0.49991008268063164,0.6792218701890479,0.17931178750841625
C1223,0.7687237860496949,0.999,0.23027621395030506
C1224,0.8585053856924779,0.8920894302664388,0.033584044573960914
C1225,0.011490977700451838,0.011862018605369654,0.0003710409049178156
C1226,0.874273007875865,0.8955166554986614,0.021243647622796402
C1227,0.6016547883538381,0.8304298107781043,0.22877502242426617
C1228,0.7190964173307627,0.7207322703930281,0.0016358530622654355
C1229,0.7395825844795189,0.7880935204323107,0.04851093595279188
C1230,0.1022973141537823,0.2442117848432685,0.1419144706894862
C1231,0.6093384786967447,0.6104219911658252,0.0010835124690804498
C1232,0.4562852812004875,0.7852299724663194,0.3289446912658319
C1233,0.5828599017702998,0.8963296293280822,0.31346972755778246
C1234,0.19247437404252113,0.1924746717094386,2.976669174759028e-07
C1235,0.08362203977381753,0.08734491896471695,0.0037228791908994197
C1236,0.40801921806340674,0.5056966906195453,0.09767747255613851
C1237,0.5862577294072595,0.5873503702836531,0.0010926408763936024
C1238,0.44657095943673997,0.7049894553291813,0.25841849589244137
C1239,0.3572741976059154,0.48761612984655317,0.13034193224063778
C1240,0.05947898036674979,0.06433485444970757,0.004855874082957783
C1241,0.6740008913953112,0.9368667624051676,0.2628658710098565
C1242,0.43901381231185993,0.6550704257695064,0.21605661345764643
C1243,0.4473745342456565,0.674215428863097,0.22684089461744056
C1244,0.27840092533477556,0.5257286826989567,0.2473277573641811
C1245,0.21465220342452948,0.22653249637821957,0.011880292953690086
C1246,0.4721711532963653,0.7607196302556294,0.2885484769592641
C1247,0.538753529003283,0.5712600725009582,0.03250654349767523
C1248,0.2831935238913424,0.31280989696071343,0.029616373069371038
C1249,0.8843287676997978,0.9654039170383631,0.0810751493385653
C1250,0.267317125425643,0.26784618455092485,0.0005290591252818388
C1251,0.5029381571584222,0.7643747861011407,0.2614366289427186
C1252,0.6294302732914804,0.6362938657258633,0.006863592434382948
C1253,0.5162139913359736,0.5180305121561875,0.001816520820213885
C1254,0.19886074094796158,0.20757608994047905,0.008715348992517469
C1255,0.17950200161082153,0.29779652449013116,0.11829452287930964
C1256,0.5342943555050909,0.667450526696258,0.13315617119116718
C1257,0.6464060901170876,0.9739069776579119,0.3275008875408243
C1258,0.5375453620289171,0.6998310587273091,0.162285696698392
C1259,0.7032249416778189,0.7874022203935083,0.08417727871568936
C1260,0.9838894235480217,0.998948877551785,0.015059454003763295
C1261,0.2875152277121299,0.37844506719101967,0.09092983947888977
C1262,0.10258613293836852,0.11573683214488675,0.013150699206518235
C1263,0.2551555775246086,0.3012182919422705,0.04606271441766191
C1264,0.6796931633548697,0.6996677452732365,0.019974581918366763
C1265,0.18560364425782344,0.19341729271281022,0.007813648454986777
C1266,0.4037577461385628,0.6474371660815699,0.24367941994300707
C1267,0.7593581447320773,0.8409084063750787,0.08155026164300139
C1268,0.6020424515143767,0.6336570914870506,0.031614639972673886
C1269,0.610664013765258,0.957300155160845,0.34663614139558696
C1270,0.6025152299996066,0.7560690777393716,0.153553847739765
C1271,0.6938276904848875,0.9566485719368798,0.26282088145199234
C1272,0.23066818982986587,0.5241105754412508,0.29344238561138497
C1273,0.32792261142753465,0.42553674385309476,0.09761413242556011
C1274,0.22444865338766595,0.2297123242930005,0.005263670905334555
C1275,0.07108545598999572,0.31310154324820894,0.24201608725821322
C1276,0.17170522021306622,0.25550399295709775,0.08379877274403152
C1277,0.4112427971053486,0.4142845520345366,0.003041754929188012
C1278,0.059125368078294,0.18254911405600324,0.12342374597770925
C1279,0.49878715988833294,0.5637188382704749,0.06493167838214192
C1280,0.6119219593623095,0.7871282236948588,0.17520626433254927
C1281,0.6620676642992968,0.8162140894429291,0.1541464251436323
C1282,0.046167327499657844,0.2366309727031925,0.19046364520353465
C1283,0.08116515620415338,0.0886564678457932,0.007491311641639825
C1284,0.9242160727757335,0.9277622988567094,0.0035462260809758783
C1285,0.8542346482649456,0.8561138840707022,0.0018792358057566627
C1286,0.854386978424203,0.999,0.14461302157579703
C1287,0.1008289171815251,0.3360143747287093,0.23518545754718423
C1288,0.022492845244036757,0.022970586130876075,0.00047774088683931806
C1289,0.6487800102440847,0.6610153085816918,0.012235298337607059
C1290,0.4377515907029735,0.4573361872428274,0.019584596539853893
C1291,0.5538468119883507,0.6163756232031126,0.06252881121476184
C1292,0.7897215595152488,0.9149517092361122,0.12523014972086344
C1293,0.8553105761321478,0.9367453443614351,0.0814347682292873
C1294,0.4172203678647248,0.42342379579386175,0.006203427929136973
C1295,0.17177345978153158,0.17949401088225386,0.007720551100722284
C1296,0.1355128381648251,0.4243812659449552,0.2888684277801301
C1297,0.4427721074290482,0.7368937184421995,0.2941216110131513
C1298,0.2220408772347541,0.34698945448641255,0.12494857725165845
C1299,0.932685834757901,0.999,0.06631416524209899
C1300,0.7339297831701252,0.999,0.26507021682987475
C1301,0.1903560470903964,0.2331173785367725,0.04276133144637609
C1302,0.8861319525698222,0.999,0.11286804743017775
C1303,0.19954434433551962,0.2847470576794327,0.08520271334391308
C1304,0.37757891444296354,0.38952163410728463,0.011942719664321089
C1305,0.6313187482853674,0.7012716543293214,0.06995290604395399
C1306,0.7718990300830383,0.999,0.22710096991696171
C1307,0.5993241145384389,0.7841898584524749,0.18486574391403598
C1308,0.6759926997335486,0.706626014457664,0.030633314724115457
C1309,0.11149785827125389,0.12187869014422262,0.010380831872968732
C1310,0.7453478855174759,0.7571750647955937,0.011827179278117828
C1311,0.4965163188732236,0.7252589215265655,0.22874260265334184
C1312,0.3154133611276816,0.3273194434964755,0.011906082368793924
C1313,0.6912795111592769,0.7517644120220017,0.060484900862724844
C1314,0.04627029268455188,0.23824438020407496,0.19197408751952308
C1315,0.0308479383704926,0.04082933209534849,0.009981393724855889
C1316,0.894420827521403,0.999,0.10457917247859705
C1317,0.3281454788138729,0.6599168337371182,0.3317713549232453
C1318,0.28041448706983535,0.2877909099709689,0.00737642290113355
C1319,0.3437223401934806,0.37358911672568923,0.02986677653220865
C1320,0.8111066400806678,0.8154003553071512,0.004293715226483363
C1321,0.7200584780521065,0.7302576690574564,0.010199191005349828
C1322,0.9317419180557628,0.9352903401321496,0.003548422076386837
C1323,0.22183179577215295,0.2228872829038526,0.001055487131699645
C1324,0.24724914059559866,0.3861123061456298,0.13886316555003114
C1325,0.49089919310562824,0.5970008341950044,0.10610164108937614
C1326,0.3221026891635816,0.38758863087611006,0.06548594171252847
C1327,0.39704410537406076,0.5787453489260243,0.1817012435519635
C1328,0.7470954710313416,0.8630043762266821,0.11590890519534058
C1329,0.05699649926229626,0.08026200237418157,0.023265503111885313
C1330,0.4893540804108836,0.5094703683294853,0.02011628791860176
C1331,0.6526867336951316,0.6827634380317593,0.03007670433662768
C1332,0.294918530022127,0.31839232226573616,0.02347379224360918
C1333,0.5974170881990571,0.9452820056357187,0.3478649174366616
C1334,0.6209858596032375,0.6780119327152316,0.05702607311199415
C1335,0.6914431608947772,0.999,0.3075568391052228
C1336,0.3845318173240618,0.4453314465956629,0.06079962927160115
C1337,0.05398548791690708,0.06339192469601491,0.009406436779107838
C1338,0.189897636300791,0.39107723023314933,0.20117959393235832
C1339,0.4681686497803119,0.6178771594292781,0.1497085096489662
C1340,0.1274890473073653,0.3578528680229324,0.23036382071556713
C1341,0.4305832658369599,0.67639369945827,0.2458104336213101
C1342,0.9602160160724541,0.999,0.038783983927545895
C1343,0.6326890581374159,0.6341791923609615,0.0014901342235456028
C1344,0.1075563009196331,0.11343788783138739,0.005881586911754291
C1345,0.9429618783607053,0.9471425228635374,0.004180644502832065
C1346,0.36150410414007883,0.36689985526798197,0.005395751127903137
C1347,0.0975527681378249,0.21079702433135789,0.11324425619353298
C1348,0.4682013157641426,0.46890107794345853,0.0006997621793159436
C1349,0.21424983665269332,0.24360754738646204,0.02935771073376872
C1350,0.3643174411524665,0.5244756099607225,0.160158168808256
C1351,0.8115270542408466,0.8839568685102428,0.07242981426939621
C1352,0.793137446989718,0.999,0.205862553010282
C1353,0.4900218929403072,0.5248360013260637,0.03481410838575649
C1354,0.11945708894347054,0.1695557464324251,0.05009865748895456
C1355,0.5003600315903384,0.509719464154046,0.009359432563707637
C1356,0.12207856690698271,0.12386273955954984,0.0017841726525671259
C1357,0.9358009291707795,0.9470845904897609,0.011283661318981397
C1358,0.6130654220880409,0.6745342552501334,0.06146883316209251
C1359,0.8971607188450542,0.999,0.10183928115494578
C1360,0.25785207898951334,0.5726350888493474,0.3147830098598341
C1361,0.40476690239202856,0.733549407000119,0.3287825046080904
C1362,0.6897422170873875,0.6994968910988588,0.009754674011471343
C1363,0.5882965010212506,0.74453829523759,0.15624179421633932
C1364,0.39563911774660365,0.7439287453033672,0.3482896275567635
C1365,0.3750357133491516,0.4094725497058274,0.034436836356675826
C1366,0.10761496134908428,0.1167126326396661,0.00909767129058181
C1367,0.7306465685919004,0.75360739528072,0.022960826688819602
C1368,0.046113055120755114,0.066176957131316,0.02006390201056088
C1369,0.022608642000459086,0.14924645485823057,0.12663781285777148
C1370,0.15430845643691488,0.16471490521525808,0.010406448778343208
C1371,0.12726619027318367,0.18615736370646946,0.05889117343328579
C1372,0.568833922904785,0.6649394226287224,0.09610549972393745
C1373,0.7054446973726024,0.706184292457342,0.0007395950847396415
C1374,0.5462522088546177,0.5525671993820235,0.006314990527405806
C1375,0.65736487614482,0.7798798334891173,0.12251495734429729
C1376,0.10164227147352309,0.11287505506536315,0.01123278359184006
C1377,0.36047030298250565,0.38205205660679353,0.02158175362428788
C1378,0.6173567566231479,0.8637043890054459,0.24634763238229795
C1379,0.6296879797260179,0.6421654622964927,0.012477482570474874
C1380,0.042126474898965906,0.04212647710135402,2.202388112160225e-09
C1381,0.5449579683041992,0.7507988930428791,0.20584092473867988
C1382,0.08993764096721746,0.21641764732390306,0.1264800063566856
C1383,0.2513251266322842,0.2758483082349041,0.024523181602619903
C1384,0.9134115324680326,0.9217959387866286,0.008384406318595938
C1385,0.6069410396644178,0.6147547438417301,0.007813704177312308
C1386,0.16013715487993554,0.16613578205156884,0.005998627171633297
C1387,0.8776508652525914,0.8854649593114984,0.007814094058906984
C1388,0.08285836385866317,0.08698256354639496,0.004124199687731783
C1389,0.733477865376824,0.9441708545330628,0.2106929891562388
C1390,0.4090338169563079,0.4109992216913501,0.0019654047350421977
C1391,0.7155581046381569,0.7624117043799664,0.04685359974180947
C1392,0.8879565165035387,0.999,0.11104348349646131
C1393,0.23370852073649243,0.5810878755594634,0.347379354822971
C1394,0.23546502062820623,0.5769534022049854,0.34148838157677913
C1395,0.31897139474336855,0.3197374000656588,0.0007660053222902641
C1396,0.2065363277496483,0.20677803471326311,0.00024170696361480726
C1397,0.9142038864875259,0.999,0.08479611351247407
C1398,0.742662894641048,0.7689716256083946,0.02630873096734665
C1399,0.41405358215949306,0.42389327775022956,0.009839695590736497
C1400,0.7935153191376483,0.8058462842421584,0.01233096510451015
C1401,0.5807110496034872,0.9230960442297222,0.34238499462623506
C1402,0.24163598917133633,0.30524143487834676,0.06360544570701043
C1403,0.8375533015923096,0.8480711703229368,0.010517868730627211
C1404,0.3041556751066021,0.30995957020243614,0.005803895095834066
C1405,0.6111834211583764,0.7521233790561371,0.1409399578977607
C1406,0.6420932578333065,0.9907268777481046,0.34863361991479813
C1407,0.8125577405904474,0.999,0.1864422594095526
C1408,0.34415148195073814,0.5789140952454719,0.23476261329473375
C1409,0.4767594761237527,0.6798569640182587,0.203097487894506
C1410,0.47909334082220495,0.5218390603462006,0.042745719523995696
C1411,0.22346177121588862,0.4713169375892174,0.24785516637332877
C1412,0.6042435483166895,0.9370793941281085,0.332835845811419
C1413,0.3377690716835344,0.6722591181270463,0.3344900464435119
C1414,0.8405841825826987,0.9335492784927734,0.09296509591007462
C1415,0.10652248846626092,0.11805238945870172,0.011529900992440806
C1416,0.9107994954684894,0.9344675561002839,0.023668060631794496
C1417,0.585921273873477,0.5983131694690668,0.01239189559558973
C1418,0.6618614634981105,0.999,0.3371385365018895
C1419,0.6228035864234964,0.7692960254292902,0.14649243900579378
C1420,0.8481062070024912,0.8492223445264947,0.0011161375240035243
C1421,0.897361628506901,0.940864058004601,0.0435024294977
C1422,0.07405039566893036,0.07416683547932278,0.0001164398103924158
C1423,0.8215950613308748,0.999,0.1774049386691252
C1424,0.17088515007089722,0.18231726835296486,0.011432118282067638
C1425,0.27413319898076255,0.2935027821257953,0.01936958314503273
C1426,0.10329164838281338,0.1421116679367214,0.038820019553908014
C1427,0.38140509935545897,0.5652029713631554,0.18379787200769648
C1428,0.20494264866079298,0.21479089885238636,0.009848250191593383
C1429,0.7694124908966429,0.7959565746555805,0.026544083758937576
C1430,0.14694905001008837,0.18368036867131401,0.03673131866122564
C1431,0.8979791386823731,0.999,0.10102086131762689
C1432,0.8607267715343945,0.999,0.13827322846560552
C1433,0.07608254958135363,0.08278674337133247,0.006704193789978843
C1434,0.005738209089125841,0.005738209259495524,1.7036968363859373e-10
C1435,0.21706143013813944,0.5502081827698369,0.3331467526316974
C1436,0.9476470880644037,0.999,0.051352911935596324
C1437,0.3163040324206099,0.584977281605625,0.2686732491850151
C1438,0.44831011035821267,0.45777058963466527,0.009460479276452605
C1439,0.051653527228129444,0.05165352940844029,2.1803108485318745e-09
C1440,0.8744552846513581,0.8976164683137052,0.023161183662347096
C1441,0.42079687152309564,0.4248470526828777,0.0040501811597820625
C1442,0.41542827728957493,0.41733312071065976,0.001904843421084823
C1443,0.16767467388167404,0.4993982586719612,0.3317235847902872
C1444,0.29005714457644727,0.31660202522519865,0.02654488064875138
C1445,0.32787866312297453,0.35560535463584103,0.027726691512866497
C1446,0.23554784300002035,0.23770876720415632,0.0021609242041359666
C1447,0.9381387813679676,0.999,0.06086121863203242
C1448,0.7410748364670399,0.7422389407440411,0.001164104277001199
C1449,0.18565506163514556,0.24553122150265527,0.059876159867509715
C1450,0.2782891381040045,0.2829029642037492,0.0046138260997447
C1451,0.7383764480302718,0.8490343351930808,0.110657887162809
C1452,0.19383282667100973,0.20390400954234714,0.010071182871337403
C1453,0.7102622334586813,0.7210576434357767,0.010795409977095383
C1454,0.3823059164303525,0.3823069749239549,1.0584936023794178e-06
C1455,0.6717063398605597,0.8344228002267725,0.1627164603662128
C1456,0.15313260105010243,0.3278649612339635,0.1747323601838611
C1457,0.08688134762229921,0.19435503220507166,0.10747368458277246
C1458,0.1697663255266368,0.20693792264743746,0.03717159712080065
C1459,0.6395844344683401,0.6485991166638028,0.009014682195462642
C1460,0.2774597063788812,0.3347713954749573,0.057311689096076146
C1461,0.7273958512382348,0.9651512749106526,0.23775542367241775
C1462,0.8658033438673708,0.999,0.1331966561326292
C1463,0.057959886330607516,0.10041114214206613,0.042451255811458616
C1464,0.5321982885644252,0.8076737058291851,0.2754754172647599
C1465,0.3049466254967546,0.467865498873539,0.1629188733767844
C1466,0.4100590223088537,0.5681715885087806,0.15811256619992686
C1467,0.5616394916476295,0.5616896103373403,5.011868971083189e-05
C1468,0.6396261449911904,0.6404197923292467,0.0007936473380563136
C1469,0.4392885176987388,0.46269523732174395,0.023406719623005168
C1470,0.08424530277383674,0.0980369847100128,0.013791681936176067
C1471,0.635925872752469,0.7040344599714695,0.06810858721900048
C1472,0.45332968854737393,0.529352982144134,0.07602329359676002
C1473,0.2522331214776568,0.5129766605130068,0.26074353903535
C1474,0.6177962626657135,0.623641997334337,0.005845734668623481
C1475,0.07229147597084402,0.07236052440842977,6.904843758574752e-05
C1476,0.817836303233264,0.8209032486144955,0.003066945381231534
C1477,0.7923308989455926,0.8565573529670737,0.06422645402148108
C1478,0.7328678366279532,0.9539296518604701,0.2210618152325169
C1479,0.05637902688347091,0.08210662271152341,0.0257275958280525
C1480,0.3785573054412974,0.4007333061095071,0.022176000668209683
C1481,0.5087720821680053,0.8566296711000866,0.3478575889320813
C1482,0.04018852987686779,0.05851115152411434,0.018322621647246552
C1483,0.30521253106112683,0.33428668802881756,0.029074156967690723
C1484,0.6331202798777511,0.6345136476073763,0.0013933677296251723
C1485,0.6803194717374265,0.8195880070693377,0.1392685353319112
C1486,0.5536930632339936,0.5551017192724151,0.0014086560384215518
C1487,0.9219088690387665,0.999,0.07709113096123354
C1488,0.14168850766786859,0.16329610443865308,0.0216075967707845
C1489,0.7557627691841166,0.999,0.24323723081588344
C1490,0.3413519014928429,0.3797023358701124,0.03835043437726948
C1491,0.12915680837336438,0.47119550369902985,0.34203869532566544
C1492,0.7648738424395239,0.7839609020187062,0.01908705957918222
C1493,0.16001074855367367,0.1606816589744958,0.0006709104208221239
C1494,0.6544285704385273,0.6546190737771143,0.0001905033385869448
C1495,0.1493488464711191,0.1496678270887534,0.0003189806176343013
C1496,0.4317461621626164,0.7615958121203341,0.3298496499577177
C1497,0.24567097943193733,0.39297799628957775,0.14730701685764042
C1498,0.06278704839941891,0.06283302130045819,4.5972901039276204e-05
C1499,0.3701765074967302,0.40151934342369644,0.03134283592696624
C1500,0.5674665368891333,0.5886178749087663,0.02115133801963298
C1501,0.4321822999859085,0.43286476157208703,0.0006824615861785177
C1502,0.9789486020669358,0.9898388987787543,0.010890296711818515
C1503,0.1949075896039884,0.43904844797764125,0.24414085837365285
C1504,0.10517306001308808,0.10517639767603877,3.337662950686493e-06
C1505,0.819849304649553,0.9352725988218962,0.1154232941723432
C1506,0.6423506986609371,0.7753265863972875,0.13297588773635038
C1507,0.3413809412283325,0.38924159746040776,0.04786065623207525
C1508,0.7973451334634685,0.8021201963730863,0.004775062909617822
C1509,0.07431088738096994,0.07515078833125059,0.0008399009502806504
C1510,0.6020861513955311,0.6283400462731917,0.02625389487766061
C1511,0.06518368348186476,0.10768059639861163,0.04249691291674687
C1512,0.048423743355051216,0.23166671990287008,0.18324297654781885
C1513,0.9358770045256988,0.9373426037383298,0.001465599212631008
C1514,0.20030805153952427,0.21507983451759602,0.014771782978071746
C1515,0.6981496390828515,0.7132298748166763,0.015080235733824776
C1516,0.12963527011799522,0.1306404646590911,0.0010051945410958774
C1517,0.2370975263296214,0.36247253903280574,0.12537501270318435
C1518,0.9158602649304948,0.9236961090243827,0.007835844093887934
C1519,0.2763993674815083,0.28009554793507657,0.0036961804535682874
C1520,0.0011083625103479372,0.0011083670998766819,4.589528744677537e-09
C1521,0.22296175325461381,0.46600392563264015,0.24304217237802633
C1522,0.842443049140421,0.8434643612466096,0.00102131210618861
C1523,0.959049504902612,0.9619927607599936,0.0029432558573816436
C1524,0.8016021413583445,0.999,0.1973978586416555
C1525,0.6367993428944253,0.6529413377296628,0.016141994835237483
C1526,0.2756756592635535,0.4798220793886899,0.20414642012513645
C1527,0.0857817484971946,0.17569363979767158,0.08991189130047698
C1528,0.11855032863097985,0.134205481285575,0.015655152654595147
C1529,0.5490806996642225,0.8109851505657497,0.26190445090152725
C1530,0.28798048735242887,0.5167034975009757,0.2287230101485468
C1531,0.22054097228060035,0.5637087176612668,0.3431677453806665
C1532,0.7970735335952154,0.8094441134084747,0.012370579813259286
C1533,0.1523353089740832,0.15726731148278417,0.004932002508700961
C1534,0.3669886022733781,0.5210031836782922,0.15401458140491414
C1535,0.005626675945237471,0.005626868267163795,1.923219263236936e-07
C1536,0.2805848400289515,0.3384778297090119,0.0578929896800604
C1537,0.8860004446489597,0.8870852578342445,0.0010848131852848608
C1538,0.33663607443422655,0.6619008933654826,0.3252648189312561
C1539,0.49497077047758525,0.5842601663301662,0.08928939585258094
C1540,0.8047966899368514,0.8062343391877481,0.0014376492508967331
C1541,0.4074525203214397,0.416134459714211,0.008681939392771287
C1542,0.10345069488490818,0.2488395328409482,0.14538883795604002
C1543,0.8337818292477762,0.8598237121919634,0.02604188294418719
C1544,0.2484440616163824,0.28862893238731724,0.04018487077093483
C1545,0.3312103365589724,0.4166992021277609,0.08548886556878849
C1546,0.7000391842795939,0.7886779954567198,0.08863881117712591
C1547,0.08961038750865166,0.264831394757342,0.17522100724869036
C1548,0.5527153993076953,0.6612346870229079,0.10851928771521258
C1549,0.3523647555840509,0.5262795930747569,0.17391483749070602
C1550,0.42800409817520235,0.4515751486253038,0.02357105045010144
C1551,0.4162704453777987,0.68980372154651,0.2735332761687113
C1552,0.528697983021191,0.6003193368159531,0.07162135379476209
C1553,0.2681290847529876,0.270554781637251,0.0024256968842634175
C1554,0.7255801245783067,0.7372899249790448,0.011709800400738102
C1555,0.1821604030842475,0.21776023344150663,0.03559983035725914
C1556,0.8413499805180666,0.999,0.15765001948193336
C1557,0.45006855158432685,0.46126283029494547,0.011194278710618621
C1558,0.35803183732949745,0.6099767814900018,0.25194494416050434
C1559,0.23387726481960236,0.24359267686539599,0.009715412045793625
C1560,0.8920910789303057,0.9748212149977853,0.08273013606747959
C1561,0.9389960867782394,0.999,0.060003913221760574
C1562,0.43879989752547893,0.5843515646133746,0.14555166708789563
C1563,0.6231343992822669,0.6909183142593256,0.06778391497705871
C1564,0.39613605329286883,0.3961934226157562,5.73693228873573e-05
C1565,0.650322777524125,0.8649320817524238,0.21460930422829871
C1566,0.23954080787855678,0.4296854183375098,0.190144610458953
C1567,0.10998653492463914,0.3715825926197722,0.26159605769513306
C1568,0.21043264463928485,0.23196437541705256,0.02153173077776771
C1569,0.6731142399301426,0.7343908455002516,0.061276605570108944
C1570,0.24820571071187272,0.2635095011659308,0.01530379045405808
C1571,0.0596771648420698,0.061770706334189344,0.002093541492119544
C1572,0.8098557186313581,0.8785080173770898,0.06865229874573175
C1573,0.5221029620623918,0.6258016393491185,0.10369867728672666
C1574,0.48897873670115244,0.6184893935134156,0.12951065681226315
C1575,0.294657694493248,0.30158576058829484,0.006928066095046814
C1576,0.35966602093192435,0.36556694108685467,0.0059009201549303225
C1577,0.6966764967990279,0.722868472627163,0.02619197582813515
C1578,0.6027659434335589,0.6120787700188608,0.009312826585301859
C1579,0.6184682537920283,0.6327969427911827,0.014328688999154404
C1580,0.880148082922513,0.9155940133005874,0.03544593037807442
C1581,0.5865278617289963,0.5925706637935768,0.006042802064580521
C1582,0.2535301292171096,0.5987278509678662,0.3451977217507566
C1583,0.11432785069418772,0.1448177478080665,0.030489897113878783
C1584,0.23076894132077783,0.4610777030468829,0.23030876172610507
C1585,0.7537606630158697,0.7544621782340845,0.00070151521821471
C1586,0.16296803256924156,0.16321528695574858,0.00024725438650702314
C1587,0.8750729046411128,0.8768115867610965,0.0017386821199837366
C1588,0.8679896525076478,0.8778624182327555,0.009872765725107646
C1589,0.8095847666035425,0.8105109764312127,0.0009262098276702213
C1590,0.24976447531486964,0.29410252308592943,0.04433804777105979
C1591,0.2466997981914159,0.2574781112766708,0.010778313085254898
C1592,0.07761897888880231,0.282579942989484,0.2049609641006817
C1593,0.7921556646959647,0.7975549174288143,0.005399252732849691
C1594,0.320842241841579,0.3535657074443907,0.0327234656028117
C1595,0.8343897118107345,0.8947106959844922,0.06032098417375764
C1596,0.4298977996874599,0.4346403979115505,0.004742598224090622
C1597,0.06070945042996475,0.07560307777696822,0.014893627347003467
C1598,0.05950359015816285,0.2676272327583059,0.20812364260014304
C1599,0.7025865788035787,0.7832864023538897,0.08069982355031102
C1600,0.3415180748285757,0.6772468900395345,0.3357288152109588
C1601,0.22803736096308266,0.22893365463858134,0.0008962936754986772
C1602,0.4636953040048125,0.6489442523346454,0.18524894832983285
C1603,0.3526389907285034,0.5670005193402106,0.21436152861170715
C1604,0.6057860976575699,0.8025502762716836,0.19676417861411377
C1605,0.12029098640156681,0.1264309065947963,0.006139920193229495
C1606,0.1866801819174296,0.32870747001261,0.14202728809518042
C1607,0.7216077779683471,0.957437491650995,0.23582971368264793
C1608,0.01750043627594235,0.018340324731921633,0.0008398884559792825
C1609,0.20795167929671193,0.20804007635081218,8.839705410024212e-05
C1610,0.6109572264946997,0.6116449786448293,0.0006877521501295059
C1611,0.28787171599051403,0.5081454925099329,0.22027377651941887
C1612,0.6668851116439247,0.8693875990746571,0.2025024874307324
C1613,0.8272139865546325,0.999,0.17178601344536748
C1614,0.5440796053525483,0.5560733166885266,0.011993711335978263
C1615,0.6500654930168606,0.999,0.34893450698313944
C1616,0.3998426340403942,0.5514641713304042,0.15162153729000993
C1617,0.16076734057038122,0.4257547407128239,0.26498740014244265
C1618,0.49737900743366537,0.646807195955017,0.14942818852135165
C1619,0.9018795852608497,0.999,0.09712041473915034
C1620,0.20756408885144198,0.208515724013841,0.0009516351623990171
C1621,0.6644201138915481,0.6651566022490073,0.0007364883574592085
C1622,0.16621900805830583,0.4049271549899631,0.2387081469316573
C1623,0.8120228183947299,0.8291848091959082,0.017161990801178306
C1624,0.19676440525243255,0.46063180570367707,0.2638674004512445
C1625,0.41626559219434495,0.4177957035694606,0.0015301113751156614
C1626,0.7506638753831034,0.7537694723670291,0.0031055969839256514
C1627,0.29705451309566655,0.40930147189500526,0.11224695879933871
C1628,0.1103634140185649,0.16573638586742342,0.05537297184885852
C1629,0.5568525811315564,0.6129174764298752,0.05606489529831871
C1630,0.9113662932527734,0.9321092039714478,0.0207429107186744
C1631,0.5810504528621292,0.9193959050327287,0.3383454521705995
C1632,0.7686420534161553,0.999,0.23035794658384467
C1633,0.396173543256549,0.6491828581188326,0.25300931486228356
C1634,0.3205610697793482,0.505830604424397,0.1852695346450488
C1635,0.8277569868675891,0.8350285048895277,0.007271518021938594
C1636,0.1952857050467724,0.5336676062621664,0.33838190121539397
C1637,0.12057368665963104,0.266141682987126,0.14556799632749495
C1638,0.8860559025051048,0.9618185154525398,0.07576261294743503
C1639,0.15309089878891102,0.324917726571364,0.17182682778245295
C1640,0.3686424196578074,0.370944974996616,0.002302555338808576
C1641,0.7379928763901769,0.7580411986552981,0.02004832226512121
C1642,0.20750146221130325,0.23574092718916123,0.02823946497785798
C1643,0.14858605979971742,0.15412054980902581,0.00553449000930839
C1644,0.009609127603620768,0.009611013998787762,1.8863951669941675e-06
C1645,0.11391127976824,0.16206750830687391,0.04815622853863391
C1646,0.6182699405444854,0.6210091640391537,0.0027392234946683747
C1647,0.27457880500252263,0.5358587209282244,0.26127991592570177
C1648,0.37795587445697537,0.39813356900508284,0.020177694548107472
C1649,0.8109093184896441,0.8199669149184599,0.009057596428815762
C1650,0.9104315620969414,0.9115257646662236,0.0010942025692821655
C1651,0.08058923624719073,0.10983989088987539,0.029250654642684656
C1652,0.20270796054834767,0.2688746462212266,0.06616668567287892
C1653,0.5187164340079805,0.5636177962833528,0.044901362275372336
C1654,0.5355731007233393,0.5566329697311955,0.02105986900785617
C1655,0.5954001397898148,0.684141233097291,0.08874109330747626
C1656,0.4403214097251016,0.450591091295526,0.010269681570424405
C1657,0.4903280894639351,0.7978039030260315,0.30747581356209647
C1658,0.4227504406394585,0.42631388586974384,0.0035634452302853448
C1659,0.6338768367738111,0.804533512246026,0.17065667547221486
C1660,0.23216604183360845,0.581153789272628,0.3489877474390195
C1661,0.12120626736680515,0.26476754097894906,0.1435612736121439
C1662,0.5355314029236079,0.5931197262390486,0.057588323315440726
C1663,0.18900288429288328,0.19618203209438734,0.007179147801504054
C1664,0.17509353190303203,0.30206464122890364,0.1269711093258716
C1665,0.9063234835523041,0.9146590595098223,0.008335575957518215
C1666,0.5794282543361035,0.8145810056540845,0.23515275131798108
C1667,0.13884773554928984,0.14027373789009656,0.0014260023408067257
C1668,0.04320572133808584,0.048713773325049906,0.005508051986964066
C1669,0.3534485121322448,0.6929324530999414,0.33948394096769663
C1670,0.7536715145609539,0.9478162108246571,0.19414469626370312
C1671,0.2916515539755129,0.5436485105815885,0.2519969566060756
C1672,0.874175929282839,0.8785164743160756,0.004340545033236554
C1673,0.5485739729725685,0.7381285079461289,0.18955453497356045
C1674,0.39678222843198985,0.5190449915460933,0.12226276311410345
C1675,0.6756249170957092,0.7664477141346222,0.09082279703891305
C1676,0.4287699389646647,0.48450893175456267,0.05573899278989797
C1677,0.630179694105616,0.9097695262277351,0.2795898321221191
C1678,0.19792968545745498,0.23143942316654456,0.033509737709089576
C1679,0.8009305010226837,0.999,0.1980694989773163
C1680,0.48144321623326547,0.4880919463630315,0.006648730129766023
C1681,0.43433745197065987,0.7773963620994312,0.3430589101287713
C1682,0.7740750528238752,0.999,0.22492494717612477
C1683,0.5716593558628011,0.677175156533792,0.10551580067099087
C1684,0.11332567229755124,0.34535367229611097,0.23202799999855972
C1685,0.21502956973457332,0.21507589812931083,4.632839473750483e-05
C1686,0.6678852603990686,0.8917890571914564,0.2239037967923878
C1687,0.1594922566935246,0.22464308142594427,0.06515082473241968
C1688,0.268379857567774,0.27962292204672984,0.011243064478955844
C1689,0.0655200354584398,0.06661720589200641,0.0010971704335666077
C1690,0.10470957465539081,0.2811563555943349,0.17644678093894406
C1691,0.8511037646766019,0.856299385182412,0.005195620505810128
C1692,0.7547925495720227,0.8713014658705662,0.11650891629854354
C1693,0.5691231354693096,0.6410683767488848,0.07194524127957524
C1694,0.5993096837215436,0.6664803313000364,0.06717064757849278
C1695,0.6127455106185634,0.8147257304677525,0.20198021984918912
C1696,0.2586839765377595,0.4940927082536463,0.23540873171588683
C1697,0.9167109862696684,0.999,0.0822890137303316
C1698,0.41036476290321133,0.44402103044507457,0.03365626754186324
C1699,0.5584825162686293,0.6201958926720379,0.06171337640340857
C1700,0.8041099012249472,0.8106710570878587,0.006561155862911505
C1701,0.8575125363705955,0.999,0.14148746362940445
C1702,0.4699487616102866,0.5648371068783077,0.09488834526802109
C1703,0.40983976988942994,0.7484835541789456,0.3386437842895157
C1704,0.11891564981066931,0.133560204770376,0.014644554959706693
C1705,0.15833971745418535,0.20486151019955456,0.04652179274536922
C1706,0.6995639617635586,0.9115294171541172,0.21196545539055855
C1707,0.36591946242067197,0.4095799411937622,0.043660478773090206
C1708,0.42851997847551965,0.7782467538979306,0.349726775422411
C1709,0.7555879786408547,0.9222192486675637,0.16663127002670897
C1710,0.5617162686442438,0.5647864959931432,0.0030702273488993903
C1711,0.250496044371289,0.25054597127967676,4.992690838778735e-05
C1712,0.510667816780349,0.8408583761314113,0.33019055935106234
C1713,0.9346970071911799,0.9768267350968407,0.04212972790566083
C1714,0.7433777977655442,0.9332415774637693,0.1898637796982251
C1715,0.36010647323261347,0.49012718530146154,0.13002071206884808
C1716,0.5375081383085303,0.5430533091118175,0.005545170803287203
C1717,0.3313810474237995,0.34982953300920333,0.01844848558540385
C1718,0.7480602504781025,0.9348571878828724,0.18679693740476988
C1719,0.07407366501853742,0.07697397122232123,0.0029003062037838145
C1720,0.8085305345905062,0.9163492028761212,0.10781866828561504
C1721,0.4655717499534951,0.6357175174595451,0.17014576750604998
C1722,0.6361082421994264,0.65212842553865,0.016020183339223615
C1723,0.44710784384782803,0.764227705445625,0.317119861597797
C1724,0.9103483724736601,0.999,0.08865162752633993
C1725,0.6817431378677851,0.7591656954475726,0.07742255757978755
C1726,0.3353356689559679,0.3571437745549312,0.02180810559896329
C1727,0.3392108142903688,0.5975924915137016,0.25838167722333283
C1728,0.9102447574218605,0.9261712800339549,0.015926522612094374
C1729,0.026203095105652472,0.2365296306396679,0.21032653553401542
C1730,0.2834951258453544,0.289562829692218,0.006067703846863615
C1731,0.8773054565226119,0.999,0.12169454347738806
C1732,0.42151283579266263,0.564127907219415,0.14261507142675234
C1733,0.700604777873138,0.7397199592152153,0.039115181342077254
C1734,0.26109890572886524,0.4229725418991366,0.16187363617027134
C1735,0.9836405510908708,0.999,0.015359448909129214
C1736,0.9127660347836909,0.9168599306339094,0.004093895850218465
C1737,0.6274995079640725,0.6290318758609184,0.0015323678968458543
C1738,0.49094284231719043,0.7145346287884644,0.22359178647127398
C1739,0.14652073631007767,0.19874269107948245,0.05222195476940478
C1740,0.7057386062023705,0.7325159425837808,0.026777336381410333
C1741,0.08959522237662877,0.3335946790085527,0.24399945663192396
C1742,0.2894105044394317,0.6069176882150866,0.3175071837756549
C1743,0.08873573028427825,0.2260062049632128,0.13727047467893455
C1744,0.8912261636002073,0.9078599027122576,0.01663373911205024
C1745,0.5413793298470353,0.6828453773216476,0.14146604747461233
C1746,0.5316955514773183,0.7762058764212216,0.24451032494390335
C1747,0.8946008508614771,0.9028453503684113,0.008244499506934178
C1748,0.8991228832236771,0.9636087784548594,0.06448589523118231
C1749,0.7924600625289414,0.9896734168389139,0.19721335430997244
C1750,0.35178679361693926,0.4611801556137456,0.10939336199680633
C1751,0.5026764780684508,0.7096172470218798,0.20694076895342894
C1752,0.6015544889758875,0.6032784607142938,0.001723971738406327
C1753,0.5918576445405154,0.6840084222839103,0.09215077774339497
C1754,0.8856627023532875,0.999,0.11333729764671252
C1755,0.14982496280411786,0.20821938661863337,0.05839442381451551
C1756,0.8832015925108669,0.885024165295871,0.001822572785004084
C1757,0.23756070412076852,0.5027705302538397,0.26520982613307115
C1758,0.5769216472300723,0.7349800815062867,0.15805843427621435
C1759,0.593774362299875,0.9069324329221855,0.3131580706223105
C1760,0.8309923493398234,0.8584802657569512,0.02748791641712789
C1761,0.20108168978249952,0.2384643391488747,0.03738264936637517
C1762,0.08318796519228161,0.18400801600360853,0.10082005081132692
C1763,0.035645418245435906,0.1617354468031444,0.12609002855770848
C1764,0.6122301007843857,0.782819188816904,0.17058908803251838
C1765,0.8763315783676937,0.999,0.12266842163230629
C1766,0.04742262084854862,0.06631441150164194,0.01889179065309332
C1767,0.39287648442199496,0.47336117812219114,0.08048469370019617
C1768,0.4074101894889395,0.4587979527568211,0.051387763267881637
C1769,0.18238144773821505,0.190759224061523,0.00837777632330794
C1770,0.750722548592035,0.8132553465507218,0.06253279795868683
C1771,0.5624685796738036,0.6671042266478819,0.10463564697407834
C1772,0.8001793154142531,0.8052015047434757,0.005022189329222604
C1773,0.0032012915054039975,0.0032012916073021684,1.0189817089070741e-10
C1774,0.723659897430343,0.8855201791028019,0.16186028167245892
C1775,0.5586020050730572,0.5959916697241808,0.03738966465112359
C1776,0.1480279831139318,0.27474996226146475,0.12672197914753294
C1777,0.8732859894328752,0.9687302801059714,0.09544429067309623
C1778,0.2634351413674649,0.5471408639363446,0.28370572256887977
C1779,0.7150687364059402,0.7569715391171015,0.04190280271116131
C1780,0.7489304986571687,0.999,0.25006950134283135
C1781,0.038452648720623046,0.07051583246410013,0.03206318374347709
C1782,0.8660807045686938,0.8772516879985761,0.01117098342988232
C1783,0.34951434551878974,0.6948202759851283,0.34530593046633856
C1784,0.18820767704616861,0.18821562491141433,7.947865245716557e-06
C1785,0.031334726511394934,0.09491898333177338,0.06358425682037845
C1786,0.7696750049213403,0.999,0.22932499507865967
C1787,0.11693972906851545,0.1206832335805052,0.003743504511989751
C1788,0.2556664799678885,0.26187269128693413,0.00620621131904564
C1789,0.652969987281113,0.7239915934059095,0.07102160612479647
C1790,0.29277773429659587,0.31099186549975216,0.018214131203156292
C1791,0.35365505195237623,0.5237285336556905,0.17007348170331427
C1792,0.37553483223976414,0.5570227961104579,0.18148796387069377
C1793,0.022784823171840395,0.028134618889028722,0.005349795717188327
C1794,0.07747376192348604,0.12046148226615219,0.04298772034266615
C1795,0.8130329381984859,0.999,0.18596706180151412
C1796,0.11039418351162551,0.2479752298313762,0.1375810463197507
C1797,0.01751515851966878,0.01751515855190502,3.2236241453986736e-11
C1798,0.754418004759347,0.8259504336062121,0.07153242884686517
C1799,0.6264898238864355,0.6399489638055064,0.013459139919070884
C1800,0.8457455746023111,0.936701441789832,0.0909558671875208
C1801,0.3758611838992912,0.5902519338874681,0.21439074998817692
C1802,0.3397454685865213,0.34064868605168713,0.0009032174651658065
C1803,0.031001337534437602,0.048146995706654566,0.017145658172216964
C1804,0.2714557866904315,0.5546040006870385,0.283148213996607
C1805,0.38422484906325155,0.7140886946620509,0.3298638455987994
C1806,0.869990768879435,0.8749076089507153,0.004916840071280237
C1807,0.08675933409015195,0.08777516833346899,0.0010158342433170403
C1808,0.030120426738077063,0.030328411936738423,0.000207985198661359
C1809,0.5246744618160222,0.5696571747012562,0.04498271288523403
C1810,0.23514090481304675,0.3776083357925911,0.14246743097954437
C1811,0.7158886203356662,0.7185459504500286,0.0026573301143623107
C1812,0.2631895634151587,0.2832150469078246,0.02002548349266592
C1813,0.9198533733922063,0.9329800040698166,0.01312663067761033
C1814,0.08144463034519711,0.15707766924745364,0.07563303890225653
C1815,0.9505631150747463,0.999,0.048436884925253665
C1816,0.5323862181328357,0.6130770049551933,0.08069078682235764
C1817,0.396826692914738,0.5544932931083055,0.15766660019356754
C1818,0.41424290620919746,0.5519160054164118,0.13767309920721438
C1819,0.3114544629966856,0.5694728273586016,0.258018364361916
C1820,0.5219544876744161,0.7405542008403642,0.21859971316594806
C1821,0.7590808121262832,0.8057197607760965,0.04663894864981333
C1822,0.734058260739603,0.8482254166666555,0.11416715592705251
C1823,0.2457116284632162,0.26301297169261706,0.017301343229400856
C1824,0.34878363768427706,0.44162899607496775,0.09284535839069069
C1825,0.12986027749155388,0.12994224721338823,8.196972183435736e-05
C1826,0.21027369781566924,0.3309342079745723,0.12066051015890306
C1827,0.5413518738599468,0.5802885361021191,0.03893666224217229
C1828,0.5062524947716074,0.8499531133848455,0.3437006186132381
C1829,0.9074365952636072,0.999,0.0915634047363928
C1830,0.4593802356906949,0.460363880320655,0.0009836446299600898
C1831,0.25878452358997495,0.3998089281093583,0.14102440451938336
C1832,0.5278584030724679,0.5490714713645367,0.021213068292068815
C1833,0.26826272939711365,0.3527641320360143,0.08450140263890066
C1834,0.12764128946766146,0.21763908129250248,0.08999779182484102
C1835,0.3287556525468108,0.5297545452400887,0.20099889269327792
C1836,0.10129167698321337,0.10629938454182142,0.005007707558608049
C1837,0.13978746294618535,0.14349084485014274,0.0037033819039573868
C1838,0.5999534896312803,0.6022090611494229,0.002255571518142596
C1839,0.32381235148611315,0.3270595751480966,0.003247223661983434
C1840,0.6067990864819853,0.6765456534845878,0.06974656700260251
C1841,0.2058489718787446,0.2208847392648718,0.015035767386127191
C1842,0.8636744721752689,0.8791036189421352,0.015429146766866242
C1843,0.18314109860275618,0.38688141817320343,0.20374031957044725
C1844,0.07911614295524089,0.07912745949131933,1.1316536078442851e-05
C1845,0.6171312738839138,0.6182122679938213,0.0010809941099075848
C1846,0.6241504334677109,0.7074204045454707,0.0832699710777598
C1847,0.07134134699231842,0.3716009122656559,0.30025956527333747
C1848,0.8602320510878393,0.8669210780372779,0.006689026949438626
C1849,0.016384332707043547,0.016390198888190353,5.866181146806093e-06
C1850,0.9533684007886988,0.9559420325408653,0.0025736317521665164
C1851,0.21405949862406481,0.39095268853611725,0.17689318991205244
C1852,0.33838166178722995,0.5553900447712395,0.2170083829840096
C1853,0.6008653254346413,0.626687193188503,0.025821867753861638
C1854,0.7483308925563863,0.79678904994604,0.048458157389653755
C1855,0.806590404536165,0.809355196442896,0.0027647919067309568
C1856,0.8125328306518157,0.999,0.1864671693481843
C1857,0.2402770697764172,0.5693683989738344,0.32909132919741724
C1858,0.27422836502658,0.5258112232447247,0.25158285821814474
C1859,0.1615250754551697,0.33910035792486926,0.17757528246969956
C1860,0.8013681814727966,0.8020974959558569,0.0007293144830602394
C1861,0.29548690649807674,0.29553494976937905,4.804327130231156e-05
C1862,0.9797714734977534,0.999,0.0192285265022466
C1863,0.818021369474584,0.81980738237371,0.0017860128991259439
C1864,0.9034847199125537,0.999,0.09551528008744625
C1865,0.8988936965555108,0.9117232386024888,0.01282954204697806
C1866,0.6360876612543362,0.808150508480193,0.17206284722585674
C1867,0.882381507219953,0.9625131169978857,0.08013160977793266
C1868,0.46030002565062744,0.539442140343732,0.0791421146931045
C1869,0.729393424793197,0.769095111072967,0.03970168627977
C1870,0.8001726071610122,0.8125234916524098,0.01235088449139754
C1871,0.25812129362017205,0.5845331161496871,0.326411822529515
C1872,0.3499840982426577,0.3500126271305438,2.852888788612562e-05
C1873,0.10605219650078872,0.10605235969457733,1.6319378860762956e-07
C1874,0.619591365487755,0.7148126153847081,0.09522124989695313
C1875,0.9632249144320808,0.999,0.035775085567919196
C1876,0.7191484259801671,0.7735376829935399,0.054389257013372716
C1877,0.3802957864878965,0.38537277402299214,0.005076987535095612
C1878,0.30260867934539304,0.4832390699620472,0.18063039061665415
C1879,0.474918285585694,0.4890348534896797,0.014116567903985688
C1880,0.4722301414098475,0.7988320660032324,0.32660192459338494
C1881,0.5547775578374575,0.5630894551223748,0.008311897284917324
C1882,0.5449409850456094,0.5461649820030235,0.001223996957414153
C1883,0.6483261644044211,0.659592124988468,0.01126596058404683
C1884,0.5709794786466731,0.9091172201997925,0.3381377415531194
C1885,0.47054620510014916,0.48075196915360285,0.010205764053453692
C1886,0.5038194951544955,0.6145450133822904,0.11072551822779486
C1887,0.413218518619425,0.416780654114457,0.003562135495032037
C1888,0.5231880413668979,0.7871834280974916,0.26399538673059375
C1889,0.3841628373764767,0.4759510149439311,0.09178817756745439
C1890,0.7558320948382259,0.999,0.2431679051617741
C1891,0.39629329030694677,0.43120351460080547,0.034910224293858705
C1892,0.5251771863796828,0.6655502068877959,0.14037302050811307
C1893,0.19596540972889498,0.2244924468525887,0.028527037123693727
C1894,0.5017554577168131,0.5685545799713178,0.06679912225450468
C1895,0.5981759309200593,0.600070914111261,0.0018949831912017379
C1896,0.1851479964253904,0.33578977691052875,0.15064178048513835
C1897,0.6354388175334837,0.6848289435290511,0.04939012599556736
C1898,0.4602263467902192,0.591247325004808,0.13102097821458886
C1899,0.05841115307890591,0.093460476610151,0.03504932353124509
C1900,0.07579106539563674,0.30033317498996137,0.22454210959432463
C1901,0.13869128833484867,0.14798458962306837,0.009293301288219702
C1902,0.10266905002103993,0.3335742868790319,0.23090523685799197
C1903,0.4324974259447271,0.6811334396650827,0.24863601372035554
C1904,0.059349724642306964,0.0861872506389781,0.026837525996671135
C1905,0.6810774355675525,0.9104716038863414,0.2293941683187889
C1906,0.4382916208345623,0.5920534994910146,0.1537618786564523
C1907,0.22222177647584773,0.4251979032205988,0.20297612674475107
C1908,0.0408723564173786,0.09084454414110879,0.04997218772373019
C1909,0.08438932876281154,0.08438971550555924,3.8674274770167383e-07
C1910,0.8876309536129771,0.9396701880642047,0.0520392344512276
C1911,0.06763429872830612,0.0677852678316225,0.00015096910331638402
C1912,0.18553210304246934,0.530364202945016,0.3448320999025466
C1913,0.7292535621061538,0.8148159495655207,0.08556238745936695
C1914,0.23799695482309222,0.2534156808444203,0.015418726021328072
C1915,0.3722344240097466,0.49750829787708617,0.12527387386733957
C1916,0.07705829445512875,0.18142658685325996,0.10436829239813121
C1917,0.2192232917325202,0.2342920523014277,0.015068760568907491
C1918,0.8290119196658069,0.999,0.1699880803341931
C1919,0.6611821333643723,0.907709410349888,0.2465272769855157
C1920,0.6984346081023457,0.999,0.3005653918976543
C1921,0.6018211211554322,0.6037782551129938,0.0019571339575615854
C1922,0.25355508441827496,0.3588276745522926,0.10527259013401763
C1923,0.7433620636084177,0.999,0.2556379363915823
C1924,0.32204218441806554,0.3226572449639794,0.0006150605459138703
C1925,0.3162486717565495,0.477608714051751,0.16136004229520146
C1926,0.05685127016443118,0.16213697728765206,0.10528570712322088
C1927,0.520916075542,0.5225314567416689,0.0016153811996688638
C1928,0.8094109700615308,0.999,0.18958902993846916
C1929,0.08668654526552177,0.09868381123393097,0.011997265968409193
C1930,0.7168467916758183,0.999,0.28215320832418167
C1931,0.6981521835475842,0.8395750845741152,0.141422901026531
C1932,0.6712732403067714,0.6922156122184219,0.020942371911650492
C1933,0.1859484901126077,0.27353178008507073,0.08758328997246304
C1934,0.8224072918778953,0.843118439781709,0.020711147903813676
C1935,0.2976615787328558,0.30782351397974717,0.010161935246891352
C1936,0.41791589063108076,0.4209602577267958,0.0030443670957150393
C1937,0.37909964009611485,0.390362341878275,0.011262701782160156
C1938,0.7920217366595744,0.7945425853019661,0.00252084864239166
C1939,0.07120118302656533,0.08995234850222326,0.01875116547565793
C1940,0.3130662473197373,0.32180461981479125,0.008738372495053937
C1941,0.5622287598033366,0.5795808061853547,0.017352046382018038
C1942,0.11374198902176427,0.11386587114676804,0.00012388212500376306
C1943,0.27452148137422105,0.28466211124435326,0.0101406298701322
C1944,0.18075063342616646,0.36943142558339925,0.1886807921572328
C1945,0.863992751364189,0.999,0.13500724863581104
C1946,0.7879883746941182,0.999,0.2110116253058818
C1947,0.2669332576841993,0.4422201466728799,0.1752868889886806
C1948,0.8500256166634028,0.850775014979685,0.0007493983162821793
C1949,0.3125287320379127,0.3132752909150894,0.0007465588771766729
C1950,0.5815493329422873,0.8922169167700874,0.31066758382780013
C1951,0.24453216354277948,0.2690569549551676,0.02452479141238814
C1952,0.048202288854096796,0.09265986203874162,0.04445757318464482
C1953,0.9084581341802754,0.9857138538622093,0.0772557196819339
C1954,0.8512630114595277,0.8514735081759933,0.00021049671646566903
C1955,0.7334719778214788,0.999,0.26552802217852123
C1956,0.43499916146501205,0.46157155758694474,0.026572396121932684
C1957,0.19918408534042642,0.2578051134671351,0.05862102812670866
C1958,0.25216957277434376,0.5723750533606027,0.3202054805862589
C1959,0.590518259685549,0.5912238795224224,0.0007056198368733391
C1960,0.7684183437923496,0.8782911570261629,0.10987281323381326
C1961,0.19184511679337682,0.22709420102854355,0.03524908423516673
C1962,0.6807045959081091,0.9465790588336414,0.2658744629255323
C1963,0.4818981105974448,0.4943998482793158,0.012501737681871017
C1964,0.30454902447351984,0.4537838010548671,0.14923477658134726
C1965,0.5090909860961007,0.6046129931344522,0.09552200703835145
C1966,0.17753521436482772,0.19204423436910412,0.014509020004276396
C1967,0.7266158405446956,0.9935161481942496,0.26690030764955397
C1968,0.8172457644802389,0.8223068369239216,0.0050610724436827015
C1969,0.46917733941550865,0.4877855891680784,0.01860824975256975
C1970,0.6031339380196333,0.8575794110083206,0.25444547298868725
C1971,0.5953966318357319,0.9367967212556481,0.3414000894199162
C1972,0.9579741725284215,0.9587656325210492,0.0007914599926276411
C1973,0.4913001455016052,0.4928025241017197,0.0015023786001144845
C1974,0.1929875512740403,0.19299467032932824,7.119055287940768e-06
C1975,0.20407016222374522,0.22221292756830432,0.01814276534455911
C1976,0.13148581088180808,0.23607133401867678,0.1045855231368687
C1977,0.04621032149945768,0.05541864301333041,0.009208321513872728
C1978,0.7146776393835036,0.7240964281862768,0.009418788802773248
C1979,0.2657846412813633,0.26591526334028887,0.00013062205892555578
C1980,0.12699799179803178,0.20234350914517202,0.07534551734714023
C1981,0.620589603432737,0.6217007147172386,0.001111111284501698
C1982,0.7971383103592433,0.7988992567353201,0.0017609463760768218
C1983,0.31772929405395844,0.4395559870361234,0.12182669298216497
C1984,0.33451944828318136,0.47504465539948215,0.1405252071163008
C1985,0.5313907194633426,0.6612130488504744,0.12982232938713179
C1986,0.606525611497168,0.6122666296636321,0.005741018166464107
C1987,0.5405285598767977,0.6474879213628096,0.10695936148601193
C1988,0.4095663039099256,0.5240602212956378,0.11449391738571219
C1989,0.6218604830757343,0.6218614461840977,9.63108363394305e-07
C1990,0.17955233221380187,0.18827342769588473,0.008721095482082858
C1991,0.6072883296800875,0.6120975801669499,0.004809250486862426
C1992,0.652631409807153,0.7021422609541075,0.049510851146954526
C1993,0.5225768496187353,0.5878383846415758,0.06526153502284049
C1994,0.1997734478523166,0.49550773403595305,0.29573428618363645
C1995,0.7373492737040879,0.8249417435955646,0.08759246989147673
C1996,0.47393472543171616,0.7246265382786277,0.2506918128469115
C1997,0.23157599258256356,0.3132995133858332,0.08172352080326961
C1998,0.20746971738780182,0.3504116528947986,0.14294193550699677
C1999,0.2840745389461094,0.35751724837074,0.0734427094246306
C2000,0.003978322729184112,0.003978440925075044,1.1819589093228777e-07
