phrase,target,normalized_text,processed_text
"According to Gran , the company has no plans to move all production to Russia , although that is where the company is growing ",neutral,"according to gran , the company has no plans to move all production to russia , although that is where the company is growing",according to gran the company has no plans to move all production to russia although that is where the company is growing
"For the last quarter of 2010 , Componenta 's net sales doubled to EUR131m from EUR76m for the same period a year earlier , while it moved to a zero pre-tax profit from a pre-tax loss of EUR7m ",positive,"for the last quarter of 2010 , componenta 's net sales doubled to eur131m from eur76m for the same period a year earlier , while it moved to a zero pre-tax profit from a pre-tax loss of eur7m",for the last quarter of componenta net sales doubled to from for the same period a year earlier while it moved to a zero profit from a loss of
"In the third quarter of 2010 , net sales increased by 5.2 % to EUR 205.5 mn , and operating profit by 34.9 % to EUR 23.5 mn ",positive,"in the third quarter of 2010 , net sales increased by 5.2 % to eur 205.5 mn , and operating profit by 34.9 % to eur 23.5 mn",in the third quarter of net sales increased by to eur mn and operating profit by to eur mn
Operating profit rose to EUR 13.1 mn from EUR 8.7 mn in the corresponding period in 2007 representing 7.7 % of net sales ,positive,operating profit rose to eur 13.1 mn from eur 8.7 mn in the corresponding period in 2007 representing 7.7 % of net sales,operating profit rose to eur mn from eur mn in the corresponding period in representing of net sales
"Operating profit totalled EUR 21.1 mn , up from EUR 18.6 mn in 2007 , representing 9.7 % of net sales ",positive,"operating profit totalled eur 21.1 mn , up from eur 18.6 mn in 2007 , representing 9.7 % of net sales",operating profit totalled eur mn up from eur mn in representing of net sales
"Finnish Talentum reports its operating profit increased to EUR 20.5 mn in 2005 from EUR 9.3 mn in 2004 , and net sales totaled EUR 103.3 mn , up from EUR 96.4 mn ",positive,"finnish talentum reports its operating profit increased to eur 20.5 mn in 2005 from eur 9.3 mn in 2004 , and net sales totaled eur 103.3 mn , up from eur 96.4 mn",finnish talentum reports its operating profit increased to eur mn in from eur mn in and net sales totaled eur mn up from eur mn
"Clothing retail chain Sepp+ï¿½l+ï¿½ 's sales increased by 8 % to EUR 155.2 mn , and operating profit rose to EUR 31.1 mn from EUR 17.1 mn in 2004 ",positive,"clothing retail chain sepp+ï¿½l+ï¿½ 's sales increased by 8 % to eur 155.2 mn , and operating profit rose to eur 31.1 mn from eur 17.1 mn in 2004",clothing retail chain sales increased by to eur mn and operating profit rose to eur mn from eur mn in
"Consolidated net sales increased 16 % to reach EUR74 .8 m , while operating profit amounted to EUR0 .9 m compared to a loss of EUR0 .7 m in the prior year period ",positive,"consolidated net sales increased 16 % to reach eur74 .8 m , while operating profit amounted to eur0 .9 m compared to a loss of eur0 .7 m in the prior year period",consolidated net sales increased to reach m while operating profit amounted to m compared to a loss of m in the prior year period
"Foundries division reports its sales increased by 9.7 % to EUR 63.1 mn from EUR 57.5 mn in the corresponding period in 2006 , and sales of the Machine Shop division increased by 16.4 % to EUR 41.2 mn from EUR 35.4 mn in the corresponding period in 2006 ",positive,"foundries division reports its sales increased by 9.7 % to eur 63.1 mn from eur 57.5 mn in the corresponding period in 2006 , and sales of the machine shop division increased by 16.4 % to eur 41.2 mn from eur 35.4 mn in the corresponding period in 2006",foundries division reports its sales increased by to eur mn from eur mn in the corresponding period in and sales of the machine shop division increased by to eur mn from eur mn in the corresponding period in
"HELSINKI ( AFX ) - Shares closed higher , led by Nokia after it announced plans to team up with Sanyo to manufacture 3G handsets , and by Nokian Tyres after its fourth-quarter earnings report beat analysts ' expectations , dealers said ",positive,"helsinki ( afx ) - shares closed higher , led by nokia after it announced plans to team up with sanyo to manufacture 3g handsets , and by nokian tyres after its fourth-quarter earnings report beat analysts ' expectations , dealers said",helsinki afx shares closed higher led by nokia after it announced plans to team up with sanyo to manufacture handsets and by nokian tyres after its earnings report beat analysts expectations dealers said
"Its board of directors will propose a dividend of EUR0 .12 per share for 2010 , up from the EUR0 .08 per share paid in 2009 ",positive,"its board of directors will propose a dividend of eur0 .12 per share for 2010 , up from the eur0 .08 per share paid in 2009",its board of directors will propose a dividend of per share for up from the per share paid in
"MegaFon 's subscriber base increased 16.1 % in 2009 to 50.5 million users as of December 31 , while its market share by the number of customers amounted to 24 % as of late 2009 , up from 23 % as of late 2008 , according to TeliaSonera estimates ",positive,"megafon 's subscriber base increased 16.1 % in 2009 to 50.5 million users as of december 31 , while its market share by the number of customers amounted to 24 % as of late 2009 , up from 23 % as of late 2008 , according to teliasonera estimates",megafon subscriber base increased in to million users as of december while its market share by the number of customers amounted to as of late up from as of late according to teliasonera estimates
"Net income from life insurance doubled to EUR 6.8 mn from EUR 3.2 mn , and net income from non-life insurance rose to EUR 5.2 mn from EUR 1.5 mn in the corresponding period in 2009 ",positive,"net income from life insurance doubled to eur 6.8 mn from eur 3.2 mn , and net income from non-life insurance rose to eur 5.2 mn from eur 1.5 mn in the corresponding period in 2009",net income from life insurance doubled to eur mn from eur mn and net income from insurance rose to eur mn from eur mn in the corresponding period in
Net sales increased to EUR193 .3 m from EUR179 .9 m and pretax profit rose by 34.2 % to EUR43 .1 m. ( EUR1 = USD1 .4 ,positive,net sales increased to eur193 .3 m from eur179 .9 m and pretax profit rose by 34.2 % to eur43 .1 m. ( eur1 = usd1 .4,net sales increased to m from m and pretax profit rose by to
"Net sales surged by 18.5 % to EUR167 .8 m. Teleste said that EUR20 .4 m , or 12.2 % , of the sales came from the acquisitions made in 2009 ",positive,"net sales surged by 18.5 % to eur167 .8 m. teleste said that eur20 .4 m , or 12.2 % , of the sales came from the acquisitions made in 2009",net sales surged by to teleste said that m or of the sales came from the acquisitions made in
Nordea Group 's operating profit increased in 2010 by 18 percent year-on-year to 3.64 billion euros and total revenue by 3 percent to 9.33 billion euros ,positive,nordea group 's operating profit increased in 2010 by 18 percent year-on-year to 3.64 billion euros and total revenue by 3 percent to 9.33 billion euros,nordea group operating profit increased in by percent to billion euros and total revenue by percent to billion euros
"Operating profit for the nine-month period increased from EUR13 .6 m , while net sales increased from EUR394 .7 m , as compared to the corresponding period in 2005 ",positive,"operating profit for the nine-month period increased from eur13 .6 m , while net sales increased from eur394 .7 m , as compared to the corresponding period in 2005",operating profit for the period increased from m while net sales increased from m as compared to the corresponding period in
"Operating profit for the three-month period increased from EUR1 .2 m , while revenue increased from EUR20 .2 m , as compared to the corresponding period in 2005 ",positive,"operating profit for the three-month period increased from eur1 .2 m , while revenue increased from eur20 .2 m , as compared to the corresponding period in 2005",operating profit for the period increased from m while revenue increased from m as compared to the corresponding period in
"The company 's net profit rose 11.4 % on the year to 82.2 million euros in 2005 on sales of 686.5 million euros , 13.8 % up on the year , the company said earlier ",positive,"the company 's net profit rose 11.4 % on the year to 82.2 million euros in 2005 on sales of 686.5 million euros , 13.8 % up on the year , the company said earlier",the company net profit rose on the year to million euros in on sales of million euros up on the year the company said earlier
"The Lithuanian beer market made up 14.41 million liters in January , a rise of 0.8 percent from the year-earlier figure , the Lithuanian Brewers ' Association reporting citing the results from its members ",positive,"the lithuanian beer market made up 14.41 million liters in january , a rise of 0.8 percent from the year-earlier figure , the lithuanian brewers ' association reporting citing the results from its members",the lithuanian beer market made up million liters in january a rise of percent from the figure the lithuanian brewers association reporting citing the results from its members
"Viking Line 's cargo revenue increased by 5.4 % to EUR 21.46 mn , and cargo volume increased by 2.4 % to 70,116 cargo units ",positive,"viking line 's cargo revenue increased by 5.4 % to eur 21.46 mn , and cargo volume increased by 2.4 % to 70,116 cargo units",viking line cargo revenue increased by to eur mn and cargo volume increased by to cargo units
"The fair value of the property portfolio doubled as a result of the Kapiteeli acquisition and totalled EUR 2,686.2 1,259.7 million ",positive,"the fair value of the property portfolio doubled as a result of the kapiteeli acquisition and totalled eur 2,686.2 1,259.7 million",the fair value of the property portfolio doubled as a result of the kapiteeli acquisition and totalled eur million
10 February 2011 - Finnish media company Sanoma Oyj HEL : SAA1V said yesterday its 2010 net profit almost tripled to EUR297 .3 m from EUR107 .1 m for 2009 and announced a proposal for a raised payout ,positive,10 february 2011 - finnish media company sanoma oyj hel : saa1v said yesterday its 2010 net profit almost tripled to eur297 .3 m from eur107 .1 m for 2009 and announced a proposal for a raised payout,february finnish media company sanoma oyj hel said yesterday its net profit almost tripled to m from m for and announced a proposal for a raised payout
"A Helsinki : ELIiV today reported EPS of EUR1 .13 for 2009 , an increase over EPS of EUR1 .12 in 2008 ",positive,"a helsinki : eliiv today reported eps of eur1 .13 for 2009 , an increase over eps of eur1 .12 in 2008",a helsinki eliiv today reported eps of for an increase over eps of in
"Commission income increased by 22 % to EUR 4.4 mn , and lending volume rose by 13.5 % ",positive,"commission income increased by 22 % to eur 4.4 mn , and lending volume rose by 13.5 %",commission income increased by to eur mn and lending volume rose by
"In January , traffic , measured in revenue passenger kilometres RPK , went up by 3.2 % and capacity , measured in available seat kilometres ASK , rose by 12.2 % ",positive,"in january , traffic , measured in revenue passenger kilometres rpk , went up by 3.2 % and capacity , measured in available seat kilometres ask , rose by 12.2 %",in january traffic measured in revenue passenger kilometres rpk went up by and capacity measured in available seat kilometres ask rose by
"In January-September 2010 , Fiskars ' net profit went up by 14 % year-on-year to EUR 65.4 million and net sales to EUR 525.3 million from EUR 487.7 million ",positive,"in january-september 2010 , fiskars ' net profit went up by 14 % year-on-year to eur 65.4 million and net sales to eur 525.3 million from eur 487.7 million",in fiskars net profit went up by to eur million and net sales to eur million from eur million
"Net income from life insurance rose to EUR 16.5 mn from EUR 14.0 mn , and net income from non-life insurance to EUR 22.6 mn from EUR 15.2 mn in 2009 ",positive,"net income from life insurance rose to eur 16.5 mn from eur 14.0 mn , and net income from non-life insurance to eur 22.6 mn from eur 15.2 mn in 2009",net income from life insurance rose to eur mn from eur mn and net income from insurance to eur mn from eur mn in
Sales have risen in other export markets ,positive,sales have risen in other export markets,sales have risen in other export markets
Sales increased due to growing market rates and increased operations ,positive,sales increased due to growing market rates and increased operations,sales increased due to growing market rates and increased operations
The agreement strengthens our long-term partnership with Nokia Siemens Networks ,positive,the agreement strengthens our long-term partnership with nokia siemens networks,the agreement strengthens our partnership with nokia siemens networks
"The company 's order book stood at 1.5 bln euro $ 2.2 bln on September 30 , 2007 , up by 24.2 pct on the year , with international orders amounting to 365 mln euro $ 534.3 mln ",positive,"the company 's order book stood at 1.5 bln euro $ 2.2 bln on september 30 , 2007 , up by 24.2 pct on the year , with international orders amounting to 365 mln euro $ 534.3 mln",the company order book stood at bln euro bln on september up by pct on the year with international orders amounting to mln euro mln
"The company said that paper demand increased in all of its main markets , including of publication papers , and that it increased average paper prices by 4 percent compared with last year ",positive,"the company said that paper demand increased in all of its main markets , including of publication papers , and that it increased average paper prices by 4 percent compared with last year",the company said that paper demand increased in all of its main markets including of publication papers and that it increased average paper prices by percent compared with last year
"The world 's second largest stainless steel maker said net profit in the three-month period until Dec. 31 surged to euro603 million US$ 781 million , or euro3 .33 US$ 4.31 per share , from euro172 million , or euro0 .94 per share , the previous year ",positive,"the world 's second largest stainless steel maker said net profit in the three-month period until dec. 31 surged to euro603 million us$ 781 million , or euro3 .33 us$ 4.31 per share , from euro172 million , or euro0 .94 per share , the previous year",the world second largest stainless steel maker said net profit in the period until surged to million us million or us per share from million or per share the previous year
"Shares of Standard Chartered ( STAN ) rose 1.2 % in the FTSE 100 , while Royal Bank of Scotland ( RBS ) shares rose 2 % and Barclays shares ( BARC ) ( BCS ) were up 1.7 % ",positive,"shares of standard chartered ( stan ) rose 1.2 % in the ftse 100 , while royal bank of scotland ( rbs ) shares rose 2 % and barclays shares ( barc ) ( bcs ) were up 1.7 %",shares of standard chartered stan rose in the ftse while royal bank of scotland rbs shares rose and barclays shares barc bcs were up
Shares of Nokia Corp. rose Thursday after the cell phone maker said its third-quarter earnings almost doubled and its share of the global handset market increased ,positive,shares of nokia corp. rose thursday after the cell phone maker said its third-quarter earnings almost doubled and its share of the global handset market increased,shares of nokia rose thursday after the cell phone maker said its earnings almost doubled and its share of the global handset market increased
"In its financial report , published on Friday , SEB said its net profit soared to SEK6 .745 bn in 2010 from a year-earlier SEK1 .114 bn and proposed a 50 % dividend increase to SEK1 .50 per share ",positive,"in its financial report , published on friday , seb said its net profit soared to sek6 .745 bn in 2010 from a year-earlier sek1 .114 bn and proposed a 50 % dividend increase to sek1 .50 per share",in its financial report published on friday seb said its net profit soared to bn in from a bn and proposed a dividend increase to per share
"At the request of Finnish media company Alma Media 's newspapers , research manager Jari Kaivo-oja at the Finland Futures Research Centre at the Turku School of Economics has drawn up a future scenario for Finland 's national economy by using a model developed by the University of Denver ",neutral,"at the request of finnish media company alma media 's newspapers , research manager jari kaivo-oja at the finland futures research centre at the turku school of economics has drawn up a future scenario for finland 's national economy by using a model developed by the university of denver",at the request of finnish media company alma media newspapers research manager jari at the finland futures research centre at the turku school of economics has drawn up a future scenario for finland national economy by using a model developed by the university of denver
STOCK EXCHANGE ANNOUNCEMENT 20 July 2006 1 ( 1 ) BASWARE SHARE SUBSCRIPTIONS WITH WARRANTS AND INCREASE IN SHARE CAPITAL A total of 119 850 shares have been subscribed with BasWare Warrant Program ,neutral,stock exchange announcement 20 july 2006 1 ( 1 ) basware share subscriptions with warrants and increase in share capital a total of 119 850 shares have been subscribed with basware warrant program,stock exchange announcement july basware share subscriptions with warrants and increase in share capital a total of shares have been subscribed with basware warrant program
"A maximum of 666,104 new shares can further be subscribed for by exercising B options under the 2004 stock option plan ",neutral,"a maximum of 666,104 new shares can further be subscribed for by exercising b options under the 2004 stock option plan",a maximum of new shares can further be subscribed for by exercising b options under the stock option plan
Tiimari operates 194 stores in six countries -- including its core Finnish market -- and generated a turnover of 76.5 mln eur in 2005 ,neutral,tiimari operates 194 stores in six countries -- including its core finnish market -- and generated a turnover of 76.5 mln eur in 2005,tiimari operates stores in six countries including its core finnish market and generated a turnover of mln eur in
The acquisition will considerably increase Kemira 's sales and market position in the Russian metal industry coatings market ,positive,the acquisition will considerably increase kemira 's sales and market position in the russian metal industry coatings market,the acquisition will considerably increase kemira sales and market position in the russian metal industry coatings market
"In January-September 2007 , Finnlines ' net sales rose to EUR 505.4 mn from EUR 473.5 mn in the corresponding period in 2006 ",positive,"in january-september 2007 , finnlines ' net sales rose to eur 505.4 mn from eur 473.5 mn in the corresponding period in 2006",in finnlines net sales rose to eur mn from eur mn in the corresponding period in
"Adjusted for changes in the Group structure , the Division 's net sales increased by 1.7 % ",positive,"adjusted for changes in the group structure , the division 's net sales increased by 1.7 %",adjusted for changes in the group structure the division net sales increased by
"4 February 2011 - Finnish broadband data communication systems provider Teleste Oyj HEL : TLT1V saw its net profit jump to EUR2 .1 m for the last quarter of 2010 from EUR995 ,000 for the same period of 2009 ",positive,"4 february 2011 - finnish broadband data communication systems provider teleste oyj hel : tlt1v saw its net profit jump to eur2 .1 m for the last quarter of 2010 from eur995 ,000 for the same period of 2009",february finnish broadband data communication systems provider teleste oyj hel saw its net profit jump to m for the last quarter of from for the same period of
Finnish Aktia Group 's operating profit rose to EUR 17.5 mn in the first quarter of 2010 from EUR 8.2 mn in the first quarter of 2009 ,positive,finnish aktia group 's operating profit rose to eur 17.5 mn in the first quarter of 2010 from eur 8.2 mn in the first quarter of 2009,finnish aktia group operating profit rose to eur mn in the first quarter of from eur mn in the first quarter of
Finnish Bank of +ï¿½land 's consolidated net operating profit increased from EUR 4.8 mn in the first quarter of 2005 to EUR 6.4 mn in the first quarter of 2006 ,positive,finnish bank of +ï¿½land 's consolidated net operating profit increased from eur 4.8 mn in the first quarter of 2005 to eur 6.4 mn in the first quarter of 2006,finnish bank of consolidated net operating profit increased from eur mn in the first quarter of to eur mn in the first quarter of
"Finnish financial group Aktia reports operating profit of EUR 44.4 mn in January-September 2009 , up from EUR 37.3 mn in the corresponding period in 2008 ",positive,"finnish financial group aktia reports operating profit of eur 44.4 mn in january-september 2009 , up from eur 37.3 mn in the corresponding period in 2008",finnish financial group aktia reports operating profit of eur mn in up from eur mn in the corresponding period in
"Finnish high technology provider Vaahto Group reports net sales of EUR 41.8 mn in the accounting period September 2007 - February 2008 , an increase of 11.2 % from a year earlier ",positive,"finnish high technology provider vaahto group reports net sales of eur 41.8 mn in the accounting period september 2007 - february 2008 , an increase of 11.2 % from a year earlier",finnish high technology provider vaahto group reports net sales of eur mn in the accounting period september february an increase of from a year earlier
Net sales of Finnish food industry company L+ï¿½nnen Tehtaat 's continuing operations increased by 13 % in 2008 to EUR 349.1 mn from EUR 309.6 mn in 2007 ,positive,net sales of finnish food industry company l+ï¿½nnen tehtaat 's continuing operations increased by 13 % in 2008 to eur 349.1 mn from eur 309.6 mn in 2007,net sales of finnish food industry company tehtaat continuing operations increased by in to eur mn from eur mn in
Biohit already services many current Genesis customers and the customer base is expected to expand as a result of this agreement ,positive,biohit already services many current genesis customers and the customer base is expected to expand as a result of this agreement,biohit already services many current genesis customers and the customer base is expected to expand as a result of this agreement
"Both operating profit and turnover for the three-month period increased , respectively from EUR0 .9 m and EUR8 .3 m , as compared to the corresponding period in 2005 ",positive,"both operating profit and turnover for the three-month period increased , respectively from eur0 .9 m and eur8 .3 m , as compared to the corresponding period in 2005",both operating profit and turnover for the period increased respectively from m and m as compared to the corresponding period in
Circulation revenue has increased by 5 % in Finland and 4 % in Sweden in 2008 ,positive,circulation revenue has increased by 5 % in finland and 4 % in sweden in 2008,circulation revenue has increased by in finland and in sweden in
Clothing chain Sepp+ï¿½l+ï¿½ 's net sales increased by 7.0 % to EUR 30.8 mn ,positive,clothing chain sepp+ï¿½l+ï¿½ 's net sales increased by 7.0 % to eur 30.8 mn,clothing chain net sales increased by to eur mn
Construction volumes meanwhile grow at a rate of 10-15 percent annually ,positive,construction volumes meanwhile grow at a rate of 10-15 percent annually,construction volumes meanwhile grow at a rate of percent annually
"However , Biohit estimates its total net sales will continue to grow in 2009 , and that favourable trends in net sales will lead to a profit in 2009 ",positive,"however , biohit estimates its total net sales will continue to grow in 2009 , and that favourable trends in net sales will lead to a profit in 2009",however biohit estimates its total net sales will continue to grow in and that favourable trends in net sales will lead to a profit in
"In 2009 , Fiskars ' cash flow from operating activities amounted to EUR121m , up from EUR97m in the previous year ",positive,"in 2009 , fiskars ' cash flow from operating activities amounted to eur121m , up from eur97m in the previous year",in fiskars cash flow from operating activities amounted to up from in the previous year
"In Lithuania , operating profit rose to EUR 190,000 from EUR 70,000 in the corresponding period in 2005 ",positive,"in lithuania , operating profit rose to eur 190,000 from eur 70,000 in the corresponding period in 2005",in lithuania operating profit rose to eur from eur in the corresponding period in
"In the fourth quarter of 2008 , net sales increased by 2 % to EUR 1,050.7 mn from EUR 1,027.0 mn in the fourth quarter of 2007 ",positive,"in the fourth quarter of 2008 , net sales increased by 2 % to eur 1,050.7 mn from eur 1,027.0 mn in the fourth quarter of 2007",in the fourth quarter of net sales increased by to eur mn from eur mn in the fourth quarter of
"International sales rose by 59.8 % to EUR 1,244.4 mn ",positive,"international sales rose by 59.8 % to eur 1,244.4 mn",international sales rose by to eur mn
Net sales grew in the period to  x20ac 402 million $ 585US million from  x20ac 401 million in 2006 ,positive,net sales grew in the period to x20ac 402 million $ 585us million from x20ac 401 million in 2006,net sales grew in the period to million million from million in
Net sales increased to EUR655m in April to June 2010 from EUR438m a year earlier ,positive,net sales increased to eur655m in april to june 2010 from eur438m a year earlier,net sales increased to in april to june from a year earlier
"Net sales rose by 25.5 % year-on-year to EUR59 .6 m , as the number of chargers delivered went up by 41 % to 65.9 million pieces ",positive,"net sales rose by 25.5 % year-on-year to eur59 .6 m , as the number of chargers delivered went up by 41 % to 65.9 million pieces",net sales rose by to m as the number of chargers delivered went up by to million pieces
"Net sales totaled EUR 93.6 mn , up from EUR 93.2 mn in the corresponding period in 2005 ",positive,"net sales totaled eur 93.6 mn , up from eur 93.2 mn in the corresponding period in 2005",net sales totaled eur mn up from eur mn in the corresponding period in
Operating profit increased by 145.1 % to EUR 8.3 mn from EUR 3.4 mn ,positive,operating profit increased by 145.1 % to eur 8.3 mn from eur 3.4 mn,operating profit increased by to eur mn from eur mn
Operating profit margin increased from 11.2 % to 11.7 % ,positive,operating profit margin increased from 11.2 % to 11.7 %,operating profit margin increased from to
Operating profit rose to EUR 3.11 mn from EUR 1.22 mn in the corresponding period in 2009 ,positive,operating profit rose to eur 3.11 mn from eur 1.22 mn in the corresponding period in 2009,operating profit rose to eur mn from eur mn in the corresponding period in
Operating profit rose to EUR 5mn from EUR 2.8 mn in the fourth quarter of 2008 ,positive,operating profit rose to eur 5mn from eur 2.8 mn in the fourth quarter of 2008,operating profit rose to eur from eur mn in the fourth quarter of
"Operating profit was EUR 24.5 mn , up from EUR 23.0 mn ",positive,"operating profit was eur 24.5 mn , up from eur 23.0 mn",operating profit was eur mn up from eur mn
"Ramirent 's net sales in the second quarterended June 30 were EURO 128.7 million about U.S. $ 163 million , a 3.3-percent increase compared with EURO 124.6 million for thesecond quarter last year ",positive,"ramirent 's net sales in the second quarterended june 30 were euro 128.7 million about u.s. $ 163 million , a 3.3-percent increase compared with euro 124.6 million for thesecond quarter last year",ramirent net sales in the second quarterended june were euro million about million a increase compared with euro million for thesecond quarter last year
"Revenue grew by 2 percent to  x20ac 580 million $ 743 million , from  x20ac 569 million ",positive,"revenue grew by 2 percent to x20ac 580 million $ 743 million , from x20ac 569 million",revenue grew by percent to million million from million
"Ruukki 's delivery volumes and selling prices showed favourable development and the company 's comparable net sales grew by 50 % year-on-year to EUR647m , CEO Sakari Tamminen said ",positive,"ruukki 's delivery volumes and selling prices showed favourable development and the company 's comparable net sales grew by 50 % year-on-year to eur647m , ceo sakari tamminen said",ruukki delivery volumes and selling prices showed favourable development and the company comparable net sales grew by to ceo sakari tamminen said
"The company 's consolidated operating profit amounted to EUR 15.86 mn , up from EUR 4.14 mn year-on-year ",positive,"the company 's consolidated operating profit amounted to eur 15.86 mn , up from eur 4.14 mn year-on-year",the company consolidated operating profit amounted to eur mn up from eur mn
The Department Store Division reported an increase in sales of 4 per cent ,positive,the department store division reported an increase in sales of 4 per cent,the department store division reported an increase in sales of per cent
The fair value of the company 's investment properties grew to EUR 2.803 billion at the end of March 2009 from EUR 2.691 million a year ago ,positive,the fair value of the company 's investment properties grew to eur 2.803 billion at the end of march 2009 from eur 2.691 million a year ago,the fair value of the company investment properties grew to eur billion at the end of march from eur million a year ago
"The last quarter was the best quarter of 2009 in net sales , and the operating margin rose to 12.2 % ",positive,"the last quarter was the best quarter of 2009 in net sales , and the operating margin rose to 12.2 %",the last quarter was the best quarter of in net sales and the operating margin rose to
"The major breweries increased their domestic beer sales by 4.5 per cent last year , to 256.88 million litres from 245.92 million litres in 2004 ",positive,"the major breweries increased their domestic beer sales by 4.5 per cent last year , to 256.88 million litres from 245.92 million litres in 2004",the major breweries increased their domestic beer sales by per cent last year to million litres from million litres in
- Operating profit rose by 26.9 % to EUR 105.8 ( 83.4 ) million ,positive,- operating profit rose by 26.9 % to eur 105.8 ( 83.4 ) million,operating profit rose by to eur million
21 October 2010 - Finnish fishing tackle company Rapala VMC Corp ( HEL : RAP1V ) said today its net profit rose to EUR18 .9 m for the first nine months of 2010 from EUR15 .1 m for the same period a year earlier ,positive,21 october 2010 - finnish fishing tackle company rapala vmc corp ( hel : rap1v ) said today its net profit rose to eur18 .9 m for the first nine months of 2010 from eur15 .1 m for the same period a year earlier,october finnish fishing tackle company rapala vmc corp hel said today its net profit rose to m for the first nine months of from m for the same period a year earlier
"According to Finnish Metso Minerals , the value of the company 's orders has gone up to EUR 1.9 bn in 12 months ",positive,"according to finnish metso minerals , the value of the company 's orders has gone up to eur 1.9 bn in 12 months",according to finnish metso minerals the value of the company orders has gone up to eur bn in months
Finnish Bank of +ï¿½land reports its operating profit rose to EUR 21.3 mn in the second quarter of 2009 from EUR 6.1 mn in the corresponding period in 2008 ,positive,finnish bank of +ï¿½land reports its operating profit rose to eur 21.3 mn in the second quarter of 2009 from eur 6.1 mn in the corresponding period in 2008,finnish bank of reports its operating profit rose to eur mn in the second quarter of from eur mn in the corresponding period in
Finnish financial group Aktia 's operating profit for 2009 increased to EUR 47.0 mn from EUR 6.6 mn in 2008 ,positive,finnish financial group aktia 's operating profit for 2009 increased to eur 47.0 mn from eur 6.6 mn in 2008,finnish financial group aktia operating profit for increased to eur mn from eur mn in
Finnish forest machinery manufacturer Ponsse 's net sales grew to EUR 51.3 mn in the first quarter of 2010 from EUR 37.5 mn in the corresponding period in 2009 ,positive,finnish forest machinery manufacturer ponsse 's net sales grew to eur 51.3 mn in the first quarter of 2010 from eur 37.5 mn in the corresponding period in 2009,finnish forest machinery manufacturer ponsse net sales grew to eur mn in the first quarter of from eur mn in the corresponding period in
Finnish KCI Konecranes has raised its net sales growth estimate for 2006 from over 25 % to over 35 % ,positive,finnish kci konecranes has raised its net sales growth estimate for 2006 from over 25 % to over 35 %,finnish kci konecranes has raised its net sales growth estimate for from over to over
"According to HKScan Finland , the plan is to increase J+ï¿½rvi-Suomen Portti 's net sales to EUR 80mn to EUR 100mn ",positive,"according to hkscan finland , the plan is to increase j+ï¿½rvi-suomen portti 's net sales to eur 80mn to eur 100mn",according to hkscan finland the plan is to increase portti net sales to eur to eur
"Advertising and circulation revenues grew by 3.4 % and by 0.4 % , respectively ",positive,"advertising and circulation revenues grew by 3.4 % and by 0.4 % , respectively",advertising and circulation revenues grew by and by respectively
"At the end of March 2007 , the group 's order book was at EUR 39.6 mn , up 42 % from the corresponding period in 2006 ",positive,"at the end of march 2007 , the group 's order book was at eur 39.6 mn , up 42 % from the corresponding period in 2006",at the end of march the group order book was at eur mn up from the corresponding period in
"At the same time profit of the company increased by 10 % in H1 and reached Ls 79,000 ",positive,"at the same time profit of the company increased by 10 % in h1 and reached ls 79,000",at the same time profit of the company increased by in and reached ls
"Both operating profit and net sales for the 12-month period increased , respectively from EUR10 .5 m and EUR28 .8 m , as compared to the financial year 2004 ",positive,"both operating profit and net sales for the 12-month period increased , respectively from eur10 .5 m and eur28 .8 m , as compared to the financial year 2004",both operating profit and net sales for the period increased respectively from m and m as compared to the financial year
"Both operating profit and net sales for the 12-month period increased , respectively from EUR20 .8 m and EUR177 .7 m , as compared to the financial year 2004 ",positive,"both operating profit and net sales for the 12-month period increased , respectively from eur20 .8 m and eur177 .7 m , as compared to the financial year 2004",both operating profit and net sales for the period increased respectively from m and m as compared to the financial year
"Both operating profit and net sales for the 12-month period increased , respectively from EUR21 .5 m and EUR196 .1 m , as compared to 2005 ",positive,"both operating profit and net sales for the 12-month period increased , respectively from eur21 .5 m and eur196 .1 m , as compared to 2005",both operating profit and net sales for the period increased respectively from m and m as compared to
"Both operating profit and net sales for the 12-month period increased , respectively from EUR4 .7 m and EUR26 .7 m , as compared to 2004 ",positive,"both operating profit and net sales for the 12-month period increased , respectively from eur4 .7 m and eur26 .7 m , as compared to 2004",both operating profit and net sales for the period increased respectively from m and m as compared to
"Both operating profit and net sales for the nine-month period increased , respectively by 26.6 % and 3.4 % , as compared to the corresponding period in 2006 ",positive,"both operating profit and net sales for the nine-month period increased , respectively by 26.6 % and 3.4 % , as compared to the corresponding period in 2006",both operating profit and net sales for the period increased respectively by and as compared to the corresponding period in
"Both operating profit and net sales for the six-month period increased , respectively , from EUR13 .8 m and EUR143 .6 m , as compared to the corresponding period in 2007 ",positive,"both operating profit and net sales for the six-month period increased , respectively , from eur13 .8 m and eur143 .6 m , as compared to the corresponding period in 2007",both operating profit and net sales for the period increased respectively from m and m as compared to the corresponding period in
"Both operating profit and net sales for the six-month period increased , respectively from EUR0 .4 m and EUR3 .2 m , as compared to the corresponding period in 2005 ",positive,"both operating profit and net sales for the six-month period increased , respectively from eur0 .4 m and eur3 .2 m , as compared to the corresponding period in 2005",both operating profit and net sales for the period increased respectively from m and m as compared to the corresponding period in
"Both operating profit and net sales for the six-month period increased , respectively from EUR18 .1 m and EUR127 .6 m , as compared to the corresponding period in 2006 ",positive,"both operating profit and net sales for the six-month period increased , respectively from eur18 .1 m and eur127 .6 m , as compared to the corresponding period in 2006",both operating profit and net sales for the period increased respectively from m and m as compared to the corresponding period in
"Both operating profit and net sales for the six-month period increased , respectively from EUR7 .5 m and EUR655 .5 m , as compared to the corresponding period in 2005 ",positive,"both operating profit and net sales for the six-month period increased , respectively from eur7 .5 m and eur655 .5 m , as compared to the corresponding period in 2005",both operating profit and net sales for the period increased respectively from m and m as compared to the corresponding period in
"Both operating profit and net sales for the three-month period increased , respectively from EUR15 .1 m and EUR131 .5 m , as compared to the corresponding period in 2005 ",positive,"both operating profit and net sales for the three-month period increased , respectively from eur15 .1 m and eur131 .5 m , as compared to the corresponding period in 2005",both operating profit and net sales for the period increased respectively from m and m as compared to the corresponding period in
"Both operating profit and net sales for the three-month period increased , respectively from EUR16 .0 m and EUR139m , as compared to the corresponding quarter in 2006 ",positive,"both operating profit and net sales for the three-month period increased , respectively from eur16 .0 m and eur139m , as compared to the corresponding quarter in 2006",both operating profit and net sales for the period increased respectively from m and as compared to the corresponding quarter in
"Both operating profit and sales for the three-month period increased , respectively from EUR0 .3 m and EUR13 .1 m , as compared to the corresponding period in 2005 ",positive,"both operating profit and sales for the three-month period increased , respectively from eur0 .3 m and eur13 .1 m , as compared to the corresponding period in 2005",both operating profit and sales for the period increased respectively from m and m as compared to the corresponding period in
"Both operating profit and turnover for the nine-month period increased , respectively from EUR2 .4 m and EUR43 .8 m , as compared to the corresponding period a year ago ",positive,"both operating profit and turnover for the nine-month period increased , respectively from eur2 .4 m and eur43 .8 m , as compared to the corresponding period a year ago",both operating profit and turnover for the period increased respectively from m and m as compared to the corresponding period a year ago
"Both operating profit and turnover for the six-month period increased , respectively , from EUR17 .6 m and EUR1149 .9 m , as compared to the corresponding period in 2007 ",positive,"both operating profit and turnover for the six-month period increased , respectively , from eur17 .6 m and eur1149 .9 m , as compared to the corresponding period in 2007",both operating profit and turnover for the period increased respectively from m and m as compared to the corresponding period in
"Both operating profit and turnover for the six-month period increased , respectively from EUR0 .1 m and EUR29 .0 m , as compared to the corresponding period a year ago ",positive,"both operating profit and turnover for the six-month period increased , respectively from eur0 .1 m and eur29 .0 m , as compared to the corresponding period a year ago",both operating profit and turnover for the period increased respectively from m and m as compared to the corresponding period a year ago
Cargo volume increased by approximately 5 % ,positive,cargo volume increased by approximately 5 %,cargo volume increased by approximately
"comparable operating profit totaled EUR 854mn , up from EUR 730mn in 2004 ",positive,"comparable operating profit totaled eur 854mn , up from eur 730mn in 2004",comparable operating profit totaled eur up from eur in
"Digia said its consolidated net sales for January-June 2010 were EUR67 .8 m , up 9.7 % on the same period in 2009 ( EUR61 .9 m ) ",positive,"digia said its consolidated net sales for january-june 2010 were eur67 .8 m , up 9.7 % on the same period in 2009 ( eur61 .9 m )",digia said its consolidated net sales for were m up on the same period in m
Diluted earnings per share ( EPS ) rose to EUR 0.29 from EUR 0.05 ,positive,diluted earnings per share ( eps ) rose to eur 0.29 from eur 0.05,diluted earnings per share eps rose to eur from eur
Diluted earnings per share ( EPS ) rose to EUR 0.52 versus EUR 0.09 ,positive,diluted earnings per share ( eps ) rose to eur 0.52 versus eur 0.09,diluted earnings per share eps rose to eur versus eur
Diluted earnings per share ( EPS ) rose to EUR 1.05 from EUR 0.64 ,positive,diluted earnings per share ( eps ) rose to eur 1.05 from eur 0.64,diluted earnings per share eps rose to eur from eur
Diluted earnings per share ( EPS ) rose to EUR 3.68 from EUR 0.50 ,positive,diluted earnings per share ( eps ) rose to eur 3.68 from eur 0.50,diluted earnings per share eps rose to eur from eur
Diluted EPS rose to EUR3 .68 from EUR0 .50 ,positive,diluted eps rose to eur3 .68 from eur0 .50,diluted eps rose to from
EBIT margin was up from 1.4 % to 5.1 % ,positive,ebit margin was up from 1.4 % to 5.1 %,ebit margin was up from to
"EPS from continuing operations came in at 0.30 eur , up from 0.17 ",positive,"eps from continuing operations came in at 0.30 eur , up from 0.17",eps from continuing operations came in at eur up from
"Equity ratio was 60.9 % compared to 54.2 % In the third quarter of 2007 , net sales of the Frozen Foods Business totaled EUR 11.0 , up by about 5 % from the third quarter of 2006 ",positive,"equity ratio was 60.9 % compared to 54.2 % in the third quarter of 2007 , net sales of the frozen foods business totaled eur 11.0 , up by about 5 % from the third quarter of 2006",equity ratio was compared to in the third quarter of net sales of the frozen foods business totaled eur up by about from the third quarter of
"EUR928 ,000 in Q1 2010 6 May 2010 - Finnish textile and clothing design company Marimekko Oyj ( HEL : MMO1V ) said today its net profit rose to EUR928 ,000 in the first quarter of 2010 from EUR13 ,000 in the corresponding period a year earlier ",positive,"eur928 ,000 in q1 2010 6 may 2010 - finnish textile and clothing design company marimekko oyj ( hel : mmo1v ) said today its net profit rose to eur928 ,000 in the first quarter of 2010 from eur13 ,000 in the corresponding period a year earlier",in may finnish textile and clothing design company marimekko oyj hel said today its net profit rose to in the first quarter of from in the corresponding period a year earlier
"Finland-based Elcoteq SE , a privately held provider of electronics manufacturing services to communications companies , said Thursday it signed a long-term manufacturing supply deal with communications equipment company Andrew Corp. ",positive,"finland-based elcoteq se , a privately held provider of electronics manufacturing services to communications companies , said thursday it signed a long-term manufacturing supply deal with communications equipment company andrew corp.",elcoteq se a privately held provider of electronics manufacturing services to communications companies said thursday it signed a manufacturing supply deal with communications equipment company andrew corp
Finnish cutlery and hand tools maker Fiskars Oyj Abp ( HEL : FISAS ) said today its net profit rose to EUR 24.1 million ( USD 33.6 m ) in the third quarter of 2010 from EUR 17.9 million a year earlier ,positive,finnish cutlery and hand tools maker fiskars oyj abp ( hel : fisas ) said today its net profit rose to eur 24.1 million ( usd 33.6 m ) in the third quarter of 2010 from eur 17.9 million a year earlier,finnish cutlery and hand tools maker fiskars oyj abp hel fisas said today its net profit rose to eur million usd m in the third quarter of from eur million a year earlier
Finnish department store chain Stockmann Oyj Abp net profit rose to 39.8 mln euro ( $ 56.8 mln ) for the first nine months of 2007 from 37.4 mln euro ( $ 53.4 mln ) for the same period of 2006 ,positive,finnish department store chain stockmann oyj abp net profit rose to 39.8 mln euro ( $ 56.8 mln ) for the first nine months of 2007 from 37.4 mln euro ( $ 53.4 mln ) for the same period of 2006,finnish department store chain stockmann oyj abp net profit rose to mln euro mln for the first nine months of from mln euro mln for the same period of
"Finnish lifting equipment maker Konecranes Oyj said on July 30 , 2008 that its net profit rose to 71.2 mln euro ( $ 111.1 mln ) for the first half of 2008 from 57.1 mln euro ( $ 89.1 mln ) for the same period of 2007 ",positive,"finnish lifting equipment maker konecranes oyj said on july 30 , 2008 that its net profit rose to 71.2 mln euro ( $ 111.1 mln ) for the first half of 2008 from 57.1 mln euro ( $ 89.1 mln ) for the same period of 2007",finnish lifting equipment maker konecranes oyj said on july that its net profit rose to mln euro mln for the first half of from mln euro mln for the same period of
Finnish metal industry solutions supplier Outotec Oyj net profit rose to 50.4 mln euro ( $ 72.5 mln ) for the first nine months of 2007 from 20.1 mln euro ( $ 28.9 mln ) for the same period of 2006 ,positive,finnish metal industry solutions supplier outotec oyj net profit rose to 50.4 mln euro ( $ 72.5 mln ) for the first nine months of 2007 from 20.1 mln euro ( $ 28.9 mln ) for the same period of 2006,finnish metal industry solutions supplier outotec oyj net profit rose to mln euro mln for the first nine months of from mln euro mln for the same period of
Finnish metal products company Componenta Oyj net profit rose to 26.1 mln euro ( $ 35.9 mln ) for the first quarter of 2007 from 5.3 mln euro ( $ 7.3 mln ) for the same period of 2006 ,positive,finnish metal products company componenta oyj net profit rose to 26.1 mln euro ( $ 35.9 mln ) for the first quarter of 2007 from 5.3 mln euro ( $ 7.3 mln ) for the same period of 2006,finnish metal products company componenta oyj net profit rose to mln euro mln for the first quarter of from mln euro mln for the same period of
Finnish office supplies and computer accessories dealer Beltton-Group Plc said its net profit rose to 1.3 mln euro ( $ 1.7 mln ) in 2006 from 1.13 mln euro ( $ 1.5 mln ) in 2005 ,positive,finnish office supplies and computer accessories dealer beltton-group plc said its net profit rose to 1.3 mln euro ( $ 1.7 mln ) in 2006 from 1.13 mln euro ( $ 1.5 mln ) in 2005,finnish office supplies and computer accessories dealer plc said its net profit rose to mln euro mln in from mln euro mln in
"Finnish security and privacy software solutions developer Stonesoft Oyj said on January 7 , 2008 that the preliminary sales of its StoneGate products grew by 59 pct year-on-year to 3.6 mln euro ( $ 5.3 mln ) for the fourth quarter of 2007 ",positive,"finnish security and privacy software solutions developer stonesoft oyj said on january 7 , 2008 that the preliminary sales of its stonegate products grew by 59 pct year-on-year to 3.6 mln euro ( $ 5.3 mln ) for the fourth quarter of 2007",finnish security and privacy software solutions developer stonesoft oyj said on january that the preliminary sales of its stonegate products grew by pct to mln euro mln for the fourth quarter of
"Finnish silicon wafer technology company Okmetic Oyj ( OMX Helsinki : OKM1V ) reported on Thursday ( 7 August ) an operating profit of EUR5 .3 m for the period January-June 2008 , up from EUR3 .3 m in the corresponding period in 2007 ",positive,"finnish silicon wafer technology company okmetic oyj ( omx helsinki : okm1v ) reported on thursday ( 7 august ) an operating profit of eur5 .3 m for the period january-june 2008 , up from eur3 .3 m in the corresponding period in 2007",finnish silicon wafer technology company okmetic oyj omx helsinki reported on thursday august an operating profit of m for the period up from m in the corresponding period in
Finnish software developer Done Solutions Oyj said its net profit increased to 3.5 mln euro ( $ 4.6 mln ) in 2006 from 2.3 mln euro ( $ 3.0 mln ) in 2005 ,positive,finnish software developer done solutions oyj said its net profit increased to 3.5 mln euro ( $ 4.6 mln ) in 2006 from 2.3 mln euro ( $ 3.0 mln ) in 2005,finnish software developer done solutions oyj said its net profit increased to mln euro mln in from mln euro mln in
First quarter underlying operating profit rose to 41 mln eur from 33 mln a year earlier ,positive,first quarter underlying operating profit rose to 41 mln eur from 33 mln a year earlier,first quarter underlying operating profit rose to mln eur from mln a year earlier
"For the first nine months of 2010 , the company 's net profit rose to EUR41m from EUR30m for the corresponding period of 2009 ",positive,"for the first nine months of 2010 , the company 's net profit rose to eur41m from eur30m for the corresponding period of 2009",for the first nine months of the company net profit rose to from for the corresponding period of
"HELSINKI ( AFX ) - Retail and wholesale group Kesko reported net sales of 659.4 mln eur for February , an increase of 10.8 pct year-on-year ",positive,"helsinki ( afx ) - retail and wholesale group kesko reported net sales of 659.4 mln eur for february , an increase of 10.8 pct year-on-year",helsinki afx retail and wholesale group kesko reported net sales of mln eur for february an increase of pct
"However , net sales in 2010 are seen to have grown to EUR598 .3 m from EUR582 .3 m in 2009 ",positive,"however , net sales in 2010 are seen to have grown to eur598 .3 m from eur582 .3 m in 2009",however net sales in are seen to have grown to m from m in
"However , sales returned to growth in April-June 2010 , CEO Pekka Eloholma said ",positive,"however , sales returned to growth in april-june 2010 , ceo pekka eloholma said",however sales returned to growth in ceo pekka eloholma said
"Ragutis , which is controlled by the Finnish brewery , reported a 5.4-per-cent rise in beer sales to 10.44 million litres and held an 11.09-per-cent market share ",positive,"ragutis , which is controlled by the finnish brewery , reported a 5.4-per-cent rise in beer sales to 10.44 million litres and held an 11.09-per-cent market share",ragutis which is controlled by the finnish brewery reported a rise in beer sales to million litres and held an market share
"Svyturys-Utenos Alus , which is controlled by the Nordic group Baltic Beverages Holding ( BBH ) , posted a 4.7-per-cent growth in beer sales for January-May to 46.22 million litres ",positive,"svyturys-utenos alus , which is controlled by the nordic group baltic beverages holding ( bbh ) , posted a 4.7-per-cent growth in beer sales for january-may to 46.22 million litres",alus which is controlled by the nordic group baltic beverages holding bbh posted a growth in beer sales for to million litres
"In December alone , the members of the Lithuanian Brewers ' Association sold a total of 20.3 million liters of beer , an increase of 1.9 percent from the sales of 19.92 million liters in December 2004 ",positive,"in december alone , the members of the lithuanian brewers ' association sold a total of 20.3 million liters of beer , an increase of 1.9 percent from the sales of 19.92 million liters in december 2004",in december alone the members of the lithuanian brewers association sold a total of million liters of beer an increase of percent from the sales of million liters in december
"In January-September 2009 , the Group 's net interest income increased to EUR 112.4 mn from EUR 74.3 mn in January-September 2008 ",positive,"in january-september 2009 , the group 's net interest income increased to eur 112.4 mn from eur 74.3 mn in january-september 2008",in the group net interest income increased to eur mn from eur mn in
"In Q1 of 2010 , Bank of +ï¿½land 's net interest income increased from EUR 9.1 mn to EUR 9.7 mn ",positive,"in q1 of 2010 , bank of +ï¿½land 's net interest income increased from eur 9.1 mn to eur 9.7 mn",in of bank of net interest income increased from eur mn to eur mn
"In Sweden , operating profit for the period under review totaled EUR 3.4 mn , up 30.8 % from the corresponding period in 2005 ",positive,"in sweden , operating profit for the period under review totaled eur 3.4 mn , up 30.8 % from the corresponding period in 2005",in sweden operating profit for the period under review totaled eur mn up from the corresponding period in
"In the fourth quarter of 2009 , Orion 's net profit went up by 33.8 % year-on-year to EUR33m ",positive,"in the fourth quarter of 2009 , orion 's net profit went up by 33.8 % year-on-year to eur33m",in the fourth quarter of orion net profit went up by to
"In the second quarter of 2010 , the group 's net profit rose to EUR 3.1 million from EUR 2.5 million in April-June 2009 ",positive,"in the second quarter of 2010 , the group 's net profit rose to eur 3.1 million from eur 2.5 million in april-june 2009",in the second quarter of the group net profit rose to eur million from eur million in
"In the second quarter of 2010 , the group 's net profit rose to EUR3 .1 m from EUR2 .5 m in April-June 2009 ",positive,"in the second quarter of 2010 , the group 's net profit rose to eur3 .1 m from eur2 .5 m in april-june 2009",in the second quarter of the group net profit rose to m from m in
"In the third quarter , net sales increased by 12 % year-on-year to EUR 159.5 million , or by 6 % at comparable currency rates growth ",positive,"in the third quarter , net sales increased by 12 % year-on-year to eur 159.5 million , or by 6 % at comparable currency rates growth",in the third quarter net sales increased by to eur million or by at comparable currency rates growth
"In the third quarter , net sales increased by 12 % year-on-year to EUR159 .5 m , or by 6 % at comparable currency rates growth ",positive,"in the third quarter , net sales increased by 12 % year-on-year to eur159 .5 m , or by 6 % at comparable currency rates growth",in the third quarter net sales increased by to m or by at comparable currency rates growth
Its market share widened to 48.51 percent from 48.31 percent a year earlier ,positive,its market share widened to 48.51 percent from 48.31 percent a year earlier,its market share widened to percent from percent a year earlier
"Kesko Agro Eesti , the retailer and wholesaler of grain , agricultural and warehousing machinery and accessories , had net sales of 81 million euros in 2007 , an increase by one-tenth over the preceding year ",positive,"kesko agro eesti , the retailer and wholesaler of grain , agricultural and warehousing machinery and accessories , had net sales of 81 million euros in 2007 , an increase by one-tenth over the preceding year",kesko agro eesti the retailer and wholesaler of grain agricultural and warehousing machinery and accessories had net sales of million euros in an increase by over the preceding year
"Kesko 's car import and retailing business , VV-Auto , saw sales grow by 17.1 pct ",positive,"kesko 's car import and retailing business , vv-auto , saw sales grow by 17.1 pct",kesko car import and retailing business saw sales grow by pct
Kone 's net sales rose by some 14 % year-on-year in the first nine months of 2008 ,positive,kone 's net sales rose by some 14 % year-on-year in the first nine months of 2008,kone net sales rose by some in the first nine months of
"( ADP News ) - Feb 11 , 2009 - Finnish management software solutions provider Ixonos Oyj ( HEL : XNS1V ) said today its net profit rose to EUR 3.5 million ( USD 4.5 m ) for 2008 from EUR 3.1 million for 2007 ",positive,"( adp news ) - feb 11 , 2009 - finnish management software solutions provider ixonos oyj ( hel : xns1v ) said today its net profit rose to eur 3.5 million ( usd 4.5 m ) for 2008 from eur 3.1 million for 2007",adp news feb finnish management software solutions provider ixonos oyj hel said today its net profit rose to eur million usd m for from eur million for
"( ADP News ) - Feb 12 , 2009 - Finnish IT solutions provider Affecto Oyj ( HEL : AFE1V ) said today its net profit rose to EUR 8.5 million ( USD 11m ) in 2008 from EUR 7 million in 2007 ",positive,"( adp news ) - feb 12 , 2009 - finnish it solutions provider affecto oyj ( hel : afe1v ) said today its net profit rose to eur 8.5 million ( usd 11m ) in 2008 from eur 7 million in 2007",adp news feb finnish it solutions provider affecto oyj hel said today its net profit rose to eur million usd in from eur million in
"( ADP News ) - Feb 6 , 2009 - Finnish fishing tackle company Rapala VMC Corp ( HEL : RAP1V ) said today its net profit rose to EUR 19.2 million ( USD 24.6 m ) for 2008 from EUR 17.5 million for 2007 ",positive,"( adp news ) - feb 6 , 2009 - finnish fishing tackle company rapala vmc corp ( hel : rap1v ) said today its net profit rose to eur 19.2 million ( usd 24.6 m ) for 2008 from eur 17.5 million for 2007",adp news feb finnish fishing tackle company rapala vmc corp hel said today its net profit rose to eur million usd m for from eur million for
"( ADP News ) - Nov 5 , 2008 - Finnish electronic measurement products and solutions maker Vaisala Oyj ( OMX : VAIAS ) said today that its net profit rose to EUR 18 million ( USD 23.1 m ) for the first nine months of 2008 from EUR ",positive,"( adp news ) - nov 5 , 2008 - finnish electronic measurement products and solutions maker vaisala oyj ( omx : vaias ) said today that its net profit rose to eur 18 million ( usd 23.1 m ) for the first nine months of 2008 from eur",adp news nov finnish electronic measurement products and solutions maker vaisala oyj omx vaias said today that its net profit rose to eur million usd m for the first nine months of from eur
"( ADP News ) - Oct 29 , 2008 - Finnish lifting equipment maker Konecranes Oyj ( OMX : KCR1V ) said today that its net profit rose to EUR 116.6 million ( USD 149.1 m ) in the first nine months of 2008 from EUR 73.6 million for the ",positive,"( adp news ) - oct 29 , 2008 - finnish lifting equipment maker konecranes oyj ( omx : kcr1v ) said today that its net profit rose to eur 116.6 million ( usd 149.1 m ) in the first nine months of 2008 from eur 73.6 million for the",adp news oct finnish lifting equipment maker konecranes oyj omx said today that its net profit rose to eur million usd m in the first nine months of from eur million for the
"Metso expects its net sales to increase by about 10 % in 2008 , at comparable exchange rates ",positive,"metso expects its net sales to increase by about 10 % in 2008 , at comparable exchange rates",metso expects its net sales to increase by about in at comparable exchange rates
Net interest income increased by 4.5 % to EUR 31.4 mn from EUR 30.0 mn in 2004 ,positive,net interest income increased by 4.5 % to eur 31.4 mn from eur 30.0 mn in 2004,net interest income increased by to eur mn from eur mn in
"Net interest income was EUR 152.2 mn , up from EUR 101.0 mn in 2008 ",positive,"net interest income was eur 152.2 mn , up from eur 101.0 mn in 2008",net interest income was eur mn up from eur mn in
"Net interest income was EUR 39.3 mn , up from EUR 32.7 mn ",positive,"net interest income was eur 39.3 mn , up from eur 32.7 mn",net interest income was eur mn up from eur mn
Net sales of the Vegetable Oil Business rose to EUR 10.6 mn from EUR 10.1 mn ,positive,net sales of the vegetable oil business rose to eur 10.6 mn from eur 10.1 mn,net sales of the vegetable oil business rose to eur mn from eur mn
"Nokia Multimedia 's net sales totaled EUR 5.7 bn , up 45 % from the corresponding period in 2005 ",positive,"nokia multimedia 's net sales totaled eur 5.7 bn , up 45 % from the corresponding period in 2005",nokia multimedia net sales totaled eur bn up from the corresponding period in
Operating income rose to EUR 696.4 mn from EUR 600.3 mn in 2009 ,positive,operating income rose to eur 696.4 mn from eur 600.3 mn in 2009,operating income rose to eur mn from eur mn in
"Operating profit of Kauppalehti group rose to EUR 1.5 mn from EUR 1.3 mn , and that of Marketplaces to EUR 1.3 mn from EUR 1.0 mn in the third quarter of 2006 ",positive,"operating profit of kauppalehti group rose to eur 1.5 mn from eur 1.3 mn , and that of marketplaces to eur 1.3 mn from eur 1.0 mn in the third quarter of 2006",operating profit of kauppalehti group rose to eur mn from eur mn and that of marketplaces to eur mn from eur mn in the third quarter of
Operating profit rose from EUR 1.94 mn to EUR 2.45 mn ,positive,operating profit rose from eur 1.94 mn to eur 2.45 mn,operating profit rose from eur mn to eur mn
Operating profit rose to 22.1 mln eur from 19.9 mln ,positive,operating profit rose to 22.1 mln eur from 19.9 mln,operating profit rose to mln eur from mln
Operating profit rose to EUR 1.6 mn from EUR 1.1 mn in the corresponding period in 2006 ,positive,operating profit rose to eur 1.6 mn from eur 1.1 mn in the corresponding period in 2006,operating profit rose to eur mn from eur mn in the corresponding period in
Operating profit rose to EUR 103.4 mn from EUR 23.2 in the corresponding period in 2006 ,positive,operating profit rose to eur 103.4 mn from eur 23.2 in the corresponding period in 2006,operating profit rose to eur mn from eur in the corresponding period in
Operating profit rose to EUR 13.5 mn from EUR 9.7 mn in the corresponding period in 2006 ,positive,operating profit rose to eur 13.5 mn from eur 9.7 mn in the corresponding period in 2006,operating profit rose to eur mn from eur mn in the corresponding period in
Operating profit rose to EUR 26.7 mn from EUR 14.9 mn in the corresponding period in 2006 ,positive,operating profit rose to eur 26.7 mn from eur 14.9 mn in the corresponding period in 2006,operating profit rose to eur mn from eur mn in the corresponding period in
Operating profit rose to EUR 27.8 mn from EUR 17.5 mn in 2008 ,positive,operating profit rose to eur 27.8 mn from eur 17.5 mn in 2008,operating profit rose to eur mn from eur mn in
Operating profit rose to EUR 3.2 mn from EUR 1.0 mn in the corresponding period in 2008 ,positive,operating profit rose to eur 3.2 mn from eur 1.0 mn in the corresponding period in 2008,operating profit rose to eur mn from eur mn in the corresponding period in
Operating profit rose to EUR 4.7 mn from EUR 3.6 mn ,positive,operating profit rose to eur 4.7 mn from eur 3.6 mn,operating profit rose to eur mn from eur mn
Operating profit rose to EUR 4.7 mn from EUR 4.6 mn ,positive,operating profit rose to eur 4.7 mn from eur 4.6 mn,operating profit rose to eur mn from eur mn
Operating profit rose to EUR 9.2 mn from EUR 6.8 mn in the corresponding period in 2007 ,positive,operating profit rose to eur 9.2 mn from eur 6.8 mn in the corresponding period in 2007,operating profit rose to eur mn from eur mn in the corresponding period in
Operating profit rose to EUR2 .4 m from EUR1 .6 m year earlier ,positive,operating profit rose to eur2 .4 m from eur1 .6 m year earlier,operating profit rose to m from m year earlier
"Operating profit surged to EUR21m from EUR106 ,000 ",positive,"operating profit surged to eur21m from eur106 ,000",operating profit surged to from
"Operating profit totaled EUR 37,7 mn , up slightly from EUR 37.2 mn in the corresponding period in 2006 ",positive,"operating profit totaled eur 37,7 mn , up slightly from eur 37.2 mn in the corresponding period in 2006",operating profit totaled eur mn up slightly from eur mn in the corresponding period in
"Operating profit totaled EUR 5.5 mn , up from EUR -0.7 mn ",positive,"operating profit totaled eur 5.5 mn , up from eur -0.7 mn",operating profit totaled eur mn up from eur mn
"Operating profit was EUR 11.4 mn , up from EUR 7.5 mn ",positive,"operating profit was eur 11.4 mn , up from eur 7.5 mn",operating profit was eur mn up from eur mn
"Operating profit was EUR 139.7 mn , up 23 % from EUR 113.8 mn ",positive,"operating profit was eur 139.7 mn , up 23 % from eur 113.8 mn",operating profit was eur mn up from eur mn
"Order intake grew by 40 % year-on-year and 30 % year-on-year , respectively , to EUR 576 million and EUR 1.7 billion for the respective January-September and July-September 2010 periods ",positive,"order intake grew by 40 % year-on-year and 30 % year-on-year , respectively , to eur 576 million and eur 1.7 billion for the respective january-september and july-september 2010 periods",order intake grew by and respectively to eur million and eur billion for the respective and periods
Orders received grew by 55 % year-on-year to EUR732m ,positive,orders received grew by 55 % year-on-year to eur732m,orders received grew by to
Orion Pharma 's operating profit increased by 42.5 % from 2004 ,positive,orion pharma 's operating profit increased by 42.5 % from 2004,orion pharma operating profit increased by from
Passenger volumes rose by 8.4 % in the accounting period ,positive,passenger volumes rose by 8.4 % in the accounting period,passenger volumes rose by in the accounting period
Passenger-related revenue rose by 5.1 % to EUR 460.8 mn from EUR 438.5 mn in 2009 ,positive,passenger-related revenue rose by 5.1 % to eur 460.8 mn from eur 438.5 mn in 2009,revenue rose by to eur mn from eur mn in
Pretax profit rose to EUR 0.6 mn from EUR 0.4 mn in the corresponding period in 2005 ,positive,pretax profit rose to eur 0.6 mn from eur 0.4 mn in the corresponding period in 2005,pretax profit rose to eur mn from eur mn in the corresponding period in
"Pretax profit rose to EUR 1,019 mn from EUR 1,007 in the corresponding period in 2005 ",positive,"pretax profit rose to eur 1,019 mn from eur 1,007 in the corresponding period in 2005",pretax profit rose to eur mn from eur in the corresponding period in
Pretax profit rose to EUR 17.8 mn from EUR 14.9 mn in 2005 ,positive,pretax profit rose to eur 17.8 mn from eur 14.9 mn in 2005,pretax profit rose to eur mn from eur mn in
"Pre-tax profit totaled EUR 397.4 mn , up from EUR 164.7 mn ",positive,"pre-tax profit totaled eur 397.4 mn , up from eur 164.7 mn",profit totaled eur mn up from eur mn
"Profit for the period totaled EUR 39.4 mn , up from EUR 33.9 mn in the corresponding period in 2006 ",positive,"profit for the period totaled eur 39.4 mn , up from eur 33.9 mn in the corresponding period in 2006",profit for the period totaled eur mn up from eur mn in the corresponding period in
"Profit for the period was EUR 5.9 mn , up from EUR 1.3 mn ",positive,"profit for the period was eur 5.9 mn , up from eur 1.3 mn",profit for the period was eur mn up from eur mn
"Profit for the period was EUR 9.8 mn , up from EUR 6.0 mn in 2004 ",positive,"profit for the period was eur 9.8 mn , up from eur 6.0 mn in 2004",profit for the period was eur mn up from eur mn in
Revenue grew 12 percent to (  x20ac ) 3.6 billion ( US$ 4.5 billion ) ,positive,revenue grew 12 percent to ( x20ac ) 3.6 billion ( us$ 4.5 billion ),revenue grew percent to billion us billion
"Revenue in July to September grew 14 percent to ( EURO ) 467 million from a year earlier , the company said Thursday ",positive,"revenue in july to september grew 14 percent to ( euro ) 467 million from a year earlier , the company said thursday",revenue in july to september grew percent to euro million from a year earlier the company said thursday
Revenues at the same time grew 14 percent to 43 million euros ,positive,revenues at the same time grew 14 percent to 43 million euros,revenues at the same time grew percent to million euros
"Sales in Latin America increased by 42 % to EUR 432mn , and a total of 8.7 mn mobile devices were sold in the area , representing an increase of 32 % from the corresponding period in 2009 ",positive,"sales in latin america increased by 42 % to eur 432mn , and a total of 8.7 mn mobile devices were sold in the area , representing an increase of 32 % from the corresponding period in 2009",sales in latin america increased by to eur and a total of mn mobile devices were sold in the area representing an increase of from the corresponding period in
Sanoma Magazines Finland 's net sales grew to EUR 140.1 mn from EUR 131.8 mn ,positive,sanoma magazines finland 's net sales grew to eur 140.1 mn from eur 131.8 mn,sanoma magazines finland net sales grew to eur mn from eur mn
"Satama 's net profit for the third quarter of 2007 rose to 275,000 euro ( $ 395,000 ) from 270,000 euro ( $ 388,000 ) for the same period of 2006 ",positive,"satama 's net profit for the third quarter of 2007 rose to 275,000 euro ( $ 395,000 ) from 270,000 euro ( $ 388,000 ) for the same period of 2006",satama net profit for the third quarter of rose to euro from euro for the same period of
"Section : Regional News - The demand in Finnair 's Asian traffic , measured in passenger kilometers , was up 34.9 % in August compare to last year ",positive,"section : regional news - the demand in finnair 's asian traffic , measured in passenger kilometers , was up 34.9 % in august compare to last year",section regional news the demand in finnair asian traffic measured in passenger kilometers was up in august compare to last year
"Svyturys-Utenos Alus , which is controlled by the Nordic group Baltic Beverages Holding ( BBH ) , posted a 6.1 percent growth in beer sales for January-September to 101.99 million liters ",positive,"svyturys-utenos alus , which is controlled by the nordic group baltic beverages holding ( bbh ) , posted a 6.1 percent growth in beer sales for january-september to 101.99 million liters",alus which is controlled by the nordic group baltic beverages holding bbh posted a percent growth in beer sales for to million liters
That would be an increase from estimated sales of 117 million last year ,positive,that would be an increase from estimated sales of 117 million last year,that would be an increase from estimated sales of million last year
"The chain posted sales of 298 million euros for full 2005 , a rise of 19.5 percent , year-on-year ",positive,"the chain posted sales of 298 million euros for full 2005 , a rise of 19.5 percent , year-on-year",the chain posted sales of million euros for full a rise of percent
The company expects its net sales in 2008 to increase 5-10 % from 2007 ,positive,the company expects its net sales in 2008 to increase 5-10 % from 2007,the company expects its net sales in to increase from
"The company 's operating income ( EBIT ) totalled EUR 0.0 mn , up from EUR -0.3 mn year-on-year ",positive,"the company 's operating income ( ebit ) totalled eur 0.0 mn , up from eur -0.3 mn year-on-year",the company operating income ebit totalled eur mn up from eur mn
The EPS outlook was increased by 5.6 pct for 2007 and 7.0 pct for 2008 ,positive,the eps outlook was increased by 5.6 pct for 2007 and 7.0 pct for 2008,the eps outlook was increased by pct for and pct for
"The fair value of the investment properties totaled EUR 2,534.9 mn , up from EUR 2,455.1 mn in 2006 ",positive,"the fair value of the investment properties totaled eur 2,534.9 mn , up from eur 2,455.1 mn in 2006",the fair value of the investment properties totaled eur mn up from eur mn in
"The Finnish government announced Wednesday that it sold a 32 percent stake in chemicals and fertilizer group Kemira Oyj for (  x20ac ) 655.6 million ( $ 890US million ) , sending the company 's share price up 6 percent ",positive,"the finnish government announced wednesday that it sold a 32 percent stake in chemicals and fertilizer group kemira oyj for ( x20ac ) 655.6 million ( $ 890us million ) , sending the company 's share price up 6 percent",the finnish government announced wednesday that it sold a percent stake in chemicals and fertilizer group kemira oyj for million million sending the company share price up percent
"The Helsinki-based company , which also owns the Salomon , Atomic and Suunto brands , said net profit rose 15 percent in the three months through Dec. 31 to (  x20ac ) 47 million ( $ 61US million ) , from (  x20ac ) 40.8 million a year earlier ",positive,"the helsinki-based company , which also owns the salomon , atomic and suunto brands , said net profit rose 15 percent in the three months through dec. 31 to ( x20ac ) 47 million ( $ 61us million ) , from ( x20ac ) 40.8 million a year earlier",the company which also owns the salomon atomic and suunto brands said net profit rose percent in the three months through to million million from million a year earlier
The operating profit for Grain Trading increased to EUR 2.0 mn from EUR 1.4 mn in 2005 ,positive,the operating profit for grain trading increased to eur 2.0 mn from eur 1.4 mn in 2005,the operating profit for grain trading increased to eur mn from eur mn in
The stock rose for a second day on Wednesday bringing its two-day rise to GBX12 .0 or 2.0 % ,positive,the stock rose for a second day on wednesday bringing its two-day rise to gbx12 .0 or 2.0 %,the stock rose for a second day on wednesday bringing its rise to or
The stock rose for a third day on Tuesday bringing its three-day rise to GBX10 .50 or 1.8 % ,positive,the stock rose for a third day on tuesday bringing its three-day rise to gbx10 .50 or 1.8 %,the stock rose for a third day on tuesday bringing its rise to or
The transactions would increase earnings per share in the first quarter by some EUR0 .28 ,positive,the transactions would increase earnings per share in the first quarter by some eur0 .28,the transactions would increase earnings per share in the first quarter by some
Total operating revenue grew by 27.6 % year-on-year to EUR61m ,positive,total operating revenue grew by 27.6 % year-on-year to eur61m,total operating revenue grew by to
Vacon 's cash flow from operations grew to EUR 37.1 mn from EUR 21.9 mn a year ago ,positive,vacon 's cash flow from operations grew to eur 37.1 mn from eur 21.9 mn a year ago,vacon cash flow from operations grew to eur mn from eur mn a year ago
"`` BasWare 's product sales grew strongly in the financial period , by 24 percent ",positive,"`` basware 's product sales grew strongly in the financial period , by 24 percent",basware product sales grew strongly in the financial period by percent
1 February 2011 - Finnish textile and clothing company Marimekko Oyj HEL : MMO1V said today its preliminary operating profit grew to EUR8 .2 m in 2010 from EUR6 .3 m in 2009 ,positive,1 february 2011 - finnish textile and clothing company marimekko oyj hel : mmo1v said today its preliminary operating profit grew to eur8 .2 m in 2010 from eur6 .3 m in 2009,february finnish textile and clothing company marimekko oyj hel said today its preliminary operating profit grew to m in from m in
Affecto expects its net sales for the whole 2010 to increase from the 2009 level when they reached EUR 103 million ,positive,affecto expects its net sales for the whole 2010 to increase from the 2009 level when they reached eur 103 million,affecto expects its net sales for the whole to increase from the level when they reached eur million
Cash flow from operations rose to EUR 52.7 mn from EUR 15.6 mn in 2007 ,positive,cash flow from operations rose to eur 52.7 mn from eur 15.6 mn in 2007,cash flow from operations rose to eur mn from eur mn in
Commission income rose by 25.7 % to EUR 16.1 mn from EUR 12.8 mn in 2004 ,positive,commission income rose by 25.7 % to eur 16.1 mn from eur 12.8 mn in 2004,commission income rose by to eur mn from eur mn in
"Earnings per share for January-June 2010 were EUR0 .30 , an increase of 20 % year-on-year EUR0 .25 ",positive,"earnings per share for january-june 2010 were eur0 .30 , an increase of 20 % year-on-year eur0 .25",earnings per share for were an increase of
Earnings per share EPS rose to EUR 0.11 from EUR 0.03 ,positive,earnings per share eps rose to eur 0.11 from eur 0.03,earnings per share eps rose to eur from eur
"Elisa said mobile subscriptions grew 7 percent during 2007 , mainly because of customers adopting so-called third generation mobile technology ",positive,"elisa said mobile subscriptions grew 7 percent during 2007 , mainly because of customers adopting so-called third generation mobile technology",elisa said mobile subscriptions grew percent during mainly because of customers adopting third generation mobile technology
"EPS for the quarter came in at 0.36 eur , up from 0.33 eur a year ago and ahead of forecast of 0.33 eur ",positive,"eps for the quarter came in at 0.36 eur , up from 0.33 eur a year ago and ahead of forecast of 0.33 eur",eps for the quarter came in at eur up from eur a year ago and ahead of forecast of eur
EPS grew to 0.04 eur from 0.02 eur ,positive,eps grew to 0.04 eur from 0.02 eur,eps grew to eur from eur
Exports grew 16.5 percent to 19.1 million liters ,positive,exports grew 16.5 percent to 19.1 million liters,exports grew percent to million liters
"Finnish investment group Panostaja Oyj said its net profit went up to 8.6 mln euro $ 11.4 mln in fiscal 2005-06 , ended October 31 , 2006 , from 2.8 mln euro $ 3.7 mln in the same period of fiscal 2004-05 ",positive,"finnish investment group panostaja oyj said its net profit went up to 8.6 mln euro $ 11.4 mln in fiscal 2005-06 , ended october 31 , 2006 , from 2.8 mln euro $ 3.7 mln in the same period of fiscal 2004-05",finnish investment group panostaja oyj said its net profit went up to mln euro mln in fiscal ended october from mln euro mln in the same period of fiscal
Finnish metal components supplier Componenta Oyj said its net profit went up to 3.5 mln euro $ 4.5 mln in 2006 from 2.2 mln euro $ 2.8 mln in 2005 ,positive,finnish metal components supplier componenta oyj said its net profit went up to 3.5 mln euro $ 4.5 mln in 2006 from 2.2 mln euro $ 2.8 mln in 2005,finnish metal components supplier componenta oyj said its net profit went up to mln euro mln in from mln euro mln in
"Finnish silicon wafer technology company Okmetic Oyj OMX Helsinki : OKM1V reported on Thursday 30 October an operating profit of EUR7 .4 m for January-September 2008 , up from EUR6 .1 m in the corresponding period in 2007 ",positive,"finnish silicon wafer technology company okmetic oyj omx helsinki : okm1v reported on thursday 30 october an operating profit of eur7 .4 m for january-september 2008 , up from eur6 .1 m in the corresponding period in 2007",finnish silicon wafer technology company okmetic oyj omx helsinki reported on thursday october an operating profit of m for up from m in the corresponding period in
"Fiskars Brands report net sales of EUR 145.8 mn , up from EUR 138.4 mn ",positive,"fiskars brands report net sales of eur 145.8 mn , up from eur 138.4 mn",fiskars brands report net sales of eur mn up from eur mn
"However , the proportion of the paid standing orders grew in 2009 ",positive,"however , the proportion of the paid standing orders grew in 2009",however the proportion of the paid standing orders grew in
"In January-September 2007 , the group 's net sales from continuing operations rose to EUR 213.1 mn from EUR 172.6 mn in the corresponding period in 2006 ",positive,"in january-september 2007 , the group 's net sales from continuing operations rose to eur 213.1 mn from eur 172.6 mn in the corresponding period in 2006",in the group net sales from continuing operations rose to eur mn from eur mn in the corresponding period in
"In July-September 2008 , YIT 's net sales increased to EUR 970.8 mn , compared to EUR 906.8 mn in the corresponding period in 2007 ",positive,"in july-september 2008 , yit 's net sales increased to eur 970.8 mn , compared to eur 906.8 mn in the corresponding period in 2007",in yit net sales increased to eur mn compared to eur mn in the corresponding period in
"In the reporting period , net sales rose by 8 % year-on-year to EUR64 .3 m , due to the business acquisitions realized during the first half of 2008-09 , the effect of which was EUR10 .9 m in the review period ",positive,"in the reporting period , net sales rose by 8 % year-on-year to eur64 .3 m , due to the business acquisitions realized during the first half of 2008-09 , the effect of which was eur10 .9 m in the review period",in the reporting period net sales rose by to m due to the business acquisitions realized during the first half of the effect of which was m in the review period
"In the reporting period , the company 's operating profit grew by 43.2 % to EUR 6 million ",positive,"in the reporting period , the company 's operating profit grew by 43.2 % to eur 6 million",in the reporting period the company operating profit grew by to eur million
Last year 's net sales rose to EUR 68.3 million from EUR 62.2 million ,positive,last year 's net sales rose to eur 68.3 million from eur 62.2 million,last year net sales rose to eur million from eur million
"Last year the company raised its turnover to approximately 7 million litas EUR 2 mln , from 6.1 million litas in 2004 ",positive,"last year the company raised its turnover to approximately 7 million litas eur 2 mln , from 6.1 million litas in 2004",last year the company raised its turnover to approximately million litas eur mln from million litas in
Marimekko Group 's full-year net sales are estimated to increase by about 10 % ,positive,marimekko group 's full-year net sales are estimated to increase by about 10 %,marimekko group net sales are estimated to increase by about
Net sales surged by 30 % to EUR 36 million ,positive,net sales surged by 30 % to eur 36 million,net sales surged by to eur million
"Nevertheless , its market share rose to 49.14 percent from 48.51 percent a year earlier ",positive,"nevertheless , its market share rose to 49.14 percent from 48.51 percent a year earlier",nevertheless its market share rose to percent from percent a year earlier
"October-December sales were 302 mln eur , or a 25.3 pct increase year on year ",positive,"october-december sales were 302 mln eur , or a 25.3 pct increase year on year",sales were mln eur or a pct increase year on year
"Olvi , which controls a 94 percent stake in Ragutis through A. Le Coq , said in its annual report published earlier this year that the Lithuanian brewery 's sales reached 15.04 million euros last year , a rise of 20.4 percent from 12.49 million euros in 2004 ",positive,"olvi , which controls a 94 percent stake in ragutis through a. le coq , said in its annual report published earlier this year that the lithuanian brewery 's sales reached 15.04 million euros last year , a rise of 20.4 percent from 12.49 million euros in 2004",olvi which controls a percent stake in ragutis through le coq said in its annual report published earlier this year that the lithuanian brewery sales reached million euros last year a rise of percent from million euros in
Olvi expects sales and market share to increase in the first quarter of 2010 ,positive,olvi expects sales and market share to increase in the first quarter of 2010,olvi expects sales and market share to increase in the first quarter of
Operating profit increased to EUR 14.0 mn from EUR 4.9 mn in the corresponding period in 2005 ,positive,operating profit increased to eur 14.0 mn from eur 4.9 mn in the corresponding period in 2005,operating profit increased to eur mn from eur mn in the corresponding period in
Operating profit of the Asian plants grew markedly ,positive,operating profit of the asian plants grew markedly,operating profit of the asian plants grew markedly
"Operating profit totaled EUR 825mn , up from EUR 763mn in 2004 ",positive,"operating profit totaled eur 825mn , up from eur 763mn in 2004",operating profit totaled eur up from eur in
"Operating profit totalled EUR 83.0 mn , up from EUR 23.5 mn year-on-year ",positive,"operating profit totalled eur 83.0 mn , up from eur 23.5 mn year-on-year",operating profit totalled eur mn up from eur mn
Production capacity will increase from 36 000 to 85 000 tonnes per year and the raw material will continue to be recycled paper and board ,positive,production capacity will increase from 36 000 to 85 000 tonnes per year and the raw material will continue to be recycled paper and board,production capacity will increase from to tonnes per year and the raw material will continue to be recycled paper and board
Profit for the period increased from EUR 2.9 mn to EUR 10.5 mn ,positive,profit for the period increased from eur 2.9 mn to eur 10.5 mn,profit for the period increased from eur mn to eur mn
"Profit per share was EUR 1.03 , up from EUR 0.87 ",positive,"profit per share was eur 1.03 , up from eur 0.87",profit per share was eur up from eur
Return on capital employed rose by 4.8 percentage points to 19.6 % ,positive,return on capital employed rose by 4.8 percentage points to 19.6 %,return on capital employed rose by percentage points to
"Revenue from July to September grew 21 percent to EURO 2.3 billion , the Finnish company said Thursday ",positive,"revenue from july to september grew 21 percent to euro 2.3 billion , the finnish company said thursday",revenue from july to september grew percent to euro billion the finnish company said thursday
Revenue grew 1 percent to euro742 .2 million US$ 964 million from euro735 million ,positive,revenue grew 1 percent to euro742 .2 million us$ 964 million from euro735 million,revenue grew percent to million us million from million
Ruukki 's order book at the end of 2010 was 30 % up year-on-year and 10 % up quarter-on-quarter ,positive,ruukki 's order book at the end of 2010 was 30 % up year-on-year and 10 % up quarter-on-quarter,ruukki order book at the end of was up and up
Sales in Finland rose by 3.9 % and international growth was 0.7 % ,positive,sales in finland rose by 3.9 % and international growth was 0.7 %,sales in finland rose by and international growth was
Sales of security and system packaging increased slightly ,positive,sales of security and system packaging increased slightly,sales of security and system packaging increased slightly
Stora Enso 's third-quarter pre-tax profit doubled to EUR 197mn ,positive,stora enso 's third-quarter pre-tax profit doubled to eur 197mn,stora enso profit doubled to eur
The company 's market share is continued to increase further ,positive,the company 's market share is continued to increase further,the company market share is continued to increase further
"The company 's scheduled traffic , measured in revenue passenger kilometres RPK , grew by just over 2 % and nearly 3 % more passengers were carried on scheduled flights than in February 2009 ",positive,"the company 's scheduled traffic , measured in revenue passenger kilometres rpk , grew by just over 2 % and nearly 3 % more passengers were carried on scheduled flights than in february 2009",the company scheduled traffic measured in revenue passenger kilometres rpk grew by just over and nearly more passengers were carried on scheduled flights than in february
"The disposal of Autotank will also strengthen Aspo 's capital structure , '' commented Gustav Nyberg , CEO of Aspo ",positive,"the disposal of autotank will also strengthen aspo 's capital structure , '' commented gustav nyberg , ceo of aspo",the disposal of autotank will also strengthen aspo capital structure commented gustav nyberg ceo of aspo
"The earnings per share for the quarter came in at 0.25 eur , up from the 0.20 eur of the same quarter a year earlier ",positive,"the earnings per share for the quarter came in at 0.25 eur , up from the 0.20 eur of the same quarter a year earlier",the earnings per share for the quarter came in at eur up from the eur of the same quarter a year earlier
The economic occupancy rate of Sponda 's property portfolio rose to 91.2 % from 88.8 % in 2006 ,positive,the economic occupancy rate of sponda 's property portfolio rose to 91.2 % from 88.8 % in 2006,the economic occupancy rate of sponda property portfolio rose to from in
The group 's 12-month operating profit grew 31 percent to 337.8 million euros ,positive,the group 's 12-month operating profit grew 31 percent to 337.8 million euros,the group operating profit grew percent to million euros
The growth of net sales in the first half of 2008 has been 28 % compared with the first half of 2007 ,positive,the growth of net sales in the first half of 2008 has been 28 % compared with the first half of 2007,the growth of net sales in the first half of has been compared with the first half of
The pretax profit of the group 's life insurance business increased to EUR 36 million from EUR 27 million ,positive,the pretax profit of the group 's life insurance business increased to eur 36 million from eur 27 million,the pretax profit of the group life insurance business increased to eur million from eur million
The pretax profit of the group 's life insurance business increased to EUR36m from EUR27m ,positive,the pretax profit of the group 's life insurance business increased to eur36m from eur27m,the pretax profit of the group life insurance business increased to from
"The total delivery volume of paper businesses in 2010 was 1,155,000 tonnes , up from 1,132,000 tonnes in 2009 ",positive,"the total delivery volume of paper businesses in 2010 was 1,155,000 tonnes , up from 1,132,000 tonnes in 2009",the total delivery volume of paper businesses in was tonnes up from tonnes in
The value of the firm 's forestry holdings increased by SEK 3.6 bn ,positive,the value of the firm 's forestry holdings increased by sek 3.6 bn,the value of the firm forestry holdings increased by sek bn
Turnover rose to EUR21m from EUR17m ,positive,turnover rose to eur21m from eur17m,turnover rose to from
Finnish Talvivaara Mining Co HEL : TLV1V said Thursday it had picked BofA Merrill Lynch and JPMorgan NYSE : JPM as joint bookrunners of its planned issue of convertible notes worth up to EUR250m USD332m ,neutral,finnish talvivaara mining co hel : tlv1v said thursday it had picked bofa merrill lynch and jpmorgan nyse : jpm as joint bookrunners of its planned issue of convertible notes worth up to eur250m usd332m,finnish talvivaara mining co hel said thursday it had picked bofa merrill lynch and jpmorgan nyse jpm as joint bookrunners of its planned issue of convertible notes worth up to
"The mall is part of the Baltic Pearl development project in the city of St Petersburg , where Baltic Pearl CJSC , a subsidiary of Shanghai Foreign Joint Investment Company , is developing homes for 35,000 people ",neutral,"the mall is part of the baltic pearl development project in the city of st petersburg , where baltic pearl cjsc , a subsidiary of shanghai foreign joint investment company , is developing homes for 35,000 people",the mall is part of the baltic pearl development project in the city of st petersburg where baltic pearl cjsc a subsidiary of shanghai foreign joint investment company is developing homes for people
Vacon controls a further 5 % of the company via investment fund Power Fund I. EUR 1.0 = USD 1.39,neutral,vacon controls a further 5 % of the company via investment fund power fund i. eur 1.0 = usd 1.39,vacon controls a further of the company via investment fund power fund eur usd
4 ) Complete name of the shareholder : Otto Henrik Bernhard Nyberg 5 ) Further information : The amount of shares now transferred corresponds to 5.68 % of the total number of shares in Aspo Plc. ,neutral,4 ) complete name of the shareholder : otto henrik bernhard nyberg 5 ) further information : the amount of shares now transferred corresponds to 5.68 % of the total number of shares in aspo plc.,complete name of the shareholder otto henrik bernhard nyberg further information the amount of shares now transferred corresponds to of the total number of shares in aspo plc
"A data processing unit collects the data , calculates RVR values and provides the data to users via various interfaces ",neutral,"a data processing unit collects the data , calculates rvr values and provides the data to users via various interfaces",a data processing unit collects the data calculates rvr values and provides the data to users via various interfaces
"German Commerzbank AG 's Hamburg Branch and US JP Morgan ( NYSE : JPM ) participated as arrangers , and Dutch ING ( AMS : INGA ) as co-arranger ",neutral,"german commerzbank ag 's hamburg branch and us jp morgan ( nyse : jpm ) participated as arrangers , and dutch ing ( ams : inga ) as co-arranger",german commerzbank ag hamburg branch and us jp morgan nyse jpm participated as arrangers and dutch ing ams inga as
Increase in the number of shares is based on the option rights which were granted to the management of the company under the stock option plan 2006 ,neutral,increase in the number of shares is based on the option rights which were granted to the management of the company under the stock option plan 2006,increase in the number of shares is based on the option rights which were granted to the management of the company under the stock option plan
It has some 30 offices worldwide and more than 90 pct of its net sales are generated outside Finland ,neutral,it has some 30 offices worldwide and more than 90 pct of its net sales are generated outside finland,it has some offices worldwide and more than pct of its net sales are generated outside finland
It has80 branches in Finland with annual revenue in Finland of ,neutral,it has80 branches in finland with annual revenue in finland of,it branches in finland with annual revenue in finland of
Nokia Messaging 1.1 enables customers to receive e-mails from up to 10 e-mail accounts on their mobile phone supporting all POP or IMAP e-mail services ,neutral,nokia messaging 1.1 enables customers to receive e-mails from up to 10 e-mail accounts on their mobile phone supporting all pop or imap e-mail services,nokia messaging enables customers to receive from up to accounts on their mobile phone supporting all pop or imap services
SHARE REPURCHASE 11.01.2008 In the Helsinki Stock Exchange On behalf of Sampo plc Danske Bank A-S Helsinki Branc,neutral,share repurchase 11.01.2008 in the helsinki stock exchange on behalf of sampo plc danske bank a-s helsinki branc,share repurchase in the helsinki stock exchange on behalf of sampo plc danske bank helsinki branc
"The contract value amounts to about EUR11m , the company added ",neutral,"the contract value amounts to about eur11m , the company added",the contract value amounts to about the company added
Aldata said that there are still a number of operational aspects to be defined between it and Microsoft and further details of the product and market initiatives resulting from this agreement will be available at a later date ,neutral,aldata said that there are still a number of operational aspects to be defined between it and microsoft and further details of the product and market initiatives resulting from this agreement will be available at a later date,aldata said that there are still a number of operational aspects to be defined between it and microsoft and further details of the product and market initiatives resulting from this agreement will be available at a later date
"ALEXANDRIA , Va. , May 16 -- Kenneth Bower of Vista , Calif. , has developed an ornamental design for a handset , the U.S. Patent & Trademark Office announced ",neutral,"alexandria , va. , may 16 -- kenneth bower of vista , calif. , has developed an ornamental design for a handset , the u.s. patent & trademark office announced",alexandria may kenneth bower of vista has developed an ornamental design for a handset the patent trademark office announced
"Biohit Oyj develops , manufactures and markets liquid handling products and diagnostic test systems for use in research , healthcare and industrial laboratories ",neutral,"biohit oyj develops , manufactures and markets liquid handling products and diagnostic test systems for use in research , healthcare and industrial laboratories",biohit oyj develops manufactures and markets liquid handling products and diagnostic test systems for use in research healthcare and industrial laboratories
"Mr Ashley , deputy executive chairman of Sports Direct , sold a 43pc stake in the company for more than pounds 900m at the time of the float ",neutral,"mr ashley , deputy executive chairman of sports direct , sold a 43pc stake in the company for more than pounds 900m at the time of the float",mr ashley deputy executive chairman of sports direct sold a stake in the company for more than pounds at the time of the float
Rental of building equipment accounted for 88 percent of the operating income ,neutral,rental of building equipment accounted for 88 percent of the operating income,rental of building equipment accounted for percent of the operating income
"Ruukki 's delivery includes steel structures , including installation , for Krakeroy bascule bridge and steel piles for the bridge foundations ",neutral,"ruukki 's delivery includes steel structures , including installation , for krakeroy bascule bridge and steel piles for the bridge foundations",ruukki delivery includes steel structures including installation for krakeroy bascule bridge and steel piles for the bridge foundations
Stockmann was established in 1862 in Finland and it became the first foreign company to enter Russia 's retail trade market in 1989 ,neutral,stockmann was established in 1862 in finland and it became the first foreign company to enter russia 's retail trade market in 1989,stockmann was established in in finland and it became the first foreign company to enter russia retail trade market in
"The broad-based WIG index ended Thursday 's session 0.1 pct up at 65,003.34 pts , while the blue-chip WIG20 was 1.13 down at 3,687.15 pts ",neutral,"the broad-based wig index ended thursday 's session 0.1 pct up at 65,003.34 pts , while the blue-chip wig20 was 1.13 down at 3,687.15 pts",the wig index ended thursday session pct up at pts while the was down at pts
The business to be divested generates consolidated net sales of EUR 60 million annually and currently has some 640 employees ,neutral,the business to be divested generates consolidated net sales of eur 60 million annually and currently has some 640 employees,the business to be divested generates consolidated net sales of eur million annually and currently has some employees
"The company generates net sales of about 600 mln euro $ 775.5 mln annually and employs 6,000 ",neutral,"the company generates net sales of about 600 mln euro $ 775.5 mln annually and employs 6,000",the company generates net sales of about mln euro mln annually and employs
"The contract covers the manufacturing , surface-treatment and installation of the steel structures ",neutral,"the contract covers the manufacturing , surface-treatment and installation of the steel structures",the contract covers the manufacturing and installation of the steel structures
The order also includes start-up and commissioning services ,neutral,the order also includes start-up and commissioning services,the order also includes and commissioning services
The phones are targeted at first time users in growth markets ,neutral,the phones are targeted at first time users in growth markets,the phones are targeted at first time users in growth markets
Tielinja generated net sales of 7.5 mln euro $ 9.6 mln in 2005 ,neutral,tielinja generated net sales of 7.5 mln euro $ 9.6 mln in 2005,tielinja generated net sales of mln euro mln in
"Tikkurila Powder Coatings has some 50 employees at its four paint plants , which generated revenues of EUR2 .4 m USD3 .3 m in 2010 ",neutral,"tikkurila powder coatings has some 50 employees at its four paint plants , which generated revenues of eur2 .4 m usd3 .3 m in 2010",tikkurila powder coatings has some employees at its four paint plants which generated revenues of m m in
"Under the rental agreement , Stockmann was committed to invest in the building of a bridge over the Gogol Street or build an underground tunnel for crossing the street by 2004 ",neutral,"under the rental agreement , stockmann was committed to invest in the building of a bridge over the gogol street or build an underground tunnel for crossing the street by 2004",under the rental agreement stockmann was committed to invest in the building of a bridge over the gogol street or build an underground tunnel for crossing the street by
VNH generates annual net sales of about 5 mln eur and employs 21 people ,neutral,vnh generates annual net sales of about 5 mln eur and employs 21 people,vnh generates annual net sales of about mln eur and employs people
"Jan. 6 -- Ford is struggling in the face of slowing truck and SUV sales and a surfeit of up-to-date , gotta-have cars ",negative,"jan. 6 -- ford is struggling in the face of slowing truck and suv sales and a surfeit of up-to-date , gotta-have cars",ford is struggling in the face of slowing truck and suv sales and a surfeit of got ta cars
Pharmaceuticals group Orion Corp reported a fall in its third-quarter earnings that were hit by larger expenditures on R&D and marketing ,negative,pharmaceuticals group orion corp reported a fall in its third-quarter earnings that were hit by larger expenditures on r&d and marketing,pharmaceuticals group orion corp reported a fall in its earnings that were hit by larger expenditures on r d and marketing
"However , the growth margin slowed down due to the financial crisis ",negative,"however , the growth margin slowed down due to the financial crisis",however the growth margin slowed down due to the financial crisis
"HELSINKI ( AFX ) - Nokian Tyres reported a fourth quarter pretax profit of 61.5 mln eur , up from 48.6 mln on the back of strong sales ",positive,"helsinki ( afx ) - nokian tyres reported a fourth quarter pretax profit of 61.5 mln eur , up from 48.6 mln on the back of strong sales",helsinki afx nokian tyres reported a fourth quarter pretax profit of mln eur up from mln on the back of strong sales
"Kalnapilio-Tauro Grupe ( Kalnapilis-Tauras Group ) , which is owned by Denmark 's Royal Unibrew , raised its market share to 25.18 percent from 23.74 percent , as beer sales for the seven months jumped by 14.5 percent to 40.5 million liters ",positive,"kalnapilio-tauro grupe ( kalnapilis-tauras group ) , which is owned by denmark 's royal unibrew , raised its market share to 25.18 percent from 23.74 percent , as beer sales for the seven months jumped by 14.5 percent to 40.5 million liters",grupe group which is owned by denmark royal unibrew raised its market share to percent from percent as beer sales for the seven months jumped by percent to million liters
The company now estimates its net sales in 2010 to increase considerably from 2009 and its operating result to be clearly positive ,positive,the company now estimates its net sales in 2010 to increase considerably from 2009 and its operating result to be clearly positive,the company now estimates its net sales in to increase considerably from and its operating result to be clearly positive
"Uponor made an operating profit of EUR 151.0 mn , up from EUR 143.7 mn , which made 2007 a record year ",positive,"uponor made an operating profit of eur 151.0 mn , up from eur 143.7 mn , which made 2007 a record year",uponor made an operating profit of eur mn up from eur mn which made a record year
"Basware Corporation stock exchange release August 31 , 2010 at 16:25 Basware signed a large deal with an international industrial group Basware will deliver Invoice Automation solution and Connectivity Services to an international industrial group ",positive,"basware corporation stock exchange release august 31 , 2010 at 16:25 basware signed a large deal with an international industrial group basware will deliver invoice automation solution and connectivity services to an international industrial group",basware corporation stock exchange release august at basware signed a large deal with an international industrial group basware will deliver invoice automation solution and connectivity services to an international industrial group
It estimates the operating profit to further improve from the third quarter ,positive,it estimates the operating profit to further improve from the third quarter,it estimates the operating profit to further improve from the third quarter
Ruukki forecast a 15-20 % annual sales growth and a positive pretax result for 2010 ,positive,ruukki forecast a 15-20 % annual sales growth and a positive pretax result for 2010,ruukki forecast a annual sales growth and a positive pretax result for
Sales rose 10 pct to 566 mln eur on the back of strong volume and favourable currency effects ,positive,sales rose 10 pct to 566 mln eur on the back of strong volume and favourable currency effects,sales rose pct to mln eur on the back of strong volume and favourable currency effects
The growth of net sales has continued favourably in the Middle East and Africaand in Asia Pacific ,positive,the growth of net sales has continued favourably in the middle east and africaand in asia pacific,the growth of net sales has continued favourably in the middle east and africaand in asia pacific
With this appointment Kaupthing Bank aims to further co-ordinate Capital Markets activities within the Group and to improve the overall service to clients ,positive,with this appointment kaupthing bank aims to further co-ordinate capital markets activities within the group and to improve the overall service to clients,with this appointment kaupthing bank aims to further capital markets activities within the group and to improve the overall service to clients
"Following this increase Huhtamaki 's registered share capital is EUR360 .62 m and the number of shares outstanding is 106,063,320 ",neutral,"following this increase huhtamaki 's registered share capital is eur360 .62 m and the number of shares outstanding is 106,063,320",following this increase huhtamaki registered share capital is m and the number of shares outstanding is
"Helsinki on October 22 , 2008 SSH COMMUNICATIONS SECURITY CORP Board of Directors For further information , please contact : Tomi Laamanen , Chairman , tel. +358 0 400 609 544 Distribution : NASDAQ OMX Helsinki Ltd. ",neutral,"helsinki on october 22 , 2008 ssh communications security corp board of directors for further information , please contact : tomi laamanen , chairman , tel. +358 0 400 609 544 distribution : nasdaq omx helsinki ltd.",helsinki on october ssh communications security corp board of directors for further information please contact tomi laamanen chairman tel distribution nasdaq omx helsinki ltd
"The offer of some 30 million shares aimed to raise more than  x20ac 500 million US$ 640 million , was expected to be completed by Oct. 9 , Outokumpu said ",neutral,"the offer of some 30 million shares aimed to raise more than x20ac 500 million us$ 640 million , was expected to be completed by oct. 9 , outokumpu said",the offer of some million shares aimed to raise more than million us million was expected to be completed by outokumpu said
"Theodosopoulos said Tellabs could be of value to Nokia Siemens or Nortel given its `` leading supply status '' with Verizon , along with high-growth products ",positive,"theodosopoulos said tellabs could be of value to nokia siemens or nortel given its `` leading supply status '' with verizon , along with high-growth products",theodosopoulos said tellabs could be of value to nokia siemens or nortel given its leading supply status with verizon along with products
"We succeeded in increasing our market share of sold apartment '' , comments Mr Kari Kauniskangas , Head of YIT International Construction Services ",positive,"we succeeded in increasing our market share of sold apartment '' , comments mr kari kauniskangas , head of yit international construction services",we succeeded in increasing our market share of sold apartment comments mr kari kauniskangas head of yit international construction services
"With CapMan as a partner , we will be able to further develop our business and continue to focus on providing quality restaurant services for our customers , '' says Christopher Wynne , CEO of Papa John 's Russia ",positive,"with capman as a partner , we will be able to further develop our business and continue to focus on providing quality restaurant services for our customers , '' says christopher wynne , ceo of papa john 's russia",with capman as a partner we will be able to further develop our business and continue to focus on providing quality restaurant services for our customers says christopher wynne ceo of papa john russia
"Finnish Suominen Corporation that specialises in wet wipes , nonwovens , and flexible packaging reports net sales of EUR 44.1 mn in the second quarter of 2010 , up from EUR 43.3 mn in the second quarter of 2009 ",positive,"finnish suominen corporation that specialises in wet wipes , nonwovens , and flexible packaging reports net sales of eur 44.1 mn in the second quarter of 2010 , up from eur 43.3 mn in the second quarter of 2009",finnish suominen corporation that specialises in wet wipes nonwovens and flexible packaging reports net sales of eur mn in the second quarter of up from eur mn in the second quarter of
"Finnish telecoms software developer Tecnomen Oyj said on December 5 , 2006 it won a $ 3.3 mln ( 2.5 mln euro ) order to supply an expansion of the charging and messaging systems for the mobile and fixed networks of Brasil Telecom ",positive,"finnish telecoms software developer tecnomen oyj said on december 5 , 2006 it won a $ 3.3 mln ( 2.5 mln euro ) order to supply an expansion of the charging and messaging systems for the mobile and fixed networks of brasil telecom",finnish telecoms software developer tecnomen oyj said on december it won a mln mln euro order to supply an expansion of the charging and messaging systems for the mobile and fixed networks of brasil telecom
"( ADP News ) - Dec 11 , 2008 - Finnish construction and engineering company Outotec Oyj ( OMX : OTE1V ) said today it won a EUR 28 million ( USD 36.8 m ) order to expand the phosphate concentrator in Siilinjarvi of Norwegian miner",positive,"( adp news ) - dec 11 , 2008 - finnish construction and engineering company outotec oyj ( omx : ote1v ) said today it won a eur 28 million ( usd 36.8 m ) order to expand the phosphate concentrator in siilinjarvi of norwegian miner",adp news dec finnish construction and engineering company outotec oyj omx said today it won a eur million usd m order to expand the phosphate concentrator in siilinjarvi of norwegian miner
The bank sees a potential for Getinge share to rise ,positive,the bank sees a potential for getinge share to rise,the bank sees a potential for getinge share to rise
"The company recorded revenues of E658 .1 million during the fiscal year ended December 2007 , an increase of 23 % over 2006 ",positive,"the company recorded revenues of e658 .1 million during the fiscal year ended december 2007 , an increase of 23 % over 2006",the company recorded revenues of million during the fiscal year ended december an increase of over
The robust growth was the result of the inclusion of clothing chain Lindex in the Group in December 2007 ,positive,the robust growth was the result of the inclusion of clothing chain lindex in the group in december 2007,the robust growth was the result of the inclusion of clothing chain lindex in the group in december
"The six breweries recorded a 5.2 percent growth in domestic beer sales last year to 270.21 million liters , from 256.88 million liters sold in 2005 ",positive,"the six breweries recorded a 5.2 percent growth in domestic beer sales last year to 270.21 million liters , from 256.88 million liters sold in 2005",the six breweries recorded a percent growth in domestic beer sales last year to million liters from million liters sold in
"a January 11 , 2010 EPHC board of directors has approved an increase in the quarterly dividend from $ 0.03 to $ 0.05 per share ",positive,"a january 11 , 2010 ephc board of directors has approved an increase in the quarterly dividend from $ 0.03 to $ 0.05 per share",a january ephc board of directors has approved an increase in the quarterly dividend from to per share
"Bilfinger investors cheered the agreement , pushing shares up 7 % , or & euro ; 3.30 , to & euro ; 50.29 , in afternoon trade ",positive,"bilfinger investors cheered the agreement , pushing shares up 7 % , or & euro ; 3.30 , to & euro ; 50.29 , in afternoon trade",bilfinger investors cheered the agreement pushing shares up or euro to euro in afternoon trade
"LONDON AFX - Shares in Rautaruukki Corp have been upgraded to ` hold ' from ` sell ' by ABN Amro , with the price target raised to 25.75 eur from 14.5 , said dealers ",positive,"london afx - shares in rautaruukki corp have been upgraded to ` hold ' from ` sell ' by abn amro , with the price target raised to 25.75 eur from 14.5 , said dealers",london afx shares in rautaruukki corp have been upgraded to hold from sell by abn amro with the price target raised to eur from said dealers
LONDON MarketWatch -- Nokia nok said it 's won a five-year services contract to run Hutchison Essar 's network operations in nine locations in India ,positive,london marketwatch -- nokia nok said it 's won a five-year services contract to run hutchison essar 's network operations in nine locations in india,london marketwatch nokia nok said it won a services contract to run hutchison essar network operations in nine locations in india
"Progress Group , QPR 's representative in Saudi Arabia and North Africa , has signed a framework agreement for a long term strategic relationship with ISE ",positive,"progress group , qpr 's representative in saudi arabia and north africa , has signed a framework agreement for a long term strategic relationship with ise",progress group qpr representative in saudi arabia and north africa has signed a framework agreement for a long term strategic relationship with ise
"Ragutis , controlled by the Finnish brewery Olvi , achieved a 5.7 percent rise in beer sales to 22.6 million liters and held a 10.75 percent market share ",positive,"ragutis , controlled by the finnish brewery olvi , achieved a 5.7 percent rise in beer sales to 22.6 million liters and held a 10.75 percent market share",ragutis controlled by the finnish brewery olvi achieved a percent rise in beer sales to million liters and held a percent market share
"In addition , Cramo and Peab have signed exclusive five-year rental agreements in Finland and have extended their existing rental agreements in the Swedish market for another five years ",positive,"in addition , cramo and peab have signed exclusive five-year rental agreements in finland and have extended their existing rental agreements in the swedish market for another five years",in addition cramo and peab have signed exclusive rental agreements in finland and have extended their existing rental agreements in the swedish market for another five years
"OUTOTEC OYJ PRESS RELEASE DECEMBER 4 , 2009 10.30 AM Outotec establishes a new subsidiary in Kolkata Outotec has established a subsidiary in India in order to better serve its Indian customers and to increase its business in the growing Indian market ",positive,"outotec oyj press release december 4 , 2009 10.30 am outotec establishes a new subsidiary in kolkata outotec has established a subsidiary in india in order to better serve its indian customers and to increase its business in the growing indian market",outotec oyj press release december am outotec establishes a new subsidiary in kolkata outotec has established a subsidiary in india in order to better serve its indian customers and to increase its business in the growing indian market
The original contract was signed last summer ,neutral,the original contract was signed last summer,the original contract was signed last summer
"`` The number of collection errors fell considerably , and operations speeded up ",positive,"`` the number of collection errors fell considerably , and operations speeded up",the number of collection errors fell considerably and operations speeded up
"In the second quarter of 2010 , the group 's pretax loss narrowed to EUR 400,000 from EUR 600,000 ",positive,"in the second quarter of 2010 , the group 's pretax loss narrowed to eur 400,000 from eur 600,000",in the second quarter of the group pretax loss narrowed to eur from eur
"26 January 2011 - Finnish metal products company Componenta Oyj ( HEL : CTH1V ) said yesterday its net loss narrowed to EUR500 ,000 in the last quarter of 2010 from EUR5 .3 m for the same period a year earlier ",positive,"26 january 2011 - finnish metal products company componenta oyj ( hel : cth1v ) said yesterday its net loss narrowed to eur500 ,000 in the last quarter of 2010 from eur5 .3 m for the same period a year earlier",january finnish metal products company componenta oyj hel said yesterday its net loss narrowed to in the last quarter of from m for the same period a year earlier
8 May 2009 - Finnish liquid handling products and diagnostic test systems maker Biohit Oyj ( HEL : BIOBV ) said today ( 8 May 2009 ) its net loss narrowed to EUR0 .1 m ( USD0 .14 m ) for the first quarter of 2009 from EUR0 .4 m for the same period of 2008 ,positive,8 may 2009 - finnish liquid handling products and diagnostic test systems maker biohit oyj ( hel : biobv ) said today ( 8 may 2009 ) its net loss narrowed to eur0 .1 m ( usd0 .14 m ) for the first quarter of 2009 from eur0 .4 m for the same period of 2008,may finnish liquid handling products and diagnostic test systems maker biohit oyj hel biobv said today may its net loss narrowed to m m for the first quarter of from m for the same period of
"Finnish metal products company Componenta Oyj ( HEL : CTH1V ) said today its net loss narrowed to EUR 500,000 ( USD 680,000 ) in the last quarter of 2010 from EUR 5.3 million for the same period a year earlier ",positive,"finnish metal products company componenta oyj ( hel : cth1v ) said today its net loss narrowed to eur 500,000 ( usd 680,000 ) in the last quarter of 2010 from eur 5.3 million for the same period a year earlier",finnish metal products company componenta oyj hel said today its net loss narrowed to eur usd in the last quarter of from eur million for the same period a year earlier
"Finnish steel maker Rautaruukki Oyj ( HEL : RTRKS ) , or Ruukki , said today its net loss contracted to EUR 49 million ( USD 68.2 m ) for the first nine months of 2010 from EUR 229 million for the same period a year ago ",positive,"finnish steel maker rautaruukki oyj ( hel : rtrks ) , or ruukki , said today its net loss contracted to eur 49 million ( usd 68.2 m ) for the first nine months of 2010 from eur 229 million for the same period a year ago",finnish steel maker rautaruukki oyj hel rtrks or ruukki said today its net loss contracted to eur million usd m for the first nine months of from eur million for the same period a year ago
"For the first nine months of 2010 , Talvivaara 's net loss narrowed to EUR 8.3 million from EUR 21.9 million for the same period of 2009 ",positive,"for the first nine months of 2010 , talvivaara 's net loss narrowed to eur 8.3 million from eur 21.9 million for the same period of 2009",for the first nine months of talvivaara net loss narrowed to eur million from eur million for the same period of
"In the first nine months of 2010 , the company 's net loss narrowed to EUR 415,000 from EUR 7.4 million for the corresponding period of 2009 ",positive,"in the first nine months of 2010 , the company 's net loss narrowed to eur 415,000 from eur 7.4 million for the corresponding period of 2009",in the first nine months of the company net loss narrowed to eur from eur million for the corresponding period of
"In the first nine months of 2010 , the company 's net loss narrowed to EUR415 ,000 from EUR7 .4 m for the corresponding period of 2009 ",positive,"in the first nine months of 2010 , the company 's net loss narrowed to eur415 ,000 from eur7 .4 m for the corresponding period of 2009",in the first nine months of the company net loss narrowed to from m for the corresponding period of
"( ADP News ) - Feb 9 , 2009 - Finnish computer services company Proha Oyj ( HEL : ART1V ) said today its net loss narrowed to EUR 113,000 ( USD 146,000 ) for 2008 from EUR 1.2 million for 2007 ",positive,"( adp news ) - feb 9 , 2009 - finnish computer services company proha oyj ( hel : art1v ) said today its net loss narrowed to eur 113,000 ( usd 146,000 ) for 2008 from eur 1.2 million for 2007",adp news feb finnish computer services company proha oyj hel said today its net loss narrowed to eur usd for from eur million for
The new factory working model and reorganisations would decrease Nokian Tyres ' costs in the factory by EUR 30 million ( USD 38.7 m ) ,positive,the new factory working model and reorganisations would decrease nokian tyres ' costs in the factory by eur 30 million ( usd 38.7 m ),the new factory working model and reorganisations would decrease nokian tyres costs in the factory by eur million usd m
20 October 2010 - Finnish metal products company Componenta Oyj HEL : CTH1V said yesterday that its net loss narrowed to EUR7m for the first nine months of 2010 from EUR23 .3 m for the same period of 2009 ,positive,20 october 2010 - finnish metal products company componenta oyj hel : cth1v said yesterday that its net loss narrowed to eur7m for the first nine months of 2010 from eur23 .3 m for the same period of 2009,october finnish metal products company componenta oyj hel said yesterday that its net loss narrowed to for the first nine months of from m for the same period of
Finnish fibers and plastic products maker Suominen Corporation said its net loss narrowed to 1.6 mln euro $ 2.0 mln in the first nine months of 2006 from 2.16 mln euro $ 2.7 mln in the same period of 2005 ,positive,finnish fibers and plastic products maker suominen corporation said its net loss narrowed to 1.6 mln euro $ 2.0 mln in the first nine months of 2006 from 2.16 mln euro $ 2.7 mln in the same period of 2005,finnish fibers and plastic products maker suominen corporation said its net loss narrowed to mln euro mln in the first nine months of from mln euro mln in the same period of
"In the second quarter of 2010 , Raute 's net loss narrowed to EUR 123,000 from EUR 1.5 million in the same period of 2009 ",positive,"in the second quarter of 2010 , raute 's net loss narrowed to eur 123,000 from eur 1.5 million in the same period of 2009",in the second quarter of raute net loss narrowed to eur from eur million in the same period of
"ADP News - Nov 13 , 2008 - Finnish printed circuit board PCB maker Aspocomp Group Oyj OMX : ACG1V said today that its net loss narrowed to EUR 2 million USD 2.5 m in the first nine months of 2008 from EUR 5",positive,"adp news - nov 13 , 2008 - finnish printed circuit board pcb maker aspocomp group oyj omx : acg1v said today that its net loss narrowed to eur 2 million usd 2.5 m in the first nine months of 2008 from eur 5",adp news nov finnish printed circuit board pcb maker aspocomp group oyj omx said today that its net loss narrowed to eur million usd m in the first nine months of from eur
"Metsaliitto , however , narrowed its net loss for the second quarter of 2007 to 5.0 mln euro $ 6.9 mln from 61 mln euro $ 83.7 mln a year ago ",positive,"metsaliitto , however , narrowed its net loss for the second quarter of 2007 to 5.0 mln euro $ 6.9 mln from 61 mln euro $ 83.7 mln a year ago",metsaliitto however narrowed its net loss for the second quarter of to mln euro mln from mln euro mln a year ago
"narrows to EUR2 .8 m 9-mo '09 29 October 2009 - Finnish software and hardware developer Elektrobit Oyj HEL : EBG1V , or EB , said today that its net loss narrowed to EUR2 .8 m for the first nine months of 2009 from EUR35 .6 m for the same period a year ago ",positive,"narrows to eur2 .8 m 9-mo '09 29 october 2009 - finnish software and hardware developer elektrobit oyj hel : ebg1v , or eb , said today that its net loss narrowed to eur2 .8 m for the first nine months of 2009 from eur35 .6 m for the same period a year ago",narrows to m october finnish software and hardware developer elektrobit oyj hel or eb said today that its net loss narrowed to m for the first nine months of from m for the same period a year ago
The diluted loss per share narrowed to EUR 0.27 from EUR 0.86 ,positive,the diluted loss per share narrowed to eur 0.27 from eur 0.86,the diluted loss per share narrowed to eur from eur
Unit costs for flight operations fell by 6.4 percent ,positive,unit costs for flight operations fell by 6.4 percent,unit costs for flight operations fell by percent
The loss for the third quarter of 2007 was EUR 0.3 mn smaller than the loss of the second quarter of 2007 ,positive,the loss for the third quarter of 2007 was eur 0.3 mn smaller than the loss of the second quarter of 2007,the loss for the third quarter of was eur mn smaller than the loss of the second quarter of
"2009 3 February 2010 - Finland-based steel maker Rautaruukki Oyj ( HEL : RTRKS ) , or Ruukki , said today it slipped to a larger-than-expected pretax loss of EUR46m in the fourth quarter of 2009 from a year-earlier profit of EUR45m ",negative,"2009 3 february 2010 - finland-based steel maker rautaruukki oyj ( hel : rtrks ) , or ruukki , said today it slipped to a larger-than-expected pretax loss of eur46m in the fourth quarter of 2009 from a year-earlier profit of eur45m",february steel maker rautaruukki oyj hel rtrks or ruukki said today it slipped to a pretax loss of in the fourth quarter of from a profit of
"( ADPnews ) - Feb 3 , 2010 - Finland-based steel maker Rautaruukki Oyj ( HEL : RTRKS ) , or Ruukki , said today it slipped to a larger-than-expected pretax loss of EUR 46 million ( USD 64.5 m ) in the fourth quarter of 2009 from ",negative,"( adpnews ) - feb 3 , 2010 - finland-based steel maker rautaruukki oyj ( hel : rtrks ) , or ruukki , said today it slipped to a larger-than-expected pretax loss of eur 46 million ( usd 64.5 m ) in the fourth quarter of 2009 from",adpnews feb steel maker rautaruukki oyj hel rtrks or ruukki said today it slipped to a pretax loss of eur million usd m in the fourth quarter of from
"Result before taxes decreased to nearly EUR 14.5 mn , compared to nearly EUR 20mn in the previous accounting period ",negative,"result before taxes decreased to nearly eur 14.5 mn , compared to nearly eur 20mn in the previous accounting period",result before taxes decreased to nearly eur mn compared to nearly eur in the previous accounting period
The company slipped to an operating loss of EUR 2.6 million from a profit of EUR 1.3 million ,negative,the company slipped to an operating loss of eur 2.6 million from a profit of eur 1.3 million,the company slipped to an operating loss of eur million from a profit of eur million
23 April 2010 - Finnish construction and engineering company Outotec Oyj HEL : OTE1V said today it slipped to a net loss of EUR7 .3 m in the first quarter of 2010 from a net profit of EUR12 .5 m in the corresponding period last year ,negative,23 april 2010 - finnish construction and engineering company outotec oyj hel : ote1v said today it slipped to a net loss of eur7 .3 m in the first quarter of 2010 from a net profit of eur12 .5 m in the corresponding period last year,april finnish construction and engineering company outotec oyj hel said today it slipped to a net loss of m in the first quarter of from a net profit of m in the corresponding period last year
Cramo slipped to a pretax loss of EUR 6.7 million from a pretax profit of EUR 58.9 million ,negative,cramo slipped to a pretax loss of eur 6.7 million from a pretax profit of eur 58.9 million,cramo slipped to a pretax loss of eur million from a pretax profit of eur million
"Finnish IT solutions provider Affecto Oyj HEL : AFE1V said today its slipped to a net loss of EUR 115,000 USD 152,000 in the second quarter of 2010 from a profit of EUR 845,000 in the corresponding period a year earlier ",negative,"finnish it solutions provider affecto oyj hel : afe1v said today its slipped to a net loss of eur 115,000 usd 152,000 in the second quarter of 2010 from a profit of eur 845,000 in the corresponding period a year earlier",finnish it solutions provider affecto oyj hel said today its slipped to a net loss of eur usd in the second quarter of from a profit of eur in the corresponding period a year earlier
"In 2009 , Comptel slipped to a net loss of EUR2 .1 m from a profit of EUR6 .6 m in the previous year ",negative,"in 2009 , comptel slipped to a net loss of eur2 .1 m from a profit of eur6 .6 m in the previous year",in comptel slipped to a net loss of m from a profit of m in the previous year
"In Q2 of 2009 , profit before taxes amounted to EUR 13.6 mn , down from EUR 26.8 mn in Q2 of 2008 ",negative,"in q2 of 2009 , profit before taxes amounted to eur 13.6 mn , down from eur 26.8 mn in q2 of 2008",in of profit before taxes amounted to eur mn down from eur mn in of
"ADPnews - Feb 5 , 2010 - Finnish real estate investor Sponda Oyj HEL : SDA1V said today that it slipped to a net loss of EUR 81.5 million USD 11.8 m in 2009 from a profit of EUR 29.3 million in 2008 ",negative,"adpnews - feb 5 , 2010 - finnish real estate investor sponda oyj hel : sda1v said today that it slipped to a net loss of eur 81.5 million usd 11.8 m in 2009 from a profit of eur 29.3 million in 2008",adpnews feb finnish real estate investor sponda oyj hel said today that it slipped to a net loss of eur million usd m in from a profit of eur million in
"ADPnews - Jul 17 , 2009 - Finland-based steel maker Rautaruukki Oyj Ruukki HEL : RTRKS said today it slipped to a net loss of EUR 184 million USD 259.7 m for the first half of 2009 from a net profit of EUR ",negative,"adpnews - jul 17 , 2009 - finland-based steel maker rautaruukki oyj ruukki hel : rtrks said today it slipped to a net loss of eur 184 million usd 259.7 m for the first half of 2009 from a net profit of eur",adpnews jul steel maker rautaruukki oyj ruukki hel rtrks said today it slipped to a net loss of eur million usd m for the first half of from a net profit of eur
"Profit before taxes amounted to EUR 56.5 mn , down from EUR 232.9 mn a year ago ",negative,"profit before taxes amounted to eur 56.5 mn , down from eur 232.9 mn a year ago",profit before taxes amounted to eur mn down from eur mn a year ago
"Profit before taxes decreased by 9 % to EUR 187.8 mn in the first nine months of 2008 , compared to EUR 207.1 mn a year earlier ",negative,"profit before taxes decreased by 9 % to eur 187.8 mn in the first nine months of 2008 , compared to eur 207.1 mn a year earlier",profit before taxes decreased by to eur mn in the first nine months of compared to eur mn a year earlier
Profit before taxes decreased to EUR 31.6 mn from EUR 50.0 mn the year before ,negative,profit before taxes decreased to eur 31.6 mn from eur 50.0 mn the year before,profit before taxes decreased to eur mn from eur mn the year before
"Profit before taxes was EUR 4.0 mn , down from EUR 4.9 mn ",negative,"profit before taxes was eur 4.0 mn , down from eur 4.9 mn",profit before taxes was eur mn down from eur mn
"The company 's profit before taxes fell to EUR 21.1 mn in the third quarter of 2008 , compared to EUR 35.8 mn in the corresponding period in 2007 ",negative,"the company 's profit before taxes fell to eur 21.1 mn in the third quarter of 2008 , compared to eur 35.8 mn in the corresponding period in 2007",the company profit before taxes fell to eur mn in the third quarter of compared to eur mn in the corresponding period in
"In August-October 2010 , the company 's result before taxes totalled EUR 9.6 mn , up from EUR 0.5 mn in the corresponding period in 2009 ",positive,"in august-october 2010 , the company 's result before taxes totalled eur 9.6 mn , up from eur 0.5 mn in the corresponding period in 2009",in the company result before taxes totalled eur mn up from eur mn in the corresponding period in
Finnish Bore that is owned by the Rettig family has grown recently through the acquisition of smaller shipping companies ,positive,finnish bore that is owned by the rettig family has grown recently through the acquisition of smaller shipping companies,finnish bore that is owned by the rettig family has grown recently through the acquisition of smaller shipping companies
The plan is estimated to generate some EUR 5 million ( USD 6.5 m ) in cost savings on an annual basis ,positive,the plan is estimated to generate some eur 5 million ( usd 6.5 m ) in cost savings on an annual basis,the plan is estimated to generate some eur million usd m in cost savings on an annual basis
"Finnish pharmaceuticals company Orion reports profit before taxes of EUR 70.0 mn in the third quarter of 2010 , up from EUR 54.9 mn in the corresponding period in 2009 ",positive,"finnish pharmaceuticals company orion reports profit before taxes of eur 70.0 mn in the third quarter of 2010 , up from eur 54.9 mn in the corresponding period in 2009",finnish pharmaceuticals company orion reports profit before taxes of eur mn in the third quarter of up from eur mn in the corresponding period in
"Finnish Sampo Bank , of Danish Danske Bank group , reports profit before taxes of EUR 152.3 mn in 2010 , up from EUR 32.7 mn in 2009 ",positive,"finnish sampo bank , of danish danske bank group , reports profit before taxes of eur 152.3 mn in 2010 , up from eur 32.7 mn in 2009",finnish sampo bank of danish danske bank group reports profit before taxes of eur mn in up from eur mn in
"Profit after taxes for the period was up to EUR0 .9 m , from EUR0 .01 m last year ",positive,"profit after taxes for the period was up to eur0 .9 m , from eur0 .01 m last year",profit after taxes for the period was up to m from m last year
"Profit before taxes was EUR 5.4 mn , up from EUR 3.6 mn a year earlier ",positive,"profit before taxes was eur 5.4 mn , up from eur 3.6 mn a year earlier",profit before taxes was eur mn up from eur mn a year earlier
11 August 2010 - Finnish measuring equipment maker Vaisala Oyj HEL : VAIAS said today that its net loss widened to EUR4 .8 m in the first half of 2010 from EUR2 .3 m in the corresponding period a year earlier ,negative,11 august 2010 - finnish measuring equipment maker vaisala oyj hel : vaias said today that its net loss widened to eur4 .8 m in the first half of 2010 from eur2 .3 m in the corresponding period a year earlier,august finnish measuring equipment maker vaisala oyj hel vaias said today that its net loss widened to m in the first half of from m in the corresponding period a year earlier
"Finnish power supply solutions and systems provider Efore Oyj said its net loss widened to 3.2 mln euro $ 4.2 mln for the first quarter of fiscal 2006-2007 ending October 31 , 2007 from 900,000 euro $ 1.2 mln for the same period of fiscal 2005-06 ",negative,"finnish power supply solutions and systems provider efore oyj said its net loss widened to 3.2 mln euro $ 4.2 mln for the first quarter of fiscal 2006-2007 ending october 31 , 2007 from 900,000 euro $ 1.2 mln for the same period of fiscal 2005-06",finnish power supply solutions and systems provider efore oyj said its net loss widened to mln euro mln for the first quarter of fiscal ending october from euro mln for the same period of fiscal
"ADP News - Apr 22 , 2009 - Finnish business information systems developer Solteq Oyj HEL : STQ1V said today its net loss widened to EUR 189,000 USD 245,000 for the first quarter of 2009 from EUR 10,000 for the same per",negative,"adp news - apr 22 , 2009 - finnish business information systems developer solteq oyj hel : stq1v said today its net loss widened to eur 189,000 usd 245,000 for the first quarter of 2009 from eur 10,000 for the same per",adp news apr finnish business information systems developer solteq oyj hel said today its net loss widened to eur usd for the first quarter of from eur for the same per
Salonen added that data shows producers ' pulp inventories in North America are declining . ,negative,salonen added that data shows producers ' pulp inventories in north america are declining .,salonen added that data shows producers pulp inventories in north america are declining
The Elcoteq group recently announced that the last three months of the previous year brought to it a major loss of more than half a billion kroons ( EUR 32 mln ) for the fifth quarter running ,negative,the elcoteq group recently announced that the last three months of the previous year brought to it a major loss of more than half a billion kroons ( eur 32 mln ) for the fifth quarter running,the elcoteq group recently announced that the last three months of the previous year brought to it a major loss of more than half a billion kroons eur mln for the fifth quarter running
"For the current year , Raute expects its net sales to increase and the operating result -- to be positive ",positive,"for the current year , raute expects its net sales to increase and the operating result -- to be positive",for the current year raute expects its net sales to increase and the operating result to be positive
"Turnover surged to EUR61 .8 m from EUR47 .6 m due to increasing service demand , especially in the third quarter , and the overall growth of its business ",positive,"turnover surged to eur61 .8 m from eur47 .6 m due to increasing service demand , especially in the third quarter , and the overall growth of its business",turnover surged to m from m due to increasing service demand especially in the third quarter and the overall growth of its business
"As a result , the company currently anticipates net sales to increase and the operating result to be positive ",positive,"as a result , the company currently anticipates net sales to increase and the operating result to be positive",as a result the company currently anticipates net sales to increase and the operating result to be positive
"`` UPM 's deliveries increased during the third quarter by 4 percent , and the efficiency of operations improved , '' Chief Executive Jussi Pesonen said ",positive,"`` upm 's deliveries increased during the third quarter by 4 percent , and the efficiency of operations improved , '' chief executive jussi pesonen said",upm deliveries increased during the third quarter by percent and the efficiency of operations improved chief executive jussi pesonen said
"Global sports equipment maker Amer Sports Corp. , whose brands include Atomic , Salomon and Wilson , saw a 64 percent increase in third-quarter net profit to EURO 47.4 million $ 65 million on strong sales and cost cuts ",positive,"global sports equipment maker amer sports corp. , whose brands include atomic , salomon and wilson , saw a 64 percent increase in third-quarter net profit to euro 47.4 million $ 65 million on strong sales and cost cuts",global sports equipment maker amer sports whose brands include atomic salomon and wilson saw a percent increase in net profit to euro million million on strong sales and cost cuts
"Due to rapid expansion , the market share of Tallink in terms of passenger carriage through Tallinna Sadam Port of Tallinn totaled 55 percent in November against 45.7 percent in November 2005 ",positive,"due to rapid expansion , the market share of tallink in terms of passenger carriage through tallinna sadam port of tallinn totaled 55 percent in november against 45.7 percent in november 2005",due to rapid expansion the market share of tallink in terms of passenger carriage through tallinna sadam port of tallinn totaled percent in november against percent in november
Cash Flow from Operations for the most recent quarter also reached a eight year low ,negative,cash flow from operations for the most recent quarter also reached a eight year low,cash flow from operations for the most recent quarter also reached a eight year low
"Earnings per share ( EPS ) amounted to EUR0 .98 , up from the loss of EUR0 .02 ",positive,"earnings per share ( eps ) amounted to eur0 .98 , up from the loss of eur0 .02",earnings per share eps amounted to up from the loss of
"Earnings per share ( EPS ) were EUR0 .03 , up from the loss of EUR0 .083 ",positive,"earnings per share ( eps ) were eur0 .03 , up from the loss of eur0 .083",earnings per share eps were up from the loss of
"Operating profit totalled EUR 0.4 mn , up from an operating loss of EUR 0.8 mn year-on-year ",positive,"operating profit totalled eur 0.4 mn , up from an operating loss of eur 0.8 mn year-on-year",operating profit totalled eur mn up from an operating loss of eur mn
"Operating profit totalled EUR 7.0 mn , up from a loss of EUR 4.0 mn in the second quarter of 2009 ",positive,"operating profit totalled eur 7.0 mn , up from a loss of eur 4.0 mn in the second quarter of 2009",operating profit totalled eur mn up from a loss of eur mn in the second quarter of
Operating result including non-recurring items rose to EUR 146mn from a loss of EUR 267mn in 2009 ,positive,operating result including non-recurring items rose to eur 146mn from a loss of eur 267mn in 2009,operating result including items rose to eur from a loss of eur in
"Tiimari , the Finnish retailer , reported to have geenrated quarterly revenues totalling EUR 1.3 mn in the 4th quarter 2009 , up from EUR 0.3 mn loss in 2008 ",positive,"tiimari , the finnish retailer , reported to have geenrated quarterly revenues totalling eur 1.3 mn in the 4th quarter 2009 , up from eur 0.3 mn loss in 2008",tiimari the finnish retailer reported to have geenrated quarterly revenues totalling eur mn in the quarter up from eur mn loss in
"Earnings per share EPS amounted to EUR0 .03 , up from the loss of EUR0 .08 ",positive,"earnings per share eps amounted to eur0 .03 , up from the loss of eur0 .08",earnings per share eps amounted to up from the loss of
"Operating profit totalled EUR 5.8 mn , up from a loss of EUR 1.7 mn in the fourth quarter of 2009 ",positive,"operating profit totalled eur 5.8 mn , up from a loss of eur 1.7 mn in the fourth quarter of 2009",operating profit totalled eur mn up from a loss of eur mn in the fourth quarter of
"Operating profit was EUR 0.6 mn , up from a loss of EUR 19mn a year earlier ",positive,"operating profit was eur 0.6 mn , up from a loss of eur 19mn a year earlier",operating profit was eur mn up from a loss of eur a year earlier
The investments and operational changes enable additional optimisation of the working hours and thereby further cost savings of some 7 % -9 % ,positive,the investments and operational changes enable additional optimisation of the working hours and thereby further cost savings of some 7 % -9 %,the investments and operational changes enable additional optimisation of the working hours and thereby further cost savings of some
"Shareholder 's full name and ID code : - Petri Ailus , born 15.9.1966 For further information , please contact Isto Hantila , CEO , tel. +358 9 591 8342 ",neutral,"shareholder 's full name and id code : - petri ailus , born 15.9.1966 for further information , please contact isto hantila , ceo , tel. +358 9 591 8342",shareholder full name and id code petri ailus born for further information please contact isto hantila ceo tel
"9 September 2010 - Finnish stationery and gift retailer Tiimari HEL : TII1V said today its net sales rose by 2 % year-on-year to EUR5 .7 m in August 2010 , driven by growth in Finland , while demand in the Baltics remained weak ",positive,"9 september 2010 - finnish stationery and gift retailer tiimari hel : tii1v said today its net sales rose by 2 % year-on-year to eur5 .7 m in august 2010 , driven by growth in finland , while demand in the baltics remained weak",september finnish stationery and gift retailer tiimari hel said today its net sales rose by to m in august driven by growth in finland while demand in the baltics remained weak
"By 14:29 CET on Monday , shares in Bavarian Nordic had climbed 1.21 % to DKK250 on the stock exchange in Copenhagen after having lost 7.41 % in the past month ",positive,"by 14:29 cet on monday , shares in bavarian nordic had climbed 1.21 % to dkk250 on the stock exchange in copenhagen after having lost 7.41 % in the past month",by cet on monday shares in bavarian nordic had climbed to on the stock exchange in copenhagen after having lost in the past month
"For example , net sales increased by 5.9 % from the first quarter , and EBITDA increased from a negative EUR 0.2 mn in the first quarter of 2009 ",positive,"for example , net sales increased by 5.9 % from the first quarter , and ebitda increased from a negative eur 0.2 mn in the first quarter of 2009",for example net sales increased by from the first quarter and ebitda increased from a negative eur mn in the first quarter of
"At this growth rate , paying off the national debt will be extremely painful ",negative,"at this growth rate , paying off the national debt will be extremely painful",at this growth rate paying off the national debt will be extremely painful
`` Our customer has been satisfied with Basware Invoice Automation solution and extends the implementation to new geographies ,positive,`` our customer has been satisfied with basware invoice automation solution and extends the implementation to new geographies,our customer has been satisfied with basware invoice automation solution and extends the implementation to new geographies
` By separating side businesses we will be able to faster expand and develop Tapro retail network ,positive,` by separating side businesses we will be able to faster expand and develop tapro retail network,by separating side businesses we will be able to faster expand and develop tapro retail network
"According to Viking Line 's Managing Director , Nils-Erik Eklund , the company 's Board of Directors is very satisfied with Viking Line 's performance ",positive,"according to viking line 's managing director , nils-erik eklund , the company 's board of directors is very satisfied with viking line 's performance",according to viking line managing director eklund the company board of directors is very satisfied with viking line performance
Combining this deep domain expertise with our Application Service Management ASM and outsourcing service offerings has now proved to be a winning combination ,positive,combining this deep domain expertise with our application service management asm and outsourcing service offerings has now proved to be a winning combination,combining this deep domain expertise with our application service management asm and outsourcing service offerings has now proved to be a winning combination
"Finnish construction company YIT Oyj said on November 13 , 2007 it won a 70 mln euro $ 102.8 mln contract to construct the new office building for local property company Tapiola Real Estate Oy ",positive,"finnish construction company yit oyj said on november 13 , 2007 it won a 70 mln euro $ 102.8 mln contract to construct the new office building for local property company tapiola real estate oy",finnish construction company yit oyj said on november it won a mln euro mln contract to construct the new office building for local property company tapiola real estate oy
Major Order in India Comptel Corporation has received a significant long-term order for mediation and provisioning solutions being used by a leading operator in India ,positive,major order in india comptel corporation has received a significant long-term order for mediation and provisioning solutions being used by a leading operator in india,major order in india comptel corporation has received a significant order for mediation and provisioning solutions being used by a leading operator in india
Olvi has posted a strong set of figures for the first six months of this year ,positive,olvi has posted a strong set of figures for the first six months of this year,olvi has posted a strong set of figures for the first six months of this year
Operating profit improved by 27 % to EUR 579.8 mn from EUR 457.2 mn in 2006 ,positive,operating profit improved by 27 % to eur 579.8 mn from eur 457.2 mn in 2006,operating profit improved by to eur mn from eur mn in
Our standardised services have met with a positive reception among our customers as well as at Itella ,positive,our standardised services have met with a positive reception among our customers as well as at itella,our standardised services have met with a positive reception among our customers as well as at itella
Performance in the second half of 2009 exceeded expectations ,positive,performance in the second half of 2009 exceeded expectations,performance in the second half of exceeded expectations
Ponsse projects the forest machine markets to improve more than expected in 2010 from the previous year ,positive,ponsse projects the forest machine markets to improve more than expected in 2010 from the previous year,ponsse projects the forest machine markets to improve more than expected in from the previous year
"Ragutis , which is based in Lithuania 's second-largest city Kaunas , boosted its sales last year 22.3 per cent to 36.4 million liters ",positive,"ragutis , which is based in lithuania 's second-largest city kaunas , boosted its sales last year 22.3 per cent to 36.4 million liters",ragutis which is based in lithuania city kaunas boosted its sales last year per cent to million liters
"Raisio 's bid to buy Glisten is a `` win-win '' deal for both companies , the chairman of the UK snacks firm told just-food today 10 February ",positive,"raisio 's bid to buy glisten is a `` win-win '' deal for both companies , the chairman of the uk snacks firm told just-food today 10 february",raisio bid to buy glisten is a deal for both companies the chairman of the uk snacks firm told today february
The aim is an annual improvement in Ruukki Construction 's operating profit of more than EUR 3 million USD 4.1 m starting in 2009 ,positive,the aim is an annual improvement in ruukki construction 's operating profit of more than eur 3 million usd 4.1 m starting in 2009,the aim is an annual improvement in ruukki construction operating profit of more than eur million usd m starting in
"The transaction will have a positive impact of around EUR2m on earnings , which Ruukki will recognize during the fourth quarter of this year ",positive,"the transaction will have a positive impact of around eur2m on earnings , which ruukki will recognize during the fourth quarter of this year",the transaction will have a positive impact of around on earnings which ruukki will recognize during the fourth quarter of this year
`` The combined activities will create value for shareholders and be good for our employees and customers ,positive,`` the combined activities will create value for shareholders and be good for our employees and customers,the combined activities will create value for shareholders and be good for our employees and customers
`` The trend in the sports and leisure markets was favorable in the first months of the year ,positive,`` the trend in the sports and leisure markets was favorable in the first months of the year,the trend in the sports and leisure markets was favorable in the first months of the year
27 January 2011 - Finnish IT solutions provider Affecto Oyj ( HEL : AFE1V ) said today it has won a EUR1 .2 m ( USD1 .6 m ) contract from state-owned Lithuanian Social Insurance Institution ( SODRA ) ,positive,27 january 2011 - finnish it solutions provider affecto oyj ( hel : afe1v ) said today it has won a eur1 .2 m ( usd1 .6 m ) contract from state-owned lithuanian social insurance institution ( sodra ),january finnish it solutions provider affecto oyj hel said today it has won a m m contract from lithuanian social insurance institution sodra
Finnish construction group Lemmink+ï¿½inen has been awarded two road building contracts by the Lithuanian transport administration ,positive,finnish construction group lemmink+ï¿½inen has been awarded two road building contracts by the lithuanian transport administration,finnish construction group has been awarded two road building contracts by the lithuanian transport administration
"Finnish flexible packaging manufacturer Suominen Corporation reports net sales of EUR 54.5 mn in the first quarter of 2008 , compared with EUR 54.3 mn a year earlier ",positive,"finnish flexible packaging manufacturer suominen corporation reports net sales of eur 54.5 mn in the first quarter of 2008 , compared with eur 54.3 mn a year earlier",finnish flexible packaging manufacturer suominen corporation reports net sales of eur mn in the first quarter of compared with eur mn a year earlier
"Finnish Metso Paper has been awarded a contract for the rebuild of Sabah Forest Industries ' ( SFI ) pulp mill in Sabah , Malaysia ",positive,"finnish metso paper has been awarded a contract for the rebuild of sabah forest industries ' ( sfi ) pulp mill in sabah , malaysia",finnish metso paper has been awarded a contract for the rebuild of sabah forest industries sfi pulp mill in sabah malaysia
Finnish Outokumpu Technology has been awarded several new grinding technology contracts ,positive,finnish outokumpu technology has been awarded several new grinding technology contracts,finnish outokumpu technology has been awarded several new grinding technology contracts
Finnish Rautaruukki has been awarded a contract to supply and install steel superstructures for the Partihallsf+ï¿½rbindelsen bridge in Gothenburg in Sweden ,positive,finnish rautaruukki has been awarded a contract to supply and install steel superstructures for the partihallsf+ï¿½rbindelsen bridge in gothenburg in sweden,finnish rautaruukki has been awarded a contract to supply and install steel superstructures for the bridge in gothenburg in sweden
"According to Atria 's President and CEO Matti Tikkakoski , the company 's Swedish operations significantly improved in the first quarter ",positive,"according to atria 's president and ceo matti tikkakoski , the company 's swedish operations significantly improved in the first quarter",according to atria president and ceo matti tikkakoski the company swedish operations significantly improved in the first quarter
"According to Nordic financial group Nordea 's analyst Sami Sarkamies , this makes Nokia 's portfolio competitive again ",positive,"according to nordic financial group nordea 's analyst sami sarkamies , this makes nokia 's portfolio competitive again",according to nordic financial group nordea analyst sami sarkamies this makes nokia portfolio competitive again
"Arvo Vuorenmaa , the Loviisa plant 's general manager said the application for the new licence was a `` standard '' procedure and that he was `` quite confident '' about approval being granted ",positive,"arvo vuorenmaa , the loviisa plant 's general manager said the application for the new licence was a `` standard '' procedure and that he was `` quite confident '' about approval being granted",arvo vuorenmaa the loviisa plant general manager said the application for the new licence was a standard procedure and that he was quite confident about approval being granted
"BasWare 's CEO Ilkka Sihvo comments in conjunction with the Interim Report : `` As a whole , BasWare succeeded well in the second quarter of 2007 ",positive,"basware 's ceo ilkka sihvo comments in conjunction with the interim report : `` as a whole , basware succeeded well in the second quarter of 2007",basware ceo ilkka sihvo comments in conjunction with the interim report as a whole basware succeeded well in the second quarter of
Cision says the sale will return its U.K. operation to profitability ,positive,cision says the sale will return its u.k. operation to profitability,cision says the sale will return its operation to profitability
"Citigroup , Inc ( NYSE : C ) has announced that its Global Transaction Services ( GTS ) business has been awarded a new mandate by Finland-based Pohjola Bank Group ",positive,"citigroup , inc ( nyse : c ) has announced that its global transaction services ( gts ) business has been awarded a new mandate by finland-based pohjola bank group",citigroup inc nyse c has announced that its global transaction services gts business has been awarded a new mandate by pohjola bank group
"Department store sales improved by 14 % to EUR 1,070.6 mn ",positive,"department store sales improved by 14 % to eur 1,070.6 mn",department store sales improved by to eur mn
"Finland 's national carrier Finnair PLC carried a record 8.5 million passengers in 2005 , an increase of 4.5 percent on the previous year , the airline reported Tuesday ",positive,"finland 's national carrier finnair plc carried a record 8.5 million passengers in 2005 , an increase of 4.5 percent on the previous year , the airline reported tuesday",finland national carrier finnair plc carried a record million passengers in an increase of percent on the previous year the airline reported tuesday
"Finnair PLC carried a record 8.8 million passengers in 2006 , an increase of 3.5 percent on the previous year , the Finnish national carrier reported Tuesday ",positive,"finnair plc carried a record 8.8 million passengers in 2006 , an increase of 3.5 percent on the previous year , the finnish national carrier reported tuesday",finnair plc carried a record million passengers in an increase of percent on the previous year the finnish national carrier reported tuesday
"Finnish consulting and engineering group Poyry Plc ( OMX Helsinki : POY ) said on Wednesday ( 1 October ) that it has been awarded a contract by Tanqia Dibba FZC as owner-engineer for the wastewater system of Dibba , Emirate of Fujairah , UAE ",positive,"finnish consulting and engineering group poyry plc ( omx helsinki : poy ) said on wednesday ( 1 october ) that it has been awarded a contract by tanqia dibba fzc as owner-engineer for the wastewater system of dibba , emirate of fujairah , uae",finnish consulting and engineering group poyry plc omx helsinki poy said on wednesday october that it has been awarded a contract by tanqia dibba fzc as for the wastewater system of dibba emirate of fujairah uae
Finnish handling systems company Cargotec Oyj ( HEL : CGCBV ) said today that it won a EUR 13 million ( USD 16.6 m ) contract to deliver MacGregor hatch covers for ships ordered by Norwegian shipowner Grieg Shipping ,positive,finnish handling systems company cargotec oyj ( hel : cgcbv ) said today that it won a eur 13 million ( usd 16.6 m ) contract to deliver macgregor hatch covers for ships ordered by norwegian shipowner grieg shipping,finnish handling systems company cargotec oyj hel cgcbv said today that it won a eur million usd m contract to deliver macgregor hatch covers for ships ordered by norwegian shipowner grieg shipping
"Finnish steel maker Rautaruukki Oyj ( Ruukki ) said on July 7 , 2008 that it won a 9.0 mln euro ( $ 14.1 mln ) contract to supply and install steel superstructures for Partihallsforbindelsen bridge project in Gothenburg , western Sweden ",positive,"finnish steel maker rautaruukki oyj ( ruukki ) said on july 7 , 2008 that it won a 9.0 mln euro ( $ 14.1 mln ) contract to supply and install steel superstructures for partihallsforbindelsen bridge project in gothenburg , western sweden",finnish steel maker rautaruukki oyj ruukki said on july that it won a mln euro mln contract to supply and install steel superstructures for partihallsforbindelsen bridge project in gothenburg western sweden
"However , the broker gave an `` outperform '' recommendation on the stock ",positive,"however , the broker gave an `` outperform '' recommendation on the stock",however the broker gave an outperform recommendation on the stock
Last year SysOpen Digia invested in IBM product know-how in the building of portal and trading place systems and successfully implemented customer solutions supported by it ,positive,last year sysopen digia invested in ibm product know-how in the building of portal and trading place systems and successfully implemented customer solutions supported by it,last year sysopen digia invested in ibm product in the building of portal and trading place systems and successfully implemented customer solutions supported by it
"( ADP News ) - Oct 1 , 2008 - Finnish consulting and engineering company Poyry Oyj ( OMX : POY1V ) said today it was awarded a EUR 5.2 million ( USD 7.4 m ) extension to their existing consultancy engineering contract with Venezue",positive,"( adp news ) - oct 1 , 2008 - finnish consulting and engineering company poyry oyj ( omx : poy1v ) said today it was awarded a eur 5.2 million ( usd 7.4 m ) extension to their existing consultancy engineering contract with venezue",adp news oct finnish consulting and engineering company poyry oyj omx said today it was awarded a eur million usd m extension to their existing consultancy engineering contract with venezue
"( ADP News ) - Oct 31 , 2008 - Finnish food company Raisio Oyj ( OMX : RAIVV ) said today that its net profit jumped to EUR 16.4 million ( USD 20.9 m ) for the first nine months of 2008 from EUR 1.1 million for the same period of ",positive,"( adp news ) - oct 31 , 2008 - finnish food company raisio oyj ( omx : raivv ) said today that its net profit jumped to eur 16.4 million ( usd 20.9 m ) for the first nine months of 2008 from eur 1.1 million for the same period of",adp news oct finnish food company raisio oyj omx raivv said today that its net profit jumped to eur million usd m for the first nine months of from eur million for the same period of
"( ADP News ) - Sep 30 , 2008 - Finnish security and privacy software solutions developer Stonesoft Oyj said today that it won a USD 1.9 million ( EUR 1.3 m ) order to deliver its StoneGate network security products to an unnamed Russian t",positive,"( adp news ) - sep 30 , 2008 - finnish security and privacy software solutions developer stonesoft oyj said today that it won a usd 1.9 million ( eur 1.3 m ) order to deliver its stonegate network security products to an unnamed russian t",adp news sep finnish security and privacy software solutions developer stonesoft oyj said today that it won a usd million eur m order to deliver its stonegate network security products to an unnamed russian t
Outotec 's net profit for the second quarter of 2007 jumped to 16.8 mln euro ( $ 23.1 mln ) from 4.6 mln euro ( $ 6.3 mln ) a year ago ,positive,outotec 's net profit for the second quarter of 2007 jumped to 16.8 mln euro ( $ 23.1 mln ) from 4.6 mln euro ( $ 6.3 mln ) a year ago,outotec net profit for the second quarter of jumped to mln euro mln from mln euro mln a year ago
Pretax profit jumped to EUR 21.9 million from EUR 3.1 million ,positive,pretax profit jumped to eur 21.9 million from eur 3.1 million,pretax profit jumped to eur million from eur million
"Profitability ( EBIT % ) was 13.9 % , compared to 13.1 % in the previous-year period ",positive,"profitability ( ebit % ) was 13.9 % , compared to 13.1 % in the previous-year period",profitability ebit was compared to in the period
"Sales improved to SEK 1,553 mn , compared with SEK 1,408 mn ",positive,"sales improved to sek 1,553 mn , compared with sek 1,408 mn",sales improved to sek mn compared with sek mn
"Savon koulutuskuntayhtyma , Finland based company has awarded contract for specialist agricultural or forestry machinery ",positive,"savon koulutuskuntayhtyma , finland based company has awarded contract for specialist agricultural or forestry machinery",savon koulutuskuntayhtyma finland based company has awarded contract for specialist agricultural or forestry machinery
SKF 6 April 2010 - Alandsbanken has given a `` buy '' recommendation on Swedish industrial company SKF AB ( STO : SKF B ) with a share price target of SEK150 ,positive,skf 6 april 2010 - alandsbanken has given a `` buy '' recommendation on swedish industrial company skf ab ( sto : skf b ) with a share price target of sek150,skf april alandsbanken has given a buy recommendation on swedish industrial company skf ab sto skf b with a share price target of
Sports equipment sales also progressed well owing to the prolonged winter season ,positive,sports equipment sales also progressed well owing to the prolonged winter season,sports equipment sales also progressed well owing to the prolonged winter season
TELE2 Affarsvarlden gave a `` buy '' recommendation on mobile operator Tele2 AB and a share price target of 142 crowns ( $ 23.54 - 15.19 euro ) ,positive,tele2 affarsvarlden gave a `` buy '' recommendation on mobile operator tele2 ab and a share price target of 142 crowns ( $ 23.54 - 15.19 euro ),affarsvarlden gave a buy recommendation on mobile operator ab and a share price target of crowns euro
The acquisition will have an immediate positive impact on Aspocomp 's financial result ,positive,the acquisition will have an immediate positive impact on aspocomp 's financial result,the acquisition will have an immediate positive impact on aspocomp financial result
"The Australian company Mirabela Nickel has awarded Outokumpu Technology a contract for grinding technology for its nickel sulfide project in Bahia State , Brazil ",positive,"the australian company mirabela nickel has awarded outokumpu technology a contract for grinding technology for its nickel sulfide project in bahia state , brazil",the australian company mirabela nickel has awarded outokumpu technology a contract for grinding technology for its nickel sulfide project in bahia state brazil
The company also said that in Poland a profitability program has been launched at the Oborniki steel frame and sandwich panel plant ,positive,the company also said that in poland a profitability program has been launched at the oborniki steel frame and sandwich panel plant,the company also said that in poland a profitability program has been launched at the oborniki steel frame and sandwich panel plant
The Group also has a strong global position in other fishing categories ,positive,the group also has a strong global position in other fishing categories,the group also has a strong global position in other fishing categories
"The original name Componenta +ï¿½m+ï¿½l , as a subsidiary of the Finnish Componenta Group , has been changed to +ï¿½m+ï¿½l Components and the company has seen a 63 % growth in Q1 2010 , in comparison to Q1 2009 ",positive,"the original name componenta +ï¿½m+ï¿½l , as a subsidiary of the finnish componenta group , has been changed to +ï¿½m+ï¿½l components and the company has seen a 63 % growth in q1 2010 , in comparison to q1 2009",the original name componenta as a subsidiary of the finnish componenta group has been changed to components and the company has seen a growth in in comparison to
This resulted in improved sales figures in Sweden ,positive,this resulted in improved sales figures in sweden,this resulted in improved sales figures in sweden
- UPM-Kymmene upgraded to ` in-line ' from ` underperform ' by Goldman Sachs ,positive,- upm-kymmene upgraded to ` in-line ' from ` underperform ' by goldman sachs,upgraded to from underperform by goldman sachs
`` Demand for sports equipment was good in 2005 ,positive,`` demand for sports equipment was good in 2005,demand for sports equipment was good in
Finlan 's listed food industry company HKScan Group controlled companies in the Baltics improved revenues by EUR 3.5 mn to EUR 160.4 mn in 2010 from EUR 156.9 mn in the year before ,positive,finlan 's listed food industry company hkscan group controlled companies in the baltics improved revenues by eur 3.5 mn to eur 160.4 mn in 2010 from eur 156.9 mn in the year before,finlan listed food industry company hkscan group controlled companies in the baltics improved revenues by eur mn to eur mn in from eur mn in the year before
"Finnish airline Finnair has won a deal with the UK public sector to be the official airline for flights from London Heathrow to Osaka in Japan , as well as flights between Manchester in the UK and Helsinki in Finland ",positive,"finnish airline finnair has won a deal with the uk public sector to be the official airline for flights from london heathrow to osaka in japan , as well as flights between manchester in the uk and helsinki in finland",finnish airline finnair has won a deal with the uk public sector to be the official airline for flights from london heathrow to osaka in japan as well as flights between manchester in the uk and helsinki in finland
Finnish Cargotec 's Kalmar has received a significant order from the US Department of Defense ,positive,finnish cargotec 's kalmar has received a significant order from the us department of defense,finnish cargotec kalmar has received a significant order from the us department of defense
Cargotec Germany GmbH has been awarded a contract by Stadtverwaltung Mainz for chassis bodies under Open procedure ,positive,cargotec germany gmbh has been awarded a contract by stadtverwaltung mainz for chassis bodies under open procedure,cargotec germany gmbh has been awarded a contract by stadtverwaltung mainz for chassis bodies under open procedure
"Earnings per share for the quarter were also higher year-on-year at 0.33 eur versus 0.27 , and above market expectations of 0.28 eur ",positive,"earnings per share for the quarter were also higher year-on-year at 0.33 eur versus 0.27 , and above market expectations of 0.28 eur",earnings per share for the quarter were also higher at eur versus and above market expectations of eur
"EBITDA for the year 2009 improved to EUR484m , as compared with EUR472m in 2008 ",positive,"ebitda for the year 2009 improved to eur484m , as compared with eur472m in 2008",ebitda for the year improved to as compared with in
"Finnish construction group Lemminkainen Oyj HEL : LEM1S said today it has won a contract to provide technical services for the Nevsky Centre shopping mall to be opened in November in St Petersburg , Russia ",positive,"finnish construction group lemminkainen oyj hel : lem1s said today it has won a contract to provide technical services for the nevsky centre shopping mall to be opened in november in st petersburg , russia",finnish construction group lemminkainen oyj hel said today it has won a contract to provide technical services for the nevsky centre shopping mall to be opened in november in st petersburg russia
"Finnish software developer Basware Oyj said on November 30 , 2006 its U.S. subsidiary Basware , Inc. won an order to provide software for contract lifecycle management to an unnamed U.S. medical technology company ",positive,"finnish software developer basware oyj said on november 30 , 2006 its u.s. subsidiary basware , inc. won an order to provide software for contract lifecycle management to an unnamed u.s. medical technology company",finnish software developer basware oyj said on november its subsidiary basware won an order to provide software for contract lifecycle management to an unnamed medical technology company
"However , sales volumes in the food industry are expected to remain at relatively good levels in Finland and in Scandinavia , Atria said ",positive,"however , sales volumes in the food industry are expected to remain at relatively good levels in finland and in scandinavia , atria said",however sales volumes in the food industry are expected to remain at relatively good levels in finland and in scandinavia atria said
Nordea sees a return to positive growth for the Baltic countries in 2011 ,positive,nordea sees a return to positive growth for the baltic countries in 2011,nordea sees a return to positive growth for the baltic countries in
Operating profit improved by 16.7 % to EUR 7.7 mn ,positive,operating profit improved by 16.7 % to eur 7.7 mn,operating profit improved by to eur mn
Operating profit improved by 39.9 % to EUR 18.0 mn from EUR12 .8 mn ,positive,operating profit improved by 39.9 % to eur 18.0 mn from eur12 .8 mn,operating profit improved by to eur mn from mn
Operating profit improved by 44.0 % to ER 4.7 mn from EUR 3.3 mn in 2004 ,positive,operating profit improved by 44.0 % to er 4.7 mn from eur 3.3 mn in 2004,operating profit improved by to er mn from eur mn in
Operating profit improved to EUR 20.3 mn from EUR 11.4 mn ,positive,operating profit improved to eur 20.3 mn from eur 11.4 mn,operating profit improved to eur mn from eur mn
"Previously , the company anticipated its operating profit to improve over the same period ",positive,"previously , the company anticipated its operating profit to improve over the same period",previously the company anticipated its operating profit to improve over the same period
Productional situation has now improved ,positive,productional situation has now improved,productional situation has now improved
Rautaruukki said construction group YIT has awarded it a 2.5 mln eur contract to supply the steel structures for a new bridge spanning the Kemijoki river in Northern Finland ,positive,rautaruukki said construction group yit has awarded it a 2.5 mln eur contract to supply the steel structures for a new bridge spanning the kemijoki river in northern finland,rautaruukki said construction group yit has awarded it a mln eur contract to supply the steel structures for a new bridge spanning the kemijoki river in northern finland
"Sales came in at 241 mln eur , compared with 211.4 mln , and also beating consensus forecasts of 235 mln eur ",positive,"sales came in at 241 mln eur , compared with 211.4 mln , and also beating consensus forecasts of 235 mln eur",sales came in at mln eur compared with mln and also beating consensus forecasts of mln eur
"Thanks to the multiplying effect of wagon performance , transport will be much more efficient , '' says development manager Juha Malkia from VR Cargo ",positive,"thanks to the multiplying effect of wagon performance , transport will be much more efficient , '' says development manager juha malkia from vr cargo",thanks to the multiplying effect of wagon performance transport will be much more efficient says development manager juha malkia from vr cargo
"The company , which makes garden tools , scissors and other consumer goods , said earnings were boosted by 6.9 mln eur of income it received from its 16.7 pct shareholding in Finnish engineering group Wartsila ",positive,"the company , which makes garden tools , scissors and other consumer goods , said earnings were boosted by 6.9 mln eur of income it received from its 16.7 pct shareholding in finnish engineering group wartsila",the company which makes garden tools scissors and other consumer goods said earnings were boosted by mln eur of income it received from its pct shareholding in finnish engineering group wartsila
The company anticipates its turnover for the whole 2010 to surpass that of the previous year when it was EUR 67.1 million ,positive,the company anticipates its turnover for the whole 2010 to surpass that of the previous year when it was eur 67.1 million,the company anticipates its turnover for the whole to surpass that of the previous year when it was eur million
The EPS improved to EUR0 .38 from EUR0 .27 ,positive,the eps improved to eur0 .38 from eur0 .27,the eps improved to from
"The financial impact is estimated to be an annual improvement of EUR2 .0 m in the division 's results , as of fiscal year 2008 ",positive,"the financial impact is estimated to be an annual improvement of eur2 .0 m in the division 's results , as of fiscal year 2008",the financial impact is estimated to be an annual improvement of m in the division results as of fiscal year
"The financial impact is estimated to be some 1.5 MEUR annual improvement in the division 's result , starting from fiscal year 2007 ",positive,"the financial impact is estimated to be some 1.5 meur annual improvement in the division 's result , starting from fiscal year 2007",the financial impact is estimated to be some meur annual improvement in the division result starting from fiscal year
The rationalization of the operations seeks to achieve over EUR 1 million in yearly savings as from the second quarter of the current financial year ,positive,the rationalization of the operations seeks to achieve over eur 1 million in yearly savings as from the second quarter of the current financial year,the rationalization of the operations seeks to achieve over eur million in yearly savings as from the second quarter of the current financial year
"The sale , which will result in a gain of some EUR 60 million in the second quarter of 2010 for Oriola-KD , supports the Finnish company 's strategy to focus on pharmaceutical wholesale and retail operations ",positive,"the sale , which will result in a gain of some eur 60 million in the second quarter of 2010 for oriola-kd , supports the finnish company 's strategy to focus on pharmaceutical wholesale and retail operations",the sale which will result in a gain of some eur million in the second quarter of for supports the finnish company strategy to focus on pharmaceutical wholesale and retail operations
"Turun kaupunkin , Finland based company has awarded contract to Lemminkainen Talotekniikka Oy for electrical installation work ",positive,"turun kaupunkin , finland based company has awarded contract to lemminkainen talotekniikka oy for electrical installation work",turun kaupunkin finland based company has awarded contract to lemminkainen talotekniikka oy for electrical installation work
These moderate but significant changes resulted in a significant 24-32 % reduction in the estimated CVD risk ,positive,these moderate but significant changes resulted in a significant 24-32 % reduction in the estimated cvd risk,these moderate but significant changes resulted in a significant reduction in the estimated cvd risk
Uponor improved its performance in spite of the decrease in residential construction in the US ,positive,uponor improved its performance in spite of the decrease in residential construction in the us,uponor improved its performance in spite of the decrease in residential construction in the us
"Simultaneously , his responsibility area is extended from legal affairs to cover also mergers and acquisitions ",neutral,"simultaneously , his responsibility area is extended from legal affairs to cover also mergers and acquisitions",simultaneously his responsibility area is extended from legal affairs to cover also mergers and acquisitions
"Once your plants are in the ground they will continue to grow , but the success of any garden lies in how well it 's maintained ",neutral,"once your plants are in the ground they will continue to grow , but the success of any garden lies in how well it 's maintained",once your plants are in the ground they will continue to grow but the success of any garden lies in how well it maintained
"Poyry 's contract includes engineering management , civil and detail engineering services , and time scheduling and procurement services ",neutral,"poyry 's contract includes engineering management , civil and detail engineering services , and time scheduling and procurement services",poyry contract includes engineering management civil and detail engineering services and time scheduling and procurement services
"Addus ' services include personal care and assistance with activities of daily living , skilled nursing and rehabilitative therapies , and adult day care ",neutral,"addus ' services include personal care and assistance with activities of daily living , skilled nursing and rehabilitative therapies , and adult day care",addus services include personal care and assistance with activities of daily living skilled nursing and rehabilitative therapies and adult day care
"Aldata Solution Oyj Bertrand Sciard President and CEO Further information : Aldata Solution Oyj , Bertrand Sciard , President and CEO , tel. +33 1 46 48 28 00 Aldata 100 % Retail-Wholesale At Aldata 100 % of our business is dedicated to retail and wholesale business improvement ",neutral,"aldata solution oyj bertrand sciard president and ceo further information : aldata solution oyj , bertrand sciard , president and ceo , tel. +33 1 46 48 28 00 aldata 100 % retail-wholesale at aldata 100 % of our business is dedicated to retail and wholesale business improvement",aldata solution oyj bertrand sciard president and ceo further information aldata solution oyj bertrand sciard president and ceo tel aldata at aldata of our business is dedicated to retail and wholesale business improvement
Alfa group will have 43.9 % of voting stock in the new company and Telenor 35.4 % with a free float of 20.7 % ,neutral,alfa group will have 43.9 % of voting stock in the new company and telenor 35.4 % with a free float of 20.7 %,alfa group will have of voting stock in the new company and telenor with a free float of
Altogether 150 subjects with mildly elevated cholesterol levels participated in the four-month long intervention ,neutral,altogether 150 subjects with mildly elevated cholesterol levels participated in the four-month long intervention,altogether subjects with mildly elevated cholesterol levels participated in the long intervention
"Arto Ryymin , born 1964 , will replace Juhani Kaisanlahti who has worked as acting EVP , Healthcare & Welfare since August 2007 ",neutral,"arto ryymin , born 1964 , will replace juhani kaisanlahti who has worked as acting evp , healthcare & welfare since august 2007",arto ryymin born will replace juhani kaisanlahti who has worked as acting evp healthcare welfare since august
At CapMan Haavisto will be responsible for Group Finances and Accounting and IT ,neutral,at capman haavisto will be responsible for group finances and accounting and it,at capman haavisto will be responsible for group finances and accounting and it
"Cablevision Systems Corp. CVC Their Madison Square Garden division owns and operates the New York Knickerbockers basketball team ; they also own the Madison Square Garden Arena , the New York Rangers hockey team , the New York Liberty women 's basketball team , and the Hartford Wolf Pack hockey team ",neutral,"cablevision systems corp. cvc their madison square garden division owns and operates the new york knickerbockers basketball team ; they also own the madison square garden arena , the new york rangers hockey team , the new york liberty women 's basketball team , and the hartford wolf pack hockey team",cablevision systems cvc their madison square garden division owns and operates the new york knickerbockers basketball team they also own the madison square garden arena the new york rangers hockey team the new york liberty women basketball team and the hartford wolf pack hockey team
"CapMan has six investment areas CapMan Buyout , CapMan Technology , CapMan Life Science , CapMan Russia , CapMan Public Market and CapMan Real Estate , and each of them has a dedicated team and funds ",neutral,"capman has six investment areas capman buyout , capman technology , capman life science , capman russia , capman public market and capman real estate , and each of them has a dedicated team and funds",capman has six investment areas capman buyout capman technology capman life science capman russia capman public market and capman real estate and each of them has a dedicated team and funds
"CapMan Plc Press Release 31 March 2008 Jukka Ruuska , President of the OMX Nordic Exchanges and the Stockholm Stock Exchange , will transfer to CapMan effective no later than September 2008 ",neutral,"capman plc press release 31 march 2008 jukka ruuska , president of the omx nordic exchanges and the stockholm stock exchange , will transfer to capman effective no later than september 2008",capman plc press release march jukka ruuska president of the omx nordic exchanges and the stockholm stock exchange will transfer to capman effective no later than september
"cents The profile contains business operations , the company history , major products and services , prospects , key competitors , structure and key employees , locations and subsidiaries ",neutral,"cents the profile contains business operations , the company history , major products and services , prospects , key competitors , structure and key employees , locations and subsidiaries",cents the profile contains business operations the company history major products and services prospects key competitors structure and key employees locations and subsidiaries
"Conference Call To participate via a conference call , please dial in 5-10 minutes before the beginning of the event : +44 0 20 7162 0025 Europe or +1 334-ï¿½323-ï¿½6201 USA ",neutral,"conference call to participate via a conference call , please dial in 5-10 minutes before the beginning of the event : +44 0 20 7162 0025 europe or +1 334-ï¿½323-ï¿½6201 usa",conference call to participate via a conference call please dial in minutes before the beginning of the event europe or usa
Construction is scheduled to start in April-June 2007 and to be completed in early 2008 ,neutral,construction is scheduled to start in april-june 2007 and to be completed in early 2008,construction is scheduled to start in and to be completed in early
"Founded in 1946 , Strand Associates , which provides civil , environmental , transportation , electrical and mechanical engineering services , has 350 employees at 10 offices in Wisconsin , Alabama , Illinois , Indiana , Kentucky and Ohio ",neutral,"founded in 1946 , strand associates , which provides civil , environmental , transportation , electrical and mechanical engineering services , has 350 employees at 10 offices in wisconsin , alabama , illinois , indiana , kentucky and ohio",founded in strand associates which provides civil environmental transportation electrical and mechanical engineering services has employees at offices in wisconsin alabama illinois indiana kentucky and ohio
Halonen 's office acknowledged receiving the letter but declined comment ,neutral,halonen 's office acknowledged receiving the letter but declined comment,halonen office acknowledged receiving the letter but declined comment
"Headquartered in this city , the company is nearly 75 years old and focuses on science-based innovation and technology for environmental measurement ",neutral,"headquartered in this city , the company is nearly 75 years old and focuses on science-based innovation and technology for environmental measurement",headquartered in this city the company is nearly years old and focuses on innovation and technology for environmental measurement
"In 2009 , Lee & Man had a combined annual production capacity of close to 4.5 million tonnes of paper and 300,000 tonnes of pulp ",neutral,"in 2009 , lee & man had a combined annual production capacity of close to 4.5 million tonnes of paper and 300,000 tonnes of pulp",in lee man had a combined annual production capacity of close to million tonnes of paper and tonnes of pulp
"In the method the smelt spouts 2 are separated from the working area 6 by a shielding wall 8 , 10 arranged movable in relation to the smelt spouts ",neutral,"in the method the smelt spouts 2 are separated from the working area 6 by a shielding wall 8 , 10 arranged movable in relation to the smelt spouts",in the method the smelt spouts are separated from the working area by a shielding wall arranged movable in relation to the smelt spouts
"It is necessary to strengthen the company 's operations , however ",neutral,"it is necessary to strengthen the company 's operations , however",it is necessary to strengthen the company operations however
Le Lay succeeds Walter G++nter and will be based in Finland ,neutral,le lay succeeds walter g++nter and will be based in finland,le lay succeeds walter and will be based in finland
"Lemminkainen Infra Oy 's subsidiary Lemminkainen Sverige AB will perform the construction work , which is expected to start in early 2011 and to be completed in the summer of 2013 ",neutral,"lemminkainen infra oy 's subsidiary lemminkainen sverige ab will perform the construction work , which is expected to start in early 2011 and to be completed in the summer of 2013",lemminkainen infra oy subsidiary lemminkainen sverige ab will perform the construction work which is expected to start in early and to be completed in the summer of
"Los Angeles-based Pacific Office Properties Trust acquires , owns , and operates office properties in the western U.S. , focusing initially on the markets of Honolulu , San Diego , Los Angeles , and Phoenix ",neutral,"los angeles-based pacific office properties trust acquires , owns , and operates office properties in the western u.s. , focusing initially on the markets of honolulu , san diego , los angeles , and phoenix",los pacific office properties trust acquires owns and operates office properties in the western focusing initially on the markets of honolulu san diego los angeles and phoenix
"Mr. Mikko Saavalainen , head of Comptel 's Global Sales concludes : `` Gibtelecom provides a perfect illustration of the variety of business , technical and regulatory challenges operators are facing in their OSS today ",neutral,"mr. mikko saavalainen , head of comptel 's global sales concludes : `` gibtelecom provides a perfect illustration of the variety of business , technical and regulatory challenges operators are facing in their oss today",mikko saavalainen head of comptel global sales concludes gibtelecom provides a perfect illustration of the variety of business technical and regulatory challenges operators are facing in their oss today
"Professional and consumer applications include personal navigation , personal safety , field and workflow management , and asset tracking ",neutral,"professional and consumer applications include personal navigation , personal safety , field and workflow management , and asset tracking",professional and consumer applications include personal navigation personal safety field and workflow management and asset tracking
Satama and Trainers ' House will remain as names and independent brands of the business areas ,neutral,satama and trainers ' house will remain as names and independent brands of the business areas,satama and trainers house will remain as names and independent brands of the business areas
"The above mentioned shareholders will suggest that a monthly salary of EUR 1,400 would be paid for the Board members outside the company ",neutral,"the above mentioned shareholders will suggest that a monthly salary of eur 1,400 would be paid for the board members outside the company",the above mentioned shareholders will suggest that a monthly salary of eur would be paid for the board members outside the company
"The address location is provided to a local controller , preferably by wireless transmission , which then uses the address location to access the appliance control module ",neutral,"the address location is provided to a local controller , preferably by wireless transmission , which then uses the address location to access the appliance control module",the address location is provided to a local controller preferably by wireless transmission which then uses the address location to access the appliance control module
The Bank is also examining the benefits of transferring the Swedish business to operate as a branch office so that the operations would be governed by Finland 's laws ,neutral,the bank is also examining the benefits of transferring the swedish business to operate as a branch office so that the operations would be governed by finland 's laws,the bank is also examining the benefits of transferring the swedish business to operate as a branch office so that the operations would be governed by finland laws
"The donations are granted to Aalto University and the universities of Helsinki , Tampere , Turku , Eastern Finland , Jyv+ï¿½skyl+ï¿½ , Oulu and Vaasa , and to polytechnics to be announced later ",neutral,"the donations are granted to aalto university and the universities of helsinki , tampere , turku , eastern finland , jyv+ï¿½skyl+ï¿½ , oulu and vaasa , and to polytechnics to be announced later",the donations are granted to aalto university and the universities of helsinki tampere turku eastern finland oulu and vaasa and to polytechnics to be announced later
"The guidance has been set at 90 basis points over mid-swaps , the report said ",neutral,"the guidance has been set at 90 basis points over mid-swaps , the report said",the guidance has been set at basis points over the report said
The invention carries International Patent Publication No. ,neutral,the invention carries international patent publication no.,the invention carries international patent publication no
"The inventors are Bylander Johan , Ponten Fredrik and Lundberg Jorgen ",neutral,"the inventors are bylander johan , ponten fredrik and lundberg jorgen",the inventors are bylander johan ponten fredrik and lundberg jorgen
"The inventors are Mukkavilli Krishna Kiran , Sabharwal Ashutosh and Aazhang Behnaam ",neutral,"the inventors are mukkavilli krishna kiran , sabharwal ashutosh and aazhang behnaam",the inventors are mukkavilli krishna kiran sabharwal ashutosh and aazhang behnaam
"The Inventors are Ridge Justin , Bao Yiliang and Karczewicz Marta ",neutral,"the inventors are ridge justin , bao yiliang and karczewicz marta",the inventors are ridge justin bao yiliang and karczewicz marta
The issuer is solely responsible for the content of this announcement ,neutral,the issuer is solely responsible for the content of this announcement,the issuer is solely responsible for the content of this announcement
The issuer is solely responsible for the content of this announcement ,neutral,the issuer is solely responsible for the content of this announcement,the issuer is solely responsible for the content of this announcement
"The market making in accordance with the agreement will begin on September 24 , 2009 ",neutral,"the market making in accordance with the agreement will begin on september 24 , 2009",the market making in accordance with the agreement will begin on september
"The offer price is $ 35 million , including cash of $ 10 million as net debt assumption of FACE , and $ 20 million worth of Cencorp shares to be issued to Savcor ",neutral,"the offer price is $ 35 million , including cash of $ 10 million as net debt assumption of face , and $ 20 million worth of cencorp shares to be issued to savcor",the offer price is million including cash of million as net debt assumption of face and million worth of cencorp shares to be issued to savcor
The original patent was filed in Finland under application No. ,neutral,the original patent was filed in finland under application no.,the original patent was filed in finland under application no
The Swedish subsidiary holds 1.0 % net smelter return `` NSR '' royalties over two advanced copper projects in northern Sweden - the Viscaria and Adak Projects - being developed by Avalon Minerals Ltd. ASX : AVI ,neutral,the swedish subsidiary holds 1.0 % net smelter return `` nsr '' royalties over two advanced copper projects in northern sweden - the viscaria and adak projects - being developed by avalon minerals ltd. asx : avi,the swedish subsidiary holds net smelter return nsr royalties over two advanced copper projects in northern sweden the viscaria and adak projects being developed by avalon minerals asx avi
"The total investment in the Vantaa plant extension will amount to around 10 million euro , and Okmetic 's share of the investments will be worth around 2.7 million ",neutral,"the total investment in the vantaa plant extension will amount to around 10 million euro , and okmetic 's share of the investments will be worth around 2.7 million",the total investment in the vantaa plant extension will amount to around million euro and okmetic share of the investments will be worth around million
Welcome ,neutral,welcome,welcome
"You need to be ready when the window opens up , Rosberg said ",neutral,"you need to be ready when the window opens up , rosberg said",you need to be ready when the window opens up rosberg said
`` Directors and shareholders alike should ask why these practices were allowed to continue . ',neutral,`` directors and shareholders alike should ask why these practices were allowed to continue . ',directors and shareholders alike should ask why these practices were allowed to continue
`` The issues identified by Stonesoft affect a range of content inspection technology ,neutral,`` the issues identified by stonesoft affect a range of content inspection technology,the issues identified by stonesoft affect a range of content inspection technology
`` They want my credit card info and my personal details ,neutral,`` they want my credit card info and my personal details,they want my credit card info and my personal details
About Dopplr Dopplr is a service for smart travellers ,neutral,about dopplr dopplr is a service for smart travellers,about dopplr dopplr is a service for smart travellers
"According to Sweden 's Minister for Local Government and Financial Markets , Mats Odell , the decision to sell the State 's shares in telecom group TeliaSonera can only be carried out in cooperation with the State of Finland ",neutral,"according to sweden 's minister for local government and financial markets , mats odell , the decision to sell the state 's shares in telecom group teliasonera can only be carried out in cooperation with the state of finland",according to sweden minister for local government and financial markets mats odell the decision to sell the state shares in telecom group teliasonera can only be carried out in cooperation with the state of finland
"According to CapMan Plc 's Corporate Governance , the majority of the committees ' members shall be independent of the Company ",neutral,"according to capman plc 's corporate governance , the majority of the committees ' members shall be independent of the company",according to capman plc corporate governance the majority of the committees members shall be independent of the company
"According to Finnair Technical Services , the measure is above all due to the employment situation ",neutral,"according to finnair technical services , the measure is above all due to the employment situation",according to finnair technical services the measure is above all due to the employment situation
"According to Honka Japan 's Managing Director Marko Saarelainen , Honkarakenne exports about 200 ready made log houses to Japan a year ",neutral,"according to honka japan 's managing director marko saarelainen , honkarakenne exports about 200 ready made log houses to japan a year",according to honka japan managing director marko saarelainen honkarakenne exports about ready made log houses to japan a year
"According to preliminary data from Slovakia 's Statistics Office , goods worth E36 .4 million were imported from Finland between January and October 2010 , making up 0.1 percent of Slovakia 's total imports ",neutral,"according to preliminary data from slovakia 's statistics office , goods worth e36 .4 million were imported from finland between january and october 2010 , making up 0.1 percent of slovakia 's total imports",according to preliminary data from slovakia statistics office goods worth million were imported from finland between january and october making up percent of slovakia total imports
"According to Seikku , the retail sector in Finland is controlled by 3-4 large actors , while food manufacturers are still relatively small ",neutral,"according to seikku , the retail sector in finland is controlled by 3-4 large actors , while food manufacturers are still relatively small",according to seikku the retail sector in finland is controlled by large actors while food manufacturers are still relatively small
"Also , a six-year historic analysis is provided for these markets ",neutral,"also , a six-year historic analysis is provided for these markets",also a historic analysis is provided for these markets
"Also , a six-year historic analysis is provided for this market ",neutral,"also , a six-year historic analysis is provided for this market",also a historic analysis is provided for this market
Amanda said that it had already made a USD5 .0 m investment commitment in Russia Partners II fund in July 2005 ,neutral,amanda said that it had already made a usd5 .0 m investment commitment in russia partners ii fund in july 2005,amanda said that it had already made a m investment commitment in russia partners ii fund in july
"An  of the invention , released by the Patent Office , said : `` The chambers are pressurized ",neutral,"an of the invention , released by the patent office , said : `` the chambers are pressurized",an of the invention released by the patent office said the chambers are pressurized
An audio webcast will be available live and archived on Cerner 's Web site at www.cerner.com ,neutral,an audio webcast will be available live and archived on cerner 's web site at www.cerner.com,an audio webcast will be available live and archived on cerner web site at
BasWare Order Matching automatically matches purchase invoices with approved purchase orders ,neutral,basware order matching automatically matches purchase invoices with approved purchase orders,basware order matching automatically matches purchase invoices with approved purchase orders
"Capacity of the facility made by Finland 's Vaahto Group is 86,000 tons of light coated paper ",neutral,"capacity of the facility made by finland 's vaahto group is 86,000 tons of light coated paper",capacity of the facility made by finland vaahto group is tons of light coated paper
"CapMan , an asset manager , has EUR 3bn worth of assets under management in the Nordic region ",neutral,"capman , an asset manager , has eur 3bn worth of assets under management in the nordic region",capman an asset manager has eur worth of assets under management in the nordic region
"CapMan has four investment areas ( CapMan Buyout , CapMan Technology , CapMan Life Science and CapMan Real Estate ) , and each of them has a dedicated team ",neutral,"capman has four investment areas ( capman buyout , capman technology , capman life science and capman real estate ) , and each of them has a dedicated team",capman has four investment areas capman buyout capman technology capman life science and capman real estate and each of them has a dedicated team
Castecka said the town hall would hold talks with other investors interested in the zone ,neutral,castecka said the town hall would hold talks with other investors interested in the zone,castecka said the town hall would hold talks with other investors interested in the zone
"Changes being announced today will be effective after the close of trading on Friday , June 19 , 2009 ",neutral,"changes being announced today will be effective after the close of trading on friday , june 19 , 2009",changes being announced today will be effective after the close of trading on friday june
"CHS Expo Freight is a major Finnish fair , exhibition and culture logistics company that provides logistics services to various events by land , air and sea ",neutral,"chs expo freight is a major finnish fair , exhibition and culture logistics company that provides logistics services to various events by land , air and sea",chs expo freight is a major finnish fair exhibition and culture logistics company that provides logistics services to various events by land air and sea
Competition authorities will have to approve the deal before it can be finalized ,neutral,competition authorities will have to approve the deal before it can be finalized,competition authorities will have to approve the deal before it can be finalized
"Complete name of shareholder : Otto Henrik Bernhard Nyberg For further information , please contact Maija-Liisa Friman , CEO , tel. +358 9 7597 0711 ",neutral,"complete name of shareholder : otto henrik bernhard nyberg for further information , please contact maija-liisa friman , ceo , tel. +358 9 7597 0711",complete name of shareholder otto henrik bernhard nyberg for further information please contact friman ceo tel
Completion of the transaction is subject to a final agreement and a Due Diligence process ,neutral,completion of the transaction is subject to a final agreement and a due diligence process,completion of the transaction is subject to a final agreement and a due diligence process
Construction is expected to be completed in the summer of 2011 ,neutral,construction is expected to be completed in the summer of 2011,construction is expected to be completed in the summer of
Dragonfly Love is another video shot from start to finish using the Nokia N8 ,neutral,dragonfly love is another video shot from start to finish using the nokia n8,dragonfly love is another video shot from start to finish using the nokia
"Elcoteq 's Electronics Manufacturing Services ( EMS ) Business Segment serves customers globally in Engineering , Manufacturing and Fulfillment services ",neutral,"elcoteq 's electronics manufacturing services ( ems ) business segment serves customers globally in engineering , manufacturing and fulfillment services",elcoteq electronics manufacturing services ems business segment serves customers globally in engineering manufacturing and fulfillment services
"EQT has completed its exit from Salcomp , a Finnish company that makes mobile phone chargers , by selling its remaining stake to Swedish investment group Nordstjernan for about ( EURO ) 35 million ( $ 47 million ) ",neutral,"eqt has completed its exit from salcomp , a finnish company that makes mobile phone chargers , by selling its remaining stake to swedish investment group nordstjernan for about ( euro ) 35 million ( $ 47 million )",eqt has completed its exit from salcomp a finnish company that makes mobile phone chargers by selling its remaining stake to swedish investment group nordstjernan for about euro million million
"FinancialWire ( tm ) , in cooperation with the Investrend Broadcast Syndicate , also provides complete , daily conference call and webcast schedules as a service to shareholders and investors via the FirstAlert ( tm ) Networks oeFirstAlert ( tm ) Daily ",neutral,"financialwire ( tm ) , in cooperation with the investrend broadcast syndicate , also provides complete , daily conference call and webcast schedules as a service to shareholders and investors via the firstalert ( tm ) networks oefirstalert ( tm ) daily",financialwire tm in cooperation with the investrend broadcast syndicate also provides complete daily conference call and webcast schedules as a service to shareholders and investors via the firstalert tm networks oefirstalert tm daily
"Following the registration , the number of issued and outstanding shares of Basware is 12,890,829 ",neutral,"following the registration , the number of issued and outstanding shares of basware is 12,890,829",following the registration the number of issued and outstanding shares of basware is
Fortum had previously bought the state-held stake in TGK-10 from RAO UES during its reform ,neutral,fortum had previously bought the state-held stake in tgk-10 from rao ues during its reform,fortum had previously bought the stake in from rao ues during its reform
"Goodwill and other intangible assets account for some 2.0 mln euro ( $ 2.6 mln ) of the purchase price , 20 pct of which payable in Aspo shares ",neutral,"goodwill and other intangible assets account for some 2.0 mln euro ( $ 2.6 mln ) of the purchase price , 20 pct of which payable in aspo shares",goodwill and other intangible assets account for some mln euro mln of the purchase price pct of which payable in aspo shares
"Harold W. Young is an independent broker working closely with several retailers including Ahold USA , Market Basket , CVS , BJ 's Wholesale Club , Hannaford and Cumberland Farms ",neutral,"harold w. young is an independent broker working closely with several retailers including ahold usa , market basket , cvs , bj 's wholesale club , hannaford and cumberland farms",harold young is an independent broker working closely with several retailers including ahold usa market basket cvs bj wholesale club hannaford and cumberland farms
"Honkarakenne mainly exports large luxury log houses to Russia to be used as one-family houses or holiday homes ; 70 % of sales go to the Moscow region , about 20 % to the St Petersburg region , and the remainder to other locations ",neutral,"honkarakenne mainly exports large luxury log houses to russia to be used as one-family houses or holiday homes ; 70 % of sales go to the moscow region , about 20 % to the st petersburg region , and the remainder to other locations",honkarakenne mainly exports large luxury log houses to russia to be used as houses or holiday homes of sales go to the moscow region about to the st petersburg region and the remainder to other locations
"In providing managed services , Nokia takes responsibility for building , operating and transferring as well as optimising the Indosat 3G network ",neutral,"in providing managed services , nokia takes responsibility for building , operating and transferring as well as optimising the indosat 3g network",in providing managed services nokia takes responsibility for building operating and transferring as well as optimising the indosat network
"In today s business , you have to pre-empt what consumers want , said Mohammed Zainalabedin , General Manager , Zain Bahrain ",neutral,"in today s business , you have to pre-empt what consumers want , said mohammed zainalabedin , general manager , zain bahrain",in today s business you have to what consumers want said mohammed zainalabedin general manager zain bahrain
Insurance policies should be simple ,neutral,insurance policies should be simple,insurance policies should be simple
"It is a member of the OneWorld alliance , which includes American Airlines and British Airways ",neutral,"it is a member of the oneworld alliance , which includes american airlines and british airways",it is a member of the oneworld alliance which includes american airlines and british airways
It is expected to be completed by the end of 2007 ,neutral,it is expected to be completed by the end of 2007,it is expected to be completed by the end of
It will provide heating in the form of hot water for the sawmill 's needs ,neutral,it will provide heating in the form of hot water for the sawmill 's needs,it will provide heating in the form of hot water for the sawmill needs
Its 168 asset management experts manage assets worth over EUR 35 billion ,neutral,its 168 asset management experts manage assets worth over eur 35 billion,its asset management experts manage assets worth over eur billion
Jon Risfelt is 49 years old holds a Master of Science in Chemical Engineering from the Swedish Royal Institute of Technology ,neutral,jon risfelt is 49 years old holds a master of science in chemical engineering from the swedish royal institute of technology,jon risfelt is years old holds a master of science in chemical engineering from the swedish royal institute of technology
Juha Haapakoski will continue as Editor-in-Chief with budget responsibility also with the new publisher ,neutral,juha haapakoski will continue as editor-in-chief with budget responsibility also with the new publisher,juha haapakoski will continue as with budget responsibility also with the new publisher
"Jun. 25 , 2008 ( Boy Genius Report delivered by Newstex ) -- The Nokia ( NYSE : NOK ) N78 , huh ",neutral,"jun. 25 , 2008 ( boy genius report delivered by newstex ) -- the nokia ( nyse : nok ) n78 , huh",jun boy genius report delivered by newstex the nokia nyse nok huh
"Last July , the group said it intended to relocate warehouse and office space in Loudeac and Saint Marcel to Morvillars , in the east of France , where it already operates a hook manufacturing and distribution unit ",neutral,"last july , the group said it intended to relocate warehouse and office space in loudeac and saint marcel to morvillars , in the east of france , where it already operates a hook manufacturing and distribution unit",last july the group said it intended to relocate warehouse and office space in loudeac and saint marcel to morvillars in the east of france where it already operates a hook manufacturing and distribution unit
"LKAB , headquartered in Lulea , Sweden , is a high-tech mining company producing upgraded iron ore products for the steel industry ",neutral,"lkab , headquartered in lulea , sweden , is a high-tech mining company producing upgraded iron ore products for the steel industry",lkab headquartered in lulea sweden is a mining company producing upgraded iron ore products for the steel industry
"Look out for vintage fabric cushion covers , '70s coffee pots , ceramic serving dishes , cocktail glasses , and stainless steel party dishes ",neutral,"look out for vintage fabric cushion covers , '70s coffee pots , ceramic serving dishes , cocktail glasses , and stainless steel party dishes",look out for vintage fabric cushion covers coffee pots ceramic serving dishes cocktail glasses and stainless steel party dishes
"Name of Applicant : Jot Automation OYName of Inventor : Mammila Tuomo , Piirainen Mika and Kellokoski MikaApplication No. : 2424-KOLNP-2008 ADate of filing of Application : 16-06-2008Publication Date : 30/01/200",neutral,"name of applicant : jot automation oyname of inventor : mammila tuomo , piirainen mika and kellokoski mikaapplication no. : 2424-kolnp-2008 adate of filing of application : 16-06-2008publication date : 30/01/200",name of applicant jot automation oyname of inventor mammila tuomo piirainen mika and kellokoski mikaapplication no adate of filing of application date
National sponsors for The Big Read include National Endowment for the Arts in cooperation with the Institute of Museum and Library Services and Arts Midwest ,neutral,national sponsors for the big read include national endowment for the arts in cooperation with the institute of museum and library services and arts midwest,national sponsors for the big read include national endowment for the arts in cooperation with the institute of museum and library services and arts midwest
Neste Oil Corporation Refining Operation Asset Summary Report Summary Neste Oil Corporation Refining Operation Assets Summary Report is an essential source for company data and information ,neutral,neste oil corporation refining operation asset summary report summary neste oil corporation refining operation assets summary report is an essential source for company data and information,neste oil corporation refining operation asset summary report summary neste oil corporation refining operation assets summary report is an essential source for company data and information
"Of these shares 14,747,084 are held by the Company and the number of outstanding shares and voting rights attached to the shares amounts thus to 161,256,847 ",neutral,"of these shares 14,747,084 are held by the company and the number of outstanding shares and voting rights attached to the shares amounts thus to 161,256,847",of these shares are held by the company and the number of outstanding shares and voting rights attached to the shares amounts thus to
"Oka specialises in new construction , renovation work of residential and non-residential building as well as premises for industrial and logistical use ",neutral,"oka specialises in new construction , renovation work of residential and non-residential building as well as premises for industrial and logistical use",oka specialises in new construction renovation work of residential and building as well as premises for industrial and logistical use
Okmetic Board of Directors has also decided on a new share ownership program directed to the company 's top management ,neutral,okmetic board of directors has also decided on a new share ownership program directed to the company 's top management,okmetic board of directors has also decided on a new share ownership program directed to the company top management
"Panostaja , headquartered in Tampere , Finland , is an investment company focusing on small and medium-sized Finnish companies operating in the traditional industries ",neutral,"panostaja , headquartered in tampere , finland , is an investment company focusing on small and medium-sized finnish companies operating in the traditional industries",panostaja headquartered in tampere finland is an investment company focusing on small and finnish companies operating in the traditional industries
Pertti Ervi is independent from the Company and its major shareholders ,neutral,pertti ervi is independent from the company and its major shareholders,pertti ervi is independent from the company and its major shareholders
"Please inform IR Johanna Koskinen of your participation no later than 20 April at 10 a.m. A telephone conference for financial analysts and investors , conducted in English , will begin at 3:00 p.m. Finnish time ( EET ) ",neutral,"please inform ir johanna koskinen of your participation no later than 20 april at 10 a.m. a telephone conference for financial analysts and investors , conducted in english , will begin at 3:00 p.m. finnish time ( eet )",please inform ir johanna koskinen of your participation no later than april at a telephone conference for financial analysts and investors conducted in english will begin at finnish time eet
"Previously , the plant was expected to be completed by the end of 2008 ",neutral,"previously , the plant was expected to be completed by the end of 2008",previously the plant was expected to be completed by the end of
"Prothious Engineering ( www.prothious.com ) employs more than 1,000 and has a large portfolio of projects and an annual detailing capacity of more than 100,000 tonnes ",neutral,"prothious engineering ( www.prothious.com ) employs more than 1,000 and has a large portfolio of projects and an annual detailing capacity of more than 100,000 tonnes",prothious engineering employs more than and has a large portfolio of projects and an annual detailing capacity of more than tonnes
Rapala aims to move the distribution unit Ragot from Loudeac in Bretagne and the distribution unit Waterqueen and the fishing line supplier Tortue from Saint Marcel in Central France to Morvillars ,neutral,rapala aims to move the distribution unit ragot from loudeac in bretagne and the distribution unit waterqueen and the fishing line supplier tortue from saint marcel in central france to morvillars,rapala aims to move the distribution unit ragot from loudeac in bretagne and the distribution unit waterqueen and the fishing line supplier tortue from saint marcel in central france to morvillars
"RAPALA TOURNAMENT FISHING : With all the major titles already out for the holidays , bargain-priced games such as Rapala aim for a smaller audience ",neutral,"rapala tournament fishing : with all the major titles already out for the holidays , bargain-priced games such as rapala aim for a smaller audience",rapala tournament fishing with all the major titles already out for the holidays games such as rapala aim for a smaller audience
"RFID ( Radio Frequency Identification ) is a method of so-called intelligent transport , whereby information can be read and saved remotely ",neutral,"rfid ( radio frequency identification ) is a method of so-called intelligent transport , whereby information can be read and saved remotely",rfid radio frequency identification is a method of intelligent transport whereby information can be read and saved remotely
"Sanoma also has an Executive Committee , in accordance with the Company 's Articles of Association , that prepares proposals for matters to be decided or noted by the Board of Directors ",neutral,"sanoma also has an executive committee , in accordance with the company 's articles of association , that prepares proposals for matters to be decided or noted by the board of directors",sanoma also has an executive committee in accordance with the company articles of association that prepares proposals for matters to be decided or noted by the board of directors
"Sarantel , based in Wellingborough , UK , designs high-performance antennas for portable wireless devices ",neutral,"sarantel , based in wellingborough , uk , designs high-performance antennas for portable wireless devices",sarantel based in wellingborough uk designs antennas for portable wireless devices
Shares will be acquired in accordance with section 5 of the rules of NASDAQ OMX Helsinki and other rules applicable to the acquisition of own shares ,neutral,shares will be acquired in accordance with section 5 of the rules of nasdaq omx helsinki and other rules applicable to the acquisition of own shares,shares will be acquired in accordance with section of the rules of nasdaq omx helsinki and other rules applicable to the acquisition of own shares
"She will succeed Krister Kylas , who has decided to leave TeliaSonera ",neutral,"she will succeed krister kylas , who has decided to leave teliasonera",she will succeed krister kylas who has decided to leave teliasonera
Shuweihat 2 got under way in July 2008 when the project was awarded to desalination and power contractors ,neutral,shuweihat 2 got under way in july 2008 when the project was awarded to desalination and power contractors,shuweihat got under way in july when the project was awarded to desalination and power contractors
"Simmons Elected DCUC Chairman PORTSMOUTH , N.H.-Gordon A. Simmons , CEO of Service Credit Union , has been elected chairman of the Defense Credit Union Council for the 2007-2008 term ",neutral,"simmons elected dcuc chairman portsmouth , n.h.-gordon a. simmons , ceo of service credit union , has been elected chairman of the defense credit union council for the 2007-2008 term",simmons elected dcuc chairman portsmouth simmons ceo of service credit union has been elected chairman of the defense credit union council for the term
Stock Exchange Release 10/3/2011 12:00 Sanoma has published its Annual Report and Financial Statements for 2010 and its first Corporate Responsibility Report ,neutral,stock exchange release 10/3/2011 12:00 sanoma has published its annual report and financial statements for 2010 and its first corporate responsibility report,stock exchange release sanoma has published its annual report and financial statements for and its first corporate responsibility report
"Stockholm-based Nordea Bank ( STO : NDA ) said yesterday it had hired Casper von Koskull to lead its corporate merchant banking and capital markets unit , effective 1 September ",neutral,"stockholm-based nordea bank ( sto : nda ) said yesterday it had hired casper von koskull to lead its corporate merchant banking and capital markets unit , effective 1 september",nordea bank sto nda said yesterday it had hired casper von koskull to lead its corporate merchant banking and capital markets unit effective september
"Swedish , Finnish and Danish listed companies are organized in three market cap segments , Nordic Large Cap , Mid Cap and Small Cap ",neutral,"swedish , finnish and danish listed companies are organized in three market cap segments , nordic large cap , mid cap and small cap",swedish finnish and danish listed companies are organized in three market cap segments nordic large cap mid cap and small cap
Symphony Services provides development services for Aldata GOLD ,neutral,symphony services provides development services for aldata gold,symphony services provides development services for aldata gold
"Tekla provides 3D software for building and infrastructure engineering , with a focus on building information modelling of steel and concrete structures from design to construction ",neutral,"tekla provides 3d software for building and infrastructure engineering , with a focus on building information modelling of steel and concrete structures from design to construction",tekla provides software for building and infrastructure engineering with a focus on building information modelling of steel and concrete structures from design to construction
"Teleste 's hybrid TV solution includes components for the whole process of delivering video services to consumers from content acquisition and service creation to delivery through a range of access solutions , including HFC ( hybrid fibre-coaxial ) , xDSL , EttH , and FttH ",neutral,"teleste 's hybrid tv solution includes components for the whole process of delivering video services to consumers from content acquisition and service creation to delivery through a range of access solutions , including hfc ( hybrid fibre-coaxial ) , xdsl , etth , and ftth",teleste hybrid tv solution includes components for the whole process of delivering video services to consumers from content acquisition and service creation to delivery through a range of access solutions including hfc hybrid xdsl etth and ftth
The agreement is valid for four years ,neutral,the agreement is valid for four years,the agreement is valid for four years
"The broker started UPM-Kymmene , Stora Enso and Sappi with ` equal-weight ' recommendations and Holmen and Norske Skog with ` underweight ' ratings ",neutral,"the broker started upm-kymmene , stora enso and sappi with ` equal-weight ' recommendations and holmen and norske skog with ` underweight ' ratings",the broker started stora enso and sappi with recommendations and holmen and norske skog with underweight ratings
"The business has sales of about ( Euro ) 35 million ( $ 44million ) , and has been responsible for sales and marketing of Lanxess 's paper chemicals business , which Kemira bought for ( Euro ) 88 million early this year ( CW , Jan. 11 , p. 22 ) ",neutral,"the business has sales of about ( euro ) 35 million ( $ 44million ) , and has been responsible for sales and marketing of lanxess 's paper chemicals business , which kemira bought for ( euro ) 88 million early this year ( cw , jan. 11 , p. 22 )",the business has sales of about euro million and has been responsible for sales and marketing of lanxess paper chemicals business which kemira bought for euro million early this year cw
The business section also includes Ahlstrom 's sustainability report ,neutral,the business section also includes ahlstrom 's sustainability report,the business section also includes ahlstrom sustainability report
The commission said the hydrogen peroxide and PBS market was worth about 470 million euros in 2000 ,neutral,the commission said the hydrogen peroxide and pbs market was worth about 470 million euros in 2000,the commission said the hydrogen peroxide and pbs market was worth about million euros in
The company is presently examining whether the project would be financially feasible ,neutral,the company is presently examining whether the project would be financially feasible,the company is presently examining whether the project would be financially feasible
The company is studying the feasibility of focusing most of its processed meat production in the Vantaa facilities and the processing of fresh meat in the Forssa facilities ,neutral,the company is studying the feasibility of focusing most of its processed meat production in the vantaa facilities and the processing of fresh meat in the forssa facilities,the company is studying the feasibility of focusing most of its processed meat production in the vantaa facilities and the processing of fresh meat in the forssa facilities
The company specialises in temporary electrification and heating at construction sites ,neutral,the company specialises in temporary electrification and heating at construction sites,the company specialises in temporary electrification and heating at construction sites
"The dividend is payable on February 1 , 2010 to shareholders of record on January 19 , 2010 ",neutral,"the dividend is payable on february 1 , 2010 to shareholders of record on january 19 , 2010",the dividend is payable on february to shareholders of record on january
The EUR 0.7 million non-recurring expenses have been recorded for the third quarter ,neutral,the eur 0.7 million non-recurring expenses have been recorded for the third quarter,the eur million expenses have been recorded for the third quarter
The event can be followed on-line via Orion 's Finnish homepage at www.orion.fi as well as via the Kauppalehti Live web service at www.kauppalehti.fi/live ,neutral,the event can be followed on-line via orion 's finnish homepage at www.orion.fi as well as via the kauppalehti live web service at www.kauppalehti.fi/live,the event can be followed via orion finnish homepage at as well as via the kauppalehti live web service at
The Extraordinary General Meeting is expected to take place no later than 18 February 2011 ,neutral,the extraordinary general meeting is expected to take place no later than 18 february 2011,the extraordinary general meeting is expected to take place no later than february
The first of the two project phases is expected to be completed by the end of 2012 ,neutral,the first of the two project phases is expected to be completed by the end of 2012,the first of the two project phases is expected to be completed by the end of
"The group intends to relocate warehouse and office space in Loudeac and Saint Marcel to Morvillars , in the east of the country , where it already operates a hook manufacturing and distribution unit ",neutral,"the group intends to relocate warehouse and office space in loudeac and saint marcel to morvillars , in the east of the country , where it already operates a hook manufacturing and distribution unit",the group intends to relocate warehouse and office space in loudeac and saint marcel to morvillars in the east of the country where it already operates a hook manufacturing and distribution unit
"The Group owns and operates a fleet of more than 800dwt , while container capacity is 17,000 TEUs , and manages a diversified fleet of its own railway rolling stock of over 17,000 units ",neutral,"the group owns and operates a fleet of more than 800dwt , while container capacity is 17,000 teus , and manages a diversified fleet of its own railway rolling stock of over 17,000 units",the group owns and operates a fleet of more than while container capacity is teus and manages a diversified fleet of its own railway rolling stock of over units
"The Hayward , Calif.-based target designs active , casual and dress footwear , as well as boots and sandals ",neutral,"the hayward , calif.-based target designs active , casual and dress footwear , as well as boots and sandals",the hayward target designs active casual and dress footwear as well as boots and sandals
"The Lemminkainen Group , headquartered in Helsinki , Finland operates in all sectors of the construction industry : civil engineering , building contracting , technical building services and the building materials industry ",neutral,"the lemminkainen group , headquartered in helsinki , finland operates in all sectors of the construction industry : civil engineering , building contracting , technical building services and the building materials industry",the lemminkainen group headquartered in helsinki finland operates in all sectors of the construction industry civil engineering building contracting technical building services and the building materials industry
"The Marubeni Group focuses on creating `` value chain '' from upstream to downstream , encompassing a wide variety of business fields , including oil & gas , metals , mineral resources , foods , pulp & paper and chemicals , among others ",neutral,"the marubeni group focuses on creating `` value chain '' from upstream to downstream , encompassing a wide variety of business fields , including oil & gas , metals , mineral resources , foods , pulp & paper and chemicals , among others",the marubeni group focuses on creating value chain from upstream to downstream encompassing a wide variety of business fields including oil gas metals mineral resources foods pulp paper and chemicals among others
The new B shares carry the right to dividend and other shareholder rights with effect from today ,neutral,the new b shares carry the right to dividend and other shareholder rights with effect from today,the new b shares carry the right to dividend and other shareholder rights with effect from today
The office space will rise above the remodeled Cannon Street underground station ,neutral,the office space will rise above the remodeled cannon street underground station,the office space will rise above the remodeled cannon street underground station
The Oxyview Pulse Oximeter is a common device to check patient blood-oxygen saturation level and pulse rate ,neutral,the oxyview pulse oximeter is a common device to check patient blood-oxygen saturation level and pulse rate,the oxyview pulse oximeter is a common device to check patient saturation level and pulse rate
The project is expected to be completed in 2009 ,neutral,the project is expected to be completed in 2009,the project is expected to be completed in
"The reason for this is St. Petersburg status as a capital , one of the participants in the meeting quoted Chikunov as saying ",neutral,"the reason for this is st. petersburg status as a capital , one of the participants in the meeting quoted chikunov as saying",the reason for this is petersburg status as a capital one of the participants in the meeting quoted chikunov as saying
"The report goes on to provide detailed profiles of ten leading European specialty chemicals companies , and brief profiles of other major players ",neutral,"the report goes on to provide detailed profiles of ten leading european specialty chemicals companies , and brief profiles of other major players",the report goes on to provide detailed profiles of ten leading european specialty chemicals companies and brief profiles of other major players
"The report profiles 614 companies including many key and niche players worldwide such as Black & Decker Corporation , Fiskars Corporation , Fiskars Brands , Inc. , Husqvarna Outdoor Products Inc. , K+S Group , Ryobi Technologies , Inc. , The Scotts Miracle-Gro Company , and Van Group , Inc. ",neutral,"the report profiles 614 companies including many key and niche players worldwide such as black & decker corporation , fiskars corporation , fiskars brands , inc. , husqvarna outdoor products inc. , k+s group , ryobi technologies , inc. , the scotts miracle-gro company , and van group , inc.",the report profiles companies including many key and niche players worldwide such as black decker corporation fiskars corporation fiskars brands husqvarna outdoor products group ryobi technologies the scotts company and van group inc
"The report profiles 614 companies including many key and niche players worldwide such as Black & Decker Corporation , Fiskars Corporation , Fiskars Brands , Inc. , Husqvarna Outdoor Products Inc. , K+S Group , Ryobi Technologies , Inc. , The Scotts Miracle-Gro Company , and Van Group , Inc. ",neutral,"the report profiles 614 companies including many key and niche players worldwide such as black & decker corporation , fiskars corporation , fiskars brands , inc. , husqvarna outdoor products inc. , k+s group , ryobi technologies , inc. , the scotts miracle-gro company , and van group , inc.",the report profiles companies including many key and niche players worldwide such as black decker corporation fiskars corporation fiskars brands husqvarna outdoor products group ryobi technologies the scotts company and van group inc
The server is responsible for managing devices and user accounts and a desktop client application enables remote access to the mobile phones ,neutral,the server is responsible for managing devices and user accounts and a desktop client application enables remote access to the mobile phones,the server is responsible for managing devices and user accounts and a desktop client application enables remote access to the mobile phones
The share of the share capital of both above mentioned shareholders remains below 5 % ,neutral,the share of the share capital of both above mentioned shareholders remains below 5 %,the share of the share capital of both above mentioned shareholders remains below
"The shares shall be repurchased through public trading , for which reason the shares are repurchased otherwise than in proportion to the holdings of the shareholders ",neutral,"the shares shall be repurchased through public trading , for which reason the shares are repurchased otherwise than in proportion to the holdings of the shareholders",the shares shall be repurchased through public trading for which reason the shares are repurchased otherwise than in proportion to the holdings of the shareholders
"The subsidiary will be responsible for filter sales , local assembly of filters and after market services in China ",neutral,"the subsidiary will be responsible for filter sales , local assembly of filters and after market services in china",the subsidiary will be responsible for filter sales local assembly of filters and after market services in china
The total value of the project is valued at SEK 30bn ( EUR 2.83 bn USD 3.81 bn ) ,neutral,the total value of the project is valued at sek 30bn ( eur 2.83 bn usd 3.81 bn ),the total value of the project is valued at sek eur bn usd bn
The trade is in accordance with the agreement announced on 26 March 2008 ,neutral,the trade is in accordance with the agreement announced on 26 march 2008,the trade is in accordance with the agreement announced on march
The transaction is expected to be completed next spring ,neutral,the transaction is expected to be completed next spring,the transaction is expected to be completed next spring
The writing and publication of Lemmink+ï¿½inen -ï¿½ s history is a continuation of earlier collaboration between Antti Tuuri and the company ,neutral,the writing and publication of lemmink+ï¿½inen -ï¿½ s history is a continuation of earlier collaboration between antti tuuri and the company,the writing and publication of s history is a continuation of earlier collaboration between antti tuuri and the company
"These products include Personal Communications products such as mobile phones and their parts , Home Communications products such as set-top boxes and electronics for flat panel TVs as well as Communications Networks products such as base-stations , tower-top amplifiers , and microwave systems ",neutral,"these products include personal communications products such as mobile phones and their parts , home communications products such as set-top boxes and electronics for flat panel tvs as well as communications networks products such as base-stations , tower-top amplifiers , and microwave systems",these products include personal communications products such as mobile phones and their parts home communications products such as boxes and electronics for flat panel tvs as well as communications networks products such as amplifiers and microwave systems
"To check them out or to make a bid they will be in the Deka Showroom , Fortitude Valley ",neutral,"to check them out or to make a bid they will be in the deka showroom , fortitude valley",to check them out or to make a bid they will be in the deka showroom fortitude valley
Uponor maintains its full-year guidance for 2010 ,neutral,uponor maintains its full-year guidance for 2010,uponor maintains its guidance for
"Utah 's capital wanted to be the next U.S. headquarters of Amer Sports Corp. , a ski-equipment company ",neutral,"utah 's capital wanted to be the next u.s. headquarters of amer sports corp. , a ski-equipment company",utah capital wanted to be the next headquarters of amer sports a company
What would you like to see changed on Nokia 's next attempt ,neutral,what would you like to see changed on nokia 's next attempt,what would you like to see changed on nokia next attempt
"When completed , the 120-meter Watchtower will be the highest building in Ireland ",neutral,"when completed , the 120-meter watchtower will be the highest building in ireland",when completed the watchtower will be the highest building in ireland
"Viking will pay EUR 130 million for the new ship , which will be completed in January 2008 ",neutral,"viking will pay eur 130 million for the new ship , which will be completed in january 2008",viking will pay eur million for the new ship which will be completed in january
ASSA ABLOY Kaupthing Bank gave a ` neutral ' recommendation and a share price target of 174 crowns $ 24.7 - 19 euro on Swedish lock maker Assa Abloy AB ,neutral,assa abloy kaupthing bank gave a ` neutral ' recommendation and a share price target of 174 crowns $ 24.7 - 19 euro on swedish lock maker assa abloy ab,assa abloy kaupthing bank gave a neutral recommendation and a share price target of crowns euro on swedish lock maker assa abloy ab
`` Our aim is to understand different traffic patterns based on the use of each building ,neutral,`` our aim is to understand different traffic patterns based on the use of each building,our aim is to understand different traffic patterns based on the use of each building
`` Our Vaalipalvelu-service was especially developed for use by communities and organizations ,neutral,`` our vaalipalvelu-service was especially developed for use by communities and organizations,our was especially developed for use by communities and organizations
"`` The industry is coming to an interesting fork in the road as both handset manufacturers and wireless carriers attempt to serve as the portal for Web-based service to your wireless handset , '' he wrote ",neutral,"`` the industry is coming to an interesting fork in the road as both handset manufacturers and wireless carriers attempt to serve as the portal for web-based service to your wireless handset , '' he wrote",the industry is coming to an interesting fork in the road as both handset manufacturers and wireless carriers attempt to serve as the portal for service to your wireless handset he wrote
18:30 Dinner The conference program can also be viewed as a live audio webcast through the internet pages at www.citycon.com ,neutral,18:30 dinner the conference program can also be viewed as a live audio webcast through the internet pages at www.citycon.com,dinner the conference program can also be viewed as a live audio webcast through the internet pages at
A PLUMBING business has announced it is sponsoring a professional darts player ,neutral,a plumbing business has announced it is sponsoring a professional darts player,a plumbing business has announced it is sponsoring a professional darts player
"A. Le Coq Special was developed for the bicentenary of the company and the trade mark , the brewer said ",neutral,"a. le coq special was developed for the bicentenary of the company and the trade mark , the brewer said",le coq special was developed for the bicentenary of the company and the trade mark the brewer said
Another noticeable thing is that the search for Tata and Airtel brands was mostly related to ` broadband connections ' ,neutral,another noticeable thing is that the search for tata and airtel brands was mostly related to ` broadband connections ',another noticeable thing is that the search for tata and airtel brands was mostly related to broadband connections
Aspo has also investigated the sales opportunities of Kaukomarkkinat 's electronics business ,neutral,aspo has also investigated the sales opportunities of kaukomarkkinat 's electronics business,aspo has also investigated the sales opportunities of kaukomarkkinat electronics business
"At the beginning of the subscription period on May 2 , 2006 the share subscription price under B option right is EUR 10.22 per share ",neutral,"at the beginning of the subscription period on may 2 , 2006 the share subscription price under b option right is eur 10.22 per share",at the beginning of the subscription period on may the share subscription price under b option right is eur per share
Both Mr Walden and Mr Ignatius will be responsible also for the newspapers ' business result ,neutral,both mr walden and mr ignatius will be responsible also for the newspapers ' business result,both mr walden and mr ignatius will be responsible also for the newspapers business result
Capitex Kalmar will continue to be responsible for the maintenance and technical development of the services ,neutral,capitex kalmar will continue to be responsible for the maintenance and technical development of the services,capitex kalmar will continue to be responsible for the maintenance and technical development of the services
Changes to the as-built models from the design were communicated to the subcontractors to accommodate them into the steel and GRC glass reinforced concrete fabrication process ,neutral,changes to the as-built models from the design were communicated to the subcontractors to accommodate them into the steel and grc glass reinforced concrete fabrication process,changes to the models from the design were communicated to the subcontractors to accommodate them into the steel and grc glass reinforced concrete fabrication process
Customers in a wide range of industries use our stainless steel and services worldwide ,neutral,customers in a wide range of industries use our stainless steel and services worldwide,customers in a wide range of industries use our stainless steel and services worldwide
Exel wants to serve its industrial customers with individual products ,neutral,exel wants to serve its industrial customers with individual products,exel wants to serve its industrial customers with individual products
"Finnish bank Pohjola Bank Plc HEL : POH1S said today that it will issue a EUR 40 million USD 51.2 m index-linked bond , Pohjola Tutkimuksen Tahdet VIII-2010 Pohjola Research Stars VIII-2010 , on October 27 , 2010 ",neutral,"finnish bank pohjola bank plc hel : poh1s said today that it will issue a eur 40 million usd 51.2 m index-linked bond , pohjola tutkimuksen tahdet viii-2010 pohjola research stars viii-2010 , on october 27 , 2010",finnish bank pohjola bank plc hel said today that it will issue a eur million usd m bond pohjola tutkimuksen tahdet pohjola research stars on october
From Merisatama to the far corners of the world Asfaltti Osakeyhti+ï¿½ Lemmink+ï¿½inen was established in 1910 by a group of master builders in Helsinki as a specialist business and subcontractor ,neutral,from merisatama to the far corners of the world asfaltti osakeyhti+ï¿½ lemmink+ï¿½inen was established in 1910 by a group of master builders in helsinki as a specialist business and subcontractor,from merisatama to the far corners of the world asfaltti was established in by a group of master builders in helsinki as a specialist business and subcontractor
"F-Secure , a developer of security solutions as a service through Internet Service Providers and mobile operators , announced results from its annual Online Wellbeing Survey ",neutral,"f-secure , a developer of security solutions as a service through internet service providers and mobile operators , announced results from its annual online wellbeing survey",a developer of security solutions as a service through internet service providers and mobile operators announced results from its annual online wellbeing survey
"In 2008 , Kemira recorded revenue of approximately EUR 2.8 billion and had a staff of 9,400 ",neutral,"in 2008 , kemira recorded revenue of approximately eur 2.8 billion and had a staff of 9,400",in kemira recorded revenue of approximately eur billion and had a staff of
"In accordance with the terms and conditions of Alma Media 's 2006 option program , the share subscription price for the 2006A option rights was EUR 4.88 per share and the book countervalue EUR 0.60 per share ",neutral,"in accordance with the terms and conditions of alma media 's 2006 option program , the share subscription price for the 2006a option rights was eur 4.88 per share and the book countervalue eur 0.60 per share",in accordance with the terms and conditions of alma media option program the share subscription price for the option rights was eur per share and the book countervalue eur per share
"In Penttil+ï¿½ 's vision , the most important reason for the transaction is Russia ",neutral,"in penttil+ï¿½ 's vision , the most important reason for the transaction is russia",in vision the most important reason for the transaction is russia
It also confirmed its earnings guidance for the whole 2009 issued in its report for the whole 2008 ,neutral,it also confirmed its earnings guidance for the whole 2009 issued in its report for the whole 2008,it also confirmed its earnings guidance for the whole issued in its report for the whole
It is hand-painted resin with real 14-0 trebles and is 75cm long by 25cm deep from top to bottom of the middle hook ,neutral,it is hand-painted resin with real 14-0 trebles and is 75cm long by 25cm deep from top to bottom of the middle hook,it is resin with real trebles and is long by deep from top to bottom of the middle hook
"It is part of the development of the world-class magnetite deposit at Karara , which has the known potential for over 30 million metric tons of annual processing of magnetite over its estimated 30-year life ",neutral,"it is part of the development of the world-class magnetite deposit at karara , which has the known potential for over 30 million metric tons of annual processing of magnetite over its estimated 30-year life",it is part of the development of the magnetite deposit at karara which has the known potential for over million metric tons of annual processing of magnetite over its estimated life
"It operates under three distinct brands : United Supermarkets , Market Street and United Supermercado ",neutral,"it operates under three distinct brands : united supermarkets , market street and united supermercado",it operates under three distinct brands united supermarkets market street and united supermercado
Kaupthing Bank will publish its annual results for 2007 before markets open on Thursday 31 January ,neutral,kaupthing bank will publish its annual results for 2007 before markets open on thursday 31 january,kaupthing bank will publish its annual results for before markets open on thursday january
"LONDON AFX - UK and European brokers ' recommendations issued today , as collated by AFX News from a range of market sources ",neutral,"london afx - uk and european brokers ' recommendations issued today , as collated by afx news from a range of market sources",london afx uk and european brokers recommendations issued today as collated by afx news from a range of market sources
The fine print is here ,neutral,the fine print is here,the fine print is here
M. and a Master of Business Administration MBA ,neutral,m. and a master of business administration mba,and a master of business administration mba
More than 80 special events in the three counties during four months were hosted by the library system and its nine branch libraries ,neutral,more than 80 special events in the three counties during four months were hosted by the library system and its nine branch libraries,more than special events in the three counties during four months were hosted by the library system and its nine branch libraries
Ms Laakso will be responsible for HKScan 's HR functions and for their development in all of the Group ` smarket areas ,neutral,ms laakso will be responsible for hkscan 's hr functions and for their development in all of the group ` smarket areas,ms laakso will be responsible for hkscan hr functions and for their development in all of the group smarket areas
"New Delhi , July 17 -- Sahlberg Teppo , Kallio Timo and Mustonen Tuomas of M Real OYJ , Espoo , Finland have developed novel markings and methods of producing the same ",neutral,"new delhi , july 17 -- sahlberg teppo , kallio timo and mustonen tuomas of m real oyj , espoo , finland have developed novel markings and methods of producing the same",new delhi july sahlberg teppo kallio timo and mustonen tuomas of m real oyj espoo finland have developed novel markings and methods of producing the same
"Nokia Siemens Networks provides mobile and fixed network infrastructure , communications and networks service platforms , as well as professional services , to operators and service providers ",neutral,"nokia siemens networks provides mobile and fixed network infrastructure , communications and networks service platforms , as well as professional services , to operators and service providers",nokia siemens networks provides mobile and fixed network infrastructure communications and networks service platforms as well as professional services to operators and service providers
"Of these shares 29,659,239 are held by the Company or its group companies and the number of outstanding shares and voting rights attached to the shares thus amounts to 322,705,218 ",neutral,"of these shares 29,659,239 are held by the company or its group companies and the number of outstanding shares and voting rights attached to the shares thus amounts to 322,705,218",of these shares are held by the company or its group companies and the number of outstanding shares and voting rights attached to the shares thus amounts to
"Outotec 's scope of delivery covers the engineering , supply of special equipment and services for a calcination plant with two circulating fluid bed calciners ",neutral,"outotec 's scope of delivery covers the engineering , supply of special equipment and services for a calcination plant with two circulating fluid bed calciners",outotec scope of delivery covers the engineering supply of special equipment and services for a calcination plant with two circulating fluid bed calciners
"Outotec 's scope of delivery includes design , basic engineering and supply of proprietary equipment for a sinter plant with a grate area of 496 square meters ",neutral,"outotec 's scope of delivery includes design , basic engineering and supply of proprietary equipment for a sinter plant with a grate area of 496 square meters",outotec scope of delivery includes design basic engineering and supply of proprietary equipment for a sinter plant with a grate area of square meters
"Participants at any of the book discussions or other special events , or visitors to the car dealership were eligible to enter the drawing for the 2005 silver , four-door Altima ",neutral,"participants at any of the book discussions or other special events , or visitors to the car dealership were eligible to enter the drawing for the 2005 silver , four-door altima",participants at any of the book discussions or other special events or visitors to the car dealership were eligible to enter the drawing for the silver altima
Peigs www.peigs.se will become part of Sardus Latta Maltider Light Meals unit ,neutral,peigs www.peigs.se will become part of sardus latta maltider light meals unit,peigs will become part of sardus latta maltider light meals unit
"Product coverage : baked goods ; biscuits ; breakfast cereals Data coverage : market sizes historic and forecasts , company shares , brand shares and distribution data ",neutral,"product coverage : baked goods ; biscuits ; breakfast cereals data coverage : market sizes historic and forecasts , company shares , brand shares and distribution data",product coverage baked goods biscuits breakfast cereals data coverage market sizes historic and forecasts company shares brand shares and distribution data
Quality chargers under CHARGZ brand are sold in selected retail stores and other sales locations world-wide ,neutral,quality chargers under chargz brand are sold in selected retail stores and other sales locations world-wide,quality chargers under chargz brand are sold in selected retail stores and other sales locations
"S Group 's loyal customer magazine Yhteishyv+ï¿½ came second with 1,629,000 readers and Sanoma Corporation 's daily newspaper Helsingin Sanomat was third with 1,097,000 readers ",neutral,"s group 's loyal customer magazine yhteishyv+ï¿½ came second with 1,629,000 readers and sanoma corporation 's daily newspaper helsingin sanomat was third with 1,097,000 readers",s group loyal customer magazine came second with readers and sanoma corporation daily newspaper helsingin sanomat was third with readers
"SCOPI Chief Business Excellence Officer , Eng ",neutral,"scopi chief business excellence officer , eng",scopi chief business excellence officer eng
Subject-matter of the invention furthermore is the use of the cyclone for separating partly molten particles . ',neutral,subject-matter of the invention furthermore is the use of the cyclone for separating partly molten particles . ',of the invention furthermore is the use of the cyclone for separating partly molten particles
"Taking a cue from the playbook of the East Dillon Lions , we 've created a special team of heavy-hitting style players , such as boot-cut jeans , tummy tops and , of course , cowboy boots ",neutral,"taking a cue from the playbook of the east dillon lions , we 've created a special team of heavy-hitting style players , such as boot-cut jeans , tummy tops and , of course , cowboy boots",taking a cue from the playbook of the east dillon lions we created a special team of style players such as jeans tummy tops and of course cowboy boots
"Tekla 's defense business employs over 20 persons and is located in Espoo , Finland ",neutral,"tekla 's defense business employs over 20 persons and is located in espoo , finland",tekla defense business employs over persons and is located in espoo finland
"Tekla will organize an information meeting for analysts and media at WTC Helsinki Marski meeting room , Aleksanterinkatu 17 , the same day at 12:30 - 1:30 p.m. Light lunch will be served ",neutral,"tekla will organize an information meeting for analysts and media at wtc helsinki marski meeting room , aleksanterinkatu 17 , the same day at 12:30 - 1:30 p.m. light lunch will be served",tekla will organize an information meeting for analysts and media at wtc helsinki marski meeting room aleksanterinkatu the same day at light lunch will be served
"The Annual General Meeting approved that the yearly remuneration for the members of the Board of Directors shall remain at EUR 40.000 for the Chairman of the Board , EUR 30.000 for the Deputy Chairman of the Board and EUR 20.000 for other members of the Board ",neutral,"the annual general meeting approved that the yearly remuneration for the members of the board of directors shall remain at eur 40.000 for the chairman of the board , eur 30.000 for the deputy chairman of the board and eur 20.000 for other members of the board",the annual general meeting approved that the yearly remuneration for the members of the board of directors shall remain at eur for the chairman of the board eur for the deputy chairman of the board and eur for other members of the board
"The board machine , which will have a wire width of 6.25 m and a design speed of 900 m-min , will produce close to 1,400 tonnes of folding boxboard per day ",neutral,"the board machine , which will have a wire width of 6.25 m and a design speed of 900 m-min , will produce close to 1,400 tonnes of folding boxboard per day",the board machine which will have a wire width of m and a design speed of will produce close to tonnes of folding boxboard per day
"The change in holdings in accordance with Chapter 2 , Section 9 of the Finnish Securities Markets Act is described below ",neutral,"the change in holdings in accordance with chapter 2 , section 9 of the finnish securities markets act is described below",the change in holdings in accordance with chapter section of the finnish securities markets act is described below
"The company also appointed Leif Rosen head of the Special Plate unit which includes the quarto plate units in Degerfors , Sweden , and New Castle , USA , the unit in Willich , Germany , as well as Pressplate and Prefab in Avesta and Plate Service Centre Nordic in Degerfors ",neutral,"the company also appointed leif rosen head of the special plate unit which includes the quarto plate units in degerfors , sweden , and new castle , usa , the unit in willich , germany , as well as pressplate and prefab in avesta and plate service centre nordic in degerfors",the company also appointed leif rosen head of the special plate unit which includes the quarto plate units in degerfors sweden and new castle usa the unit in willich germany as well as pressplate and prefab in avesta and plate service centre nordic in degerfors
"The company designs , manufactures and markets advanced composite products for industrial applications and consumer goods such as cross-country , alpine and Nordic Walking poles , floorball sticks and antenna radomes ",neutral,"the company designs , manufactures and markets advanced composite products for industrial applications and consumer goods such as cross-country , alpine and nordic walking poles , floorball sticks and antenna radomes",the company designs manufactures and markets advanced composite products for industrial applications and consumer goods such as alpine and nordic walking poles floorball sticks and antenna radomes
"The company is owned by the State of Finland and the European Aeronautic Defense and Space Company EADS N.V. Tekla is an international software company that provides solutions for building and construction , energy distribution and municipalities ",neutral,"the company is owned by the state of finland and the european aeronautic defense and space company eads n.v. tekla is an international software company that provides solutions for building and construction , energy distribution and municipalities",the company is owned by the state of finland and the european aeronautic defense and space company eads tekla is an international software company that provides solutions for building and construction energy distribution and municipalities
"The company said that currently the French distribution unit Ragot is located in Loudeac , Normandy , the distribution unit Waterqueen and line supplier Tortue in Saint Marcel in mid-France and the hook manufacturing unit VMC and hook distribution unit VMC Europe in Morvillars ",neutral,"the company said that currently the french distribution unit ragot is located in loudeac , normandy , the distribution unit waterqueen and line supplier tortue in saint marcel in mid-france and the hook manufacturing unit vmc and hook distribution unit vmc europe in morvillars",the company said that currently the french distribution unit ragot is located in loudeac normandy the distribution unit waterqueen and line supplier tortue in saint marcel in and the hook manufacturing unit vmc and hook distribution unit vmc europe in morvillars
"The contractor of the shopping center , China State Construction Engineering Corporation , has previously built e.g. airports , hotels and factories for large international customers in different parts of the world ",neutral,"the contractor of the shopping center , china state construction engineering corporation , has previously built e.g. airports , hotels and factories for large international customers in different parts of the world",the contractor of the shopping center china state construction engineering corporation has previously built airports hotels and factories for large international customers in different parts of the world
The corrected chapter is in its entirety below ,neutral,the corrected chapter is in its entirety below,the corrected chapter is in its entirety below
The deal was worth about EUR 1.2 mn ,neutral,the deal was worth about eur 1.2 mn,the deal was worth about eur mn
The event can also be viewed as a live webcast at www.cargotec.com ,neutral,the event can also be viewed as a live webcast at www.cargotec.com,the event can also be viewed as a live webcast at
The investment will be worth approximately EUR 100mn ,neutral,the investment will be worth approximately eur 100mn,the investment will be worth approximately eur
The mill is concentrating on getting the supercalendered line running satisfactorily before restarting its older newsprint line ,neutral,the mill is concentrating on getting the supercalendered line running satisfactorily before restarting its older newsprint line,the mill is concentrating on getting the supercalendered line running satisfactorily before restarting its older newsprint line
The number of customers is one of the most important parameters in determining the price of electricity networks ,neutral,the number of customers is one of the most important parameters in determining the price of electricity networks,the number of customers is one of the most important parameters in determining the price of electricity networks
The order was valued at over EUR15m ,neutral,the order was valued at over eur15m,the order was valued at over
The order was valued at USD12 .2 m,neutral,the order was valued at usd12 .2 m,the order was valued at m
The order was worth EUR 8mn ,neutral,the order was worth eur 8mn,the order was worth eur
"The prerequisite for inclusion in the program and for receipt of any gains is that key employees acquire Aspo shares to the amount determined by the Board in advance , in the maximum ",neutral,"the prerequisite for inclusion in the program and for receipt of any gains is that key employees acquire aspo shares to the amount determined by the board in advance , in the maximum",the prerequisite for inclusion in the program and for receipt of any gains is that key employees acquire aspo shares to the amount determined by the board in advance in the maximum
"The record date for dividend distribution is March 14 , 2008 ",neutral,"the record date for dividend distribution is march 14 , 2008",the record date for dividend distribution is march
"The Samsung Mobile Applications Store was launched in January 2009 by Samsung Mobile Innovator , a program which enables mobile software developers to create applications for use across Samsung mobile devices ",neutral,"the samsung mobile applications store was launched in january 2009 by samsung mobile innovator , a program which enables mobile software developers to create applications for use across samsung mobile devices",the samsung mobile applications store was launched in january by samsung mobile innovator a program which enables mobile software developers to create applications for use across samsung mobile devices
The solid fuel is heated before sludge is mixed therein . ',neutral,the solid fuel is heated before sludge is mixed therein . ',the solid fuel is heated before sludge is mixed therein
"The study evaluated the safety , tolerability and pharmacokinetics of repeated doses of intravenously administered antibody in 26 patients with active plaque psoriasis ",neutral,"the study evaluated the safety , tolerability and pharmacokinetics of repeated doses of intravenously administered antibody in 26 patients with active plaque psoriasis",the study evaluated the safety tolerability and pharmacokinetics of repeated doses of intravenously administered antibody in patients with active plaque psoriasis
"The total donation amount is EUR 1,115,000 ",neutral,"the total donation amount is eur 1,115,000",the total donation amount is eur
"The total investment necessary will be EUR40m , the company estimated ",neutral,"the total investment necessary will be eur40m , the company estimated",the total investment necessary will be the company estimated
The total project duration is three years and it is valued at some EUR11 .5 m,neutral,the total project duration is three years and it is valued at some eur11 .5 m,the total project duration is three years and it is valued at some m
"The total scope of the project is about 38,000 square metres and it is valued at a total of around EUR75m ",neutral,"the total scope of the project is about 38,000 square metres and it is valued at a total of around eur75m",the total scope of the project is about square metres and it is valued at a total of around
"They are responsible for their own operations , customer relationships , and the development of these ",neutral,"they are responsible for their own operations , customer relationships , and the development of these",they are responsible for their own operations customer relationships and the development of these
"This implementation is very important to the operator , since it is about to launch its Fixed-to-Mobile convergence service in Brazil see Brazil : 8 May 2006 : ",neutral,"this implementation is very important to the operator , since it is about to launch its fixed-to-mobile convergence service in brazil see brazil : 8 may 2006 :",this implementation is very important to the operator since it is about to launch its convergence service in brazil see brazil may
This organization will assume the responsibility for operations in Russia ,neutral,this organization will assume the responsibility for operations in russia,this organization will assume the responsibility for operations in russia
"Thus the group 's balance sheet will have about EUR 25.8 million of goodwill , the company added ",neutral,"thus the group 's balance sheet will have about eur 25.8 million of goodwill , the company added",thus the group balance sheet will have about eur million of goodwill the company added
"Thus the group 's balance sheet will have about EUR25 .8 m in goodwill for 2010 , the company added ",neutral,"thus the group 's balance sheet will have about eur25 .8 m in goodwill for 2010 , the company added",thus the group balance sheet will have about m in goodwill for the company added
Timo Penttila has been appointed new manager responsible for the asset management of Nordea 's institutional customers in Finland ,neutral,timo penttila has been appointed new manager responsible for the asset management of nordea 's institutional customers in finland,timo penttila has been appointed new manager responsible for the asset management of nordea institutional customers in finland
"To see more of New Haven Register , or to subscribe to the newspaper ",neutral,"to see more of new haven register , or to subscribe to the newspaper",to see more of new haven register or to subscribe to the newspaper
"Trading in the new shares , which have right to dividends and other distributions of funds , will start on the exchange in Helsinki tomorrow ",neutral,"trading in the new shares , which have right to dividends and other distributions of funds , will start on the exchange in helsinki tomorrow",trading in the new shares which have right to dividends and other distributions of funds will start on the exchange in helsinki tomorrow
"UPM-Kymmene www.upm-kymmene.com produces magazine papers and newsprint , as well as fine and specialty papers , converting materials and wood products ",neutral,"upm-kymmene www.upm-kymmene.com produces magazine papers and newsprint , as well as fine and specialty papers , converting materials and wood products",produces magazine papers and newsprint as well as fine and specialty papers converting materials and wood products
"Vehvilainen , who is currently the chief operating officer at Nokia Siemens Networks , will join Finnair on 5 January 2010 and take over as CEO effective 1 February 2010 ",neutral,"vehvilainen , who is currently the chief operating officer at nokia siemens networks , will join finnair on 5 january 2010 and take over as ceo effective 1 february 2010",vehvilainen who is currently the chief operating officer at nokia siemens networks will join finnair on january and take over as ceo effective february
"Yara Suomi Ltd also provides nitrogen chemicals and technical nitrates to various sectors of industry , as well as products used in environmental protection ",neutral,"yara suomi ltd also provides nitrogen chemicals and technical nitrates to various sectors of industry , as well as products used in environmental protection",yara suomi ltd also provides nitrogen chemicals and technical nitrates to various sectors of industry as well as products used in environmental protection
"Net sales of Finnish Sanoma Learning & Literature , of Finnish media group Sanoma , decreased by 3.6 % in January-June 2009 totalling EUR 162.8 mn , down from EUR 168.8 mn in the corresponding period in 2008 ",negative,"net sales of finnish sanoma learning & literature , of finnish media group sanoma , decreased by 3.6 % in january-june 2009 totalling eur 162.8 mn , down from eur 168.8 mn in the corresponding period in 2008",net sales of finnish sanoma learning literature of finnish media group sanoma decreased by in totalling eur mn down from eur mn in the corresponding period in
"JP Morgan expects that Scala will lower Nobel Biocare 's growth forecast for 2007 from the current guidance of 23-25 pct , as well as the operating margin target from the current 34-35 pct ",negative,"jp morgan expects that scala will lower nobel biocare 's growth forecast for 2007 from the current guidance of 23-25 pct , as well as the operating margin target from the current 34-35 pct",jp morgan expects that scala will lower nobel biocare growth forecast for from the current guidance of pct as well as the operating margin target from the current pct
"Furthermore , sales of new passenger cars and light commercial vehicles in the country declined by 5.4 % year-on-year last month ",negative,"furthermore , sales of new passenger cars and light commercial vehicles in the country declined by 5.4 % year-on-year last month",furthermore sales of new passenger cars and light commercial vehicles in the country declined by last month
"Profitability ( EBIT % ) was 13.6 % , compared to 14.3 % in Q2 2009 ",negative,"profitability ( ebit % ) was 13.6 % , compared to 14.3 % in q2 2009",profitability ebit was compared to in
Sales of mid-strength beer decreased by 40 % ,negative,sales of mid-strength beer decreased by 40 %,sales of beer decreased by
"Finnish lifting equipment maker Kone Oyj said on October 4 , 2007 it won an order worth 15 mln euro $ 21.2 mln to deliver a total of 53 custom designed elevators to Norwegian shipbuilder Aker Yards ASA ",positive,"finnish lifting equipment maker kone oyj said on october 4 , 2007 it won an order worth 15 mln euro $ 21.2 mln to deliver a total of 53 custom designed elevators to norwegian shipbuilder aker yards asa",finnish lifting equipment maker kone oyj said on october it won an order worth mln euro mln to deliver a total of custom designed elevators to norwegian shipbuilder aker yards asa
The company will make its marketing and sales investments initiated in 2009 even more efficient in 2010 ,positive,the company will make its marketing and sales investments initiated in 2009 even more efficient in 2010,the company will make its marketing and sales investments initiated in even more efficient in
"The stock is trading above both its MAPs and the 50-day MAP of SEK72 .983 is higher than the 200-day MAP of SEK70 .283 , a bullish indicator ",positive,"the stock is trading above both its maps and the 50-day map of sek72 .983 is higher than the 200-day map of sek70 .283 , a bullish indicator",the stock is trading above both its maps and the map of is higher than the map of a bullish indicator
`` We are pleased with the efforts of both negotiating teams and look forward to a productive four years ahead . ',positive,`` we are pleased with the efforts of both negotiating teams and look forward to a productive four years ahead . ',we are pleased with the efforts of both negotiating teams and look forward to a productive four years ahead
"HELSINKI ( Thomson Financial ) - Kone said it has won four orders in Saudi Arabia , United Arab Emirates and Qatar worth 40 mln eur ",positive,"helsinki ( thomson financial ) - kone said it has won four orders in saudi arabia , united arab emirates and qatar worth 40 mln eur",helsinki thomson financial kone said it has won four orders in saudi arabia united arab emirates and qatar worth mln eur
"( ADP News ) - Finnish handling systems provider Cargotec Oyj ( HEL : CGCBV ) announced on Friday it won orders worth EUR 10 million ( USD 13.2 m ) to deliver linkspans to Jordan , Morocco and Ireland ",positive,"( adp news ) - finnish handling systems provider cargotec oyj ( hel : cgcbv ) announced on friday it won orders worth eur 10 million ( usd 13.2 m ) to deliver linkspans to jordan , morocco and ireland",adp news finnish handling systems provider cargotec oyj hel cgcbv announced on friday it won orders worth eur million usd m to deliver linkspans to jordan morocco and ireland
Merrill Lynch analyst Campbell Morgan upgraded his recommendation on PaperlinX from `` neutral '' to `` buy '' in May ,positive,merrill lynch analyst campbell morgan upgraded his recommendation on paperlinx from `` neutral '' to `` buy '' in may,merrill lynch analyst campbell morgan upgraded his recommendation on paperlinx from neutral to buy in may
"OUTOTEC OYJ PRESS RELEASE , FEBRUARY 19 , 2008 AT 11.00 AM Outotec has won two large minerals processing technology orders from Mirabela Mineracao do Brasil Ltda , Brazil and from Cumerio Med JSCo , Bulgaria ",positive,"outotec oyj press release , february 19 , 2008 at 11.00 am outotec has won two large minerals processing technology orders from mirabela mineracao do brasil ltda , brazil and from cumerio med jsco , bulgaria",outotec oyj press release february at am outotec has won two large minerals processing technology orders from mirabela mineracao do brasil ltda brazil and from cumerio med jsco bulgaria
"Outotec said it won new orders worth 492.9 mln eur during the quarter , compared with 240.4 mln eur a year earlier ",positive,"outotec said it won new orders worth 492.9 mln eur during the quarter , compared with 240.4 mln eur a year earlier",outotec said it won new orders worth mln eur during the quarter compared with mln eur a year earlier
Raute said it has won an order worth around 15 mln eur to supply several plywood production lines to mills operated by Russian wood products company Sveza Group ,positive,raute said it has won an order worth around 15 mln eur to supply several plywood production lines to mills operated by russian wood products company sveza group,raute said it has won an order worth around mln eur to supply several plywood production lines to mills operated by russian wood products company sveza group
"The brokerage said 2006 has seen a ` true turning point ' in European steel base prices , with better pricing seen carrying through the second quarter of 2006 ",positive,"the brokerage said 2006 has seen a ` true turning point ' in european steel base prices , with better pricing seen carrying through the second quarter of 2006",the brokerage said has seen a true turning point in european steel base prices with better pricing seen carrying through the second quarter of
"This location makes the mall a convenient place to shop for consumers from three large residential areas nearby : Jaroszowka , Wysockiego and Zgody ",positive,"this location makes the mall a convenient place to shop for consumers from three large residential areas nearby : jaroszowka , wysockiego and zgody",this location makes the mall a convenient place to shop for consumers from three large residential areas nearby jaroszowka wysockiego and zgody
"`` Lining stone sales were also good in the early autumn , and order books are strong to the end of the year ",positive,"`` lining stone sales were also good in the early autumn , and order books are strong to the end of the year",lining stone sales were also good in the early autumn and order books are strong to the end of the year
"`` This vessel order will help Aspo secure the long-term competitiveness of its fleet , both in terms of technology and pricing ",positive,"`` this vessel order will help aspo secure the long-term competitiveness of its fleet , both in terms of technology and pricing",this vessel order will help aspo secure the competitiveness of its fleet both in terms of technology and pricing
15 December 2010 - Finnish-German telecoms equipment maker Nokia Siemens Networks said today it won a contract to upgrade the radio network of home-based telecommunications company Elisa Oyj HEL : ELI1V ,positive,15 december 2010 - finnish-german telecoms equipment maker nokia siemens networks said today it won a contract to upgrade the radio network of home-based telecommunications company elisa oyj hel : eli1v,december telecoms equipment maker nokia siemens networks said today it won a contract to upgrade the radio network of telecommunications company elisa oyj hel
Finnish KCI Konecranes has been awarded an order for four hot metal ladle cranes by Indian steel producer Bhushan Steel & Strips to be delivered in 2007 ,positive,finnish kci konecranes has been awarded an order for four hot metal ladle cranes by indian steel producer bhushan steel & strips to be delivered in 2007,finnish kci konecranes has been awarded an order for four hot metal ladle cranes by indian steel producer bhushan steel strips to be delivered in
"Vaahto Pulp & Paper , of Finnish Vaahto Group , has been awarded an order to renovate Finnish-Swedish forest industry company Stora Enso 's paperboard machine at the Ingerois Board Mill in Finland ",positive,"vaahto pulp & paper , of finnish vaahto group , has been awarded an order to renovate finnish-swedish forest industry company stora enso 's paperboard machine at the ingerois board mill in finland",vaahto pulp paper of finnish vaahto group has been awarded an order to renovate forest industry company stora enso paperboard machine at the ingerois board mill in finland
"Combining the two producers will create a strong EU-based fertilizer industry capable of meeting global competition , they added ",positive,"combining the two producers will create a strong eu-based fertilizer industry capable of meeting global competition , they added",combining the two producers will create a strong fertilizer industry capable of meeting global competition they added
HELSINKI AFX - KCI Konecranes said it has won an order for four hot metal ladle cranes from Indian steel producer Bhushan Steel and Strips Ltd. ,positive,helsinki afx - kci konecranes said it has won an order for four hot metal ladle cranes from indian steel producer bhushan steel and strips ltd.,helsinki afx kci konecranes said it has won an order for four hot metal ladle cranes from indian steel producer bhushan steel and strips ltd
HELSINKI AFX - Outokumpu said its technology unit has won a 28 mln eur contract from Bosnia-Herzegovina 's Aluminij dd Mostar to upgrade an anode plant ,positive,helsinki afx - outokumpu said its technology unit has won a 28 mln eur contract from bosnia-herzegovina 's aluminij dd mostar to upgrade an anode plant,helsinki afx outokumpu said its technology unit has won a mln eur contract from aluminij dd mostar to upgrade an anode plant
"London 's leading shares today jumped almost 100 points , or 1.7 % , as the market opened ",positive,"london 's leading shares today jumped almost 100 points , or 1.7 % , as the market opened",london leading shares today jumped almost points or as the market opened
"Mika Stahlberg , VP F-Secure Labs , said , `` We are excited and proud that F-Secure has been recognized by AV-Comparatives as the Product of the Year ",positive,"mika stahlberg , vp f-secure labs , said , `` we are excited and proud that f-secure has been recognized by av-comparatives as the product of the year",mika stahlberg vp labs said we are excited and proud that has been recognized by as the product of the year
The policy was also aimed at making the companies more profitable and competitive ,positive,the policy was also aimed at making the companies more profitable and competitive,the policy was also aimed at making the companies more profitable and competitive
"Finland 's leading metals group Outokumpu said its fourth-quarter net profit more than tripled on the back of strong global demand for stainless steel , soaring base metal prices and proceeds from the sale of its technology unit ",positive,"finland 's leading metals group outokumpu said its fourth-quarter net profit more than tripled on the back of strong global demand for stainless steel , soaring base metal prices and proceeds from the sale of its technology unit",finland leading metals group outokumpu said its net profit more than tripled on the back of strong global demand for stainless steel soaring base metal prices and proceeds from the sale of its technology unit
"The company has the poser , who wants to impress people with the latest handset ",neutral,"the company has the poser , who wants to impress people with the latest handset",the company has the poser who wants to impress people with the latest handset
According to an  posted by the World Intellectual Property Organization : `` The present invention relates to hydrocarbons and particularly to the manufacture of hydrocarbon components suitable as aviation fuels or jet fuels and as blending stocks for aviation fuels ,neutral,according to an posted by the world intellectual property organization : `` the present invention relates to hydrocarbons and particularly to the manufacture of hydrocarbon components suitable as aviation fuels or jet fuels and as blending stocks for aviation fuels,according to an posted by the world intellectual property organization the present invention relates to hydrocarbons and particularly to the manufacture of hydrocarbon components suitable as aviation fuels or jet fuels and as blending stocks for aviation fuels
And that 's exactly what happened on a recent weekday when an East Haven baker was brought in to remind residents about the Easter tradition of making wheat and rice pies ,neutral,and that 's exactly what happened on a recent weekday when an east haven baker was brought in to remind residents about the easter tradition of making wheat and rice pies,and that exactly what happened on a recent weekday when an east haven baker was brought in to remind residents about the easter tradition of making wheat and rice pies
Any investment or investment activity to which this communication relates is only available to relevant persons and will be engaged in only with relevant persons ,neutral,any investment or investment activity to which this communication relates is only available to relevant persons and will be engaged in only with relevant persons,any investment or investment activity to which this communication relates is only available to relevant persons and will be engaged in only with relevant persons
"Fortum needs a clear signal of commitment from the Government that the permit is available before the company will start the next round , Kuula says ",neutral,"fortum needs a clear signal of commitment from the government that the permit is available before the company will start the next round , kuula says",fortum needs a clear signal of commitment from the government that the permit is available before the company will start the next round kuula says
"The add-on order contains , among others , control valves and instrumentation as well as complete mill engineering and electrification with Metso drive controls ",neutral,"the add-on order contains , among others , control valves and instrumentation as well as complete mill engineering and electrification with metso drive controls",the order contains among others control valves and instrumentation as well as complete mill engineering and electrification with metso drive controls
The repurchase of the bonds was executed in the open market in accordance with section 7 f of the terms and conditions of the Convertible Bonds ,neutral,the repurchase of the bonds was executed in the open market in accordance with section 7 f of the terms and conditions of the convertible bonds,the repurchase of the bonds was executed in the open market in accordance with section f of the terms and conditions of the convertible bonds
Finnish Raute Precision that supplies weighing and dosing systems and plants is changing its name to Lahti Precision ,neutral,finnish raute precision that supplies weighing and dosing systems and plants is changing its name to lahti precision,finnish raute precision that supplies weighing and dosing systems and plants is changing its name to lahti precision
"Finnish Suominen Corporation that makes wipes , nonwovens , and flexible packaging , has a plant near Warsaw , in Poland , that makes flexible packaging ",neutral,"finnish suominen corporation that makes wipes , nonwovens , and flexible packaging , has a plant near warsaw , in poland , that makes flexible packaging",finnish suominen corporation that makes wipes nonwovens and flexible packaging has a plant near warsaw in poland that makes flexible packaging
"France T+ï¿½l+ï¿½com spent more time studying TeliaSonera than other potential takeover targets because it has a shareholder that wants to sell , Pellissier said ",neutral,"france t+ï¿½l+ï¿½com spent more time studying teliasonera than other potential takeover targets because it has a shareholder that wants to sell , pellissier said",france spent more time studying teliasonera than other potential takeover targets because it has a shareholder that wants to sell pellissier said
"Supported Nokia phones include : N96 , N95-8GB , N95 , N93-N931 , N92 , N85 , N82 , N81 , N80 , N79 , N78 , N77 , N76 , N75 , N73 , N72 , N71 , E90 , E71 , E70 , E66 , E65 , E62 , E61-E61i , E60 , E51 , E50 , Touch Xpress 5800 , 6220 Classic , 6210 Navigator , 6120 Classic , 6110 Navigator , 5700 , 5500 , 5320XM ",neutral,"supported nokia phones include : n96 , n95-8gb , n95 , n93-n931 , n92 , n85 , n82 , n81 , n80 , n79 , n78 , n77 , n76 , n75 , n73 , n72 , n71 , e90 , e71 , e70 , e66 , e65 , e62 , e61-e61i , e60 , e51 , e50 , touch xpress 5800 , 6220 classic , 6210 navigator , 6120 classic , 6110 navigator , 5700 , 5500 , 5320xm",supported nokia phones include touch xpress classic navigator classic navigator
"The machine will have an annual production capacity of 200,000 tonnes of super-calendered magazine paper and other paper grades based on recovered fiber , Stora Enso said ",neutral,"the machine will have an annual production capacity of 200,000 tonnes of super-calendered magazine paper and other paper grades based on recovered fiber , stora enso said",the machine will have an annual production capacity of tonnes of magazine paper and other paper grades based on recovered fiber stora enso said
The Moscow Metro ( www.mosmetro.ru ) was the first metro system in Europe to implement smart cards together with a new type of magnetic card in 1998 ,neutral,the moscow metro ( www.mosmetro.ru ) was the first metro system in europe to implement smart cards together with a new type of magnetic card in 1998,the moscow metro was the first metro system in europe to implement smart cards together with a new type of magnetic card in
"The total scholarship amount was 40,000 euros and the recipients were chosen on the recommendation of fine arts universities and sports associations ",neutral,"the total scholarship amount was 40,000 euros and the recipients were chosen on the recommendation of fine arts universities and sports associations",the total scholarship amount was euros and the recipients were chosen on the recommendation of fine arts universities and sports associations
"An  of the invention , released by the Patent Office , said : `` A non-coherent search matrix is formed of said correlation function matrix ",neutral,"an of the invention , released by the patent office , said : `` a non-coherent search matrix is formed of said correlation function matrix",an of the invention released by the patent office said a search matrix is formed of said correlation function matrix
"As with other stakeholders , COMPTEL has been involved in the workshops , meetings and filed comments on the issues of greatest importance to the competitive sector of our industry ",neutral,"as with other stakeholders , comptel has been involved in the workshops , meetings and filed comments on the issues of greatest importance to the competitive sector of our industry",as with other stakeholders comptel has been involved in the workshops meetings and filed comments on the issues of greatest importance to the competitive sector of our industry
"Patrick Jeambar will also continue being responsible for Innovation and Health , safety and environment HSEA functions of Ahlstrom Corporation ",neutral,"patrick jeambar will also continue being responsible for innovation and health , safety and environment hsea functions of ahlstrom corporation",patrick jeambar will also continue being responsible for innovation and health safety and environment hsea functions of ahlstrom corporation
"Sanoma Learning & Literature , offering print and digital learning materials , is present in eleven countries ",neutral,"sanoma learning & literature , offering print and digital learning materials , is present in eleven countries",sanoma learning literature offering print and digital learning materials is present in eleven countries
"The Costanza light , with an aluminum base and washable shade , comes in white , pistachio , orange , blue and red ",neutral,"the costanza light , with an aluminum base and washable shade , comes in white , pistachio , orange , blue and red",the costanza light with an aluminum base and washable shade comes in white pistachio orange blue and red
"The process , technology , project management , basic engineering and quality assurance within Forest Industry will be consolidated in Vantaa , southern Finland ",neutral,"the process , technology , project management , basic engineering and quality assurance within forest industry will be consolidated in vantaa , southern finland",the process technology project management basic engineering and quality assurance within forest industry will be consolidated in vantaa southern finland
"The tests , conducted at Nokia Siemens ' LTE center of competence in Espoo , Finland , follow the company 's production start of LTE-ready Flexi Multiradio Base Stations for the 800 MHz band in April 2010 , and complement earlier tests with Nokia on the 2100 MHz and 2600 MHz bands ",neutral,"the tests , conducted at nokia siemens ' lte center of competence in espoo , finland , follow the company 's production start of lte-ready flexi multiradio base stations for the 800 mhz band in april 2010 , and complement earlier tests with nokia on the 2100 mhz and 2600 mhz bands",the tests conducted at nokia siemens lte center of competence in espoo finland follow the company production start of flexi multiradio base stations for the mhz band in april and complement earlier tests with nokia on the mhz and mhz bands
"Shares in Royal and Sun Alliance continued to slide back from a 12-month high of 172p last month , after a potential suitor ruled itself out of a takeover bid ",negative,"shares in royal and sun alliance continued to slide back from a 12-month high of 172p last month , after a potential suitor ruled itself out of a takeover bid",shares in royal and sun alliance continued to slide back from a high of last month after a potential suitor ruled itself out of a takeover bid
"Managing Director 's comments : `` Net sales for the first quarter were notably lower than a year before , especially in Finland , Russia and the Baltic countries ",negative,"managing director 's comments : `` net sales for the first quarter were notably lower than a year before , especially in finland , russia and the baltic countries",managing director comments net sales for the first quarter were notably lower than a year before especially in finland russia and the baltic countries
"Sales climbed 19.2 pct to 1.002 bln eur , surpassing the 953 mln eur consensus figure ",positive,"sales climbed 19.2 pct to 1.002 bln eur , surpassing the 953 mln eur consensus figure",sales climbed pct to bln eur surpassing the mln eur consensus figure
"Suominen Corporation estimates that the cost-cutting program that started in autumn 2005 , higher sales prices , and expected growth in volume of Wet Wipes , will make the company 's operations more profitable ",positive,"suominen corporation estimates that the cost-cutting program that started in autumn 2005 , higher sales prices , and expected growth in volume of wet wipes , will make the company 's operations more profitable",suominen corporation estimates that the program that started in autumn higher sales prices and expected growth in volume of wet wipes will make the company operations more profitable
Finnish OKO bank has signed a cooperation agreement with Raiffeisen concerning Finnish companies ' investments in Russia ,positive,finnish oko bank has signed a cooperation agreement with raiffeisen concerning finnish companies ' investments in russia,finnish oko bank has signed a cooperation agreement with raiffeisen concerning finnish companies investments in russia
"Cooper SH , the UK distributor for lift equipment manufacturer Konecranes , won the five-year deal which involves low maintenance and fuel saving technologies ",positive,"cooper sh , the uk distributor for lift equipment manufacturer konecranes , won the five-year deal which involves low maintenance and fuel saving technologies",cooper sh the uk distributor for lift equipment manufacturer konecranes won the deal which involves low maintenance and fuel saving technologies
"After the reporting period , BioTie North American licensing partner Somaxon Pharmaceuticals announced positive results with nalmefene in a pilot Phase 2 clinical trial for smoking cessation ",positive,"after the reporting period , biotie north american licensing partner somaxon pharmaceuticals announced positive results with nalmefene in a pilot phase 2 clinical trial for smoking cessation",after the reporting period biotie north american licensing partner somaxon pharmaceuticals announced positive results with nalmefene in a pilot phase clinical trial for smoking cessation
"`` This is a significant milestone for Benefon , helping us to secure critical USP 's for our personal navigation product roadmap for 2007 and beyond , '' commented Simon Button , Chief Technology Officer at Benefon ",positive,"`` this is a significant milestone for benefon , helping us to secure critical usp 's for our personal navigation product roadmap for 2007 and beyond , '' commented simon button , chief technology officer at benefon",this is a significant milestone for benefon helping us to secure critical usp for our personal navigation product roadmap for and beyond commented simon button chief technology officer at benefon
"Investors will continue being interested in the company 's share although it is not quite cheap , Affarsvarlden said ",positive,"investors will continue being interested in the company 's share although it is not quite cheap , affarsvarlden said",investors will continue being interested in the company share although it is not quite cheap affarsvarlden said
"`` Each year , personal entertainment plays a more significant role in determining whether a fitness facility 's workout experience is pleasurable or a chore , '' said Brian Wilson , director of marketing for Precor 's Entertainment & Services Division ",neutral,"`` each year , personal entertainment plays a more significant role in determining whether a fitness facility 's workout experience is pleasurable or a chore , '' said brian wilson , director of marketing for precor 's entertainment & services division",each year personal entertainment plays a more significant role in determining whether a fitness facility workout experience is pleasurable or a chore said brian wilson director of marketing for precor entertainment services division
The agreement must be approved by the Russian competition authorities before it enters into force ,neutral,the agreement must be approved by the russian competition authorities before it enters into force,the agreement must be approved by the russian competition authorities before it enters into force
The total amount of subscription prices was recorded in the fund for invested non-restricted equity ,neutral,the total amount of subscription prices was recorded in the fund for invested non-restricted equity,the total amount of subscription prices was recorded in the fund for invested equity
"Before Kemira 's installation NordAlu was producing 3,500 tons of liquid and solid aluminum waste per year ",neutral,"before kemira 's installation nordalu was producing 3,500 tons of liquid and solid aluminum waste per year",before kemira installation nordalu was producing tons of liquid and solid aluminum waste per year
Mr Skogster currently serves as the manager responsible for ABB Oy 's system modules for low voltage drives ,neutral,mr skogster currently serves as the manager responsible for abb oy 's system modules for low voltage drives,mr skogster currently serves as the manager responsible for abb oy system modules for low voltage drives
- Counter your competitor 's strengths and target their weaknesses ,neutral,- counter your competitor 's strengths and target their weaknesses,counter your competitor strengths and target their weaknesses
"Founded in 2000 , BioView automates laboratory tests , especially diagnostic tests for cancer ",neutral,"founded in 2000 , bioview automates laboratory tests , especially diagnostic tests for cancer",founded in bioview automates laboratory tests especially diagnostic tests for cancer
"The five-storey , eco-efficient building will have a gross floor area of about 15,000 sq m. It will also include apartments ",neutral,"the five-storey , eco-efficient building will have a gross floor area of about 15,000 sq m. it will also include apartments",the building will have a gross floor area of about sq it will also include apartments
"The Stena Poseidon is a so-called Panamax tanker , designed to be able to pass through the narrow passages in the Panama Canal 's locks ",neutral,"the stena poseidon is a so-called panamax tanker , designed to be able to pass through the narrow passages in the panama canal 's locks",the stena poseidon is a panamax tanker designed to be able to pass through the narrow passages in the panama canal locks
"Markets had been expecting a poor performance , and the company 's stock was up 6 percent at  x20ac 23.89 US$ 33.84 in early afternoon trading in Helsinki ",positive,"markets had been expecting a poor performance , and the company 's stock was up 6 percent at x20ac 23.89 us$ 33.84 in early afternoon trading in helsinki",markets had been expecting a poor performance and the company stock was up percent at us in early afternoon trading in helsinki
"Excluding non-recurring items , pre-tax profit surged 45 % to EUR80m ",positive,"excluding non-recurring items , pre-tax profit surged 45 % to eur80m",excluding items profit surged to
"ADP News - Feb 13 , 2009 - Finnish retailer Kesko Oyj HEL : KESBV said today its total sales , excluding value added tax VAT , stood at EUR 661.3 million USD 853.1 m in January 2009 , down 15.2 % year-on-ye",negative,"adp news - feb 13 , 2009 - finnish retailer kesko oyj hel : kesbv said today its total sales , excluding value added tax vat , stood at eur 661.3 million usd 853.1 m in january 2009 , down 15.2 % year-on-ye",adp news feb finnish retailer kesko oyj hel kesbv said today its total sales excluding value added tax vat stood at eur million usd m in january down
"Talentum expects that the net sales of its core business will increase in 2008 , compared to 2007 ",positive,"talentum expects that the net sales of its core business will increase in 2008 , compared to 2007",talentum expects that the net sales of its core business will increase in compared to
"According to PKC , the acquisition would bring a significant addition to PKC 's customer base ",positive,"according to pkc , the acquisition would bring a significant addition to pkc 's customer base",according to pkc the acquisition would bring a significant addition to pkc customer base
"At the end of the review period , Nordic Aluminium 's order book stood at EUR 8.77 mn compared to EUR 7.04 in 2005 ",positive,"at the end of the review period , nordic aluminium 's order book stood at eur 8.77 mn compared to eur 7.04 in 2005",at the end of the review period nordic aluminium order book stood at eur mn compared to eur in
Both the net sales and operating profit were record high in the company 's history ,positive,both the net sales and operating profit were record high in the company 's history,both the net sales and operating profit were record high in the company history
"Favourable currency rates also contributed to higher net sales , '' CEO Kari Kauniskangas said ",positive,"favourable currency rates also contributed to higher net sales , '' ceo kari kauniskangas said",favourable currency rates also contributed to higher net sales ceo kari kauniskangas said
"Fiskars , a 360-year-old global business best known for its orange-handled scissors , expects to derive synergies of EUR5 million a year by consolidating certain parts of the housewares division where the two compete ",positive,"fiskars , a 360-year-old global business best known for its orange-handled scissors , expects to derive synergies of eur5 million a year by consolidating certain parts of the housewares division where the two compete",fiskars a global business best known for its scissors expects to derive synergies of million a year by consolidating certain parts of the housewares division where the two compete
"Full-year net sales are expected to increase by approximately 10 % , the company said ",positive,"full-year net sales are expected to increase by approximately 10 % , the company said",net sales are expected to increase by approximately the company said
"in Q1 '10 19 April 2010 - Finnish forest machinery and equipment maker Ponsse Oyj HEL : PON1V said today that it expects to swing to a net profit of some EUR6 .3 m in the first quarter of 2010 , from an EUR9 .6 m loss a year earlier ",positive,"in q1 '10 19 april 2010 - finnish forest machinery and equipment maker ponsse oyj hel : pon1v said today that it expects to swing to a net profit of some eur6 .3 m in the first quarter of 2010 , from an eur9 .6 m loss a year earlier",in april finnish forest machinery and equipment maker ponsse oyj hel said today that it expects to swing to a net profit of some m in the first quarter of from an m loss a year earlier
"India 's trade with Russia currently stands at four billion dollars , growing 9.6 per cent in fiscal 2007 ",positive,"india 's trade with russia currently stands at four billion dollars , growing 9.6 per cent in fiscal 2007",india trade with russia currently stands at four billion dollars growing per cent in fiscal
"Lithuanian beer makers sold 256.88 million liters of beer in 2005 , a rise of 4.5 per cent from the year-earlier figure of 245.92 million liters ",positive,"lithuanian beer makers sold 256.88 million liters of beer in 2005 , a rise of 4.5 per cent from the year-earlier figure of 245.92 million liters",lithuanian beer makers sold million liters of beer in a rise of per cent from the figure of million liters
Net sales revenue per passenger is expected to increase ,positive,net sales revenue per passenger is expected to increase,net sales revenue per passenger is expected to increase
Return on investment was 16.6 % compared to 15.8 % in 2004 ,positive,return on investment was 16.6 % compared to 15.8 % in 2004,return on investment was compared to in
The company moved to an operating profit of EUR10 .9 m versus an operating loss of EUR15 .3 m. It also turned to EPS of EUR0 .08 versus loss per share of EUR0 .04 ,positive,the company moved to an operating profit of eur10 .9 m versus an operating loss of eur15 .3 m. it also turned to eps of eur0 .08 versus loss per share of eur0 .04,the company moved to an operating profit of m versus an operating loss of it also turned to eps of versus loss per share of
"The price of raw material aluminium went up at the end of 2005 , but the company considers its outlook for 2006 favourable ",positive,"the price of raw material aluminium went up at the end of 2005 , but the company considers its outlook for 2006 favourable",the price of raw material aluminium went up at the end of but the company considers its outlook for favourable
"The refining margin for the year was $ 13.39 - bbl , compared to $ 10.46 - bbl in the prior year ",positive,"the refining margin for the year was $ 13.39 - bbl , compared to $ 10.46 - bbl in the prior year",the refining margin for the year was bbl compared to bbl in the prior year
Viking Line manages well with its current ferries ,positive,viking line manages well with its current ferries,viking line manages well with its current ferries
SCANIA Morgan Stanley lifted the share target on Swedish heavy-duty truck and bus maker Scania AB to 330 crowns ( $ 42.4 - 35.2 euro ) from 310 crowns ( $ 39.8 - 33.1 euro ) ,positive,scania morgan stanley lifted the share target on swedish heavy-duty truck and bus maker scania ab to 330 crowns ( $ 42.4 - 35.2 euro ) from 310 crowns ( $ 39.8 - 33.1 euro ),scania morgan stanley lifted the share target on swedish truck and bus maker scania ab to crowns euro from crowns euro
` Very recommendable ' is the Nokian Z G2 according to the ` ADAC judgement ' in the latest summer tyre test of the German automobile association ADAC ,positive,` very recommendable ' is the nokian z g2 according to the ` adac judgement ' in the latest summer tyre test of the german automobile association adac,very recommendable is the nokian z according to the adac judgement in the latest summer tyre test of the german automobile association adac
Finnish Vacon has signed significant deals with Norwegian Scandinavian Electric Systems ( SES ) on the supply of AC drives ,positive,finnish vacon has signed significant deals with norwegian scandinavian electric systems ( ses ) on the supply of ac drives,finnish vacon has signed significant deals with norwegian scandinavian electric systems ses on the supply of ac drives
Finnish-Swedish TietoEnator is expanding its business quickly in Russia ,positive,finnish-swedish tietoenator is expanding its business quickly in russia,tietoenator is expanding its business quickly in russia
"H+ï¿½kan Dahlstr+ï¿½m , head of mobility services at TeliaSonera , has forecast that mobile data volume on the TeliaSonera network in Sweden will rise eight-fold to 200,000 TB by 2014 ",positive,"h+ï¿½kan dahlstr+ï¿½m , head of mobility services at teliasonera , has forecast that mobile data volume on the teliasonera network in sweden will rise eight-fold to 200,000 tb by 2014",head of mobility services at teliasonera has forecast that mobile data volume on the teliasonera network in sweden will rise to tb by
"Cost savings will then rise to some 20 mln eur a year from 2007 , OKO said ",positive,"cost savings will then rise to some 20 mln eur a year from 2007 , oko said",cost savings will then rise to some mln eur a year from oko said
Finnish elevators and escalators maker KONE Corporation said on Tuesday ( 18 March ) that it has received a major order from Sir Robert McAlpine to supply all elevators and escalators for the Watermark Place project in the City of London ,positive,finnish elevators and escalators maker kone corporation said on tuesday ( 18 march ) that it has received a major order from sir robert mcalpine to supply all elevators and escalators for the watermark place project in the city of london,finnish elevators and escalators maker kone corporation said on tuesday march that it has received a major order from sir robert mcalpine to supply all elevators and escalators for the watermark place project in the city of london
"For Q2 2010 , consolidated earnings before tax totaled EUR4 .5 m , compared to EUR3 .9 m , and net profit was EUR3 .2 m , compared to EUR2 .9 m in the previous year ",positive,"for q2 2010 , consolidated earnings before tax totaled eur4 .5 m , compared to eur3 .9 m , and net profit was eur3 .2 m , compared to eur2 .9 m in the previous year",for consolidated earnings before tax totaled m compared to m and net profit was m compared to m in the previous year
"In 2008 , the deal is likely to bring savings of EUR 20mn-25mn ",positive,"in 2008 , the deal is likely to bring savings of eur 20mn-25mn",in the deal is likely to bring savings of eur
"In Middle East & North Africa , Tecnotree has grown considerably in the recent years ",positive,"in middle east & north africa , tecnotree has grown considerably in the recent years",in middle east north africa tecnotree has grown considerably in the recent years
in Q1 2010 18 May 2010 - Finnish electrical components maker Salcomp Oy ( HEL : SAL1V ) said today it turned to a net profit of EUR1 .6 m in the first quarter of 2010 versus a loss of EUR2m in the corresponding period last year ,positive,in q1 2010 18 may 2010 - finnish electrical components maker salcomp oy ( hel : sal1v ) said today it turned to a net profit of eur1 .6 m in the first quarter of 2010 versus a loss of eur2m in the corresponding period last year,in may finnish electrical components maker salcomp oy hel said today it turned to a net profit of m in the first quarter of versus a loss of in the corresponding period last year
"In the end of 2006 , the number of outlets will rise to 60-70 ",positive,"in the end of 2006 , the number of outlets will rise to 60-70",in the end of the number of outlets will rise to
"In the first quarter of 2010 , the mark-to-market result was a pretax profit of EUR 133 million versus a loss of EUR 32 million in the same period last year ",positive,"in the first quarter of 2010 , the mark-to-market result was a pretax profit of eur 133 million versus a loss of eur 32 million in the same period last year",in the first quarter of the result was a pretax profit of eur million versus a loss of eur million in the same period last year
Incap Contract Manufacturing Services Private Limited has inked agreements with six new customers in India ,positive,incap contract manufacturing services private limited has inked agreements with six new customers in india,incap contract manufacturing services private limited has inked agreements with six new customers in india
It also said its third quarter diluted EPS came in at 0.34 eur compared with 0.16 eur in the same quarter a year ago ,positive,it also said its third quarter diluted eps came in at 0.34 eur compared with 0.16 eur in the same quarter a year ago,it also said its third quarter diluted eps came in at eur compared with eur in the same quarter a year ago
It also turned in earnings per share ( EPS ) of EUR 0.44 versus loss per share of EUR 2.26 ,positive,it also turned in earnings per share ( eps ) of eur 0.44 versus loss per share of eur 2.26,it also turned in earnings per share eps of eur versus loss per share of eur
It also turned to earnings per share ( EPS ) of EUR 0.08 versus loss per share of EUR 0.04 ,positive,it also turned to earnings per share ( eps ) of eur 0.08 versus loss per share of eur 0.04,it also turned to earnings per share eps of eur versus loss per share of eur
It will also strengthen Ruukki 's offshore business ,positive,it will also strengthen ruukki 's offshore business,it will also strengthen ruukki offshore business
"Last week , the Finnish metals and technology group announced plans to sell more than 80 percent of its technology unit to further the company 's strategic goal of becoming the world 's largest stainless steel maker ",positive,"last week , the finnish metals and technology group announced plans to sell more than 80 percent of its technology unit to further the company 's strategic goal of becoming the world 's largest stainless steel maker",last week the finnish metals and technology group announced plans to sell more than percent of its technology unit to further the company strategic goal of becoming the world largest stainless steel maker
"MANAVIGATOR-September 7 , 2010-Kemira unveils Indian JV with IVRCL Finnish chemicals group Kemira ( HEL : KRA1V ) on Tuesday announced it has inked a deal to form a joint venture in India with local construction firm IVRCL Infrastructure and Projects Ltd ( BOM :530773 ) ",positive,"manavigator-september 7 , 2010-kemira unveils indian jv with ivrcl finnish chemicals group kemira ( hel : kra1v ) on tuesday announced it has inked a deal to form a joint venture in india with local construction firm ivrcl infrastructure and projects ltd ( bom :530773 )",unveils indian jv with ivrcl finnish chemicals group kemira hel on tuesday announced it has inked a deal to form a joint venture in india with local construction firm ivrcl infrastructure and projects ltd bom
M-real 's sales are expected to have increased by 4 % year-on-year to EUR609m in the second quarter of 2010 ,positive,m-real 's sales are expected to have increased by 4 % year-on-year to eur609m in the second quarter of 2010,sales are expected to have increased by to in the second quarter of
"Neste oil 's board proposed 1.00 eur dividend for the full-year 2007 , compared with 0.90 eur a year ago ",positive,"neste oil 's board proposed 1.00 eur dividend for the full-year 2007 , compared with 0.90 eur a year ago",neste oil board proposed eur dividend for the compared with eur a year ago
"Net interest income totaled EUR 15.9 mn , compared to EUR 15.6 mn a year earlier ",positive,"net interest income totaled eur 15.9 mn , compared to eur 15.6 mn a year earlier",net interest income totaled eur mn compared to eur mn a year earlier
Net profit was 35.5 mln compared with 29.8 mln ,positive,net profit was 35.5 mln compared with 29.8 mln,net profit was mln compared with mln
Net sales in 2007 are expected to be 10 % up on 2006 ,positive,net sales in 2007 are expected to be 10 % up on 2006,net sales in are expected to be up on
"Operating loss was EUR 179mn , compared to a loss of EUR 188mn in the second quarter of 2009 ",positive,"operating loss was eur 179mn , compared to a loss of eur 188mn in the second quarter of 2009",operating loss was eur compared to a loss of eur in the second quarter of
"Operating profit was EUR 9.8 mn , compared to a loss of EUR 12.7 mn in the corresponding period in 2009 ",positive,"operating profit was eur 9.8 mn , compared to a loss of eur 12.7 mn in the corresponding period in 2009",operating profit was eur mn compared to a loss of eur mn in the corresponding period in
"Pre-tax loss totaled EUR 0.3 mn , compared to a loss of EUR 2.2 mn in the first quarter of 2005 ",positive,"pre-tax loss totaled eur 0.3 mn , compared to a loss of eur 2.2 mn in the first quarter of 2005",loss totaled eur mn compared to a loss of eur mn in the first quarter of
"Pretax profit totalled EUR 2.0 mn , compared to a loss of EUR 159.2 mn in the fourth quarter of 2008 ",positive,"pretax profit totalled eur 2.0 mn , compared to a loss of eur 159.2 mn in the fourth quarter of 2008",pretax profit totalled eur mn compared to a loss of eur mn in the fourth quarter of
"Previously , EB delivered a custom solution for LG Electronics and now is making it commercially available for other mobile terminal vendors as well as to wireless operators ",positive,"previously , eb delivered a custom solution for lg electronics and now is making it commercially available for other mobile terminal vendors as well as to wireless operators",previously eb delivered a custom solution for lg electronics and now is making it commercially available for other mobile terminal vendors as well as to wireless operators
Rapala said it estimates it will make savings of 1-2 mln eur a year by centralising its French operations at one site ,positive,rapala said it estimates it will make savings of 1-2 mln eur a year by centralising its french operations at one site,rapala said it estimates it will make savings of mln eur a year by centralising its french operations at one site
"Re-use back into PET bottles has also steadily increased and the rate of use in strapping tape has picked up again after a dip in 2005 , Petcore said previously ",positive,"re-use back into pet bottles has also steadily increased and the rate of use in strapping tape has picked up again after a dip in 2005 , petcore said previously",back into pet bottles has also steadily increased and the rate of use in strapping tape has picked up again after a dip in petcore said previously
"Sales are expected to increase in the end of the year 2006 , however ",positive,"sales are expected to increase in the end of the year 2006 , however",sales are expected to increase in the end of the year however
Satama 's net sales would be higher than the year before ,positive,satama 's net sales would be higher than the year before,satama net sales would be higher than the year before
"Systeemitiimi 's sales and project resources will also be strengthened , director Paul Skogberg said ",positive,"systeemitiimi 's sales and project resources will also be strengthened , director paul skogberg said",systeemitiimi sales and project resources will also be strengthened director paul skogberg said
The actions are expected to deliver annual cost savings of some EUR15-20m ,positive,the actions are expected to deliver annual cost savings of some eur15-20m,the actions are expected to deliver annual cost savings of some
The company is well positioned in Brazil and Uruguay ,positive,the company is well positioned in brazil and uruguay,the company is well positioned in brazil and uruguay
The company reports a loss for the period of EUR 0.4 mn compared to a loss of EUR 1.9 mn in the corresponding period in 2005 ,positive,the company reports a loss for the period of eur 0.4 mn compared to a loss of eur 1.9 mn in the corresponding period in 2005,the company reports a loss for the period of eur mn compared to a loss of eur mn in the corresponding period in
The company turned to earnings per share ( EPS ) of EUR 0.03 versus loss per share of EUR 0.01 ,positive,the company turned to earnings per share ( eps ) of eur 0.03 versus loss per share of eur 0.01,the company turned to earnings per share eps of eur versus loss per share of eur
"The fourth quarter saw Rapala swing back to a pretax profit of 1.5 mln eur from a year earlier loss of 1.2 mln on the back of a 30 pct uplift in sales to 44.8 mln eur , and a stronger performance in North America ",positive,"the fourth quarter saw rapala swing back to a pretax profit of 1.5 mln eur from a year earlier loss of 1.2 mln on the back of a 30 pct uplift in sales to 44.8 mln eur , and a stronger performance in north america",the fourth quarter saw rapala swing back to a pretax profit of mln eur from a year earlier loss of mln on the back of a pct uplift in sales to mln eur and a stronger performance in north america
The soapstone deposits in the Medvezhyegorsk area are expected to increase Tulikivi 's current reserves considerably ,positive,the soapstone deposits in the medvezhyegorsk area are expected to increase tulikivi 's current reserves considerably,the soapstone deposits in the medvezhyegorsk area are expected to increase tulikivi current reserves considerably
These measures are expected to produce annual cost savings of EUR 1.5 million starting in 2007 ,positive,these measures are expected to produce annual cost savings of eur 1.5 million starting in 2007,these measures are expected to produce annual cost savings of eur million starting in
This will bring cost savings of about EUR 3mn a year ,positive,this will bring cost savings of about eur 3mn a year,this will bring cost savings of about eur a year
"Via the move , the company aims annual savings of some EUR3m , the main part of which are expected to be realized this year ",positive,"via the move , the company aims annual savings of some eur3m , the main part of which are expected to be realized this year",via the move the company aims annual savings of some the main part of which are expected to be realized this year
"2010 16 July 2010 - Finnish steel maker Rautaruukki Oyj HEL : RTRKS , or Ruukki , said today it turned to a net profit of EUR20m in the second quarter of 2010 from a net loss of EUR94m in the corresponding period last year ",positive,"2010 16 july 2010 - finnish steel maker rautaruukki oyj hel : rtrks , or ruukki , said today it turned to a net profit of eur20m in the second quarter of 2010 from a net loss of eur94m in the corresponding period last year",july finnish steel maker rautaruukki oyj hel rtrks or ruukki said today it turned to a net profit of in the second quarter of from a net loss of in the corresponding period last year
28 October 2010 - Finnish wood products technology supplier Raute Oyj HEL : RUTAV said today it swung to a net profit of EUR3m for the first nine months of 2010 versus a net loss of EUR5 .2 m for the same period a year earlier ,positive,28 october 2010 - finnish wood products technology supplier raute oyj hel : rutav said today it swung to a net profit of eur3m for the first nine months of 2010 versus a net loss of eur5 .2 m for the same period a year earlier,october finnish wood products technology supplier raute oyj hel rutav said today it swung to a net profit of for the first nine months of versus a net loss of m for the same period a year earlier
"3 February 2011 - Finnish broadband data communication systems provider Teleste Oyj HEL : TLT1V said yesterday its net profit rocketed to EUR4 .8 m in 2010 from EUR416 ,000 in 2009 and it lifted its dividend proposal ",positive,"3 february 2011 - finnish broadband data communication systems provider teleste oyj hel : tlt1v said yesterday its net profit rocketed to eur4 .8 m in 2010 from eur416 ,000 in 2009 and it lifted its dividend proposal",february finnish broadband data communication systems provider teleste oyj hel said yesterday its net profit rocketed to m in from in and it lifted its dividend proposal
"4 February 2011 - Finnish broadband data communication systems provider Teleste Oyj HEL : TLT1V said Wednesday its net profit rocketed to EUR4 .8 m in 2010 from EUR416 ,000 in 2009 and it lifted its dividend proposal ",positive,"4 february 2011 - finnish broadband data communication systems provider teleste oyj hel : tlt1v said wednesday its net profit rocketed to eur4 .8 m in 2010 from eur416 ,000 in 2009 and it lifted its dividend proposal",february finnish broadband data communication systems provider teleste oyj hel said wednesday its net profit rocketed to m in from in and it lifted its dividend proposal
"Cargotec Corporation , Press Release , August 26 , 2008 at 10 a.m. Finnish time Cargotec 's MacGREGOR business area providing marine cargo handling and offshore load handling solutions has received significant offshore crane retrofit order ",positive,"cargotec corporation , press release , august 26 , 2008 at 10 a.m. finnish time cargotec 's macgregor business area providing marine cargo handling and offshore load handling solutions has received significant offshore crane retrofit order",cargotec corporation press release august at finnish time cargotec macgregor business area providing marine cargo handling and offshore load handling solutions has received significant offshore crane retrofit order
"EBIT totalled EUR 14.4 mn , compared to a loss of EUR 0.3 mn in the corresponding period in 2009 ",positive,"ebit totalled eur 14.4 mn , compared to a loss of eur 0.3 mn in the corresponding period in 2009",ebit totalled eur mn compared to a loss of eur mn in the corresponding period in
"Finnish broadband data communication systems provider Teleste Oyj HEL : TLT1V said yesterday it returned to a net profit of EUR 2.7 million USD 3.8 m for the first nine months of 2010 versus a net loss of EUR 579,000 for the same period of 2009 ",positive,"finnish broadband data communication systems provider teleste oyj hel : tlt1v said yesterday it returned to a net profit of eur 2.7 million usd 3.8 m for the first nine months of 2010 versus a net loss of eur 579,000 for the same period of 2009",finnish broadband data communication systems provider teleste oyj hel said yesterday it returned to a net profit of eur million usd m for the first nine months of versus a net loss of eur for the same period of
Finnish consumer packaging manufacturer Huhtamaki Oyj said it swung to a net profit of 84.1 mln euro $ 105.6 mln in the first nine months of 2006 from a net loss of 2.6 mln euro $ 3.3 mln in the same period of 2005 ,positive,finnish consumer packaging manufacturer huhtamaki oyj said it swung to a net profit of 84.1 mln euro $ 105.6 mln in the first nine months of 2006 from a net loss of 2.6 mln euro $ 3.3 mln in the same period of 2005,finnish consumer packaging manufacturer huhtamaki oyj said it swung to a net profit of mln euro mln in the first nine months of from a net loss of mln euro mln in the same period of
"Finnish dental care group Oral Hammaslaakarit Oyj posted a total net profit of 849,000 euro $ 1.1 mln in the first nine months of 2006 versus a net loss of 331,000 euro $ 421,000 in the same period of 2005 ",positive,"finnish dental care group oral hammaslaakarit oyj posted a total net profit of 849,000 euro $ 1.1 mln in the first nine months of 2006 versus a net loss of 331,000 euro $ 421,000 in the same period of 2005",finnish dental care group oral hammaslaakarit oyj posted a total net profit of euro mln in the first nine months of versus a net loss of euro in the same period of
"Finnish IT consultancy Satama Interactive Oyj posted a net profit of 1.4 mln euro $ 2.0 mln for the first nine months of 2007 , compared to a net loss of 462,000 euro $ 664,000 for the same period of 2006 ",positive,"finnish it consultancy satama interactive oyj posted a net profit of 1.4 mln euro $ 2.0 mln for the first nine months of 2007 , compared to a net loss of 462,000 euro $ 664,000 for the same period of 2006",finnish it consultancy satama interactive oyj posted a net profit of mln euro mln for the first nine months of compared to a net loss of euro for the same period of
"Finnish pulp and paper machinery maker Vaahto Group Oyj swung to a 1.1 mln euro $ 1.4 mln net profit in the fiscal 2005-06 , ended August 31 , 2006 , from a 249,000 euro $ 319,000 net loss in the fiscal 2004-05 ",positive,"finnish pulp and paper machinery maker vaahto group oyj swung to a 1.1 mln euro $ 1.4 mln net profit in the fiscal 2005-06 , ended august 31 , 2006 , from a 249,000 euro $ 319,000 net loss in the fiscal 2004-05",finnish pulp and paper machinery maker vaahto group oyj swung to a mln euro mln net profit in the fiscal ended august from a euro net loss in the fiscal
Finnish silicon wafers manufacturer Okmetic Oyj said it swung to a net profit of 4.9 mln euro $ 6.3 mln in the first nine months of 2006 from a net loss of 1.8 mln euro $ 2.3 mln a year earlier ,positive,finnish silicon wafers manufacturer okmetic oyj said it swung to a net profit of 4.9 mln euro $ 6.3 mln in the first nine months of 2006 from a net loss of 1.8 mln euro $ 2.3 mln a year earlier,finnish silicon wafers manufacturer okmetic oyj said it swung to a net profit of mln euro mln in the first nine months of from a net loss of mln euro mln a year earlier
"In the second quarter of 2010 , the company 's net profit was EUR1 .7 m compared to a net loss of EUR1 .3 m in April-June 2009 ",positive,"in the second quarter of 2010 , the company 's net profit was eur1 .7 m compared to a net loss of eur1 .3 m in april-june 2009",in the second quarter of the company net profit was m compared to a net loss of m in
It therefore seems that Finnish shipping company Viking Line will get the subsidy it needs to order its new LNG-fuelled vessel ,positive,it therefore seems that finnish shipping company viking line will get the subsidy it needs to order its new lng-fuelled vessel,it therefore seems that finnish shipping company viking line will get the subsidy it needs to order its new vessel
"Jarmo Honkamaa , head of the oil refining business at Neste Oil , says the situation looks promising from their viewpoint ",positive,"jarmo honkamaa , head of the oil refining business at neste oil , says the situation looks promising from their viewpoint",jarmo honkamaa head of the oil refining business at neste oil says the situation looks promising from their viewpoint
"ADP News - Feb 25 , 2009 - Finnish printed circuit board PCB maker Aspocomp Group Oyj HEL : ACG1V said today it swung to a net profit of EUR 300,000 USD 385,000 for 2008 versus a net loss of EUR 65.3 millio",positive,"adp news - feb 25 , 2009 - finnish printed circuit board pcb maker aspocomp group oyj hel : acg1v said today it swung to a net profit of eur 300,000 usd 385,000 for 2008 versus a net loss of eur 65.3 millio",adp news feb finnish printed circuit board pcb maker aspocomp group oyj hel said today it swung to a net profit of eur usd for versus a net loss of eur millio
"ADP News - Nov 6 , 2008 - Finnish retail software developer Aldata Solution Oyj OMX : ALD1V said today that it swung to a net profit of EUR 2.1 million USD 2.7 m for the first nine months of 2008 versus a net loss of E",positive,"adp news - nov 6 , 2008 - finnish retail software developer aldata solution oyj omx : ald1v said today that it swung to a net profit of eur 2.1 million usd 2.7 m for the first nine months of 2008 versus a net loss of e",adp news nov finnish retail software developer aldata solution oyj omx said today that it swung to a net profit of eur million usd m for the first nine months of versus a net loss of e
"Mformation and Nokia noted they have established interoperability agreements that cover commercially proven , standards-based management of mobile devices , as well as mobile device security and mobile application management ",positive,"mformation and nokia noted they have established interoperability agreements that cover commercially proven , standards-based management of mobile devices , as well as mobile device security and mobile application management",mformation and nokia noted they have established interoperability agreements that cover commercially proven management of mobile devices as well as mobile device security and mobile application management
"mn , and pretax profit to EUR 46.4 mn from EUR 35.8 mn in the third quarter of 2006 ",positive,"mn , and pretax profit to eur 46.4 mn from eur 35.8 mn in the third quarter of 2006",mn and pretax profit to eur mn from eur mn in the third quarter of
"Net sales will , however , increase from 2005 ",positive,"net sales will , however , increase from 2005",net sales will however increase from
Operating profit totaled EUR 17.7 mn compared to EUR 17.6 mn in the corresponding period in 2007 ,positive,operating profit totaled eur 17.7 mn compared to eur 17.6 mn in the corresponding period in 2007,operating profit totaled eur mn compared to eur mn in the corresponding period in
"Profit after taxes was EUR 0.1 mn , compared to EUR -0.4 mn the previous year ",positive,"profit after taxes was eur 0.1 mn , compared to eur -0.4 mn the previous year",profit after taxes was eur mn compared to eur mn the previous year
Profit for the period was EUR 15.6 mn compared to EUR 14.1 mn in 2007 ,positive,profit for the period was eur 15.6 mn compared to eur 14.1 mn in 2007,profit for the period was eur mn compared to eur mn in
"Quarterly diluted EPS on continuing operations came in at 0.21 eur , compared with last year 's 0.12 eur ",positive,"quarterly diluted eps on continuing operations came in at 0.21 eur , compared with last year 's 0.12 eur",quarterly diluted eps on continuing operations came in at eur compared with last year eur
"Raute posted a net profit of 1.8 mln euro $ 2.6 mln for the third quarter of 2007 , compared to a net loss of 299,000 euro $ 430,000 for the corresponding period of 2006 ",positive,"raute posted a net profit of 1.8 mln euro $ 2.6 mln for the third quarter of 2007 , compared to a net loss of 299,000 euro $ 430,000 for the corresponding period of 2006",raute posted a net profit of mln euro mln for the third quarter of compared to a net loss of euro for the corresponding period of
Return on equity stood at 18.3 % compared to 15.4 % in the third quarter of 2005 ,positive,return on equity stood at 18.3 % compared to 15.4 % in the third quarter of 2005,return on equity stood at compared to in the third quarter of
"Russian export duties will activate harvesting in Finland , and sales in Russia will increase also ",positive,"russian export duties will activate harvesting in finland , and sales in russia will increase also",russian export duties will activate harvesting in finland and sales in russia will increase also
The company expects net sales to significantly increase from 2009 ,positive,the company expects net sales to significantly increase from 2009,the company expects net sales to significantly increase from
"The company 's net profit amounted to EE 55.5 mn , which was 36 % more than in 2004 ",positive,"the company 's net profit amounted to ee 55.5 mn , which was 36 % more than in 2004",the company net profit amounted to ee mn which was more than in
The optimization of the steel components heating process will reduce the energy consumption ,positive,the optimization of the steel components heating process will reduce the energy consumption,the optimization of the steel components heating process will reduce the energy consumption
This new partnership agreement represents a significant milestone for both parties ,positive,this new partnership agreement represents a significant milestone for both parties,this new partnership agreement represents a significant milestone for both parties
"Tiimari Latvian representative Ineta Zaharova said that the company earned LVL 122,000 in 2005 profit , which is 20 times more that in 2004 ",positive,"tiimari latvian representative ineta zaharova said that the company earned lvl 122,000 in 2005 profit , which is 20 times more that in 2004",tiimari latvian representative ineta zaharova said that the company earned lvl in profit which is times more that in
"- Inge Larsen (CFO), 29,045 shares , representing 0.50 % of the share capital ",neutral,"- inge larsen (cfo), 29,045 shares , representing 0.50 % of the share capital",inge larsen cfo shares representing of the share capital
The forecast for 2012 is 3.3 % ,neutral,the forecast for 2012 is 3.3 %,the forecast for is
"The share capital of Alma Media Corporation (business ID 1944757-4)is EUR 45,031,513.80 and it is divided into 75,052,523 shares ",neutral,"the share capital of alma media corporation (business id 1944757-4)is eur 45,031,513.80 and it is divided into 75,052,523 shares",the share capital of alma media corporation business id is eur and it is divided into shares
The company is listed on the Nordic Exchange in Helsinki ,neutral,the company is listed on the nordic exchange in helsinki,the company is listed on the nordic exchange in helsinki
"Incap Contract Manufacturing will carry out the manufacturing for these agreements at its factory in Tumkur , near Bangalore ",neutral,"incap contract manufacturing will carry out the manufacturing for these agreements at its factory in tumkur , near bangalore",incap contract manufacturing will carry out the manufacturing for these agreements at its factory in tumkur near bangalore
"It will be operated by Nokia , and supported by its Nokia NetAct network and service management system ",neutral,"it will be operated by nokia , and supported by its nokia netact network and service management system",it will be operated by nokia and supported by its nokia netact network and service management system
Comptel Corporation will publish its financial statements for 2008 on 12 February 2009 ,neutral,comptel corporation will publish its financial statements for 2008 on 12 february 2009,comptel corporation will publish its financial statements for on february
The shops are located in the capital region and the Paijat-Hame region ,neutral,the shops are located in the capital region and the paijat-hame region,the shops are located in the capital region and the region
The annual net sales of the unit is some EUR 5 million and it currently employs some 55 people ,neutral,the annual net sales of the unit is some eur 5 million and it currently employs some 55 people,the annual net sales of the unit is some eur million and it currently employs some people
"On the following workday customers can check from their home computers how their purchases are divided between different ingredient groups , how much energy various products contain and what is the nutritional content of all purchases ",neutral,"on the following workday customers can check from their home computers how their purchases are divided between different ingredient groups , how much energy various products contain and what is the nutritional content of all purchases",on the following workday customers can check from their home computers how their purchases are divided between different ingredient groups how much energy various products contain and what is the nutritional content of all purchases
Name of Company in which holdings have been acquired : Citycon Oyj 2 ,neutral,name of company in which holdings have been acquired : citycon oyj 2,name of company in which holdings have been acquired citycon oyj
"BasWare is headquartered in Espoo , Finland ",neutral,"basware is headquartered in espoo , finland",basware is headquartered in espoo finland
"The store is located in Poznan in a shopping center named Pestka , the company added ",neutral,"the store is located in poznan in a shopping center named pestka , the company added",the store is located in poznan in a shopping center named pestka the company added
"The other seats would go to Edgar Edmonds , an American with experience of the clothing and retail industry , and Christian Fischer , an Austrian with experience in the winter sports goods business ",neutral,"the other seats would go to edgar edmonds , an american with experience of the clothing and retail industry , and christian fischer , an austrian with experience in the winter sports goods business",the other seats would go to edgar edmonds an american with experience of the clothing and retail industry and christian fischer an austrian with experience in the winter sports goods business
"Ahlstrom 's 5,700 employees serve customers via sales offices and production facilities in more than 20 countries on six continents ",neutral,"ahlstrom 's 5,700 employees serve customers via sales offices and production facilities in more than 20 countries on six continents",ahlstrom employees serve customers via sales offices and production facilities in more than countries on six continents
"Raute , headquartered in Nastola , Finland , is a technology company serving the wood products industry worldwide ",neutral,"raute , headquartered in nastola , finland , is a technology company serving the wood products industry worldwide",raute headquartered in nastola finland is a technology company serving the wood products industry worldwide
"According to latest information , Benefon will launch its Twig device on 20 September 2006 ",neutral,"according to latest information , benefon will launch its twig device on 20 september 2006",according to latest information benefon will launch its twig device on september
He will report to CapMan Plc 's CEO Heikki Westerlund ,neutral,he will report to capman plc 's ceo heikki westerlund,he will report to capman plc ceo heikki westerlund
The price will be specified at the completion date ,neutral,the price will be specified at the completion date,the price will be specified at the completion date
A total of $ 78 million will be invested in the project ,neutral,a total of $ 78 million will be invested in the project,a total of million will be invested in the project
"Finnish IT consultancy Satama Interactive Oyj said on November 13 , 2006 that Jarmo Lonnfors took up the position of CEO ",neutral,"finnish it consultancy satama interactive oyj said on november 13 , 2006 that jarmo lonnfors took up the position of ceo",finnish it consultancy satama interactive oyj said on november that jarmo lonnfors took up the position of ceo
"` Nordea 's definitely too big for Sampo to acquire , ' said an analyst ` But Sampo would appear to have an agenda for Nordea ahead of the privatisation ",neutral,"` nordea 's definitely too big for sampo to acquire , ' said an analyst ` but sampo would appear to have an agenda for nordea ahead of the privatisation",nordea definitely too big for sampo to acquire said an analyst but sampo would appear to have an agenda for nordea ahead of the privatisation
`` There is no room to modify the share component as we have already indicated . ',neutral,`` there is no room to modify the share component as we have already indicated . ',there is no room to modify the share component as we have already indicated
`` We could be there ,neutral,`` we could be there,we could be there
"1 p.m. Central office of Nordea Bank 19 3-ya ulitsa Yamskogo Polya , Building 1 Telephone : 495 777-34-77 ext. 3932 , 3931 03.02.2011 Unimilk - EGM 03-04 .02.2011 XVI international business-summit Food Business Russia 2011 will take place ",neutral,"1 p.m. central office of nordea bank 19 3-ya ulitsa yamskogo polya , building 1 telephone : 495 777-34-77 ext. 3932 , 3931 03.02.2011 unimilk - egm 03-04 .02.2011 xvi international business-summit food business russia 2011 will take place",central office of nordea bank ulitsa yamskogo polya building telephone ext unimilk egm xvi international food business russia will take place
"128,538 shares can still be subscribed for with Series E share options , max ",neutral,"128,538 shares can still be subscribed for with series e share options , max",shares can still be subscribed for with series e share options max
"561,470 new shares under 2003 option rights plan Packaging company Huhtamaki Oyj reported on Monday that a total of 561,470 new shares of the company have been issued based on share subscriptions under its 2003 option rights plan ",neutral,"561,470 new shares under 2003 option rights plan packaging company huhtamaki oyj reported on monday that a total of 561,470 new shares of the company have been issued based on share subscriptions under its 2003 option rights plan",new shares under option rights plan packaging company huhtamaki oyj reported on monday that a total of new shares of the company have been issued based on share subscriptions under its option rights plan
"A meeting for the media and analysts will be held on the same day at 10:30 a.m. at Stonesoft Headquarters in Helsinki , Italahdenkatu 22 A. The Interim report will be presented by Stonesoft 's CEO Ilkka Hiidenheimo ",neutral,"a meeting for the media and analysts will be held on the same day at 10:30 a.m. at stonesoft headquarters in helsinki , italahdenkatu 22 a. the interim report will be presented by stonesoft 's ceo ilkka hiidenheimo",a meeting for the media and analysts will be held on the same day at at stonesoft headquarters in helsinki italahdenkatu the interim report will be presented by stonesoft ceo ilkka hiidenheimo
A meeting of Glisten shareholders to vote on the bid will be held on 12 March ,neutral,a meeting of glisten shareholders to vote on the bid will be held on 12 march,a meeting of glisten shareholders to vote on the bid will be held on march
"A replay will be available until 27 October 2006 in the following numbers : US callers : +1 617-ï¿½801-ï¿½6888 , non-US callers : +44 20 7365 8427 , access code : 2659 5401 ",neutral,"a replay will be available until 27 october 2006 in the following numbers : us callers : +1 617-ï¿½801-ï¿½6888 , non-us callers : +44 20 7365 8427 , access code : 2659 5401",a replay will be available until october in the following numbers us callers callers access code
"About 36 % of this came from Aspo Chemicals , 39 % from Aspo Shipping and 25 % from Aspo Systems ",neutral,"about 36 % of this came from aspo chemicals , 39 % from aspo shipping and 25 % from aspo systems",about of this came from aspo chemicals from aspo shipping and from aspo systems
"About 72 % of Evraz Group shares are owned by Lanebrook , whose beneficiaries , on the one hand , are Millhouse , the holding company for the assets of billionaire Roman Abramovich and his business partners 50 % ; and Evraz executives Alexander Abramov and Alexander Frolov 50 % , on the other ",neutral,"about 72 % of evraz group shares are owned by lanebrook , whose beneficiaries , on the one hand , are millhouse , the holding company for the assets of billionaire roman abramovich and his business partners 50 % ; and evraz executives alexander abramov and alexander frolov 50 % , on the other",about of evraz group shares are owned by lanebrook whose beneficiaries on the one hand are millhouse the holding company for the assets of billionaire roman abramovich and his business partners and evraz executives alexander abramov and alexander frolov on the other
Aker Yards Finland will begin using Chinese subcontractors at its Finnish shipyards ,neutral,aker yards finland will begin using chinese subcontractors at its finnish shipyards,aker yards finland will begin using chinese subcontractors at its finnish shipyards
Finnish food industry company L+ï¿½nnen Tehtaat is planning changes to its fish product business ,neutral,finnish food industry company l+ï¿½nnen tehtaat is planning changes to its fish product business,finnish food industry company tehtaat is planning changes to its fish product business
"According to business media reports , Usmanov planned to transfer his MegaFon stake to the state-controlled Svyazinvest , in exchange for a stake in the merged RosTelecom ",neutral,"according to business media reports , usmanov planned to transfer his megafon stake to the state-controlled svyazinvest , in exchange for a stake in the merged rostelecom",according to business media reports usmanov planned to transfer his megafon stake to the svyazinvest in exchange for a stake in the merged rostelecom
"According to Gallup Food and Farm Facts , beef consumption totaled 99mn kilos in Finland in 2007 ",neutral,"according to gallup food and farm facts , beef consumption totaled 99mn kilos in finland in 2007",according to gallup food and farm facts beef consumption totaled kilos in finland in
"According to the company , a decision in the issue will be made in the summer of 2010 , at the earliest , and in the summer of 2011 , at the latest ",neutral,"according to the company , a decision in the issue will be made in the summer of 2010 , at the earliest , and in the summer of 2011 , at the latest",according to the company a decision in the issue will be made in the summer of at the earliest and in the summer of at the latest
"According to the Finnish-Russian Chamber of Commerce , all the major construction companies of Finland are operating in Russia ",neutral,"according to the finnish-russian chamber of commerce , all the major construction companies of finland are operating in russia",according to the chamber of commerce all the major construction companies of finland are operating in russia
"According to the notification , the holdings of Ameriprice Inc. and its group companies are now in total 808,973 shares , which represent 3.582 % of Tekla -ï¿½ s shares and voting rights ",neutral,"according to the notification , the holdings of ameriprice inc. and its group companies are now in total 808,973 shares , which represent 3.582 % of tekla -ï¿½ s shares and voting rights",according to the notification the holdings of ameriprice and its group companies are now in total shares which represent of tekla s shares and voting rights
"After the sale , Savcor Group Ltd will comprise Savcor ART , a corporate function and an investment in Cencorp Corporation ",neutral,"after the sale , savcor group ltd will comprise savcor art , a corporate function and an investment in cencorp corporation",after the sale savcor group ltd will comprise savcor art a corporate function and an investment in cencorp corporation
Ahlstrom 's share is quoted on the NASDAQ OMX Helsinki ,neutral,ahlstrom 's share is quoted on the nasdaq omx helsinki,ahlstrom share is quoted on the nasdaq omx helsinki
Ahlstrom 's share is quoted on the NASDAQ OMX Helsinki ,neutral,ahlstrom 's share is quoted on the nasdaq omx helsinki,ahlstrom share is quoted on the nasdaq omx helsinki
All YIT Capital Markets Day materials will be available on the company 's Internet site at www.yitgroup.com/investors at 10:30 on September 26 ,neutral,all yit capital markets day materials will be available on the company 's internet site at www.yitgroup.com/investors at 10:30 on september 26,all yit capital markets day materials will be available on the company internet site at at on september
"Alma Media holds 70 % of this company , the remaining shares being owned by the company 's key employees ",neutral,"alma media holds 70 % of this company , the remaining shares being owned by the company 's key employees",alma media holds of this company the remaining shares being owned by the company key employees
Almost the entire office building will be occupied by Metso ,neutral,almost the entire office building will be occupied by metso,almost the entire office building will be occupied by metso
Also the development of online businesses will continue ,neutral,also the development of online businesses will continue,also the development of online businesses will continue
As a part of the agreement 10 employees from the John Deere Forestry documentation functions will transfer to DokuMentori Oy ,neutral,as a part of the agreement 10 employees from the john deere forestry documentation functions will transfer to dokumentori oy,as a part of the agreement employees from the john deere forestry documentation functions will transfer to dokumentori oy
"As an alternative to the share exchange , Panostaja offers a full cash consideration at the value of 1.27 euro $ 1.7 per share ",neutral,"as an alternative to the share exchange , panostaja offers a full cash consideration at the value of 1.27 euro $ 1.7 per share",as an alternative to the share exchange panostaja offers a full cash consideration at the value of euro per share
at 9:00 EET Alma Media 's Annual Report for 2009 is scheduled to be published in calendar week 9 ,neutral,at 9:00 eet alma media 's annual report for 2009 is scheduled to be published in calendar week 9,at eet alma media annual report for is scheduled to be published in calendar week
"At end-August , Sampo was Nordea 's biggest shareholder with a 20.6 % stake , followed by the state with 19.9 % ",neutral,"at end-august , sampo was nordea 's biggest shareholder with a 20.6 % stake , followed by the state with 19.9 %",at sampo was nordea biggest shareholder with a stake followed by the state with
"At first , Solteq 's services to companies operating in the St. Petersburg area will include maintenance and material management systems and data collection solutions ",neutral,"at first , solteq 's services to companies operating in the st. petersburg area will include maintenance and material management systems and data collection solutions",at first solteq services to companies operating in the petersburg area will include maintenance and material management systems and data collection solutions
Autotank Group is part of Aspo 's Systems Division ,neutral,autotank group is part of aspo 's systems division,autotank group is part of aspo systems division
"Before FKI , John Jiang has worked in several general manager or senior business consultant positions for international companies in China ",neutral,"before fki , john jiang has worked in several general manager or senior business consultant positions for international companies in china",before fki john jiang has worked in several general manager or senior business consultant positions for international companies in china
"Bids or offers include at least 1,000 shares and the value of the shares must correspond to at least EUR4 ,000 ",neutral,"bids or offers include at least 1,000 shares and the value of the shares must correspond to at least eur4 ,000",bids or offers include at least shares and the value of the shares must correspond to at least
"CapMan said the deal 's effect on its cash flow for 2009 totals EUR3 .4 m , but the transaction would not affect its financial results for 2009 as it was executed at fair value ",neutral,"capman said the deal 's effect on its cash flow for 2009 totals eur3 .4 m , but the transaction would not affect its financial results for 2009 as it was executed at fair value",capman said the deal effect on its cash flow for totals m but the transaction would not affect its financial results for as it was executed at fair value
Catalysts segment includes refinery catalysts and polyolefin catalysts product categories ,neutral,catalysts segment includes refinery catalysts and polyolefin catalysts product categories,catalysts segment includes refinery catalysts and polyolefin catalysts product categories
"Componenta is a metal sector company with international operations and production plants located in Finland , the Netherlands , Sweden and Turkey ",neutral,"componenta is a metal sector company with international operations and production plants located in finland , the netherlands , sweden and turkey",componenta is a metal sector company with international operations and production plants located in finland the netherlands sweden and turkey
"Consisting of seven interconnected units , Mega Image 's logistics center will be 347 metres in length and 12 metres in height ",neutral,"consisting of seven interconnected units , mega image 's logistics center will be 347 metres in length and 12 metres in height",consisting of seven interconnected units mega image logistics center will be metres in length and metres in height
"Construction work on the Helsinki Music Centre is to start this autumn , with the total cost of the project estimated at 140 million euros ",neutral,"construction work on the helsinki music centre is to start this autumn , with the total cost of the project estimated at 140 million euros",construction work on the helsinki music centre is to start this autumn with the total cost of the project estimated at million euros
COPYRIGHT AFX News and AFX Financial News Logo are registered trademarks of AFX News Limite,neutral,copyright afx news and afx financial news logo are registered trademarks of afx news limite,copyright afx news and afx financial news logo are registered trademarks of afx news limite
"Cramo , headquartered in Vantaa , Finland , rents construction machinery and equipment , as well as rents and sells modular space ",neutral,"cramo , headquartered in vantaa , finland , rents construction machinery and equipment , as well as rents and sells modular space",cramo headquartered in vantaa finland rents construction machinery and equipment as well as rents and sells modular space
Currency conversions are based on exchange rates at the time of the deal ,neutral,currency conversions are based on exchange rates at the time of the deal,currency conversions are based on exchange rates at the time of the deal
"Currently the Terminator lures are produced in a subcontract facility in Mexico but the manufacturing will be transferred to Rapala 's factory in Shenzhen , China ",neutral,"currently the terminator lures are produced in a subcontract facility in mexico but the manufacturing will be transferred to rapala 's factory in shenzhen , china",currently the terminator lures are produced in a subcontract facility in mexico but the manufacturing will be transferred to rapala factory in shenzhen china
"Destia Oy is a Finnish infrastructure and construction service company building , maintaining and designing traffic routes , industrial and traffic environments , but also complete living environments ",neutral,"destia oy is a finnish infrastructure and construction service company building , maintaining and designing traffic routes , industrial and traffic environments , but also complete living environments",destia oy is a finnish infrastructure and construction service company building maintaining and designing traffic routes industrial and traffic environments but also complete living environments
"Digia will also set up two subsidiaries , Digia Norway AS and Digia USA Inc. ",neutral,"digia will also set up two subsidiaries , digia norway as and digia usa inc.",digia will also set up two subsidiaries digia norway as and digia usa inc
Each share is entitled to one vote ,neutral,each share is entitled to one vote,each share is entitled to one vote
Each year the dividend is deducted from the subscription price ,neutral,each year the dividend is deducted from the subscription price,each year the dividend is deducted from the subscription price
Earnings per share EPS amounted to EUR0 .01 ,neutral,earnings per share eps amounted to eur0 .01,earnings per share eps amounted to
Elcoteq has a global network of After Market Service sites which have a long experience in serving Consumer Electronics and Systems Solutions customers ,neutral,elcoteq has a global network of after market service sites which have a long experience in serving consumer electronics and systems solutions customers,elcoteq has a global network of after market service sites which have a long experience in serving consumer electronics and systems solutions customers
Elcoteq SE is listed on the Nasdaq OMX Helsinki Ltd. ,neutral,elcoteq se is listed on the nasdaq omx helsinki ltd.,elcoteq se is listed on the nasdaq omx helsinki ltd
Electronic versions require 24-48 hours as each copy is customized to the client with digital controls and custom watermarks ,neutral,electronic versions require 24-48 hours as each copy is customized to the client with digital controls and custom watermarks,electronic versions require hours as each copy is customized to the client with digital controls and custom watermarks
"Elisa Corporation will disclose its financial statements for 2006 on Thursday , 8 February 2007 ",neutral,"elisa corporation will disclose its financial statements for 2006 on thursday , 8 february 2007",elisa corporation will disclose its financial statements for on thursday february
"Erkki Jarvinen , President of Rautakirja and the head of the Sanoma Trade division , will leave his current tasks in spring 2009 for a similar position outside the Sanoma Group ",neutral,"erkki jarvinen , president of rautakirja and the head of the sanoma trade division , will leave his current tasks in spring 2009 for a similar position outside the sanoma group",erkki jarvinen president of rautakirja and the head of the sanoma trade division will leave his current tasks in spring for a similar position outside the sanoma group
"Ethanol would be made from barley , and production could start in 2008 ",neutral,"ethanol would be made from barley , and production could start in 2008",ethanol would be made from barley and production could start in
"EXEL COMPOSITES IN BRIEF Exel Composites is a technology company which designs , manufactures and markets composite profiles and tubes for industrial applications ",neutral,"exel composites in brief exel composites is a technology company which designs , manufactures and markets composite profiles and tubes for industrial applications",exel composites in brief exel composites is a technology company which designs manufactures and markets composite profiles and tubes for industrial applications
Exel is headquartered in Mantyharju in Finland ,neutral,exel is headquartered in mantyharju in finland,exel is headquartered in mantyharju in finland
Fancy Dans on the move FAB Glasgow gift and interiors store Fancy Dans is moving ,neutral,fancy dans on the move fab glasgow gift and interiors store fancy dans is moving,fancy dans on the move fab glasgow gift and interiors store fancy dans is moving
"Financial Statements include the consolidated financial statements of the Group , the Board of Directors ' Report , the Auditors ' Report and the Corporate Governance Statement ",neutral,"financial statements include the consolidated financial statements of the group , the board of directors ' report , the auditors ' report and the corporate governance statement",financial statements include the consolidated financial statements of the group the board of directors report the auditors report and the corporate governance statement
"FinancialWire tm is not a press release service , and receives no compensation for its news , opinions or distributions ",neutral,"financialwire tm is not a press release service , and receives no compensation for its news , opinions or distributions",financialwire tm is not a press release service and receives no compensation for its news opinions or distributions
Finnish Bank of +ï¿½land will launch its long-term pension savings account at the beginning of June 2010 ,neutral,finnish bank of +ï¿½land will launch its long-term pension savings account at the beginning of june 2010,finnish bank of will launch its pension savings account at the beginning of june
"Finnish Sampo-Rosenlew manufactures approximately seven forest machines monthly , and about half of machines are exported ",neutral,"finnish sampo-rosenlew manufactures approximately seven forest machines monthly , and about half of machines are exported",finnish manufactures approximately seven forest machines monthly and about half of machines are exported
Finnlines has six ships under construction in China with deliveries scheduled between the first quarter of 2011 and the final quarter of 2012 ,neutral,finnlines has six ships under construction in china with deliveries scheduled between the first quarter of 2011 and the final quarter of 2012,finnlines has six ships under construction in china with deliveries scheduled between the first quarter of and the final quarter of
Finnlines will announce in week 17 of 2006 what measures it will take to tackle the situation ,neutral,finnlines will announce in week 17 of 2006 what measures it will take to tackle the situation,finnlines will announce in week of what measures it will take to tackle the situation
"Following the issue , the new shares will constitute 10 percent of the firm 's capital ",neutral,"following the issue , the new shares will constitute 10 percent of the firm 's capital",following the issue the new shares will constitute percent of the firm capital
"Founded in 1923 , Finnair is one of the world 's oldest airlines and flies to 60 destinations with a fleet of 63 aircraft , employing 9,500 people ",neutral,"founded in 1923 , finnair is one of the world 's oldest airlines and flies to 60 destinations with a fleet of 63 aircraft , employing 9,500 people",founded in finnair is one of the world oldest airlines and flies to destinations with a fleet of aircraft employing people
"Glaston 's share GLA1V is listed on the NASDAQ OMX Helsinki , Mid Cap List ",neutral,"glaston 's share gla1v is listed on the nasdaq omx helsinki , mid cap list",glaston share is listed on the nasdaq omx helsinki mid cap list
Grounds for the notification : Tiimari Plc 12/30/2010 issued Capital Convertible Loan allocation decision by the Board on 01/31/2011 ,neutral,grounds for the notification : tiimari plc 12/30/2010 issued capital convertible loan allocation decision by the board on 01/31/2011,grounds for the notification tiimari plc issued capital convertible loan allocation decision by the board on
GyPSii service supports ten different languages including Korean and Russian ,neutral,gypsii service supports ten different languages including korean and russian,gypsii service supports ten different languages including korean and russian
He confirmed his view on July 6 ,neutral,he confirmed his view on july 6,he confirmed his view on july
"However , the offering will probably not be made at the current valuation , which partly derives from the deal in which the company was merged into a stock market shell ",neutral,"however , the offering will probably not be made at the current valuation , which partly derives from the deal in which the company was merged into a stock market shell",however the offering will probably not be made at the current valuation which partly derives from the deal in which the company was merged into a stock market shell
"HUHTAMAKI OYJ STOCK EXCHANGE RELEASE , 16.9.2008 AT 13.32 Huhtamaki 's Capital Markets Day for institutional investors and analysts is held in Espoo , September 16 , 2008 starting at 13.30 pm Finnish time ",neutral,"huhtamaki oyj stock exchange release , 16.9.2008 at 13.32 huhtamaki 's capital markets day for institutional investors and analysts is held in espoo , september 16 , 2008 starting at 13.30 pm finnish time",huhtamaki oyj stock exchange release at huhtamaki capital markets day for institutional investors and analysts is held in espoo september starting at pm finnish time
"If Honkarakenne starts production there , it will need a partner for sawmill operations ",neutral,"if honkarakenne starts production there , it will need a partner for sawmill operations",if honkarakenne starts production there it will need a partner for sawmill operations
"In addition to the Tulikivi Corporation , he is also currently a member of the Board of the following companies : Altia Corporation , J+ï¿½rvi-Suomen Portti Osuuskunta , Osuuskunta KPY , Profile Vehicles Oy and Voimatel Oy ",neutral,"in addition to the tulikivi corporation , he is also currently a member of the board of the following companies : altia corporation , j+ï¿½rvi-suomen portti osuuskunta , osuuskunta kpy , profile vehicles oy and voimatel oy",in addition to the tulikivi corporation he is also currently a member of the board of the following companies altia corporation portti osuuskunta osuuskunta kpy profile vehicles oy and voimatel oy
"In future , the plant will focus on the production of flange profiles for wind farm towers ",neutral,"in future , the plant will focus on the production of flange profiles for wind farm towers",in future the plant will focus on the production of flange profiles for wind farm towers
"Incap Corporation Stock Exchange Announcement 29 April 2010 at 1 p.m. INVITATION TO A NEWS CONFERENCE ON INCAP 'S INTERIM REPORT Q1-2010 Incap will publish its interim report for January-March 2010 on Wednesday , 5 May 2010 ",neutral,"incap corporation stock exchange announcement 29 april 2010 at 1 p.m. invitation to a news conference on incap 's interim report q1-2010 incap will publish its interim report for january-march 2010 on wednesday , 5 may 2010",incap corporation stock exchange announcement april at invitation to a news conference on incap interim report incap will publish its interim report for on wednesday may
IonPhasE 's second major owner is venture capital firm Aura Capital ,neutral,ionphase 's second major owner is venture capital firm aura capital,ionphase second major owner is venture capital firm aura capital
"Iso Omena is based in the Matinkyla district of the southern part of the city of Espoo , southern Finland ",neutral,"iso omena is based in the matinkyla district of the southern part of the city of espoo , southern finland",iso omena is based in the matinkyla district of the southern part of the city of espoo southern finland
"ITG 's share in the deal is estimated at some 500,000 euro $ 627,000 ",neutral,"itg 's share in the deal is estimated at some 500,000 euro $ 627,000",itg share in the deal is estimated at some euro
"Its customers include local companies Slo Oy , Kiilto Oy , Toptronics Oy , Normark Suomi Oy , Pellonpaja Oy and Mansner Oy ",neutral,"its customers include local companies slo oy , kiilto oy , toptronics oy , normark suomi oy , pellonpaja oy and mansner oy",its customers include local companies slo oy kiilto oy toptronics oy normark suomi oy pellonpaja oy and mansner oy
"Jensen , Njastein and Mike Critch , the head of Dovre North America business unit , will report to Toivola ",neutral,"jensen , njastein and mike critch , the head of dovre north america business unit , will report to toivola",jensen njastein and mike critch the head of dovre north america business unit will report to toivola
"Kemira , headquartered in Helsinki , Finland , is an international chemicals group comprising the business areas Kemira Pulp & Paper , Kemira Water , Kemira Specialty and Kemira Coatings ",neutral,"kemira , headquartered in helsinki , finland , is an international chemicals group comprising the business areas kemira pulp & paper , kemira water , kemira specialty and kemira coatings",kemira headquartered in helsinki finland is an international chemicals group comprising the business areas kemira pulp paper kemira water kemira specialty and kemira coatings
Kemira 's partner in the project is St. Petersburg Water Works ,neutral,kemira 's partner in the project is st. petersburg water works,kemira partner in the project is petersburg water works
KONE is listed on the Nordic Exchange in Helsinki ,neutral,kone is listed on the nordic exchange in helsinki,kone is listed on the nordic exchange in helsinki
"L&T is operative in Finland , Sweden , Latvia , Russia and Norway ",neutral,"l&t is operative in finland , sweden , latvia , russia and norway",l t is operative in finland sweden latvia russia and norway
Latvia 's Stockmann shopping mall is a subsidiary of Finland 's Stockmann Plc. ,neutral,latvia 's stockmann shopping mall is a subsidiary of finland 's stockmann plc.,latvia stockmann shopping mall is a subsidiary of finland stockmann plc
"LEED is an internationally recognized green building certification system , developed by the U.S. Green Building Council ",neutral,"leed is an internationally recognized green building certification system , developed by the u.s. green building council",leed is an internationally recognized green building certification system developed by the green building council
"China Unicom , NYSE : CHU , HKSE : 0762 , and SHSE : 600050 , the second largest mobile carrier in the country ",neutral,"china unicom , nyse : chu , hkse : 0762 , and shse : 600050 , the second largest mobile carrier in the country",china unicom nyse chu hkse and shse the second largest mobile carrier in the country
"Metsa-Botnia will finance the payment of dividends , the repayment of capital and the repurchase of its own shares with the funds deriving from its divestment of the Uruguay operations , and shares in Pohjolan Voima , and by utilising its existing financing facilities ",neutral,"metsa-botnia will finance the payment of dividends , the repayment of capital and the repurchase of its own shares with the funds deriving from its divestment of the uruguay operations , and shares in pohjolan voima , and by utilising its existing financing facilities",will finance the payment of dividends the repayment of capital and the repurchase of its own shares with the funds deriving from its divestment of the uruguay operations and shares in pohjolan voima and by utilising its existing financing facilities
Metso 's delivery will include a complete coated board line with related air systems and two winders ,neutral,metso 's delivery will include a complete coated board line with related air systems and two winders,metso delivery will include a complete coated board line with related air systems and two winders
Most of the dividend will go to the Grimaldi family ,neutral,most of the dividend will go to the grimaldi family,most of the dividend will go to the grimaldi family
Neste Shipping is the most likely to remain Finnish as the oil sector and its transports are significant for emergency supply ,neutral,neste shipping is the most likely to remain finnish as the oil sector and its transports are significant for emergency supply,neste shipping is the most likely to remain finnish as the oil sector and its transports are significant for emergency supply
Net investment incom,neutral,net investment incom,net investment incom
"no compensation for its news , opinions or distributions ",neutral,"no compensation for its news , opinions or distributions",no compensation for its news opinions or distributions
No financial details were disclosed ,neutral,no financial details were disclosed,no financial details were disclosed
"Of the company 's net sales , 38 % was acquired in Finland , 21 % in other European countries , 40 % in Asia , and 1 % in the US ",neutral,"of the company 's net sales , 38 % was acquired in finland , 21 % in other european countries , 40 % in asia , and 1 % in the us",of the company net sales was acquired in finland in other european countries in asia and in the us
Officials did not disclose the contract value ,neutral,officials did not disclose the contract value,officials did not disclose the contract value
Otherwise the situation is under control ,neutral,otherwise the situation is under control,otherwise the situation is under control
"Our customers come from the following countries : UK , USA , Spain , France , Italy , Germany , China , Hong Kong , Sweden , Norway , Netherlands , Austria , Belgium , Switzerland , Czech Republic , Finland , Canada , Russia , Ukraine , Denmark , Ireland , South Korea and Liechtenstein ",neutral,"our customers come from the following countries : uk , usa , spain , france , italy , germany , china , hong kong , sweden , norway , netherlands , austria , belgium , switzerland , czech republic , finland , canada , russia , ukraine , denmark , ireland , south korea and liechtenstein",our customers come from the following countries uk usa spain france italy germany china hong kong sweden norway netherlands austria belgium switzerland czech republic finland canada russia ukraine denmark ireland south korea and liechtenstein
"Our customers come from the following countries : UK , USA , Spain , France , Italy , Germany , China , Sweden , Norway , Netherlands , Austria , Belgium , Switzerland , Czech Republic , Serbia , Finland , Canada , Russia , Ukraine , Portugal , Denmark , Ireland , South Korea , Estonia and Liechtenstein ",neutral,"our customers come from the following countries : uk , usa , spain , france , italy , germany , china , sweden , norway , netherlands , austria , belgium , switzerland , czech republic , serbia , finland , canada , russia , ukraine , portugal , denmark , ireland , south korea , estonia and liechtenstein",our customers come from the following countries uk usa spain france italy germany china sweden norway netherlands austria belgium switzerland czech republic serbia finland canada russia ukraine portugal denmark ireland south korea estonia and liechtenstein
"Paychex has more than 100 offices serving approximately 554,000 payroll clients nationwide as of May 31 , 2009 ",neutral,"paychex has more than 100 offices serving approximately 554,000 payroll clients nationwide as of may 31 , 2009",paychex has more than offices serving approximately payroll clients nationwide as of may
Payment of shares shall be effected on subscription ,neutral,payment of shares shall be effected on subscription,payment of shares shall be effected on subscription
"PCS Digital Guatemala has been using Tecnomen 's prepaid system in Telgua fixed networks as well as code division multiple access , or CDMA , and global system for mobile communication , or GSM , since 2003 ",neutral,"pcs digital guatemala has been using tecnomen 's prepaid system in telgua fixed networks as well as code division multiple access , or cdma , and global system for mobile communication , or gsm , since 2003",pcs digital guatemala has been using tecnomen prepaid system in telgua fixed networks as well as code division multiple access or cdma and global system for mobile communication or gsm since
"Poyry is a global consulting and engineering firm focusing on the energy , forest industry and infrastructure & environment sectors ",neutral,"poyry is a global consulting and engineering firm focusing on the energy , forest industry and infrastructure & environment sectors",poyry is a global consulting and engineering firm focusing on the energy forest industry and infrastructure environment sectors
Production is scheduled to start by the end of April 2007 ,neutral,production is scheduled to start by the end of april 2007,production is scheduled to start by the end of april
"Published by Globes online , Israel business news - www.globes-online.com - on November 16 , 2009 -ï¿½ Copyright of Globes Publisher Itonut 1983 Ltd. 200",neutral,"published by globes online , israel business news - www.globes-online.com - on november 16 , 2009 -ï¿½ copyright of globes publisher itonut 1983 ltd. 200",published by globes online israel business news on november copyright of globes publisher itonut
Ramirent Finland is the domestic unit of machinery rental company Ramirent Oyj HEL : RMR1V ,neutral,ramirent finland is the domestic unit of machinery rental company ramirent oyj hel : rmr1v,ramirent finland is the domestic unit of machinery rental company ramirent oyj hel
Raute is listed on the Nordic exchange in Helsinki ,neutral,raute is listed on the nordic exchange in helsinki,raute is listed on the nordic exchange in helsinki
Registration is required ,neutral,registration is required,registration is required
Related links : Flexiblebaseloadoperation TheWartsila32generating set Gasconversions This is the shorter of two versions of this press release ,neutral,related links : flexiblebaseloadoperation thewartsila32generating set gasconversions this is the shorter of two versions of this press release,related links flexiblebaseloadoperation set gasconversions this is the shorter of two versions of this press release
"rosendal at outotec.com Eila Paatela , Vice President - Corporate Communications tel. +358 20 529 2004 , +358 400 817198 e-mail eila ",neutral,"rosendal at outotec.com eila paatela , vice president - corporate communications tel. +358 20 529 2004 , +358 400 817198 e-mail eila",rosendal at eila paatela vice president corporate communications tel eila
Runway Visual Range is a calculated assessment of the distance that a pilot can see down a runway ,neutral,runway visual range is a calculated assessment of the distance that a pilot can see down a runway,runway visual range is a calculated assessment of the distance that a pilot can see down a runway
"Salcomp 's charger manufacturing plant in India is located in the Nokia Telecom Park in the state of Tamil Nadu , in the eastern part of India ",neutral,"salcomp 's charger manufacturing plant in india is located in the nokia telecom park in the state of tamil nadu , in the eastern part of india",salcomp charger manufacturing plant in india is located in the nokia telecom park in the state of tamil nadu in the eastern part of india
Saunalahti is a part of the Elisa group ,neutral,saunalahti is a part of the elisa group,saunalahti is a part of the elisa group
"says Brian Burton , Head of IT Security , Vodafone UK ",neutral,"says brian burton , head of it security , vodafone uk",says brian burton head of it security vodafone uk
"Seller is the Finnish Elcoteq Group , the largest European electronics manufacturing services company ",neutral,"seller is the finnish elcoteq group , the largest european electronics manufacturing services company",seller is the finnish elcoteq group the largest european electronics manufacturing services company
Solteq Plc ANNOUNCEMENT 16.12.2010 SHARE REPURCHASE 16.12.2010 In the Helsinki Stock Exchange Solteq Plc now holds a total of 486.969 shares including the shares repurchased on 16.12.2010 ,neutral,solteq plc announcement 16.12.2010 share repurchase 16.12.2010 in the helsinki stock exchange solteq plc now holds a total of 486.969 shares including the shares repurchased on 16.12.2010,solteq plc announcement share repurchase in the helsinki stock exchange solteq plc now holds a total of shares including the shares repurchased on
"Some of the most recent technology deliveries include refinery technology to Anrak Aluminium , an iron ore pelletizing plant to Tata Steel and iron ore sintering plants to Bhushan Steel ",neutral,"some of the most recent technology deliveries include refinery technology to anrak aluminium , an iron ore pelletizing plant to tata steel and iron ore sintering plants to bhushan steel",some of the most recent technology deliveries include refinery technology to anrak aluminium an iron ore pelletizing plant to tata steel and iron ore sintering plants to bhushan steel
"SRV will also build an aqua park with wellness area , a restaurant and a multifunctional ice arena ",neutral,"srv will also build an aqua park with wellness area , a restaurant and a multifunctional ice arena",srv will also build an aqua park with wellness area a restaurant and a multifunctional ice arena
"SSH Communications Security Corporation is headquartered in Helsinki , Finland ",neutral,"ssh communications security corporation is headquartered in helsinki , finland",ssh communications security corporation is headquartered in helsinki finland
"SSH Communications Security Corporation is headquartered in Helsinki , Finland ",neutral,"ssh communications security corporation is headquartered in helsinki , finland",ssh communications security corporation is headquartered in helsinki finland
"Steek , which was set up in 2002 , is based in Bordeaux , southwestern France ",neutral,"steek , which was set up in 2002 , is based in bordeaux , southwestern france",steek which was set up in is based in bordeaux southwestern france
"STOCKMANN plc COMPANY ANNOUNCEMENT February 20 , 2007 , at 13.40 An annual summary of Stockmann 's stock exchange and financial press releases in 2006 is available on the company 's website at the address www.stockmann.com ",neutral,"stockmann plc company announcement february 20 , 2007 , at 13.40 an annual summary of stockmann 's stock exchange and financial press releases in 2006 is available on the company 's website at the address www.stockmann.com",stockmann plc company announcement february at an annual summary of stockmann stock exchange and financial press releases in is available on the company website at the address
"Sullivan said some of the boards `` really involve a lot of work , and people should get paid for their time . '",neutral,"sullivan said some of the boards `` really involve a lot of work , and people should get paid for their time . '",sullivan said some of the boards really involve a lot of work and people should get paid for their time
Suomen Paikallissanomat Oy is part of Alma Media Group and it currently publishes 15 local newspapers across Finland ,neutral,suomen paikallissanomat oy is part of alma media group and it currently publishes 15 local newspapers across finland,suomen paikallissanomat oy is part of alma media group and it currently publishes local newspapers across finland
Talvivaara is listed on the London Stock Exchange Main Market and NASDAQ OMX Helsinki and is included in the FTSE 250 Index ,neutral,talvivaara is listed on the london stock exchange main market and nasdaq omx helsinki and is included in the ftse 250 index,talvivaara is listed on the london stock exchange main market and nasdaq omx helsinki and is included in the ftse index
"Tecnotree 's convergent charging solution includes functionality for prepaid and post-paid billing , charging and rating of voice calls , video calls and raw data traffic for both mobile and fixed networks ",neutral,"tecnotree 's convergent charging solution includes functionality for prepaid and post-paid billing , charging and rating of voice calls , video calls and raw data traffic for both mobile and fixed networks",tecnotree convergent charging solution includes functionality for prepaid and billing charging and rating of voice calls video calls and raw data traffic for both mobile and fixed networks
Teleste has some 30 offices worldwide and is listed on the Nordic Exchange in Helsinki ,neutral,teleste has some 30 offices worldwide and is listed on the nordic exchange in helsinki,teleste has some offices worldwide and is listed on the nordic exchange in helsinki
Teleste was set up in 1954 and is divided into Broadband Cable Networks and Video Networks business areas ,neutral,teleste was set up in 1954 and is divided into broadband cable networks and video networks business areas,teleste was set up in and is divided into broadband cable networks and video networks business areas
"The 2500-passenger ferry will have dimensions of 185 m length overall , 170 m length between perpendiculars , 27.70 m breadth and 6.55 m design draught ",neutral,"the 2500-passenger ferry will have dimensions of 185 m length overall , 170 m length between perpendiculars , 27.70 m breadth and 6.55 m design draught",the ferry will have dimensions of m length overall m length between perpendiculars m breadth and m design draught
"The acquisition does not have to be from the frozen foods or fish sector , as long as it has synergies with L+ï¿½nnen Tehtaat 's other businesses ",neutral,"the acquisition does not have to be from the frozen foods or fish sector , as long as it has synergies with l+ï¿½nnen tehtaat 's other businesses",the acquisition does not have to be from the frozen foods or fish sector as long as it has synergies with tehtaat other businesses
The acquisition price was not disclosed ,neutral,the acquisition price was not disclosed,the acquisition price was not disclosed
The aforementioned shareholders have informed that they will propose to the Annual General Meeting that the number of members of the Board of Directors shall be five and that besides the present members of the Board of Directors also Mr Lassi Noponen shall be elected to the Board of Directors ,neutral,the aforementioned shareholders have informed that they will propose to the annual general meeting that the number of members of the board of directors shall be five and that besides the present members of the board of directors also mr lassi noponen shall be elected to the board of directors,the aforementioned shareholders have informed that they will propose to the annual general meeting that the number of members of the board of directors shall be five and that besides the present members of the board of directors also mr lassi noponen shall be elected to the board of directors
"The aim of the CEO 's Q&A sessions is to give further clarity on information , which has been made public already earlier ",neutral,"the aim of the ceo 's q&a sessions is to give further clarity on information , which has been made public already earlier",the aim of the ceo q a sessions is to give further clarity on information which has been made public already earlier
The Board of Directors was authorized to decide on other terms of the share issue ,neutral,the board of directors was authorized to decide on other terms of the share issue,the board of directors was authorized to decide on other terms of the share issue
The bridge will be 1.2 km long and is located between Anasmotet by the road E20 and the new traffic junction in Marieholm by the road E45 ,neutral,the bridge will be 1.2 km long and is located between anasmotet by the road e20 and the new traffic junction in marieholm by the road e45,the bridge will be km long and is located between anasmotet by the road and the new traffic junction in marieholm by the road
"The buildings , with about 40 condominiums each , will be built in 4 or 5 stages ",neutral,"the buildings , with about 40 condominiums each , will be built in 4 or 5 stages",the buildings with about condominiums each will be built in or stages
"The business area has operations in Finland , Sweden , Denmark , Estonia , Latvia and Lithuania ",neutral,"the business area has operations in finland , sweden , denmark , estonia , latvia and lithuania",the business area has operations in finland sweden denmark estonia latvia and lithuania
The capital structure of Solidium may be complemented by other financial instruments in the future ,neutral,the capital structure of solidium may be complemented by other financial instruments in the future,the capital structure of solidium may be complemented by other financial instruments in the future
The company has some 410 employees and an annual turnover of EUR65 .4 m. Vaahto Group is listed on the Nordic Exchange in Helsinki ,neutral,the company has some 410 employees and an annual turnover of eur65 .4 m. vaahto group is listed on the nordic exchange in helsinki,the company has some employees and an annual turnover of vaahto group is listed on the nordic exchange in helsinki
"The company is also seeking possibilities to relocate the Luumaki personnel , some 50 people , to other UPM mills ",neutral,"the company is also seeking possibilities to relocate the luumaki personnel , some 50 people , to other upm mills",the company is also seeking possibilities to relocate the luumaki personnel some people to other upm mills
"The company offers payroll services , including payroll processing , payroll tax administration , and employee pay services , including direct deposit , check signing , and Readychex ",neutral,"the company offers payroll services , including payroll processing , payroll tax administration , and employee pay services , including direct deposit , check signing , and readychex",the company offers payroll services including payroll processing payroll tax administration and employee pay services including direct deposit check signing and readychex
"The company operates its business through two reportable segments , including Banking and Investment Services , and Non-Life Insurance ",neutral,"the company operates its business through two reportable segments , including banking and investment services , and non-life insurance",the company operates its business through two reportable segments including banking and investment services and insurance
The company 's board of directors has proposed a dividend of EUR0 .12 per share for 2006 ,neutral,the company 's board of directors has proposed a dividend of eur0 .12 per share for 2006,the company board of directors has proposed a dividend of per share for
The company 's board of directors will propose a dividend of EUR 0.14 for 2008 at the annual general meeting ,neutral,the company 's board of directors will propose a dividend of eur 0.14 for 2008 at the annual general meeting,the company board of directors will propose a dividend of eur for at the annual general meeting
"The company 's plant in Russia will continue to make tyres for its near markets , while the plant in Nokia in Finland will manufacture tyres for other markets ",neutral,"the company 's plant in russia will continue to make tyres for its near markets , while the plant in nokia in finland will manufacture tyres for other markets",the company plant in russia will continue to make tyres for its near markets while the plant in nokia in finland will manufacture tyres for other markets
The company 's share is listed in the Mid Cap segment of the NASDAQ OMX Helsinki ,neutral,the company 's share is listed in the mid cap segment of the nasdaq omx helsinki,the company share is listed in the mid cap segment of the nasdaq omx helsinki
The company 's share is quoted on NASDAQ OMX Helsinki Rautaruukki Oyj : RTRKS ,neutral,the company 's share is quoted on nasdaq omx helsinki rautaruukki oyj : rtrks,the company share is quoted on nasdaq omx helsinki rautaruukki oyj rtrks
The company then said it will focus its resources on clinical research ,neutral,the company then said it will focus its resources on clinical research,the company then said it will focus its resources on clinical research
The Company turnover amounted to MEUR 27.9 in 2007 ,neutral,the company turnover amounted to meur 27.9 in 2007,the company turnover amounted to meur in
The company website is www.ahlstrom.com ,neutral,the company website is www.ahlstrom.com,the company website is
The company will be part of Teleste 's Video and Broadband Solutions business area ,neutral,the company will be part of teleste 's video and broadband solutions business area,the company will be part of teleste video and broadband solutions business area
"The company will publish its financial statement for 2008 on February 25 , 2009 ",neutral,"the company will publish its financial statement for 2008 on february 25 , 2009",the company will publish its financial statement for on february
The company will release its 2010 results on 11 February 2011 ,neutral,the company will release its 2010 results on 11 february 2011,the company will release its results on february
The continued operations mean the structure after the restructuring of the Aspocomp group including Aspocomp Oulu and the headquarter operations ,neutral,the continued operations mean the structure after the restructuring of the aspocomp group including aspocomp oulu and the headquarter operations,the continued operations mean the structure after the restructuring of the aspocomp group including aspocomp oulu and the headquarter operations
"The contract covers turnkey deliveries to all five airports operated by the authority -- John F Kennedy , LaGuardia , Newark , Teterboro and Stewart International ",neutral,"the contract covers turnkey deliveries to all five airports operated by the authority -- john f kennedy , laguardia , newark , teterboro and stewart international",the contract covers turnkey deliveries to all five airports operated by the authority john f kennedy laguardia newark teterboro and stewart international
The contract includes heating plant equipment and associated installation work ,neutral,the contract includes heating plant equipment and associated installation work,the contract includes heating plant equipment and associated installation work
The contract involves refurbishing the bathrooms of 189 units as well as re-plumbing their water and sewer pipes ,neutral,the contract involves refurbishing the bathrooms of 189 units as well as re-plumbing their water and sewer pipes,the contract involves refurbishing the bathrooms of units as well as their water and sewer pipes
"The cost of the deal could range from 70 million to 90 million euros depending on the financial results of the two companies in 2008 , the statement says ",neutral,"the cost of the deal could range from 70 million to 90 million euros depending on the financial results of the two companies in 2008 , the statement says",the cost of the deal could range from million to million euros depending on the financial results of the two companies in the statement says
The cranes would be installed onboard two freighters ordered by Singaporean ship owner Masterbulk ,neutral,the cranes would be installed onboard two freighters ordered by singaporean ship owner masterbulk,the cranes would be installed onboard two freighters ordered by singaporean ship owner masterbulk
The customers will have an access to integrated propeller and gear packages from one source ,neutral,the customers will have an access to integrated propeller and gear packages from one source,the customers will have an access to integrated propeller and gear packages from one source
The deal is subject to approval by the Norwegian competition authorities ,neutral,the deal is subject to approval by the norwegian competition authorities,the deal is subject to approval by the norwegian competition authorities
The deal means that ten persons in three countries will transfer to Tieto ,neutral,the deal means that ten persons in three countries will transfer to tieto,the deal means that ten persons in three countries will transfer to tieto
The deal will have no significant effect on the acquiring company 's equity ratio ,neutral,the deal will have no significant effect on the acquiring company 's equity ratio,the deal will have no significant effect on the acquiring company equity ratio
The deliveries are scheduled for the summer and autumn of 2008 ,neutral,the deliveries are scheduled for the summer and autumn of 2008,the deliveries are scheduled for the summer and autumn of
"The development of the technological park , which will specialize in telecommunications and information technologies , is part of the state program for the formation of technoparks for hi-tech sectors in Russia ",neutral,"the development of the technological park , which will specialize in telecommunications and information technologies , is part of the state program for the formation of technoparks for hi-tech sectors in russia",the development of the technological park which will specialize in telecommunications and information technologies is part of the state program for the formation of technoparks for sectors in russia
"The e-commerce site and flagship will be managed by Marimekko North America Retail LLC , a subsidiary established in the U.S. last year ",neutral,"the e-commerce site and flagship will be managed by marimekko north america retail llc , a subsidiary established in the u.s. last year",the site and flagship will be managed by marimekko north america retail llc a subsidiary established in the last year
"The final price will be specified by 14 May 2010 , the acquiring company said ",neutral,"the final price will be specified by 14 may 2010 , the acquiring company said",the final price will be specified by may the acquiring company said
"The firm 's UK head office is in Rugby Road , Lutterworth ",neutral,"the firm 's uk head office is in rugby road , lutterworth",the firm uk head office is in rugby road lutterworth
The first group of customers to be trained will be paint-shop owners and their assistants ,neutral,the first group of customers to be trained will be paint-shop owners and their assistants,the first group of customers to be trained will be owners and their assistants
The first stage of the contract covers 133 stores and 600 cash registers ,neutral,the first stage of the contract covers 133 stores and 600 cash registers,the first stage of the contract covers stores and cash registers
"The fish content of the nuggets is 85 % , and the fish comes from Canada and Finland ",neutral,"the fish content of the nuggets is 85 % , and the fish comes from canada and finland",the fish content of the nuggets is and the fish comes from canada and finland
The following information was released by Comptel : Tomorrow the Chairman of the Federal Communications Commission is scheduled to deliver the National Broadband Plan to Congress ,neutral,the following information was released by comptel : tomorrow the chairman of the federal communications commission is scheduled to deliver the national broadband plan to congress,the following information was released by comptel tomorrow the chairman of the federal communications commission is scheduled to deliver the national broadband plan to congress
The front surfaces of these valve plates are directed towards each other ,neutral,the front surfaces of these valve plates are directed towards each other,the front surfaces of these valve plates are directed towards each other
"The inaugural speech will be given by Hannu Kyrolainen , Finland 's Ambassador to the Czech Republic ",neutral,"the inaugural speech will be given by hannu kyrolainen , finland 's ambassador to the czech republic",the inaugural speech will be given by hannu kyrolainen finland ambassador to the czech republic
The increase range will vary up to 10 % ,neutral,the increase range will vary up to 10 %,the increase range will vary up to
"The Internal Revenue Service sees about 20 percent of all taxpayers wait until the last two weeks to file , with about 40 million returns filed in April ",neutral,"the internal revenue service sees about 20 percent of all taxpayers wait until the last two weeks to file , with about 40 million returns filed in april",the internal revenue service sees about percent of all taxpayers wait until the last two weeks to file with about million returns filed in april
"The latest date for registration is on 4 April , 2006 ",neutral,"the latest date for registration is on 4 april , 2006",the latest date for registration is on april
The Line 4 will run fully underground and will comprise 10 stations which will be executed in two implementation stages ,neutral,the line 4 will run fully underground and will comprise 10 stations which will be executed in two implementation stages,the line will run fully underground and will comprise stations which will be executed in two implementation stages
"The mall will be financed on a parity basis by Pearl Plaza LLC , the joint venture company established by the Chinese investor Shanghai Industrial Investment Holdings Co Ltd , and SRV Group ",neutral,"the mall will be financed on a parity basis by pearl plaza llc , the joint venture company established by the chinese investor shanghai industrial investment holdings co ltd , and srv group",the mall will be financed on a parity basis by pearl plaza llc the joint venture company established by the chinese investor shanghai industrial investment holdings co ltd and srv group
"The maximum amount of the capital loan will be EUR30m and the minimum subscription -- EUR10 ,000 ",neutral,"the maximum amount of the capital loan will be eur30m and the minimum subscription -- eur10 ,000",the maximum amount of the capital loan will be and the minimum subscription
The maximum number of new shares to be offered is 22 million ,neutral,the maximum number of new shares to be offered is 22 million,the maximum number of new shares to be offered is million
The measures taken will cause one-time costs during the final part of 2006 ,neutral,the measures taken will cause one-time costs during the final part of 2006,the measures taken will cause costs during the final part of
"The mill will have capacity to produce 500,000 tonnes of pulp per year ",neutral,"the mill will have capacity to produce 500,000 tonnes of pulp per year",the mill will have capacity to produce tonnes of pulp per year
"The money will be spread mainly over 2011 and 2012 , the company said ",neutral,"the money will be spread mainly over 2011 and 2012 , the company said",the money will be spread mainly over and the company said
"The natural source of isoprene is the tree species Hevea brasiliensis , also known as the rubber tree ",neutral,"the natural source of isoprene is the tree species hevea brasiliensis , also known as the rubber tree",the natural source of isoprene is the tree species hevea brasiliensis also known as the rubber tree
"The new majority owners of Aspocomp Thailand Co. , Ltd are certain private persons belonging to immediate circle of Aspocomp 's present Joint Venture partner , Saha Pathana Inter-Holding Plc. ",neutral,"the new majority owners of aspocomp thailand co. , ltd are certain private persons belonging to immediate circle of aspocomp 's present joint venture partner , saha pathana inter-holding plc.",the new majority owners of aspocomp thailand ltd are certain private persons belonging to immediate circle of aspocomp present joint venture partner saha pathana plc
The new organization consists of two business units : Charging & Messaging and Finance & Administration ,neutral,the new organization consists of two business units : charging & messaging and finance & administration,the new organization consists of two business units charging messaging and finance administration
The new SEPA cads will replace Finnish bank cards ,neutral,the new sepa cads will replace finnish bank cards,the new sepa cads will replace finnish bank cards
"The order comprises all production lines for a plywood mill , company said in a statement received by Lesprom Network ",neutral,"the order comprises all production lines for a plywood mill , company said in a statement received by lesprom network",the order comprises all production lines for a plywood mill company said in a statement received by lesprom network
"The order comprises four ball mills , which will be organized in two different streams for treating ore in the Pilanesberg platinum mine ",neutral,"the order comprises four ball mills , which will be organized in two different streams for treating ore in the pilanesberg platinum mine",the order comprises four ball mills which will be organized in two different streams for treating ore in the pilanesberg platinum mine
"The order includes a new Crecent former , headbox , and reel ",neutral,"the order includes a new crecent former , headbox , and reel",the order includes a new crecent former headbox and reel
The output of the contracts totals 72 MWe ,neutral,the output of the contracts totals 72 mwe,the output of the contracts totals mwe
"The parties have agreed not to disclose the price of the deal , the group said in a press release ",neutral,"the parties have agreed not to disclose the price of the deal , the group said in a press release",the parties have agreed not to disclose the price of the deal the group said in a press release
The parties have agreed not to disclose the transaction value ,neutral,the parties have agreed not to disclose the transaction value,the parties have agreed not to disclose the transaction value
"The payment date is March 25 , 2010 ",neutral,"the payment date is march 25 , 2010",the payment date is march
"The platform is based built on Intel s second-generation MID platform , called Moorestown ",neutral,"the platform is based built on intel s second-generation mid platform , called moorestown",the platform is based built on intel s mid platform called moorestown
"The price of the 10,000 kroon par value bonds was 9663,51 kroons in the primary issue ",neutral,"the price of the 10,000 kroon par value bonds was 9663,51 kroons in the primary issue",the price of the kroon par value bonds was kroons in the primary issue
The proposal by the Board of Directors on the issuance of option rights will otherwise correspond to the proposal by the Board of Directors in the Notice to the General Meeting ,neutral,the proposal by the board of directors on the issuance of option rights will otherwise correspond to the proposal by the board of directors in the notice to the general meeting,the proposal by the board of directors on the issuance of option rights will otherwise correspond to the proposal by the board of directors in the notice to the general meeting
The purchase sum is about EUR 10mn US$ 12.97 mn ,neutral,the purchase sum is about eur 10mn us$ 12.97 mn,the purchase sum is about eur us mn
"The report examines the medical equipment business structure and operations , history and products , and provides an analysis of its key medical equipment revenue lines ",neutral,"the report examines the medical equipment business structure and operations , history and products , and provides an analysis of its key medical equipment revenue lines",the report examines the medical equipment business structure and operations history and products and provides an analysis of its key medical equipment revenue lines
"The sale of Savcor FACE to Cencorp will result in a profit or loss which can not yet be determined , owing to factors including the valuation of the consideration shares to be received and prevailing exchange rates ",neutral,"the sale of savcor face to cencorp will result in a profit or loss which can not yet be determined , owing to factors including the valuation of the consideration shares to be received and prevailing exchange rates",the sale of savcor face to cencorp will result in a profit or loss which can not yet be determined owing to factors including the valuation of the consideration shares to be received and prevailing exchange rates
"The sale will be finalized in September or October , the company said ",neutral,"the sale will be finalized in september or october , the company said",the sale will be finalized in september or october the company said
"The share capital of Alma Media Corporation business ID 1944757-4 is EUR 44,767,513.80 and it is divided into 74,612,523 shares ",neutral,"the share capital of alma media corporation business id 1944757-4 is eur 44,767,513.80 and it is divided into 74,612,523 shares",the share capital of alma media corporation business id is eur and it is divided into shares
"The shares subscribed for under the stock options were registered in the Trade Register on 20 January 2011 , as of which date the new shares will establish shareholder rights ",neutral,"the shares subscribed for under the stock options were registered in the trade register on 20 january 2011 , as of which date the new shares will establish shareholder rights",the shares subscribed for under the stock options were registered in the trade register on january as of which date the new shares will establish shareholder rights
The ship unloader is totally enclosed along the entire conveying line to the storage facilities ,neutral,the ship unloader is totally enclosed along the entire conveying line to the storage facilities,the ship unloader is totally enclosed along the entire conveying line to the storage facilities
The site will cover over six hectares ,neutral,the site will cover over six hectares,the site will cover over six hectares
Their offering also covers localisation services related to production transfer to the Finnish company 's customers that already have production in Asian market or have made the decision to transfer production there ,neutral,their offering also covers localisation services related to production transfer to the finnish company 's customers that already have production in asian market or have made the decision to transfer production there,their offering also covers localisation services related to production transfer to the finnish company customers that already have production in asian market or have made the decision to transfer production there
They both will report to Oriola-KD 's chief executive officer Eero Hautaniemi ,neutral,they both will report to oriola-kd 's chief executive officer eero hautaniemi,they both will report to chief executive officer eero hautaniemi
This release is not an offer of securities for sale into the United States or elsewhere ,neutral,this release is not an offer of securities for sale into the united states or elsewhere,this release is not an offer of securities for sale into the united states or elsewhere
"Tieto in Latvia is represented by IT services companies TietoEnator Alise and TietoEnator , which has operations in the industries of Financial Services Cards , Retail and Logistics and IT Outsourcing and Managed Services ",neutral,"tieto in latvia is represented by it services companies tietoenator alise and tietoenator , which has operations in the industries of financial services cards , retail and logistics and it outsourcing and managed services",tieto in latvia is represented by it services companies tietoenator alise and tietoenator which has operations in the industries of financial services cards retail and logistics and it outsourcing and managed services
"Together with Latvia , Cramo will operate 54 rental outlets in the Baltic States ",neutral,"together with latvia , cramo will operate 54 rental outlets in the baltic states",together with latvia cramo will operate rental outlets in the baltic states
Two other sites will be included later on ,neutral,two other sites will be included later on,two other sites will be included later on
"Under a preliminary estimation , the technology park will measure about 50,000 square meters ",neutral,"under a preliminary estimation , the technology park will measure about 50,000 square meters",under a preliminary estimation the technology park will measure about square meters
Upon completion of the sale Proha would get some USD12 .7 m for its stake in Artemis ,neutral,upon completion of the sale proha would get some usd12 .7 m for its stake in artemis,upon completion of the sale proha would get some m for its stake in artemis
Valga Lihatoostus markets its products under the Maks & Moorits trademark ,neutral,valga lihatoostus markets its products under the maks & moorits trademark,valga lihatoostus markets its products under the maks moorits trademark
"We know that it exists , '' Artemyev said ",neutral,"we know that it exists , '' artemyev said",we know that it exists artemyev said
We offer our customers solutions based on renewable raw materials ,neutral,we offer our customers solutions based on renewable raw materials,we offer our customers solutions based on renewable raw materials
"When dialing in , the participants should quote 877417 as conference ID ",neutral,"when dialing in , the participants should quote 877417 as conference id",when dialing in the participants should quote as conference id
Work on the assignment has already started and is due for completion in spring 2011 ,neutral,work on the assignment has already started and is due for completion in spring 2011,work on the assignment has already started and is due for completion in spring
Yvonne Jones is owner of Chameleon Interiors ,neutral,yvonne jones is owner of chameleon interiors,yvonne jones is owner of chameleon interiors
ZAO YIT Moskovia builds housing in Moscow and its surrounding cities ,neutral,zao yit moskovia builds housing in moscow and its surrounding cities,zao yit moskovia builds housing in moscow and its surrounding cities
"Finnish printed circuit boards ( PCBs ) maker Aspocomp Group Oyj said on December 4 , 2006 it named Henry Gilchrist senior vice president of the group 's Asian operations , as of January 8 , 2007 ",neutral,"finnish printed circuit boards ( pcbs ) maker aspocomp group oyj said on december 4 , 2006 it named henry gilchrist senior vice president of the group 's asian operations , as of january 8 , 2007",finnish printed circuit boards pcbs maker aspocomp group oyj said on december it named henry gilchrist senior vice president of the group asian operations as of january
` Nordic infrastructure construction is one of our strategic growth areas ,neutral,` nordic infrastructure construction is one of our strategic growth areas,nordic infrastructure construction is one of our strategic growth areas
"` Sanoma is a buyer not a target , ' he said ",neutral,"` sanoma is a buyer not a target , ' he said",sanoma is a buyer not a target he said
"`` After the transaction , Tikkurila has no powder coatings-related operations , '' the company said ",neutral,"`` after the transaction , tikkurila has no powder coatings-related operations , '' the company said",after the transaction tikkurila has no powder operations the company said
"`` If you need malware removal tools , type the URL of your vendor of choice directly into the browser bar and use links on their website , '' wrote Trend Micro 's Rik Ferguson on Monday ",neutral,"`` if you need malware removal tools , type the url of your vendor of choice directly into the browser bar and use links on their website , '' wrote trend micro 's rik ferguson on monday",if you need malware removal tools type the url of your vendor of choice directly into the browser bar and use links on their website wrote trend micro rik ferguson on monday
`` It wo n't happen overnight ,neutral,`` it wo n't happen overnight,it wo happen overnight
`` Printed fabrics and related design expertise have always been the core of Marimekko 's business and brand ,neutral,`` printed fabrics and related design expertise have always been the core of marimekko 's business and brand,printed fabrics and related design expertise have always been the core of marimekko business and brand
`` Serving customers locally is one of the cornerstones of customer focus for us ,neutral,`` serving customers locally is one of the cornerstones of customer focus for us,serving customers locally is one of the cornerstones of customer focus for us
`` We know there are some of our own people out there . ',neutral,`` we know there are some of our own people out there . ',we know there are some of our own people out there
"+ï¿½lemiste City is the environment for a knowledge-based economy providing work for 3,300 people with the total turnover of its companies amounting to EEK 5.4 bn , '' said +ï¿½lo P+ï¿½rnits , chairman of the supervisory board of +ï¿½lemiste City and Mainor ",neutral,"+ï¿½lemiste city is the environment for a knowledge-based economy providing work for 3,300 people with the total turnover of its companies amounting to eek 5.4 bn , '' said +ï¿½lo p+ï¿½rnits , chairman of the supervisory board of +ï¿½lemiste city and mainor",city is the environment for a economy providing work for people with the total turnover of its companies amounting to eek bn said chairman of the supervisory board of city and mainor
25 November 2010 - Finnish paints and coatings company Tikkurila Oyj ( HEL : TIK1V ) said today that Finnish state-owned investment company Solidium Oy sold its 14.7 % stake in the company for a total of EUR98m ,neutral,25 november 2010 - finnish paints and coatings company tikkurila oyj ( hel : tik1v ) said today that finnish state-owned investment company solidium oy sold its 14.7 % stake in the company for a total of eur98m,november finnish paints and coatings company tikkurila oyj hel said today that finnish investment company solidium oy sold its stake in the company for a total of
"3 January 2011 - Scandinavian lenders Sampo Bank ( HEL : SAMAS ) , Pohjola Bank ( HEL : POH1S ) and Svenska Handelsbanken ( STO : SHB A ) have provided a EUR160m ( USD213m ) line of credit to Lemminkainen Oyj ( HEL : LEM1S ) , the Finnish construction firm said on Friday ",neutral,"3 january 2011 - scandinavian lenders sampo bank ( hel : samas ) , pohjola bank ( hel : poh1s ) and svenska handelsbanken ( sto : shb a ) have provided a eur160m ( usd213m ) line of credit to lemminkainen oyj ( hel : lem1s ) , the finnish construction firm said on friday",january scandinavian lenders sampo bank hel samas pohjola bank hel and svenska handelsbanken sto shb a have provided a line of credit to lemminkainen oyj hel the finnish construction firm said on friday
"A coker crane will be supplied to Tesoro Corporation 's Golden Eagle Refinery in Martinez , California , while a similar crane will be delivered to BP 's Castell refinery in Spain ",neutral,"a coker crane will be supplied to tesoro corporation 's golden eagle refinery in martinez , california , while a similar crane will be delivered to bp 's castell refinery in spain",a coker crane will be supplied to tesoro corporation golden eagle refinery in martinez california while a similar crane will be delivered to bp castell refinery in spain
A few employees would remain at the Oulu plant in support functions for other group units ,neutral,a few employees would remain at the oulu plant in support functions for other group units,a few employees would remain at the oulu plant in support functions for other group units
A huge issue for us is the button placement ,neutral,a huge issue for us is the button placement,a huge issue for us is the button placement
A merger between UPM and Finnish-Swedish Stora Enso is not likely either ,neutral,a merger between upm and finnish-swedish stora enso is not likely either,a merger between upm and stora enso is not likely either
A paper mill in the central Maine town of Madison soon will have a new owner ,neutral,a paper mill in the central maine town of madison soon will have a new owner,a paper mill in the central maine town of madison soon will have a new owner
A total 30 % of the order value was booked in the fourth quarter of 2009 and the remainder will be booked in the second quarter of 2010 ,neutral,a total 30 % of the order value was booked in the fourth quarter of 2009 and the remainder will be booked in the second quarter of 2010,a total of the order value was booked in the fourth quarter of and the remainder will be booked in the second quarter of
"Finnish Kemira Group 's CEO , Lasse Kurkilahti , says the Group 's structural reorganisation will continue for at least a year ",neutral,"finnish kemira group 's ceo , lasse kurkilahti , says the group 's structural reorganisation will continue for at least a year",finnish kemira group ceo lasse kurkilahti says the group structural reorganisation will continue for at least a year
"Local government commissioner of +ï¿½m+ï¿½l , Kurt Svensson , says he will contact the management of Finnish company Componenta to find out if there are any alternatives to the company 's decision to close down its plant in +ï¿½m+ï¿½l ",neutral,"local government commissioner of +ï¿½m+ï¿½l , kurt svensson , says he will contact the management of finnish company componenta to find out if there are any alternatives to the company 's decision to close down its plant in +ï¿½m+ï¿½l",local government commissioner of kurt svensson says he will contact the management of finnish company componenta to find out if there are any alternatives to the company decision to close down its plant in
"According to Finnish FIM Bank , Alpro 's price would be around EUR 100mn-150mn ",neutral,"according to finnish fim bank , alpro 's price would be around eur 100mn-150mn",according to finnish fim bank alpro price would be around eur
"According to HK Ruokatalo , almost all the meat used by the company comes from Finland ",neutral,"according to hk ruokatalo , almost all the meat used by the company comes from finland",according to hk ruokatalo almost all the meat used by the company comes from finland
Activities range from the development of natural resources to the retailed marketing of finished products ,neutral,activities range from the development of natural resources to the retailed marketing of finished products,activities range from the development of natural resources to the retailed marketing of finished products
"Additionally , information on business segments , competitors and future outlook are provided ",neutral,"additionally , information on business segments , competitors and future outlook are provided",additionally information on business segments competitors and future outlook are provided
"Additionally , the company will use the solutions to automate the preparation of financial statements according to IFRS standard ",neutral,"additionally , the company will use the solutions to automate the preparation of financial statements according to ifrs standard",additionally the company will use the solutions to automate the preparation of financial statements according to ifrs standard
Affecto has participated in the program for the development of the Norwegian pension system since 2007 ,neutral,affecto has participated in the program for the development of the norwegian pension system since 2007,affecto has participated in the program for the development of the norwegian pension system since
AffectoGenimap builds highly customised IT solutions for its customers in Finland and the Baltic countries ,neutral,affectogenimap builds highly customised it solutions for its customers in finland and the baltic countries,affectogenimap builds highly customised it solutions for its customers in finland and the baltic countries
After 1 April 2007 Cencorp will not have any own employees in the territory ,neutral,after 1 april 2007 cencorp will not have any own employees in the territory,after april cencorp will not have any own employees in the territory
"After the restructuring , UPM 's average paper machine capacity in Europe will be 320,000 tons ( 350,000 short tons ) in coated magazine paper and 420,000 tons ( 460,000 short tons ) in coated fine paper ",neutral,"after the restructuring , upm 's average paper machine capacity in europe will be 320,000 tons ( 350,000 short tons ) in coated magazine paper and 420,000 tons ( 460,000 short tons ) in coated fine paper",after the restructuring upm average paper machine capacity in europe will be tons short tons in coated magazine paper and tons short tons in coated fine paper
"After the transaction , M-real will own 30 % in Metsa-Botnia and UPM -- 17 % ",neutral,"after the transaction , m-real will own 30 % in metsa-botnia and upm -- 17 %",after the transaction will own in and upm
"After the transaction , Tikkurila has no powder coatings related operations ",neutral,"after the transaction , tikkurila has no powder coatings related operations",after the transaction tikkurila has no powder coatings related operations
"Ahlstrom Corporation STOCK EXCHANGE ANNOUNCEMENT 23.4.2007 Ahlstrom Corporation will publish its first quarter financial results 2007 on Friday , April 27 , 2007 approximately at 8.30 a.m. Finnish time ",neutral,"ahlstrom corporation stock exchange announcement 23.4.2007 ahlstrom corporation will publish its first quarter financial results 2007 on friday , april 27 , 2007 approximately at 8.30 a.m. finnish time",ahlstrom corporation stock exchange announcement ahlstrom corporation will publish its first quarter financial results on friday april approximately at finnish time
"ALEXANDRIA , Va. , March 15 -- Jaakko Vilo of Turku , Finland , has developed a panel press ",neutral,"alexandria , va. , march 15 -- jaakko vilo of turku , finland , has developed a panel press",alexandria march jaakko vilo of turku finland has developed a panel press
"Alma Media Corporation PRESS RELEASE March 25 , 2010 TYRV+ï¿½+ï¿½N SANOMAT PURCHASE CONFIRMED The business operations of Tyrv+ï¿½+ï¿½n Sanomat Oy will be transferred to Suomen Paikallissanomat Oy ",neutral,"alma media corporation press release march 25 , 2010 tyrv+ï¿½+ï¿½n sanomat purchase confirmed the business operations of tyrv+ï¿½+ï¿½n sanomat oy will be transferred to suomen paikallissanomat oy",alma media corporation press release march sanomat purchase confirmed the business operations of sanomat oy will be transferred to suomen paikallissanomat oy
"Altogether CapMan employs approximately 150 people in Helsinki , Stockholm , Copenhagen , Oslo , Moscow and Luxembourg ",neutral,"altogether capman employs approximately 150 people in helsinki , stockholm , copenhagen , oslo , moscow and luxembourg",altogether capman employs approximately people in helsinki stockholm copenhagen oslo moscow and luxembourg
"Altona stated that the private company of Altona chairman Kevin Maloney , Tulla Resources , would take up its entitlement in full ",neutral,"altona stated that the private company of altona chairman kevin maloney , tulla resources , would take up its entitlement in full",altona stated that the private company of altona chairman kevin maloney tulla resources would take up its entitlement in full
An earn-out payment of up to 4.0 mln euro ( $ 5.3 mln ) can also be paid depending on Intellibis financial performance in 2007 ,neutral,an earn-out payment of up to 4.0 mln euro ( $ 5.3 mln ) can also be paid depending on intellibis financial performance in 2007,an payment of up to mln euro mln can also be paid depending on intellibis financial performance in
An EU law on the issue may be introduced around 2010 ,neutral,an eu law on the issue may be introduced around 2010,an eu law on the issue may be introduced around
Another firm Air Liquide was exempted because it left the market in 1998 ,neutral,another firm air liquide was exempted because it left the market in 1998,another firm air liquide was exempted because it left the market in
"Apartments of YIT Home may be purchased in 5 regions of Russia , where YIT subsidiaries carry out their activities : Moscow and Moscow region , St. Petersburg , Ekaterinburg , Kazan and Rostov-on-Don ",neutral,"apartments of yit home may be purchased in 5 regions of russia , where yit subsidiaries carry out their activities : moscow and moscow region , st. petersburg , ekaterinburg , kazan and rostov-on-don",apartments of yit home may be purchased in regions of russia where yit subsidiaries carry out their activities moscow and moscow region petersburg ekaterinburg kazan and
Arena Partners Oy is a development company for electronic business ,neutral,arena partners oy is a development company for electronic business,arena partners oy is a development company for electronic business
"As of July 2 , 2007 , the market cap segments will be updated according to the average price in May 2007 ",neutral,"as of july 2 , 2007 , the market cap segments will be updated according to the average price in may 2007",as of july the market cap segments will be updated according to the average price in may
"As part of the agreement , Aspocomp will also give Meadville a 10 pct slice of a subsidiary operating in Oulu , Finland ",neutral,"as part of the agreement , aspocomp will also give meadville a 10 pct slice of a subsidiary operating in oulu , finland",as part of the agreement aspocomp will also give meadville a pct slice of a subsidiary operating in oulu finland
"As part of the reorganization , Kauko-Telko Ltd will be divided into Telko Ltd , Leipurin Ltd , Hamina Terminal Services Ltd and Kaukomarkkinat Ltd. ",neutral,"as part of the reorganization , kauko-telko ltd will be divided into telko ltd , leipurin ltd , hamina terminal services ltd and kaukomarkkinat ltd.",as part of the reorganization ltd will be divided into telko ltd leipurin ltd hamina terminal services ltd and kaukomarkkinat ltd
Aspo 's Group structure and business operations are continually developed without any predefined schedules ,neutral,aspo 's group structure and business operations are continually developed without any predefined schedules,aspo group structure and business operations are continually developed without any predefined schedules
"At some point , it will spread also to Iran and Iraq ",neutral,"at some point , it will spread also to iran and iraq",at some point it will spread also to iran and iraq
"At the end of March 2009 , the company 's loans amounted to EUR 10.113 mn ",neutral,"at the end of march 2009 , the company 's loans amounted to eur 10.113 mn",at the end of march the company loans amounted to eur mn
"At the moment , there are approximately 20 Vianor sales offices in Russia ",neutral,"at the moment , there are approximately 20 vianor sales offices in russia",at the moment there are approximately vianor sales offices in russia
"Barclays Plc ( LSE : BARC ) ( NYSE : BCS ) , Credit Agricole SA ( EPA : ACA ) ( CAGR ",neutral,"barclays plc ( lse : barc ) ( nyse : bcs ) , credit agricole sa ( epa : aca ) ( cagr",barclays plc lse barc nyse bcs credit agricole sa epa aca cagr
Basware Business Transactions Service enables the customer to receive and send invoices in an electronic format ,neutral,basware business transactions service enables the customer to receive and send invoices in an electronic format,basware business transactions service enables the customer to receive and send invoices in an electronic format
Basware finances the acquisition with a bank loan ,neutral,basware finances the acquisition with a bank loan,basware finances the acquisition with a bank loan
"BasWare Invoice Processing , BasWare Contract Matching , BasWare Order Matching and BasWare KPI Reporting Tool are part of the BasWare 's Enterprise Purchase to Pay product suite ",neutral,"basware invoice processing , basware contract matching , basware order matching and basware kpi reporting tool are part of the basware 's enterprise purchase to pay product suite",basware invoice processing basware contract matching basware order matching and basware kpi reporting tool are part of the basware enterprise purchase to pay product suite
Benefon will turn the Salo unit into a B2B business unit and establish a B2C business unit in the UK ,neutral,benefon will turn the salo unit into a b2b business unit and establish a b2c business unit in the uk,benefon will turn the salo unit into a business unit and establish a business unit in the uk
"Berling Capital , Umo Capital and Veikko Laine are the biggest shareholders in Amanda Capital ",neutral,"berling capital , umo capital and veikko laine are the biggest shareholders in amanda capital",berling capital umo capital and veikko laine are the biggest shareholders in amanda capital
Bluewin Security is available as a monthly subscription ,neutral,bluewin security is available as a monthly subscription,bluewin security is available as a monthly subscription
"Byline : Tim Moran Cellular phone giant Nokia Corp. is offering $ 8.1 billion for digital map supplier NAVTEQ Corp. , of Chicago ",neutral,"byline : tim moran cellular phone giant nokia corp. is offering $ 8.1 billion for digital map supplier navteq corp. , of chicago",byline tim moran cellular phone giant nokia is offering billion for digital map supplier navteq of chicago
Capital base and capital adequacy measurement is based on approaches under Basel II ,neutral,capital base and capital adequacy measurement is based on approaches under basel ii,capital base and capital adequacy measurement is based on approaches under basel ii
"CapMan , with offices in Helsinki , Stockholm , Copenhagen and Oslo , manages Nordic buyout , mezzanine , technology , life science and real estate funds with approximately EUR2 .6 bn in total capital ",neutral,"capman , with offices in helsinki , stockholm , copenhagen and oslo , manages nordic buyout , mezzanine , technology , life science and real estate funds with approximately eur2 .6 bn in total capital",capman with offices in helsinki stockholm copenhagen and oslo manages nordic buyout mezzanine technology life science and real estate funds with approximately bn in total capital
"CapMan 's first real estate fund , which had a total investment capacity of ( EURO ) 500 million and closed in June 2005 , invested in commercial properties in the Helsinki metropolitan area ",neutral,"capman 's first real estate fund , which had a total investment capacity of ( euro ) 500 million and closed in june 2005 , invested in commercial properties in the helsinki metropolitan area",capman first real estate fund which had a total investment capacity of euro million and closed in june invested in commercial properties in the helsinki metropolitan area
"Cardona slowed her vehicle , turned around and returned to the intersection , where she called 911 ",neutral,"cardona slowed her vehicle , turned around and returned to the intersection , where she called 911",cardona slowed her vehicle turned around and returned to the intersection where she called
"Cencorp would focus on the development , manufacture and marketing of standard products for production automation ",neutral,"cencorp would focus on the development , manufacture and marketing of standard products for production automation",cencorp would focus on the development manufacture and marketing of standard products for production automation
Changes to the as-built models from the design were communicated to the subcontractors to accommodate them into the steel and GRC fabrication process ,neutral,changes to the as-built models from the design were communicated to the subcontractors to accommodate them into the steel and grc fabrication process,changes to the models from the design were communicated to the subcontractors to accommodate them into the steel and grc fabrication process
Choose from a Giant Countdown with red head or rainbow trout -- or the Giant Shad Rap in perch color ,neutral,choose from a giant countdown with red head or rainbow trout -- or the giant shad rap in perch color,choose from a giant countdown with red head or rainbow trout or the giant shad rap in perch color
Closing of such transaction took place today ,neutral,closing of such transaction took place today,closing of such transaction took place today
"Cohen & Steers , Inc. : 5 534 530 shares representing 4.985 % of the share capital and voting rights ",neutral,"cohen & steers , inc. : 5 534 530 shares representing 4.985 % of the share capital and voting rights",cohen steers shares representing of the share capital and voting rights
"Cohen & Steers , Inc. : 5 534 626 shares representing 4.985 % of the share capital and voting rights ",neutral,"cohen & steers , inc. : 5 534 626 shares representing 4.985 % of the share capital and voting rights",cohen steers shares representing of the share capital and voting rights
com and possibly also through photo-msn ,neutral,com and possibly also through photo-msn,com and possibly also through
"Companies evaluated in the report include Aladdin , CA , F-Secure , Kaspersky , Marshal , McAfee , Microsoft , Panda , Proofpoint , Sophos , Symantec , Trend Micro , Tumbleweed , and Websense ",neutral,"companies evaluated in the report include aladdin , ca , f-secure , kaspersky , marshal , mcafee , microsoft , panda , proofpoint , sophos , symantec , trend micro , tumbleweed , and websense",companies evaluated in the report include aladdin ca kaspersky marshal mcafee microsoft panda proofpoint sophos symantec trend micro tumbleweed and websense
COMPTEL CORPORATION Sami Ervio President and CEO Distribution : NASDAQ OMX Helsinki Major media Comptel Dynamic OSS solutions enable telecom service providers to deliver services flexibly and charge them effectively ,neutral,comptel corporation sami ervio president and ceo distribution : nasdaq omx helsinki major media comptel dynamic oss solutions enable telecom service providers to deliver services flexibly and charge them effectively,comptel corporation sami ervio president and ceo distribution nasdaq omx helsinki major media comptel dynamic oss solutions enable telecom service providers to deliver services flexibly and charge them effectively
Connectivity Services include outsourced Scan and Capture which transfers paper invoices into electronic format and Basware Business Transactions Service enables the customer to receive and send invoices in an electronic format ,neutral,connectivity services include outsourced scan and capture which transfers paper invoices into electronic format and basware business transactions service enables the customer to receive and send invoices in an electronic format,connectivity services include outsourced scan and capture which transfers paper invoices into electronic format and basware business transactions service enables the customer to receive and send invoices in an electronic format
"Country : , Finland Sector : Construction-Real Estate Target : Pohjolan Design-Talo Oy Buyer : CapMan Oyj Vendor : Ruukki Group Oyj Deal size in USD : 102.6 m Type : Divestment Status : Agree",neutral,"country : , finland sector : construction-real estate target : pohjolan design-talo oy buyer : capman oyj vendor : ruukki group oyj deal size in usd : 102.6 m type : divestment status : agree",country finland sector estate target pohjolan oy buyer capman oyj vendor ruukki group oyj deal size in usd m type divestment status agree
"Country : , Switzerland Sector : Pharmaceuticals Target : Synosia Therapeutics Holding AG Buyer : Biotie Therapies Corp Deal size in USD : 129.4 m Type : Corporate acquisition Financing : All-stock Status : Close",neutral,"country : , switzerland sector : pharmaceuticals target : synosia therapeutics holding ag buyer : biotie therapies corp deal size in usd : 129.4 m type : corporate acquisition financing : all-stock status : close",country switzerland sector pharmaceuticals target synosia therapeutics holding ag buyer biotie therapies corp deal size in usd m type corporate acquisition financing status close
"Cramo is a service company specialising in construction machinery and equipment rental and rental-related services , as well as the rental and sale of modular space ",neutral,"cramo is a service company specialising in construction machinery and equipment rental and rental-related services , as well as the rental and sale of modular space",cramo is a service company specialising in construction machinery and equipment rental and services as well as the rental and sale of modular space
"Cramo Plc is a service company specialising in construction machinery and equipment rental and rental-related services , as well as rental and sale of modular space ",neutral,"cramo plc is a service company specialising in construction machinery and equipment rental and rental-related services , as well as rental and sale of modular space",cramo plc is a service company specialising in construction machinery and equipment rental and services as well as rental and sale of modular space
"CS Cabot exports 55 % of its production mainly to Goodyear , Bridgestone and Michelin plants in Poland , as well as to Germany 's Michelin or Italy 's Pirelli through the company 's logistics center in Paris , Stefan said ",neutral,"cs cabot exports 55 % of its production mainly to goodyear , bridgestone and michelin plants in poland , as well as to germany 's michelin or italy 's pirelli through the company 's logistics center in paris , stefan said",cs cabot exports of its production mainly to goodyear bridgestone and michelin plants in poland as well as to germany michelin or italy pirelli through the company logistics center in paris stefan said
Danske Bank is Denmark 's largest bank with 3.5 million customers ,neutral,danske bank is denmark 's largest bank with 3.5 million customers,danske bank is denmark largest bank with million customers
Decisions are to be made as quickly as possible ,neutral,decisions are to be made as quickly as possible,decisions are to be made as quickly as possible
Deliveries by Outotec will take place over 30 months ,neutral,deliveries by outotec will take place over 30 months,deliveries by outotec will take place over months
"Deliveries of Nokia 1112 , Nokia 2310 and Nokia 2610 are expected to start in the second quarter of 2006 ",neutral,"deliveries of nokia 1112 , nokia 2310 and nokia 2610 are expected to start in the second quarter of 2006",deliveries of nokia nokia and nokia are expected to start in the second quarter of
Delivery is due in the second half of 2011 ,neutral,delivery is due in the second half of 2011,delivery is due in the second half of
"Den Bosch-based TomTom is Europe 's largest maker of automotive navigation devices , while Cayman Islands-based Garmin is larger in the U.S. and overall ",neutral,"den bosch-based tomtom is europe 's largest maker of automotive navigation devices , while cayman islands-based garmin is larger in the u.s. and overall",den tomtom is europe largest maker of automotive navigation devices while cayman garmin is larger in the and overall
"Depending on the market situation , such projects are sold after 1 to 3 years after completion ",neutral,"depending on the market situation , such projects are sold after 1 to 3 years after completion",depending on the market situation such projects are sold after to years after completion
"During the rally , which was authorized by the city administration , a consulate official came out to the workers , spoke to them and took a letter from them ",neutral,"during the rally , which was authorized by the city administration , a consulate official came out to the workers , spoke to them and took a letter from them",during the rally which was authorized by the city administration a consulate official came out to the workers spoke to them and took a letter from them
"Elcoteq Dongguan was established in 1999 in the Nancheng District of Dongguan , China and is one of Elcoteq s four volume manufacturing plants in the Asia-Pacific region ",neutral,"elcoteq dongguan was established in 1999 in the nancheng district of dongguan , china and is one of elcoteq s four volume manufacturing plants in the asia-pacific region",elcoteq dongguan was established in in the nancheng district of dongguan china and is one of elcoteq s four volume manufacturing plants in the region
"Elcoteq SE Stock Exchange Announcement February 4 , 2009 at 10.00 am ( EET ) Elcoteq will publish its financial statements bulletin 2008 on Wednesday , February 11 , at 9.00 am ( EET ) ",neutral,"elcoteq se stock exchange announcement february 4 , 2009 at 10.00 am ( eet ) elcoteq will publish its financial statements bulletin 2008 on wednesday , february 11 , at 9.00 am ( eet )",elcoteq se stock exchange announcement february at am eet elcoteq will publish its financial statements bulletin on wednesday february at am eet
"Equipment will be manufactured in Vaahto 's workshop in Hollola , Finland and is scheduled for shipments during the first quarter of 2009 ",neutral,"equipment will be manufactured in vaahto 's workshop in hollola , finland and is scheduled for shipments during the first quarter of 2009",equipment will be manufactured in vaahto workshop in hollola finland and is scheduled for shipments during the first quarter of
Eriikka S+ï¿½derstr+ï¿½m has previously held several positions in finance and control at Nokia Networks including acting as the Business Group Controller and having the corporate controller position at Nokia Siemens Networks ,neutral,eriikka s+ï¿½derstr+ï¿½m has previously held several positions in finance and control at nokia networks including acting as the business group controller and having the corporate controller position at nokia siemens networks,eriikka has previously held several positions in finance and control at nokia networks including acting as the business group controller and having the corporate controller position at nokia siemens networks
"Estonia 's Agriculture Minister Helir-Valdor Seeder is in Finland on a two-day visit , in the course of which he will meet with his Finnish counterpart Sirkka-Liisa Anttila ",neutral,"estonia 's agriculture minister helir-valdor seeder is in finland on a two-day visit , in the course of which he will meet with his finnish counterpart sirkka-liisa anttila",estonia agriculture minister seeder is in finland on a visit in the course of which he will meet with his finnish counterpart anttila
EUR 220 million of the transaction consideration was paid in the form of four-year interest-bearing vendor notes ,neutral,eur 220 million of the transaction consideration was paid in the form of four-year interest-bearing vendor notes,eur million of the transaction consideration was paid in the form of vendor notes
"Featuring the S60 user interface , this 135-gram model also comes with a 2.4-inch quarter VGA display and 100 megabytes of internal memory , expandable through the Micro Secure Digital slot ",neutral,"featuring the s60 user interface , this 135-gram model also comes with a 2.4-inch quarter vga display and 100 megabytes of internal memory , expandable through the micro secure digital slot",featuring the user interface this model also comes with a quarter vga display and megabytes of internal memory expandable through the micro secure digital slot
Feed companies Suomen Rehu and Raisio do no import GMO feed ,neutral,feed companies suomen rehu and raisio do no import gmo feed,feed companies suomen rehu and raisio do no import gmo feed
"Financial , strategic and operational factors are considered ",neutral,"financial , strategic and operational factors are considered",financial strategic and operational factors are considered
Financial details were n't disclosed ,neutral,financial details were n't disclosed,financial details were disclosed
Financial terms were not disclosed ,neutral,financial terms were not disclosed,financial terms were not disclosed
Financial terms were n't disclosed ,neutral,financial terms were n't disclosed,financial terms were disclosed
"Finland 's Technopolis is planning to bring the first section of a technopark on stream in St. Petersburg at the end of 2008 , Kari Mikkonen , vice president of Technopolis , told reporters in Helsinki ",neutral,"finland 's technopolis is planning to bring the first section of a technopark on stream in st. petersburg at the end of 2008 , kari mikkonen , vice president of technopolis , told reporters in helsinki",finland technopolis is planning to bring the first section of a technopark on stream in petersburg at the end of kari mikkonen vice president of technopolis told reporters in helsinki
"Finnish drug distributor and wholesaler Oriola-KD Oyj said on October 11 , 2006 it named Anne Kariniemi vice president of its Logistics and Sourcing department as of January 15 , 2007 ",neutral,"finnish drug distributor and wholesaler oriola-kd oyj said on october 11 , 2006 it named anne kariniemi vice president of its logistics and sourcing department as of january 15 , 2007",finnish drug distributor and wholesaler oyj said on october it named anne kariniemi vice president of its logistics and sourcing department as of january
Finnish investment company Neomarkka is the main owner of Kuitu Finland 's successor ,neutral,finnish investment company neomarkka is the main owner of kuitu finland 's successor,finnish investment company neomarkka is the main owner of kuitu finland successor
"Following the move , Stora Enso holding in NewPage will remain unchanged ",neutral,"following the move , stora enso holding in newpage will remain unchanged",following the move stora enso holding in newpage will remain unchanged
"Following the registration , the share capital of Biotie is EUR 52,556,678.10 ",neutral,"following the registration , the share capital of biotie is eur 52,556,678.10",following the registration the share capital of biotie is eur
"Foodservice and consumer goods markets are served by approximately 13,000 people in 54 manufacturing units and several sales offices in 33 countries ",neutral,"foodservice and consumer goods markets are served by approximately 13,000 people in 54 manufacturing units and several sales offices in 33 countries",foodservice and consumer goods markets are served by approximately people in manufacturing units and several sales offices in countries
For the new shares subscribed with stock options all shareholder rights commence from the date on which they are entered into the Trade Register ,neutral,for the new shares subscribed with stock options all shareholder rights commence from the date on which they are entered into the trade register,for the new shares subscribed with stock options all shareholder rights commence from the date on which they are entered into the trade register
"Fortum expects its annual capital expenditure in the next four to five years to be within a range of EUR 0.8-1 .2 billion , as earlier announced ",neutral,"fortum expects its annual capital expenditure in the next four to five years to be within a range of eur 0.8-1 .2 billion , as earlier announced",fortum expects its annual capital expenditure in the next four to five years to be within a range of eur billion as earlier announced
"Founded in 1985 , Quatrocon 's clientele consists of public sector builders , central trading companies and major construction firms ",neutral,"founded in 1985 , quatrocon 's clientele consists of public sector builders , central trading companies and major construction firms",founded in quatrocon clientele consists of public sector builders central trading companies and major construction firms
"F-Secure Internet Security 2010 is a security service for surfing the web , online banking and shopping , e-mail , and other online activities ",neutral,"f-secure internet security 2010 is a security service for surfing the web , online banking and shopping , e-mail , and other online activities",internet security is a security service for surfing the web online banking and shopping and other online activities
"Glaston 's own glass processing unit , Tamglass Glass Processing , is a manufacturer of high quality safety glass products , and operates in Finland ",neutral,"glaston 's own glass processing unit , tamglass glass processing , is a manufacturer of high quality safety glass products , and operates in finland",glaston own glass processing unit tamglass glass processing is a manufacturer of high quality safety glass products and operates in finland
"Glaston 's own glass processing unit , Tamglass Glass Processing , is a manufacturer of high quality safety glass products operating in Finland ",neutral,"glaston 's own glass processing unit , tamglass glass processing , is a manufacturer of high quality safety glass products operating in finland",glaston own glass processing unit tamglass glass processing is a manufacturer of high quality safety glass products operating in finland
He is a Chartered Accountant in British Columbia and Alberta as well as a Certified Public Accountant in Washington State ,neutral,he is a chartered accountant in british columbia and alberta as well as a certified public accountant in washington state,he is a chartered accountant in british columbia and alberta as well as a certified public accountant in washington state
He joined Rautakirja in 1997 to lead one of its four business areas and took up the position of President and CEO in 2001 ,neutral,he joined rautakirja in 1997 to lead one of its four business areas and took up the position of president and ceo in 2001,he joined rautakirja in to lead one of its four business areas and took up the position of president and ceo in
"Helsinki 19 May 2010 - Finnish company Lemminkainen Oyj ( HEL : LEM1S ) said today that it will construct an office building at Toolonlahti in downtown Helsinki , without disclosing financial details ",neutral,"helsinki 19 may 2010 - finnish company lemminkainen oyj ( hel : lem1s ) said today that it will construct an office building at toolonlahti in downtown helsinki , without disclosing financial details",helsinki may finnish company lemminkainen oyj hel said today that it will construct an office building at toolonlahti in downtown helsinki without disclosing financial details
Her last position in Nokia Siemens Networks was head of Business Human Resources NSN global IT ,neutral,her last position in nokia siemens networks was head of business human resources nsn global it,her last position in nokia siemens networks was head of business human resources nsn global it
Her present position is the director of Stockmann 's international department stores ,neutral,her present position is the director of stockmann 's international department stores,her present position is the director of stockmann international department stores
Her work at NetApp included strategically repositioning the brand in the category and a major global relaunch ,neutral,her work at netapp included strategically repositioning the brand in the category and a major global relaunch,her work at netapp included strategically repositioning the brand in the category and a major global relaunch
"Honkarakenne also decided yesterday to sell 88,500 of its B series shares to key staff members for EUR2 .9 per share ",neutral,"honkarakenne also decided yesterday to sell 88,500 of its b series shares to key staff members for eur2 .9 per share",honkarakenne also decided yesterday to sell of its b series shares to key staff members for per share
"Honkarakenne also decided yesterday to sell 88,500 of its B-series shares to key staff members for EUR 2.90 per share ",neutral,"honkarakenne also decided yesterday to sell 88,500 of its b-series shares to key staff members for eur 2.90 per share",honkarakenne also decided yesterday to sell of its shares to key staff members for eur per share
"Igor and Oleg Yankov , who currently manage Moron and Vitim , will hold onto the 25 % stake for now ",neutral,"igor and oleg yankov , who currently manage moron and vitim , will hold onto the 25 % stake for now",igor and oleg yankov who currently manage moron and vitim will hold onto the stake for now
Image data produced by the browser at the phone server is converted into a bitmapped image that is sent to the handset for display . ',neutral,image data produced by the browser at the phone server is converted into a bitmapped image that is sent to the handset for display . ',image data produced by the browser at the phone server is converted into a bitmapped image that is sent to the handset for display
"In 2006 , 452 million tonnes CO2 of EUA ( EU Allowance ; emissions credit in EU ) was traded with an underlying market value approx ",neutral,"in 2006 , 452 million tonnes co2 of eua ( eu allowance ; emissions credit in eu ) was traded with an underlying market value approx",in million tonnes of eua eu allowance emissions credit in eu was traded with an underlying market value approx
"In 2007 Talentum will disclose three Interim Reports - Q1 ( January - March ) on Friday , 27 April , 2007 - Q2 ( April - June ) on Friday , 20 July , 2007 - Q3 ( July - September ) on Friday , 26 October , 2007 ",neutral,"in 2007 talentum will disclose three interim reports - q1 ( january - march ) on friday , 27 april , 2007 - q2 ( april - june ) on friday , 20 july , 2007 - q3 ( july - september ) on friday , 26 october , 2007",in talentum will disclose three interim reports january march on friday april april june on friday july july september on friday october
"In 2008 , the steel industry accounted for 64 percent of the cargo volumes transported , whereas the energy industry accounted for 28 percent and other industries for 8 percent ",neutral,"in 2008 , the steel industry accounted for 64 percent of the cargo volumes transported , whereas the energy industry accounted for 28 percent and other industries for 8 percent",in the steel industry accounted for percent of the cargo volumes transported whereas the energy industry accounted for percent and other industries for percent
"In a letter to Economic Affairs Minister , the listed Estonian shipping company Tallink asks for the approval to be entitled to a 15 % cut in port fees in 2010 ",neutral,"in a letter to economic affairs minister , the listed estonian shipping company tallink asks for the approval to be entitled to a 15 % cut in port fees in 2010",in a letter to economic affairs minister the listed estonian shipping company tallink asks for the approval to be entitled to a cut in port fees in
"In a recent interview with the Financial Times ( FT ) , Sampo 's board chairman Bjorn Wahlroos said If P&C was certainly for sale and the price had been set at SEK 85 billion , confirming earlier statements ",neutral,"in a recent interview with the financial times ( ft ) , sampo 's board chairman bjorn wahlroos said if p&c was certainly for sale and the price had been set at sek 85 billion , confirming earlier statements",in a recent interview with the financial times ft sampo board chairman bjorn wahlroos said if p c was certainly for sale and the price had been set at sek billion confirming earlier statements
"In a release on Oct. 28 , Peab said the two businesses will continue to be conducted under the brands Cliffton and Stockholm Entreprenad , both part of the Peab Group ",neutral,"in a release on oct. 28 , peab said the two businesses will continue to be conducted under the brands cliffton and stockholm entreprenad , both part of the peab group",in a release on peab said the two businesses will continue to be conducted under the brands cliffton and stockholm entreprenad both part of the peab group
"In addition , MIDs are always online and enable full Internet browsing ",neutral,"in addition , mids are always online and enable full internet browsing",in addition mids are always online and enable full internet browsing
"In addition , the contract includes modification of the effluent treatment plant at Follum ",neutral,"in addition , the contract includes modification of the effluent treatment plant at follum",in addition the contract includes modification of the effluent treatment plant at follum
"In his current position , Manty has worked since 1996 ",neutral,"in his current position , manty has worked since 1996",in his current position manty has worked since
"In the fourth quarter of 2006 , OKO Banks expects the operating environment for Banking and Investment Services to remain similar to that in January-September 2006 ",neutral,"in the fourth quarter of 2006 , oko banks expects the operating environment for banking and investment services to remain similar to that in january-september 2006",in the fourth quarter of oko banks expects the operating environment for banking and investment services to remain similar to that in
In the meantime the CEO 's duties will be assumed by Outotec 's Deputy CEO Seppo Rantakari ,neutral,in the meantime the ceo 's duties will be assumed by outotec 's deputy ceo seppo rantakari,in the meantime the ceo duties will be assumed by outotec deputy ceo seppo rantakari
"In the sinter plant , limestone and coke breeze are mixed with the iron ore concentrate and sintered into lump form or sinter for use in the blast furnaces as a raw material for iron-making ",neutral,"in the sinter plant , limestone and coke breeze are mixed with the iron ore concentrate and sintered into lump form or sinter for use in the blast furnaces as a raw material for iron-making",in the sinter plant limestone and coke breeze are mixed with the iron ore concentrate and sintered into lump form or sinter for use in the blast furnaces as a raw material for
"In this way , the industry 's starting point has been the consumers ' needs ",neutral,"in this way , the industry 's starting point has been the consumers ' needs",in this way the industry starting point has been the consumers needs
"In total , more than 3000 surveillance cameras will be handled and managed according to a variety of needs , the company said ",neutral,"in total , more than 3000 surveillance cameras will be handled and managed according to a variety of needs , the company said",in total more than surveillance cameras will be handled and managed according to a variety of needs the company said
"In volume , the focus is already outside Finland , as 60 % of the group 's products are made in Poland and the Baltic countries ",neutral,"in volume , the focus is already outside finland , as 60 % of the group 's products are made in poland and the baltic countries",in volume the focus is already outside finland as of the group products are made in poland and the baltic countries
"Incap , headquartered in Oulu , Finland , is a electronics contract manufacturer with some 750 employees in Finland , Estonia and India ",neutral,"incap , headquartered in oulu , finland , is a electronics contract manufacturer with some 750 employees in finland , estonia and india",incap headquartered in oulu finland is a electronics contract manufacturer with some employees in finland estonia and india
Incap Contract Manufacturing is a subsidiary of Incap Corporation of Finland ,neutral,incap contract manufacturing is a subsidiary of incap corporation of finland,incap contract manufacturing is a subsidiary of incap corporation of finland
"Includes company and brand share data by category , as well as distribution channel data ",neutral,"includes company and brand share data by category , as well as distribution channel data",includes company and brand share data by category as well as distribution channel data
"Indigo and Somoncom serve 377,000 subscribers and had a market share of approximately 27 % as of May 2007 ",neutral,"indigo and somoncom serve 377,000 subscribers and had a market share of approximately 27 % as of may 2007",indigo and somoncom serve subscribers and had a market share of approximately as of may
"industry in Asia +ï¿½ Pakistan , Malaysia , Taiwan and Philippines Today , Global Research & Data Services is going to publish several market analyses about the cement markets in Asia ",neutral,"industry in asia +ï¿½ pakistan , malaysia , taiwan and philippines today , global research & data services is going to publish several market analyses about the cement markets in asia",industry in asia pakistan malaysia taiwan and philippines today global research data services is going to publish several market analyses about the cement markets in asia
Investment management and investment advisory services are the company 's sole line of business ,neutral,investment management and investment advisory services are the company 's sole line of business,investment management and investment advisory services are the company sole line of business
Investments are not disclosed ,neutral,investments are not disclosed,investments are not disclosed
Investments in product development stood at 6.0 mln euro ( $ 8.8 mln ) ,neutral,investments in product development stood at 6.0 mln euro ( $ 8.8 mln ),investments in product development stood at mln euro mln
"ISMS does not disclose its financial results , the daily said ",neutral,"isms does not disclose its financial results , the daily said",isms does not disclose its financial results the daily said
"It also includes the installation of new equipment , training and start-up services , as well as service work of the shoe press delivered by Vaahto in 2001 ",neutral,"it also includes the installation of new equipment , training and start-up services , as well as service work of the shoe press delivered by vaahto in 2001",it also includes the installation of new equipment training and services as well as service work of the shoe press delivered by vaahto in
It is expected to be online by 2011 ,neutral,it is expected to be online by 2011,it is expected to be online by
It 's not ,neutral,it 's not,it not
It was decided that the auditors are reimbursed according to invoice ,neutral,it was decided that the auditors are reimbursed according to invoice,it was decided that the auditors are reimbursed according to invoice
It will report full-year results on August 22 ,neutral,it will report full-year results on august 22,it will report results on august
"Its annual capacity is some 10,000 MW ",neutral,"its annual capacity is some 10,000 mw",its annual capacity is some mw
Its market share is 6 percent according to AC Nielsen 's 2008 data ,neutral,its market share is 6 percent according to ac nielsen 's 2008 data,its market share is percent according to ac nielsen data
"Its product portfolio comprises harvesters , forwarders , harvester heads , as well as cranes and loaders ",neutral,"its product portfolio comprises harvesters , forwarders , harvester heads , as well as cranes and loaders",its product portfolio comprises harvesters forwarders harvester heads as well as cranes and loaders
"Janis Arbidans , CEO of YIT Celtnieciba , said the company was focusing on housing and real estate development market ",neutral,"janis arbidans , ceo of yit celtnieciba , said the company was focusing on housing and real estate development market",janis arbidans ceo of yit celtnieciba said the company was focusing on housing and real estate development market
"Jeder Beta-Tester erh+ï¿½lt kostenlos sechs Monate lang Updates und hat laut eigener Aussage die M+ï¿½glichkeit , die finale Version zu beeinflussen ",neutral,"jeder beta-tester erh+ï¿½lt kostenlos sechs monate lang updates und hat laut eigener aussage die m+ï¿½glichkeit , die finale version zu beeinflussen",jeder kostenlos sechs monate lang updates und hat laut eigener aussage die die finale version zu beeinflussen
"Jon Risfelt has previously held operational executive positions in Europolitan , Ericsson , SAS , American Express card and travel divisions , as well as Nyman & Schultz ( CEO ) , Vodafone Sweden ( CEO ) , and Gambro Renal Products ( CEO ) ",neutral,"jon risfelt has previously held operational executive positions in europolitan , ericsson , sas , american express card and travel divisions , as well as nyman & schultz ( ceo ) , vodafone sweden ( ceo ) , and gambro renal products ( ceo )",jon risfelt has previously held operational executive positions in europolitan ericsson sas american express card and travel divisions as well as nyman schultz ceo vodafone sweden ceo and gambro renal products ceo
Kemira shares closed at (  x20ac ) 16.66 ( $ 22US .71 ) ,neutral,kemira shares closed at ( x20ac ) 16.66 ( $ 22us .71 ),kemira shares closed at
"Kesko has about 2,000 stores engaged in chain operations in the Nordic and Baltic countries , Russia , and Belarus ",neutral,"kesko has about 2,000 stores engaged in chain operations in the nordic and baltic countries , russia , and belarus",kesko has about stores engaged in chain operations in the nordic and baltic countries russia and belarus
Kirsi Rantanen was previously development director for HK Ruokatalo 's poultry business ,neutral,kirsi rantanen was previously development director for hk ruokatalo 's poultry business,kirsi rantanen was previously development director for hk ruokatalo poultry business
"Koduextra is operating a retail chain of 11 stores , controlled by Finnish Non-Food Center KY , Rukax OY , and Scan-Tukka OY ",neutral,"koduextra is operating a retail chain of 11 stores , controlled by finnish non-food center ky , rukax oy , and scan-tukka oy",koduextra is operating a retail chain of stores controlled by finnish center ky rukax oy and oy
"Koff 's market share of the volume of the market was 23.4 % , Karhu 's 21.4 % ",neutral,"koff 's market share of the volume of the market was 23.4 % , karhu 's 21.4 %",koff market share of the volume of the market was karhu
"L+ï¿½nnen Tehtaat 's Food Division was reorganised into two strategic business units , Apetit Frozen Foods and Jams , and Apetit Fish ",neutral,"l+ï¿½nnen tehtaat 's food division was reorganised into two strategic business units , apetit frozen foods and jams , and apetit fish",tehtaat food division was reorganised into two strategic business units apetit frozen foods and jams and apetit fish
Lemmink+ï¿½inen started the manufacture of roofing felt in 1920 and the production of asphalt in the 1930s ,neutral,lemmink+ï¿½inen started the manufacture of roofing felt in 1920 and the production of asphalt in the 1930s,started the manufacture of roofing felt in and the production of asphalt in the
"Like all other mechanical pipettors from Biohit , also Proline Plus is CE-IVD marked and comes with a 3-year warranty ",neutral,"like all other mechanical pipettors from biohit , also proline plus is ce-ivd marked and comes with a 3-year warranty",like all other mechanical pipettors from biohit also proline plus is marked and comes with a warranty
( A spokesperson told WWD to expect a 50-50 mix of clothing and home decor . ,neutral,( a spokesperson told wwd to expect a 50-50 mix of clothing and home decor .,a spokesperson told wwd to expect a mix of clothing and home decor
( The acquisition sum has not been disclosed . ,neutral,( the acquisition sum has not been disclosed .,the acquisition sum has not been disclosed
"Luna took fifth place on six-under 207 , a shot behind Spain 's Beatriz Recari and Germany 's Martina Eberl , while Welsh player Becky Brewerton was the highest-placed British finisher , sharing seventh place on three-under 210 after shooting 71 ",neutral,"luna took fifth place on six-under 207 , a shot behind spain 's beatriz recari and germany 's martina eberl , while welsh player becky brewerton was the highest-placed british finisher , sharing seventh place on three-under 210 after shooting 71",luna took fifth place on a shot behind spain beatriz recari and germany martina eberl while welsh player becky brewerton was the british finisher sharing seventh place on after shooting
"Maggie Ramsey 's wait - and those of thousands of Oregon and Washington guides , anglers and others who flock to his frequent seminars - is nearly over ",neutral,"maggie ramsey 's wait - and those of thousands of oregon and washington guides , anglers and others who flock to his frequent seminars - is nearly over",maggie ramsey wait and those of thousands of oregon and washington guides anglers and others who flock to his frequent seminars is nearly over
"Marathon now has a 4.6 percent stake in PLX , it said , according to Bloomberg ",neutral,"marathon now has a 4.6 percent stake in plx , it said , according to bloomberg",marathon now has a percent stake in plx it said according to bloomberg
Market data and analytics are derived from primary and secondary research ,neutral,market data and analytics are derived from primary and secondary research,market data and analytics are derived from primary and secondary research
"May 29 , 2010 ( CompaniesandMarkets.com delivered by Newstex ) -- This report provides key data and information on the meat , fish and poultry market in Finland ",neutral,"may 29 , 2010 ( companiesandmarkets.com delivered by newstex ) -- this report provides key data and information on the meat , fish and poultry market in finland",may delivered by newstex this report provides key data and information on the meat fish and poultry market in finland
"Meanwhile , Alfa owns 25.1 % of MegaFon through Altimo , and 4.99 % of Turkcell via an 18.5 % stake in Cukurova Holding ",neutral,"meanwhile , alfa owns 25.1 % of megafon through altimo , and 4.99 % of turkcell via an 18.5 % stake in cukurova holding",meanwhile alfa owns of megafon through altimo and of turkcell via an stake in cukurova holding
"Mercator will use the software for its logistic , retail and wholesale operations in Slovenia and its other markets in southeastern Europe ",neutral,"mercator will use the software for its logistic , retail and wholesale operations in slovenia and its other markets in southeastern europe",mercator will use the software for its logistic retail and wholesale operations in slovenia and its other markets in southeastern europe
Microsoft last week also issued the first patch for the Windows 7 operating system beta it had released days earlier ,neutral,microsoft last week also issued the first patch for the windows 7 operating system beta it had released days earlier,microsoft last week also issued the first patch for the windows operating system beta it had released days earlier
"More than 50,000 tonnes of asphalt mix will be used in the contract ",neutral,"more than 50,000 tonnes of asphalt mix will be used in the contract",more than tonnes of asphalt mix will be used in the contract
"M-real , which is part of Finnish paper maker Metsaliitto Group , is due to release its second-quarter report at around 12:00 EET on 5 August 2010 ",neutral,"m-real , which is part of finnish paper maker metsaliitto group , is due to release its second-quarter report at around 12:00 eet on 5 august 2010",which is part of finnish paper maker metsaliitto group is due to release its report at around eet on august
"N +1 Group will pay EUR16 .5 m of the transaction price upon closing , and the remaining sum in 2012 ",neutral,"n +1 group will pay eur16 .5 m of the transaction price upon closing , and the remaining sum in 2012",n group will pay m of the transaction price upon closing and the remaining sum in
ND = Not disclosed ,neutral,nd = not disclosed,nd not disclosed
Negotiations with representatives of the personnel regarding the restructuring process have now been ended ,neutral,negotiations with representatives of the personnel regarding the restructuring process have now been ended,negotiations with representatives of the personnel regarding the restructuring process have now been ended
"Neste Oil will publish its third quarter 2008 results on Friday , 24 October 2008 at approximately 9 am ( EET ) ",neutral,"neste oil will publish its third quarter 2008 results on friday , 24 october 2008 at approximately 9 am ( eet )",neste oil will publish its third quarter results on friday october at approximately am eet
New Novator products are supposed to be exported ,neutral,new novator products are supposed to be exported,new novator products are supposed to be exported
"Niina Nenonen , Marimekko 's current director for clothing , bags and accessories lines , will take up this role ",neutral,"niina nenonen , marimekko 's current director for clothing , bags and accessories lines , will take up this role",niina nenonen marimekko current director for clothing bags and accessories lines will take up this role
No changes in media activity were seen in October compared with September ,neutral,no changes in media activity were seen in october compared with september,no changes in media activity were seen in october compared with september
No decision on such sale of the now issued or existing treasury shares to YA Global has been made yet ,neutral,no decision on such sale of the now issued or existing treasury shares to ya global has been made yet,no decision on such sale of the now issued or existing treasury shares to ya global has been made yet
No financial details were revealed ,neutral,no financial details were revealed,no financial details were revealed
No financial information was provided ,neutral,no financial information was provided,no financial information was provided
No other ev3 devices were involved in this action ,neutral,no other ev3 devices were involved in this action,no other devices were involved in this action
Nordea was the cheapest also for a couple in their 30s with debt ,neutral,nordea was the cheapest also for a couple in their 30s with debt,nordea was the cheapest also for a couple in their with debt
"Nordstjernan will make the offer in approximately one month , in September 2007 ",neutral,"nordstjernan will make the offer in approximately one month , in september 2007",nordstjernan will make the offer in approximately one month in september
Number of offers received for this contract is two ,neutral,number of offers received for this contract is two,number of offers received for this contract is two
NWC ANALYSIS ,neutral,nwc analysis,nwc analysis
Odell has not contacted the State of Finland in this issue ,neutral,odell has not contacted the state of finland in this issue,odell has not contacted the state of finland in this issue
"Okhta Center area is expected to have about 700,000 square metres of office premises by 2016 ",neutral,"okhta center area is expected to have about 700,000 square metres of office premises by 2016",okhta center area is expected to have about square metres of office premises by
Okmetic has used the furnaces for the contract manufacturing of solar crystals ,neutral,okmetic has used the furnaces for the contract manufacturing of solar crystals,okmetic has used the furnaces for the contract manufacturing of solar crystals
Okmetic revised its 2010 financial outlook based on its order book ,neutral,okmetic revised its 2010 financial outlook based on its order book,okmetic revised its financial outlook based on its order book
"On 25 August 2009 , Sampo 's stake in Nordea was 19.45 % ",neutral,"on 25 august 2009 , sampo 's stake in nordea was 19.45 %",on august sampo stake in nordea was
"One can also apply for jobs directly from the iPad , select which CV to attach and which covering letter is most appropriate for each position ",neutral,"one can also apply for jobs directly from the ipad , select which cv to attach and which covering letter is most appropriate for each position",one can also apply for jobs directly from the ipad select which cv to attach and which covering letter is most appropriate for each position
"One price category is for calls on the preferred operator 's network , and another for calls on other operators ' networks ",neutral,"one price category is for calls on the preferred operator 's network , and another for calls on other operators ' networks",one price category is for calls on the preferred operator network and another for calls on other operators networks
"Operators only need to learn how to use one device for multiple levels of applications , including voice-directed operations ",neutral,"operators only need to learn how to use one device for multiple levels of applications , including voice-directed operations",operators only need to learn how to use one device for multiple levels of applications including operations
"Originally posted to the PCMag.com security blog , Security Watch ",neutral,"originally posted to the pcmag.com security blog , security watch",originally posted to the security blog security watch
Oriola-KD is a spin-off of Finnish pharmaceutical group Orion Oyj 's wholesale division ,neutral,oriola-kd is a spin-off of finnish pharmaceutical group orion oyj 's wholesale division,is a of finnish pharmaceutical group orion oyj wholesale division
"OTHER  North-Rhine Westphalia - Is to issue a benchmark , 5 year fixed rate deal in Euros ",neutral,"other north-rhine westphalia - is to issue a benchmark , 5 year fixed rate deal in euros",other westphalia is to issue a benchmark year fixed rate deal in euros
Other details were not provided ,neutral,other details were not provided,other details were not provided
Panostaja did not disclose the purchase price ,neutral,panostaja did not disclose the purchase price,panostaja did not disclose the purchase price
Pharmaceutical market in Belgium Global Research & Data Services published recently a market analysis about the pharmaceutical markets in Belgium ,neutral,pharmaceutical market in belgium global research & data services published recently a market analysis about the pharmaceutical markets in belgium,pharmaceutical market in belgium global research data services published recently a market analysis about the pharmaceutical markets in belgium
Pharmaceutical market in Poland Global Research & Data Services published recently a market analysis about the pharmaceutical markets in Poland ,neutral,pharmaceutical market in poland global research & data services published recently a market analysis about the pharmaceutical markets in poland,pharmaceutical market in poland global research data services published recently a market analysis about the pharmaceutical markets in poland
Ponsse will divide its sales and maintenance service network into six geographical areas ,neutral,ponsse will divide its sales and maintenance service network into six geographical areas,ponsse will divide its sales and maintenance service network into six geographical areas
"POYRY PLCCompany Announcement 10 December 2010 at 4.10 p.m. Pursuant to Poyry PLC 's stock option program 2004 , 63 792 new shares of the company have been subscribed since 27 October 2010 with stock options 2004B ",neutral,"poyry plccompany announcement 10 december 2010 at 4.10 p.m. pursuant to poyry plc 's stock option program 2004 , 63 792 new shares of the company have been subscribed since 27 october 2010 with stock options 2004b",poyry plccompany announcement december at pursuant to poyry plc stock option program new shares of the company have been subscribed since october with stock options
"Presentation materials will be posted on the company 's website : www.seahawkdrilling.com in the `` Investor Relations '' section , on the `` Webcast & Presentations '' tab ",neutral,"presentation materials will be posted on the company 's website : www.seahawkdrilling.com in the `` investor relations '' section , on the `` webcast & presentations '' tab",presentation materials will be posted on the company website in the investor relations section on the webcast presentations tab
"Previously , Grimaldi held a 46.43 pct stake in the Finnish company following the takeover bid launched in November 2006 ",neutral,"previously , grimaldi held a 46.43 pct stake in the finnish company following the takeover bid launched in november 2006",previously grimaldi held a pct stake in the finnish company following the takeover bid launched in november
"Price talk is in the mid-market swaps plus 105 bps area and the leads are Barclays , BNPP , UBS and CBA ",neutral,"price talk is in the mid-market swaps plus 105 bps area and the leads are barclays , bnpp , ubs and cba",price talk is in the swaps plus bps area and the leads are barclays bnpp ubs and cba
"Prior to the transaction , whose financial terms have not been disclosed , Alma Media owned 40 % of Kotikokki net ",neutral,"prior to the transaction , whose financial terms have not been disclosed , alma media owned 40 % of kotikokki net",prior to the transaction whose financial terms have not been disclosed alma media owned of kotikokki net
"Products include Consumer Electronics devices such as mobile phones and their accessories , set-top boxes , flat panel TVs as well as System Solutions products such as infrastructure systems , modules and other industrial segment products ",neutral,"products include consumer electronics devices such as mobile phones and their accessories , set-top boxes , flat panel tvs as well as system solutions products such as infrastructure systems , modules and other industrial segment products",products include consumer electronics devices such as mobile phones and their accessories boxes flat panel tvs as well as system solutions products such as infrastructure systems modules and other industrial segment products
"Proline Plus is available in both adjustable single and multichannel models and fixed volume single-channel models , in volume ranges from 0.1 micro litres to 10 ml ",neutral,"proline plus is available in both adjustable single and multichannel models and fixed volume single-channel models , in volume ranges from 0.1 micro litres to 10 ml",proline plus is available in both adjustable single and multichannel models and fixed volume models in volume ranges from micro litres to ml
"Protalix closed at $ 10.71 on Friday on the American Stock Exchange , giving a market cap of $ 827 million ",neutral,"protalix closed at $ 10.71 on friday on the american stock exchange , giving a market cap of $ 827 million",protalix closed at on friday on the american stock exchange giving a market cap of million
"Purchase it for the 12MP snapper , if nothing else ",neutral,"purchase it for the 12mp snapper , if nothing else",purchase it for the snapper if nothing else
R&D Loan ) ,neutral,r&d loan ),r d loan
Raisio is the site of the main production plants as well as company headquarters ,neutral,raisio is the site of the main production plants as well as company headquarters,raisio is the site of the main production plants as well as company headquarters
Rapala VMC Corporation ( Rapala ) is a Finland-based company engaged in the manufacture and distribution of fishing equipment and accessories ,neutral,rapala vmc corporation ( rapala ) is a finland-based company engaged in the manufacture and distribution of fishing equipment and accessories,rapala vmc corporation rapala is a company engaged in the manufacture and distribution of fishing equipment and accessories
"Rautalinko was resposnible also for Mobility Services , and his job in this division will be continued by Marek Hintze ",neutral,"rautalinko was resposnible also for mobility services , and his job in this division will be continued by marek hintze",rautalinko was resposnible also for mobility services and his job in this division will be continued by marek hintze
"Retail chain Suomen L+ï¿½hikauppa was given the index 5.8 , airline SAS 5.8 , TeliaSonera 's broadband 6.1 , German retail chain Lidl 6.1 , Tele Finland 's mobile subscriptions 6.1 , Tallink shipping line 6.3 , and power company Helsinki Energy 6.3 ",neutral,"retail chain suomen l+ï¿½hikauppa was given the index 5.8 , airline sas 5.8 , teliasonera 's broadband 6.1 , german retail chain lidl 6.1 , tele finland 's mobile subscriptions 6.1 , tallink shipping line 6.3 , and power company helsinki energy 6.3",retail chain suomen was given the index airline sas teliasonera broadband german retail chain lidl tele finland mobile subscriptions tallink shipping line and power company helsinki energy
RL-Nordic is a part of Raiffeisen-Banking-Group Austria and is a subsidiary to Raiffeisen-Leasing GmbH in Austria ,neutral,rl-nordic is a part of raiffeisen-banking-group austria and is a subsidiary to raiffeisen-leasing gmbh in austria,is a part of austria and is a subsidiary to gmbh in austria
"Rockwell Collins is a provider of flight deck , cabin and information management solutions for business aircraft operators ",neutral,"rockwell collins is a provider of flight deck , cabin and information management solutions for business aircraft operators",rockwell collins is a provider of flight deck cabin and information management solutions for business aircraft operators
"s business sectors are building construction , infrastructure construction and technical building services ",neutral,"s business sectors are building construction , infrastructure construction and technical building services",s business sectors are building construction infrastructure construction and technical building services
"Sampo Housing Loan Bank , a unit of Finland 's Sampo Bank , has priced its EUR1bn ( USD1 .3 bn ) bond at 99.889 % , Reuters reported ",neutral,"sampo housing loan bank , a unit of finland 's sampo bank , has priced its eur1bn ( usd1 .3 bn ) bond at 99.889 % , reuters reported",sampo housing loan bank a unit of finland sampo bank has priced its bn bond at reuters reported
SAMPO PLC Jarmo Salonen Head of Investor Relations and Group Communications tel. +358 10 516 0030 Distribution : NASDAQ OMX Helsinki The principal media Financial Supervisory Authority www.sampo.com This announcement is distributed by Thomson Reuters on behalf of Thomson Reuters clients ,neutral,sampo plc jarmo salonen head of investor relations and group communications tel. +358 10 516 0030 distribution : nasdaq omx helsinki the principal media financial supervisory authority www.sampo.com this announcement is distributed by thomson reuters on behalf of thomson reuters clients,sampo plc jarmo salonen head of investor relations and group communications tel distribution nasdaq omx helsinki the principal media financial supervisory authority this announcement is distributed by thomson reuters on behalf of thomson reuters clients
Sanoma Magazines International will invite other shareholders holding approximately 15 % of the shares to sell their shares ,neutral,sanoma magazines international will invite other shareholders holding approximately 15 % of the shares to sell their shares,sanoma magazines international will invite other shareholders holding approximately of the shares to sell their shares
Scanfil plc is a global contract manufacturer and systems supplier for communication and industrial electronics ,neutral,scanfil plc is a global contract manufacturer and systems supplier for communication and industrial electronics,scanfil plc is a global contract manufacturer and systems supplier for communication and industrial electronics
"schwalm ( at ) outotec.com Eila Paatela , Vice President - Corporate Communications tel. +358 20 529 2004 , mobile +358 400 817198 e-mail eila ",neutral,"schwalm ( at ) outotec.com eila paatela , vice president - corporate communications tel. +358 20 529 2004 , mobile +358 400 817198 e-mail eila",schwalm at eila paatela vice president corporate communications tel mobile eila
"SDM offers general rental equipment , aluminium scaffolding , power generator and hoists to customers in the construction sector ",neutral,"sdm offers general rental equipment , aluminium scaffolding , power generator and hoists to customers in the construction sector",sdm offers general rental equipment aluminium scaffolding power generator and hoists to customers in the construction sector
"Seventy-three of those also have more extensive training in products built on the latest ArchestrA technologies , such as the Wonderware System Platform ",neutral,"seventy-three of those also have more extensive training in products built on the latest archestra technologies , such as the wonderware system platform",of those also have more extensive training in products built on the latest archestra technologies such as the wonderware system platform
"So far as is known , he did not sell shares that he owns personally ",neutral,"so far as is known , he did not sell shares that he owns personally",so far as is known he did not sell shares that he owns personally
"Some 3.8 mln euro ( $ 5.2 mln ) of the base acquisition price will be paid in cash and the rest through a subscription offering of a total of 850,000 new Ixonos shares ",neutral,"some 3.8 mln euro ( $ 5.2 mln ) of the base acquisition price will be paid in cash and the rest through a subscription offering of a total of 850,000 new ixonos shares",some mln euro mln of the base acquisition price will be paid in cash and the rest through a subscription offering of a total of new ixonos shares
"Sponda is a property investment company , specialising in commercial properties in the largest cities in Finland and Russia ",neutral,"sponda is a property investment company , specialising in commercial properties in the largest cities in finland and russia",sponda is a property investment company specialising in commercial properties in the largest cities in finland and russia
Stichting Pensioenfonds ABP : 4 118 122 shares representing 5.19 % of the share capital and voting rights ,neutral,stichting pensioenfonds abp : 4 118 122 shares representing 5.19 % of the share capital and voting rights,stichting pensioenfonds abp shares representing of the share capital and voting rights
"Stockholm , 3 March 2011 About Cybercom The Cybercom Group is a high-tech consultancy that offers global sourcing for end-to-end solutions ",neutral,"stockholm , 3 march 2011 about cybercom the cybercom group is a high-tech consultancy that offers global sourcing for end-to-end solutions",stockholm march about cybercom the cybercom group is a consultancy that offers global sourcing for solutions
"Subscribers of China Unicom , the nation 's second largest mobile phone operator after China Mobile , are expected to release pictures , videos and blog on the Internet via mobile phones as of March 2008 ",neutral,"subscribers of china unicom , the nation 's second largest mobile phone operator after china mobile , are expected to release pictures , videos and blog on the internet via mobile phones as of march 2008",subscribers of china unicom the nation second largest mobile phone operator after china mobile are expected to release pictures videos and blog on the internet via mobile phones as of march
Sunrise Resources operates in Russian near-shore development markets through its wholly-owned Russian subsidiary and has 80 % of its personnel in Russia ,neutral,sunrise resources operates in russian near-shore development markets through its wholly-owned russian subsidiary and has 80 % of its personnel in russia,sunrise resources operates in russian development markets through its russian subsidiary and has of its personnel in russia
Talvivaara Mining Company Plc Talvivaara Mining Company is an internationally significant base metals producer with its primary focus on nickel and zinc using a technology known as bioheapleaching to extract metals out of ore ,neutral,talvivaara mining company plc talvivaara mining company is an internationally significant base metals producer with its primary focus on nickel and zinc using a technology known as bioheapleaching to extract metals out of ore,talvivaara mining company plc talvivaara mining company is an internationally significant base metals producer with its primary focus on nickel and zinc using a technology known as bioheapleaching to extract metals out of ore
"Tampere Science Parks is a Finnish company that owns , leases and builds office properties and it specialises in facilities for technology-oriented businesses ",neutral,"tampere science parks is a finnish company that owns , leases and builds office properties and it specialises in facilities for technology-oriented businesses",tampere science parks is a finnish company that owns leases and builds office properties and it specialises in facilities for businesses
"Target company : Tieto Corporation , Business Identity Code : 0101138-5 Date of change in holding : 22 January 2010 Portion of the shares and votes : The current group holding of OP-Pohjola Group Central Cooperative ( OPK ) is 2982 587 shares , which represents 4.14 % of the shares and voting rights ",neutral,"target company : tieto corporation , business identity code : 0101138-5 date of change in holding : 22 january 2010 portion of the shares and votes : the current group holding of op-pohjola group central cooperative ( opk ) is 2982 587 shares , which represents 4.14 % of the shares and voting rights",target company tieto corporation business identity code date of change in holding january portion of the shares and votes the current group holding of group central cooperative opk is shares which represents of the shares and voting rights
Technopolis has approximately 130 customer companies in Jyvaskyla ,neutral,technopolis has approximately 130 customer companies in jyvaskyla,technopolis has approximately customer companies in jyvaskyla
"Tecnomen , headquartered in Espoo , Finland , develops messaging and charging solutions for telecomms operators and service providers worldwide ",neutral,"tecnomen , headquartered in espoo , finland , develops messaging and charging solutions for telecomms operators and service providers worldwide",tecnomen headquartered in espoo finland develops messaging and charging solutions for telecomms operators and service providers worldwide
"Tecnomen 's solution can be used for prepaid and post-paid billing , for charging and rating of voice and video calls , data traffic and any kind of content services in both mobile and fixed networks ",neutral,"tecnomen 's solution can be used for prepaid and post-paid billing , for charging and rating of voice and video calls , data traffic and any kind of content services in both mobile and fixed networks",tecnomen solution can be used for prepaid and billing for charging and rating of voice and video calls data traffic and any kind of content services in both mobile and fixed networks
Terms of the acquisition were not disclosed ,neutral,terms of the acquisition were not disclosed,terms of the acquisition were not disclosed
Terms were not disclosed ,neutral,terms were not disclosed,terms were not disclosed
"The 19,200-square metre technology center is located near University of Tampere in central Tampere ",neutral,"the 19,200-square metre technology center is located near university of tampere in central tampere",the metre technology center is located near university of tampere in central tampere
"The acquired plant has an annual capacity of some 300,000 tonnes and most of its production is sold to domestic customers ",neutral,"the acquired plant has an annual capacity of some 300,000 tonnes and most of its production is sold to domestic customers",the acquired plant has an annual capacity of some tonnes and most of its production is sold to domestic customers
The acquisition is expected to take place by the end of August 2007 ,neutral,the acquisition is expected to take place by the end of august 2007,the acquisition is expected to take place by the end of august
"The acquisition was financed with $ 2.56 billion of debt arranged by Goldman , Sachs & Co. ",neutral,"the acquisition was financed with $ 2.56 billion of debt arranged by goldman , sachs & co.",the acquisition was financed with billion of debt arranged by goldman sachs co
"The Annual Report contains the financial statements , the consolidated financial statements , the report by the Board of Directors and the auditor 's report ",neutral,"the annual report contains the financial statements , the consolidated financial statements , the report by the board of directors and the auditor 's report",the annual report contains the financial statements the consolidated financial statements the report by the board of directors and the auditor report
"The Annual Report will be sent automatically to shareholders holding at least 2,000 Sampo plc shares ",neutral,"the annual report will be sent automatically to shareholders holding at least 2,000 sampo plc shares",the annual report will be sent automatically to shareholders holding at least sampo plc shares
"The approximately 20,000 dwt vessel has been ordered from India ",neutral,"the approximately 20,000 dwt vessel has been ordered from india",the approximately dwt vessel has been ordered from india
The arrangements do not apply to the group 's units outside Finland ,neutral,the arrangements do not apply to the group 's units outside finland,the arrangements do not apply to the group units outside finland
The bank VTB24 provides mortgage loans to buy apartments in the complex at 11-13 % per annum in rubles ,neutral,the bank vtb24 provides mortgage loans to buy apartments in the complex at 11-13 % per annum in rubles,the bank provides mortgage loans to buy apartments in the complex at per annum in rubles
"The biggest sellers in the chain 's supermarkets in Finland are organic Pirkka tomatoes , carrots , eggs , and meat products ",neutral,"the biggest sellers in the chain 's supermarkets in finland are organic pirkka tomatoes , carrots , eggs , and meat products",the biggest sellers in the chain supermarkets in finland are organic pirkka tomatoes carrots eggs and meat products
The bond has a value of EUR150m and a maturity of 4 years ,neutral,the bond has a value of eur150m and a maturity of 4 years,the bond has a value of and a maturity of years
"The building will house , for example , Respecta Oy 's Jyvaskyla premises , as well as other companies to be announced later , says Samuel Koivisto , Director of Technopolis operations in Jyvaskyla ",neutral,"the building will house , for example , respecta oy 's jyvaskyla premises , as well as other companies to be announced later , says samuel koivisto , director of technopolis operations in jyvaskyla",the building will house for example respecta oy jyvaskyla premises as well as other companies to be announced later says samuel koivisto director of technopolis operations in jyvaskyla
"The business units of the InvestLesProm Group cover the full forest industry chain , and the Group owns forests , sawmills , paper and pulp mills , and other processing plants ",neutral,"the business units of the investlesprom group cover the full forest industry chain , and the group owns forests , sawmills , paper and pulp mills , and other processing plants",the business units of the investlesprom group cover the full forest industry chain and the group owns forests sawmills paper and pulp mills and other processing plants
"The businesses to be divested offer dairy , edible fats , ready-meal and ice-cream packaging to multinational and local customers ",neutral,"the businesses to be divested offer dairy , edible fats , ready-meal and ice-cream packaging to multinational and local customers",the businesses to be divested offer dairy edible fats and packaging to multinational and local customers
"The casing comprises a first side casing member provided with the first side vat segment and a second side casing member provided with the second side vat segment , at least the first side casing member being pivotable about a rotation axis ",neutral,"the casing comprises a first side casing member provided with the first side vat segment and a second side casing member provided with the second side vat segment , at least the first side casing member being pivotable about a rotation axis",the casing comprises a first side casing member provided with the first side vat segment and a second side casing member provided with the second side vat segment at least the first side casing member being pivotable about a rotation axis
"The changes will take effect on 1 January 2010 , and they are not estimated to have an impact on the number of employees ",neutral,"the changes will take effect on 1 january 2010 , and they are not estimated to have an impact on the number of employees",the changes will take effect on january and they are not estimated to have an impact on the number of employees
The combined value of the orders is almost EUR 3mn ,neutral,the combined value of the orders is almost eur 3mn,the combined value of the orders is almost eur
The combined value of the orders is EUR 45mn ,neutral,the combined value of the orders is eur 45mn,the combined value of the orders is eur
The combined value of the planned investments is about EUR 30mn ,neutral,the combined value of the planned investments is about eur 30mn,the combined value of the planned investments is about eur
"The company can not give up palm oil altogether , however ",neutral,"the company can not give up palm oil altogether , however",the company can not give up palm oil altogether however
The company did not disclose the price of the acquisition ,neutral,the company did not disclose the price of the acquisition,the company did not disclose the price of the acquisition
The company distributes Hiab 's products as well as other products ,neutral,the company distributes hiab 's products as well as other products,the company distributes hiab products as well as other products
The company does not disclose the sum it applied for ,neutral,the company does not disclose the sum it applied for,the company does not disclose the sum it applied for
The company expects meat purchases to remain at about 8mn kilos in 2011 ,neutral,the company expects meat purchases to remain at about 8mn kilos in 2011,the company expects meat purchases to remain at about kilos in
"The company has decided to stop the operations of Ruukki Construction Division in Latvia and Lithuania , and concentrate the production and logistics in Parnu , Estonia in 2009 ",neutral,"the company has decided to stop the operations of ruukki construction division in latvia and lithuania , and concentrate the production and logistics in parnu , estonia in 2009",the company has decided to stop the operations of ruukki construction division in latvia and lithuania and concentrate the production and logistics in parnu estonia in
"The company is headquartered in Sievi , Finland , and is listed on the Nordic Exchange in Helsinki ",neutral,"the company is headquartered in sievi , finland , and is listed on the nordic exchange in helsinki",the company is headquartered in sievi finland and is listed on the nordic exchange in helsinki
The company may at any time have in its possession one tenth of all its shares at the maximum ,neutral,the company may at any time have in its possession one tenth of all its shares at the maximum,the company may at any time have in its possession one tenth of all its shares at the maximum
The company operates power plants in the Tyumen and Chelyabinsk regions and in the Khanty-Mansi Autonomous District ,neutral,the company operates power plants in the tyumen and chelyabinsk regions and in the khanty-mansi autonomous district,the company operates power plants in the tyumen and chelyabinsk regions and in the autonomous district
"The company operates worldwide and employs in total approximately 47,000 persons ",neutral,"the company operates worldwide and employs in total approximately 47,000 persons",the company operates worldwide and employs in total approximately persons
The company reiterates its outlook for 2009 ,neutral,the company reiterates its outlook for 2009,the company reiterates its outlook for
"The company 's board of directors will propose a dividend of EUR 0.95 per share for 2008 at the annual general meeting , scheduled to be held on March 23 , 2009 ",neutral,"the company 's board of directors will propose a dividend of eur 0.95 per share for 2008 at the annual general meeting , scheduled to be held on march 23 , 2009",the company board of directors will propose a dividend of eur per share for at the annual general meeting scheduled to be held on march
The company 's board of directors would propose a dividend of EUR1 .00 per share for 2005 ,neutral,the company 's board of directors would propose a dividend of eur1 .00 per share for 2005,the company board of directors would propose a dividend of per share for
The company 's equipment rental portfolio consists primarily of tools for small and mid-sized customers in the construction industry ,neutral,the company 's equipment rental portfolio consists primarily of tools for small and mid-sized customers in the construction industry,the company equipment rental portfolio consists primarily of tools for small and customers in the construction industry
The company 's model is based on developer contracting construction projects and customer focused project management ,neutral,the company 's model is based on developer contracting construction projects and customer focused project management,the company model is based on developer contracting construction projects and customer focused project management
The company said that the results of the third quarter do not include non-recurring items ,neutral,the company said that the results of the third quarter do not include non-recurring items,the company said that the results of the third quarter do not include items
The company says the measures are no longer needed ,neutral,the company says the measures are no longer needed,the company says the measures are no longer needed
"The Company serves approximately 3,000 customers in over 100 countries ",neutral,"the company serves approximately 3,000 customers in over 100 countries",the company serves approximately customers in over countries
"The company serves customers in various industries , including process and resources , industrial machinery , architecture , building , construction , electrical , transportation , electronics , chemical , petrochemical , energy , and information technology , as well as catering and households ",neutral,"the company serves customers in various industries , including process and resources , industrial machinery , architecture , building , construction , electrical , transportation , electronics , chemical , petrochemical , energy , and information technology , as well as catering and households",the company serves customers in various industries including process and resources industrial machinery architecture building construction electrical transportation electronics chemical petrochemical energy and information technology as well as catering and households
"The company serves customers in various industries , including process and resources , industrial machinery , architecture , building , construction , electrical , transportation , electronics , chemical , petrochemical , energy , and information technology , as well as catering and households ",neutral,"the company serves customers in various industries , including process and resources , industrial machinery , architecture , building , construction , electrical , transportation , electronics , chemical , petrochemical , energy , and information technology , as well as catering and households",the company serves customers in various industries including process and resources industrial machinery architecture building construction electrical transportation electronics chemical petrochemical energy and information technology as well as catering and households
"The company was supposed to deliver machinery to a veneer mill in the Tomsk region , in Russia ",neutral,"the company was supposed to deliver machinery to a veneer mill in the tomsk region , in russia",the company was supposed to deliver machinery to a veneer mill in the tomsk region in russia
"The company will disclose further details , including the anticipated transaction timetable and the name of the new investor , within one week ",neutral,"the company will disclose further details , including the anticipated transaction timetable and the name of the new investor , within one week",the company will disclose further details including the anticipated transaction timetable and the name of the new investor within one week
The company will propose a dividend of EUR0 .12 per share for 2008 ,neutral,the company will propose a dividend of eur0 .12 per share for 2008,the company will propose a dividend of per share for
"The contract also includes installation work in a new multistorey carpark for close on 1,000 vehicles ",neutral,"the contract also includes installation work in a new multistorey carpark for close on 1,000 vehicles",the contract also includes installation work in a new multistorey carpark for close on vehicles
"The contract covers the supply of temporary heating equipment for LKAB 's new pellet plant in Kiruna , in northern Sweden ",neutral,"the contract covers the supply of temporary heating equipment for lkab 's new pellet plant in kiruna , in northern sweden",the contract covers the supply of temporary heating equipment for lkab new pellet plant in kiruna in northern sweden
The contract has been allotted as per lowest price criteria ,neutral,the contract has been allotted as per lowest price criteria,the contract has been allotted as per lowest price criteria
"The contract includes design , construction , delivery of equipment , installation and commissioning ",neutral,"the contract includes design , construction , delivery of equipment , installation and commissioning",the contract includes design construction delivery of equipment installation and commissioning
"The contract includes software licences , application maintenance and training ",neutral,"the contract includes software licences , application maintenance and training",the contract includes software licences application maintenance and training
"The contract incorporates a Convergent Charging rating solution for voice and data , which includes Internet , GPRS , SMS , MMS and WAP ",neutral,"the contract incorporates a convergent charging rating solution for voice and data , which includes internet , gprs , sms , mms and wap",the contract incorporates a convergent charging rating solution for voice and data which includes internet gprs sms mms and wap
The contract is for next year ,neutral,the contract is for next year,the contract is for next year
The contract will take effect in 2009 for a five or ten year period ,neutral,the contract will take effect in 2009 for a five or ten year period,the contract will take effect in for a five or ten year period
"The contracts between Raute Corporation and Muling Kemian Wood Products Co. , Ltd. , which were announced on 3 November 2010 , have taken effect ",neutral,"the contracts between raute corporation and muling kemian wood products co. , ltd. , which were announced on 3 november 2010 , have taken effect",the contracts between raute corporation and muling kemian wood products which were announced on november have taken effect
The CVs of the proposed members are available for viewing from 12 March 2008 onwards on the Internet at www.sampo.com/ir ,neutral,the cvs of the proposed members are available for viewing from 12 march 2008 onwards on the internet at www.sampo.com/ir,the cvs of the proposed members are available for viewing from march onwards on the internet at
"The deal includes the entire personnel of PlanMill Oy , who will transfer to the new company as so-called old employees ",neutral,"the deal includes the entire personnel of planmill oy , who will transfer to the new company as so-called old employees",the deal includes the entire personnel of planmill oy who will transfer to the new company as old employees
The divested stake represented about 2.7 m shares in Okmetic 's capital ,neutral,the divested stake represented about 2.7 m shares in okmetic 's capital,the divested stake represented about m shares in okmetic capital
The dividends payable annually shall be deducted from the share subscription price ,neutral,the dividends payable annually shall be deducted from the share subscription price,the dividends payable annually shall be deducted from the share subscription price
The duration of the contract is 37 months ,neutral,the duration of the contract is 37 months,the duration of the contract is months
The ECB can mainly target inflation ,neutral,the ecb can mainly target inflation,the ecb can mainly target inflation
The employee negotiations are to address measures needed to adjust the operations to the present production situation ,neutral,the employee negotiations are to address measures needed to adjust the operations to the present production situation,the employee negotiations are to address measures needed to adjust the operations to the present production situation
The energy shot is packed in a 100-millilitre bag with a screw cap ,neutral,the energy shot is packed in a 100-millilitre bag with a screw cap,the energy shot is packed in a bag with a screw cap
The exercise price of the option will be based on Safran Software Solutions ' license and maintenance sales as well as the result of the company ,neutral,the exercise price of the option will be based on safran software solutions ' license and maintenance sales as well as the result of the company,the exercise price of the option will be based on safran software solutions license and maintenance sales as well as the result of the company
"The facility will be used to refinance Citycon 's existing credit facility , the company said ",neutral,"the facility will be used to refinance citycon 's existing credit facility , the company said",the facility will be used to refinance citycon existing credit facility the company said
The fair value of CapMan Plc 's own investments on 30 September 2008 amounted to MEUR 59.8 ,neutral,the fair value of capman plc 's own investments on 30 september 2008 amounted to meur 59.8,the fair value of capman plc own investments on september amounted to meur
The financial details of the acquisition were not disclosed ,neutral,the financial details of the acquisition were not disclosed,the financial details of the acquisition were not disclosed
The financial details of the transaction were not disclosed ,neutral,the financial details of the transaction were not disclosed,the financial details of the transaction were not disclosed
The Financial Statements and Interim Reports will be released around at 9.00 a.m. ( Finnish time ) on the given dates ,neutral,the financial statements and interim reports will be released around at 9.00 a.m. ( finnish time ) on the given dates,the financial statements and interim reports will be released around at finnish time on the given dates
The financial statements release will be available after publishing on the Company 's internet pages at www.cargotec.com ,neutral,the financial statements release will be available after publishing on the company 's internet pages at www.cargotec.com,the financial statements release will be available after publishing on the company internet pages at
"The firm is headquartered in Vantaa , southern Finland and has 16 employees ",neutral,"the firm is headquartered in vantaa , southern finland and has 16 employees",the firm is headquartered in vantaa southern finland and has employees
"The firm 's services include copying , printing , CAD-modelling , digital printing , scanning , SokoPro project bank and courier services ",neutral,"the firm 's services include copying , printing , cad-modelling , digital printing , scanning , sokopro project bank and courier services",the firm services include copying printing digital printing scanning sokopro project bank and courier services
The fixed acquisition price amounts to NOK 70 ( approximately EUR 8.7 ) million and additional price NOK 15 ( EUR 1.8 ) million at maximum ,neutral,the fixed acquisition price amounts to nok 70 ( approximately eur 8.7 ) million and additional price nok 15 ( eur 1.8 ) million at maximum,the fixed acquisition price amounts to nok approximately eur million and additional price nok eur million at maximum
"The fixed-term contract of Mr. Jarmo Ukonaho , the current General Manager of Incap 's Indian operations , will finish by the end of the year ",neutral,"the fixed-term contract of mr. jarmo ukonaho , the current general manager of incap 's indian operations , will finish by the end of the year",the contract of jarmo ukonaho the current general manager of incap indian operations will finish by the end of the year
"The flagship will open this fall in Manhattan 's Flatiron District in the `` Toy Building , '' at 200 Fifth Avenue ",neutral,"the flagship will open this fall in manhattan 's flatiron district in the `` toy building , '' at 200 fifth avenue",the flagship will open this fall in manhattan flatiron district in the toy building at fifth avenue
The full-function PC weighs 1.25 kilograms and measures slightly more than two centimeters thin ,neutral,the full-function pc weighs 1.25 kilograms and measures slightly more than two centimeters thin,the pc weighs kilograms and measures slightly more than two centimeters thin
The government has instead proposed an exchange of the state 's stake in LMT to TeliaSonera 's stake in Lattelecom ,neutral,the government has instead proposed an exchange of the state 's stake in lmt to teliasonera 's stake in lattelecom,the government has instead proposed an exchange of the state stake in lmt to teliasonera stake in lattelecom
The group reiterated its forecast that handset manufacturers will sell around 915 mln units this year globally ,neutral,the group reiterated its forecast that handset manufacturers will sell around 915 mln units this year globally,the group reiterated its forecast that handset manufacturers will sell around mln units this year globally
"The Group 's business sectors are Building Construction , Infrastructure Construction , Technical Building Services , and Building Products ",neutral,"the group 's business sectors are building construction , infrastructure construction , technical building services , and building products",the group business sectors are building construction infrastructure construction technical building services and building products
"The hosting mobile terminal guides information flow between itself , the participating terminals , and optionally , with network servers that may assist the hosting mobile terminal ",neutral,"the hosting mobile terminal guides information flow between itself , the participating terminals , and optionally , with network servers that may assist the hosting mobile terminal",the hosting mobile terminal guides information flow between itself the participating terminals and optionally with network servers that may assist the hosting mobile terminal
"The huge bridge girders will be delivered to the site from our plant in Ylivieska , Finland ",neutral,"the huge bridge girders will be delivered to the site from our plant in ylivieska , finland",the huge bridge girders will be delivered to the site from our plant in ylivieska finland
The idea of saving electricity in data transfer is still a new one ,neutral,the idea of saving electricity in data transfer is still a new one,the idea of saving electricity in data transfer is still a new one
The identity of the buyer is not yet known ,neutral,the identity of the buyer is not yet known,the identity of the buyer is not yet known
The Insolvency Act regulates the amount of debt that borrowers are permitted to write off ,neutral,the insolvency act regulates the amount of debt that borrowers are permitted to write off,the insolvency act regulates the amount of debt that borrowers are permitted to write off
The intent of the article was to focus attention on the fact that the development model that China had followed was very different than the model that India had followed ,neutral,the intent of the article was to focus attention on the fact that the development model that china had followed was very different than the model that india had followed,the intent of the article was to focus attention on the fact that the development model that china had followed was very different than the model that india had followed
The investment would be some EUR5m ,neutral,the investment would be some eur5m,the investment would be some
"The latest result included per-share charges of 5 cents for stock compensation , 1 cent for research and development and 1 cent for strategic investments ",neutral,"the latest result included per-share charges of 5 cents for stock compensation , 1 cent for research and development and 1 cent for strategic investments",the latest result included charges of cents for stock compensation cent for research and development and cent for strategic investments
The machinery now ordered will be placed in a new mill with an annual production capacity of 40 000 m3 of overlaid birch plywood ,neutral,the machinery now ordered will be placed in a new mill with an annual production capacity of 40 000 m3 of overlaid birch plywood,the machinery now ordered will be placed in a new mill with an annual production capacity of of overlaid birch plywood
"The major part of the deliveries include different AC and CXE amplifier solutions and products by Belgian DINH Telecom , a broadband solutions company acquired by Teleste in the spring of 2007 ",neutral,"the major part of the deliveries include different ac and cxe amplifier solutions and products by belgian dinh telecom , a broadband solutions company acquired by teleste in the spring of 2007",the major part of the deliveries include different ac and cxe amplifier solutions and products by belgian dinh telecom a broadband solutions company acquired by teleste in the spring of
"The market share of Volkswagen passenger cars in Finland was 10.1 percent , Audi had a market share of 3.1 percent and Seat 's share was 0.9 percent ",neutral,"the market share of volkswagen passenger cars in finland was 10.1 percent , audi had a market share of 3.1 percent and seat 's share was 0.9 percent",the market share of volkswagen passenger cars in finland was percent audi had a market share of percent and seat share was percent
"The market value of one crane is some USD6m , reported the Finnish news agency STT ",neutral,"the market value of one crane is some usd6m , reported the finnish news agency stt",the market value of one crane is some reported the finnish news agency stt
"The maximum grade of the veneer yield is calculated , based on the dimensions and grades of the veneer products , as well as by iterating the places of the peeling axes and simulating the peeling process ",neutral,"the maximum grade of the veneer yield is calculated , based on the dimensions and grades of the veneer products , as well as by iterating the places of the peeling axes and simulating the peeling process",the maximum grade of the veneer yield is calculated based on the dimensions and grades of the veneer products as well as by iterating the places of the peeling axes and simulating the peeling process
"The maximum obligated total trades per day is ISK 400,000,000 market value ",neutral,"the maximum obligated total trades per day is isk 400,000,000 market value",the maximum obligated total trades per day is isk market value
The medium-term operative targets of the company remain unchanged ,neutral,the medium-term operative targets of the company remain unchanged,the operative targets of the company remain unchanged
The MET is located in the Central Business District ( CBD ) of Bangkok ,neutral,the met is located in the central business district ( cbd ) of bangkok,the met is located in the central business district cbd of bangkok
The name of the newspaper publishing and printing division Sanoma will be changed to Sanoma News ,neutral,the name of the newspaper publishing and printing division sanoma will be changed to sanoma news,the name of the newspaper publishing and printing division sanoma will be changed to sanoma news
"The Network Test Business is part of Elektrobit 's Test and Automation Business Segment and employs 39 people in Finland and 22 people abroad , mainly in the US and Asia ",neutral,"the network test business is part of elektrobit 's test and automation business segment and employs 39 people in finland and 22 people abroad , mainly in the us and asia",the network test business is part of elektrobit test and automation business segment and employs people in finland and people abroad mainly in the us and asia
The new chain has 700 discount stores and 250 supermarkets ,neutral,the new chain has 700 discount stores and 250 supermarkets,the new chain has discount stores and supermarkets
"The new company , DiaPol S.r.l. , would manufacture tools meant for glass and stone pre-processing ",neutral,"the new company , diapol s.r.l. , would manufacture tools meant for glass and stone pre-processing",the new company diapol would manufacture tools meant for glass and stone
"The new Kroksberg railway tunnel will be built on a new section of track between Harnosand and Veda , forming part of the line that follows the coast of the Gulf of Bothnia ",neutral,"the new kroksberg railway tunnel will be built on a new section of track between harnosand and veda , forming part of the line that follows the coast of the gulf of bothnia",the new kroksberg railway tunnel will be built on a new section of track between harnosand and veda forming part of the line that follows the coast of the gulf of bothnia
The new location is n't the only change Wellmont has in store for its air transport service ,neutral,the new location is n't the only change wellmont has in store for its air transport service,the new location is the only change wellmont has in store for its air transport service
The new name of the Sanoma Division will be Sanoma News ,neutral,the new name of the sanoma division will be sanoma news,the new name of the sanoma division will be sanoma news
The Notice in its entirety with other proposals from the Nomination Committee and the Board will be published at least four weeks before 28 April on the company 's website and in Post - och Inrikes Tidningar and Dagens Industri ,neutral,the notice in its entirety with other proposals from the nomination committee and the board will be published at least four weeks before 28 april on the company 's website and in post - och inrikes tidningar and dagens industri,the notice in its entirety with other proposals from the nomination committee and the board will be published at least four weeks before april on the company website and in post och inrikes tidningar and dagens industri
"The number of class A shares remains unchanged at 9,526,089 shares ",neutral,"the number of class a shares remains unchanged at 9,526,089 shares",the number of class a shares remains unchanged at shares
"The objective is that trading in the shares will commence on May 2 , 2007 ",neutral,"the objective is that trading in the shares will commence on may 2 , 2007",the objective is that trading in the shares will commence on may
The online ice chart shows no ice in the area of Estonia 's sea ports on the coast of the Gulf of Finland ,neutral,the online ice chart shows no ice in the area of estonia 's sea ports on the coast of the gulf of finland,the online ice chart shows no ice in the area of estonia sea ports on the coast of the gulf of finland
"The order includes a log handling line , peeling line and drying line for the production of parquet base layer veneer for Plyfa 's Hassela mill , central Sweden ",neutral,"the order includes a log handling line , peeling line and drying line for the production of parquet base layer veneer for plyfa 's hassela mill , central sweden",the order includes a log handling line peeling line and drying line for the production of parquet base layer veneer for plyfa hassela mill central sweden
The order is included in Metso 's fourth quarter 2007 order backlog ,neutral,the order is included in metso 's fourth quarter 2007 order backlog,the order is included in metso fourth quarter order backlog
The order is related to renewing the network of the telecommunications operator ,neutral,the order is related to renewing the network of the telecommunications operator,the order is related to renewing the network of the telecommunications operator
The parties have therefore agreed to leave Avena out of the deal ,neutral,the parties have therefore agreed to leave avena out of the deal,the parties have therefore agreed to leave avena out of the deal
The passenger tunnel is expected to be put into operation in 2009 ,neutral,the passenger tunnel is expected to be put into operation in 2009,the passenger tunnel is expected to be put into operation in
The plant is expected to enter commercial operation by mid-2009 ,neutral,the plant is expected to enter commercial operation by mid-2009,the plant is expected to enter commercial operation by
The plant is expected to start production in the first half of 2007 ,neutral,the plant is expected to start production in the first half of 2007,the plant is expected to start production in the first half of
The plant will collect raw material from the Baltic Sea region ,neutral,the plant will collect raw material from the baltic sea region,the plant will collect raw material from the baltic sea region
"The platen edges in contact with the band are provided with a seal having a protrusion directed towards the middle area of the platen , and means are provided to exert and maintain a pressure in the volume defined by the platen , the band and the seal . '",neutral,"the platen edges in contact with the band are provided with a seal having a protrusion directed towards the middle area of the platen , and means are provided to exert and maintain a pressure in the volume defined by the platen , the band and the seal . '",the platen edges in contact with the band are provided with a seal having a protrusion directed towards the middle area of the platen and means are provided to exert and maintain a pressure in the volume defined by the platen the band and the seal
The platform would continue to be the development framework for Symbian and MeeGo ,neutral,the platform would continue to be the development framework for symbian and meego,the platform would continue to be the development framework for symbian and meego
"The Point Village , designed by Scott Tallon Walker , will include a shopping center , office premises , a hotel and a cinema ",neutral,"the point village , designed by scott tallon walker , will include a shopping center , office premises , a hotel and a cinema",the point village designed by scott tallon walker will include a shopping center office premises a hotel and a cinema
"The port facilities ' throughput is 250,000 TEUs and 7.5 mln tons of general cargo ",neutral,"the port facilities ' throughput is 250,000 teus and 7.5 mln tons of general cargo",the port facilities throughput is teus and mln tons of general cargo
The power generated annually by Loviisa covers about 10 % of Finland 's electricity consumption ,neutral,the power generated annually by loviisa covers about 10 % of finland 's electricity consumption,the power generated annually by loviisa covers about of finland electricity consumption
"The power supplies , DC power systems and inverters designed and manufactured by Efore , and systems incorporating them are used in many different applications ",neutral,"the power supplies , dc power systems and inverters designed and manufactured by efore , and systems incorporating them are used in many different applications",the power supplies dc power systems and inverters designed and manufactured by efore and systems incorporating them are used in many different applications
The presentation material can be viewed on the company 's website in English after the conference ,neutral,the presentation material can be viewed on the company 's website in english after the conference,the presentation material can be viewed on the company website in english after the conference
The previous offer was 3.4 % of voting rights and 12.3 % of capital ,neutral,the previous offer was 3.4 % of voting rights and 12.3 % of capital,the previous offer was of voting rights and of capital
"The product advisory does not apply to any other Nokia-branded battery , the company said ",neutral,"the product advisory does not apply to any other nokia-branded battery , the company said",the product advisory does not apply to any other battery the company said
The project also implies an underground parking lot for 56 vehicles ,neutral,the project also implies an underground parking lot for 56 vehicles,the project also implies an underground parking lot for vehicles
The properties were purchased from Swedish private equity real estate firm Niam and Goldman Sachs ' Whitehall Street Real Estate Funds ,neutral,the properties were purchased from swedish private equity real estate firm niam and goldman sachs ' whitehall street real estate funds,the properties were purchased from swedish private equity real estate firm niam and goldman sachs whitehall street real estate funds
The proposal that the Board of Directors will make at the Annual General Meeting is attached as a whole to this release ,neutral,the proposal that the board of directors will make at the annual general meeting is attached as a whole to this release,the proposal that the board of directors will make at the annual general meeting is attached as a whole to this release
The purchase price was not disclosed ,neutral,the purchase price was not disclosed,the purchase price was not disclosed
The reductions will be concluded by autumn 2010 ,neutral,the reductions will be concluded by autumn 2010,the reductions will be concluded by autumn
"The reductions will be implemented immediately , beginning in October 2009 ",neutral,"the reductions will be implemented immediately , beginning in october 2009",the reductions will be implemented immediately beginning in october
"The repo rate will gradually reach 2 % at the end of 2010 , according to Nordea 's Economic Outlook ",neutral,"the repo rate will gradually reach 2 % at the end of 2010 , according to nordea 's economic outlook",the repo rate will gradually reach at the end of according to nordea economic outlook
"The report profiles 158 companies including many key and niche players including major Nonwovens manufacturers such as Ahlstrom Corporation , Asahi Kasei Corporation , Buckeye Technologies , Inc. , EI ",neutral,"the report profiles 158 companies including many key and niche players including major nonwovens manufacturers such as ahlstrom corporation , asahi kasei corporation , buckeye technologies , inc. , ei",the report profiles companies including many key and niche players including major nonwovens manufacturers such as ahlstrom corporation asahi kasei corporation buckeye technologies ei
The report will be emailed within 2 business days of an order ,neutral,the report will be emailed within 2 business days of an order,the report will be emailed within business days of an order
"The RME from Telcontar enables the handset to calculate the best route and includes support for user-defined routes , feature navigability and multi-modal routing such as via foot and ferry ",neutral,"the rme from telcontar enables the handset to calculate the best route and includes support for user-defined routes , feature navigability and multi-modal routing such as via foot and ferry",the rme from telcontar enables the handset to calculate the best route and includes support for routes feature navigability and routing such as via foot and ferry
The sale price was not disclosed ,neutral,the sale price was not disclosed,the sale price was not disclosed
The sales price was not disclosed ,neutral,the sales price was not disclosed,the sales price was not disclosed
"The second variant offers complete final finishing of any selected apartment with foreign high quality materials ( Finland , Denmark , Germany , France ) ",neutral,"the second variant offers complete final finishing of any selected apartment with foreign high quality materials ( finland , denmark , germany , france )",the second variant offers complete final finishing of any selected apartment with foreign high quality materials finland denmark germany france
"The sellers include 40 shareholders , including Intellibis management , employees and other investors ",neutral,"the sellers include 40 shareholders , including intellibis management , employees and other investors",the sellers include shareholders including intellibis management employees and other investors
The sellers were EOSS Innovationsmanagement and a group of private individuals ,neutral,the sellers were eoss innovationsmanagement and a group of private individuals,the sellers were eoss innovationsmanagement and a group of private individuals
The sellers were the founders of the company ,neutral,the sellers were the founders of the company,the sellers were the founders of the company
The serial bond is part of the plan to refinance the short-term credit facility ,neutral,the serial bond is part of the plan to refinance the short-term credit facility,the serial bond is part of the plan to refinance the credit facility
"The share capital of Basware Corporation is 11,720,829 ",neutral,"the share capital of basware corporation is 11,720,829",the share capital of basware corporation is
"The share capital of Biotie Therapies Corp. constitutes 90,211,860 shares in the aggregate and the number of voting rights attached to the shares amounts to 90,211,860 ",neutral,"the share capital of biotie therapies corp. constitutes 90,211,860 shares in the aggregate and the number of voting rights attached to the shares amounts to 90,211,860",the share capital of biotie therapies constitutes shares in the aggregate and the number of voting rights attached to the shares amounts to
The share subscription period for stock options 2007A is between 1 April 2010 and 31 March 2012 ,neutral,the share subscription period for stock options 2007a is between 1 april 2010 and 31 march 2012,the share subscription period for stock options is between april and march
The shares represented 4.998 % of total share capital and 2.14 % of total voting rights ,neutral,the shares represented 4.998 % of total share capital and 2.14 % of total voting rights,the shares represented of total share capital and of total voting rights
The shares shall be acquired according to the Rules of NASDAQ OMX Helsinki and otherwise according to the rules related to acquisition of the company 's own shares ,neutral,the shares shall be acquired according to the rules of nasdaq omx helsinki and otherwise according to the rules related to acquisition of the company 's own shares,the shares shall be acquired according to the rules of nasdaq omx helsinki and otherwise according to the rules related to acquisition of the company own shares
The size of a cider bottle will remain unchanged ,neutral,the size of a cider bottle will remain unchanged,the size of a cider bottle will remain unchanged
"The start of the negotiations , relating to Glaston 's efficiency program , was announced in October ",neutral,"the start of the negotiations , relating to glaston 's efficiency program , was announced in october",the start of the negotiations relating to glaston efficiency program was announced in october
"The subject of the project is provide to the company like : Software programming and consultancy services , Computer-related services , Data services , Computer support and consultancy services , Internet services etc. ",neutral,"the subject of the project is provide to the company like : software programming and consultancy services , computer-related services , data services , computer support and consultancy services , internet services etc.",the subject of the project is provide to the company like software programming and consultancy services services data services computer support and consultancy services internet services etc
"The talks involved the Food and Ingredients Divisions , as well as group service functions , the company said ",neutral,"the talks involved the food and ingredients divisions , as well as group service functions , the company said",the talks involved the food and ingredients divisions as well as group service functions the company said
"The Tecnomen Convergent Charging solution includes functionality for prepaid and post-paid billing , charging and rating of voice calls , video calls , raw data traffic and any type of content services in both mobile and fixed networks ",neutral,"the tecnomen convergent charging solution includes functionality for prepaid and post-paid billing , charging and rating of voice calls , video calls , raw data traffic and any type of content services in both mobile and fixed networks",the tecnomen convergent charging solution includes functionality for prepaid and billing charging and rating of voice calls video calls raw data traffic and any type of content services in both mobile and fixed networks
"The total number of voting rights is 74,612,523 ",neutral,"the total number of voting rights is 74,612,523",the total number of voting rights is
"The total restructuring costs are expected to be about EUR 30mn , of which EUR 13.5 mn was booked in December 2008 ",neutral,"the total restructuring costs are expected to be about eur 30mn , of which eur 13.5 mn was booked in december 2008",the total restructuring costs are expected to be about eur of which eur mn was booked in december
"The total size of the complex is around 25,000 m2 and the project will be constructed in stages ",neutral,"the total size of the complex is around 25,000 m2 and the project will be constructed in stages",the total size of the complex is around and the project will be constructed in stages
The total value of the deliveries is some EUR65m ,neutral,the total value of the deliveries is some eur65m,the total value of the deliveries is some
"The train is expected to cross the Russian territory in 9 days , reaching the Vostochny port ",neutral,"the train is expected to cross the russian territory in 9 days , reaching the vostochny port",the train is expected to cross the russian territory in days reaching the vostochny port
The transaction is expected to be finalized by Dec 2009 ,neutral,the transaction is expected to be finalized by dec 2009,the transaction is expected to be finalized by dec
"The transaction is subject to a final agreement between the parties , approvals of their decision-making bodies and approval by the Finnish Competition Authority ",neutral,"the transaction is subject to a final agreement between the parties , approvals of their decision-making bodies and approval by the finnish competition authority",the transaction is subject to a final agreement between the parties approvals of their bodies and approval by the finnish competition authority
The turbines are expected to be launched by the end of 2012 ,neutral,the turbines are expected to be launched by the end of 2012,the turbines are expected to be launched by the end of
The value of the order is about EUR 30mn ,neutral,the value of the order is about eur 30mn,the value of the order is about eur
The value of the order is around EUR 100 million ,neutral,the value of the order is around eur 100 million,the value of the order is around eur million
The value of the order is EUR 2.5 mn ,neutral,the value of the order is eur 2.5 mn,the value of the order is eur mn
The value of the order is EUR 4mn ,neutral,the value of the order is eur 4mn,the value of the order is eur
"The value of the order is EUR 700,000 ",neutral,"the value of the order is eur 700,000",the value of the order is eur
The value of the order is nearly EUR400m ,neutral,the value of the order is nearly eur400m,the value of the order is nearly
The value of the order is USD 2.2 mn ,neutral,the value of the order is usd 2.2 mn,the value of the order is usd mn
The value of the order is USD 2.3 mn ,neutral,the value of the order is usd 2.3 mn,the value of the order is usd mn
The value of the orders is about EUR 25mn ,neutral,the value of the orders is about eur 25mn,the value of the orders is about eur
The value of the orders is about EUR 70mn ,neutral,the value of the orders is about eur 70mn,the value of the orders is about eur
The value of the orders is over EUR 10mn ,neutral,the value of the orders is over eur 10mn,the value of the orders is over eur
The value of the orders is over EUR 25mn ,neutral,the value of the orders is over eur 25mn,the value of the orders is over eur
The value of the total investment is about EUR 600mn ,neutral,the value of the total investment is about eur 600mn,the value of the total investment is about eur
The webcast may be followed online on the company website at www.ruukki.com/investors ,neutral,the webcast may be followed online on the company website at www.ruukki.com/investors,the webcast may be followed online on the company website at
"The Whitehall Street Real Estate Funds invest in real estate and real estate related assets , principally through the acquisition of real estate companies , real property and mortgage loans ",neutral,"the whitehall street real estate funds invest in real estate and real estate related assets , principally through the acquisition of real estate companies , real property and mortgage loans",the whitehall street real estate funds invest in real estate and real estate related assets principally through the acquisition of real estate companies real property and mortgage loans
The volume of investments in the two phases of the project is estimated at USD 300mn ( EUR 215.03 mn ) ,neutral,the volume of investments in the two phases of the project is estimated at usd 300mn ( eur 215.03 mn ),the volume of investments in the two phases of the project is estimated at usd eur mn
Their names have not yet been released ,neutral,their names have not yet been released,their names have not yet been released
"There will be return flights from Stuttgart every morning , as well as evening departures on Thursdays , Fridays and Sundays ",neutral,"there will be return flights from stuttgart every morning , as well as evening departures on thursdays , fridays and sundays",there will be return flights from stuttgart every morning as well as evening departures on thursdays fridays and sundays
"These include software development for internet and mobile telephone content , communications , value-added software , financial services , security applications , systems integration and electronics , '' EBRD informed ",neutral,"these include software development for internet and mobile telephone content , communications , value-added software , financial services , security applications , systems integration and electronics , '' ebrd informed",these include software development for internet and mobile telephone content communications software financial services security applications systems integration and electronics ebrd informed
"These include software development for internet and mobile telephone content , communications , value-added software , financial services , security applications , systems integration and electronics ",neutral,"these include software development for internet and mobile telephone content , communications , value-added software , financial services , security applications , systems integration and electronics",these include software development for internet and mobile telephone content communications software financial services security applications systems integration and electronics
"These sections will be put into place to form the load-bearing steel structure of the bridge , '' says Sami Eronen , Senior Vice President , Infrastructure and Northern Europe , Ruukki Construction ",neutral,"these sections will be put into place to form the load-bearing steel structure of the bridge , '' says sami eronen , senior vice president , infrastructure and northern europe , ruukki construction",these sections will be put into place to form the steel structure of the bridge says sami eronen senior vice president infrastructure and northern europe ruukki construction
"They can be used to control the speed of electric motors used by industry and municipal engineering , and in power generation using renewable energy ",neutral,"they can be used to control the speed of electric motors used by industry and municipal engineering , and in power generation using renewable energy",they can be used to control the speed of electric motors used by industry and municipal engineering and in power generation using renewable energy
They will be sunk to a depth of some 360-380 metres and fixed to the bottom mud by vacuum ,neutral,they will be sunk to a depth of some 360-380 metres and fixed to the bottom mud by vacuum,they will be sunk to a depth of some metres and fixed to the bottom mud by vacuum
This amount will not be included in the pensionable salary ,neutral,this amount will not be included in the pensionable salary,this amount will not be included in the pensionable salary
This corrensponds to 4.628 percent of Okmetic 's share capital and voting rights ,neutral,this corrensponds to 4.628 percent of okmetic 's share capital and voting rights,this corrensponds to percent of okmetic share capital and voting rights
This corresponds to 6.81 percent of Okmetic 's share capital and voting rights ,neutral,this corresponds to 6.81 percent of okmetic 's share capital and voting rights,this corresponds to percent of okmetic share capital and voting rights
This includes a EUR 39.5 mn change in the fair value of investment properties ,neutral,this includes a eur 39.5 mn change in the fair value of investment properties,this includes a eur mn change in the fair value of investment properties
"Through the Nordic Exchange , OMX offers access to approximately 80 percent of the Nordic and Baltic securities market ",neutral,"through the nordic exchange , omx offers access to approximately 80 percent of the nordic and baltic securities market",through the nordic exchange omx offers access to approximately percent of the nordic and baltic securities market
"Tiimari 's registered share capital is 16,474,755 shares as per today ",neutral,"tiimari 's registered share capital is 16,474,755 shares as per today",tiimari registered share capital is shares as per today
"Tikkurila , a division of Kemira group , controls about 23 % of the Russian market in its field and owns St. Petersburg paint producer TEX. ",neutral,"tikkurila , a division of kemira group , controls about 23 % of the russian market in its field and owns st. petersburg paint producer tex.",tikkurila a division of kemira group controls about of the russian market in its field and owns petersburg paint producer tex
"treatment products in Usa , Canada , Mexico , Australia and Brazil Today , Global Research & Data Services is going to publish several market analyses about the markets for water treatment products in some selected countries ",neutral,"treatment products in usa , canada , mexico , australia and brazil today , global research & data services is going to publish several market analyses about the markets for water treatment products in some selected countries",treatment products in usa canada mexico australia and brazil today global research data services is going to publish several market analyses about the markets for water treatment products in some selected countries
"Tyrvaan Sanomat , published twice a week by Tyrvaan Sanomat Oy , appears in Sastamala and Kiikoinen ",neutral,"tyrvaan sanomat , published twice a week by tyrvaan sanomat oy , appears in sastamala and kiikoinen",tyrvaan sanomat published twice a week by tyrvaan sanomat oy appears in sastamala and kiikoinen
"U.S.-based T Corp. is in talks with Scandinavian telecoms company TeliaSonera to sell its stake in Uzbek cellular operator Coscom , an executive at Coscom told Interfax ",neutral,"u.s.-based t corp. is in talks with scandinavian telecoms company teliasonera to sell its stake in uzbek cellular operator coscom , an executive at coscom told interfax",t is in talks with scandinavian telecoms company teliasonera to sell its stake in uzbek cellular operator coscom an executive at coscom told interfax
"Under the deal , Know IT will pay SEK90m ( USD12 .8 m-EUR8 .6 m ) in cash and stock ",neutral,"under the deal , know it will pay sek90m ( usd12 .8 m-eur8 .6 m ) in cash and stock",under the deal know it will pay m in cash and stock
Union and company officials did not return calls yesterday ,neutral,union and company officials did not return calls yesterday,union and company officials did not return calls yesterday
"Upon establishment , the plan is directed to approximately 20 persons ",neutral,"upon establishment , the plan is directed to approximately 20 persons",upon establishment the plan is directed to approximately persons
Vacon recently announced plans to build its North American headquarters at 5 Business Park in Chambersburg ,neutral,vacon recently announced plans to build its north american headquarters at 5 business park in chambersburg,vacon recently announced plans to build its north american headquarters at business park in chambersburg
"Vaisala , headquartered in Helsinki in Finland , develops and manufactures electronic measurement systems for meteorology , environmental sciences , traffic and industry ",neutral,"vaisala , headquartered in helsinki in finland , develops and manufactures electronic measurement systems for meteorology , environmental sciences , traffic and industry",vaisala headquartered in helsinki in finland develops and manufactures electronic measurement systems for meteorology environmental sciences traffic and industry
"Vaisala 's Present Weather Detector measures visibility up to 20 km , as well as precipitation type and intensity ",neutral,"vaisala 's present weather detector measures visibility up to 20 km , as well as precipitation type and intensity",vaisala present weather detector measures visibility up to km as well as precipitation type and intensity
"Water Treatment Products In Australia Today , Global Research & Data Services is going to publish a market analysis about the market for chemical water treatment products in Australia ",neutral,"water treatment products in australia today , global research & data services is going to publish a market analysis about the market for chemical water treatment products in australia",water treatment products in australia today global research data services is going to publish a market analysis about the market for chemical water treatment products in australia
What we think ,neutral,what we think,what we think
"When the product is manufactured in Finland , it is also packed in the country ",neutral,"when the product is manufactured in finland , it is also packed in the country",when the product is manufactured in finland it is also packed in the country
Why not give your bedroom a cool makeover for summer ,neutral,why not give your bedroom a cool makeover for summer,why not give your bedroom a cool makeover for summer
"With five different game modes , co-op tournaments , 4 player split-screen and multiplayer modes , players can have as much fun as they would if they were actually fishing ",neutral,"with five different game modes , co-op tournaments , 4 player split-screen and multiplayer modes , players can have as much fun as they would if they were actually fishing",with five different game modes tournaments player and multiplayer modes players can have as much fun as they would if they were actually fishing
"With the U.S. Federal Government putting a stake in the ground , vendors - and their customers - are focused on meeting the deadline ",neutral,"with the u.s. federal government putting a stake in the ground , vendors - and their customers - are focused on meeting the deadline",with the federal government putting a stake in the ground vendors and their customers are focused on meeting the deadline
"With this , the company will exit the contract manufacturing service segment ",neutral,"with this , the company will exit the contract manufacturing service segment",with this the company will exit the contract manufacturing service segment
"Votorantim Celulose e Papel ( VCP ) is part of the Votorantim Group , a major Brazilian conglomerate ",neutral,"votorantim celulose e papel ( vcp ) is part of the votorantim group , a major brazilian conglomerate",votorantim celulose e papel vcp is part of the votorantim group a major brazilian conglomerate
"YIT CORPORATION SEPT. 24 , 2007 at 13:30 CORPORATE RELEASE STOCK EXCHANGE RELEASE YIT 'S CAPITAL MARKETS DAY IN LONDON , SEPT. 26 , 2007 On Wednesday , September 26 , 2007 , YIT will hold a Capital Markets Day for investors and analysts in London ",neutral,"yit corporation sept. 24 , 2007 at 13:30 corporate release stock exchange release yit 's capital markets day in london , sept. 26 , 2007 on wednesday , september 26 , 2007 , yit will hold a capital markets day for investors and analysts in london",yit corporation at corporate release stock exchange release yit capital markets day in london on wednesday september yit will hold a capital markets day for investors and analysts in london
- Cash flow from operating activities before investments was EUR 0.8 -1.2 million ,neutral,- cash flow from operating activities before investments was eur 0.8 -1.2 million,cash flow from operating activities before investments was eur million
- Cash flow from operating activities before investments was EUR 7.6 million EUR 2.5 million ,neutral,- cash flow from operating activities before investments was eur 7.6 million eur 2.5 million,cash flow from operating activities before investments was eur million eur million
- Profit before taxes was EUR 105.9 82.7 million ,neutral,- profit before taxes was eur 105.9 82.7 million,profit before taxes was eur million
"- The Group -ï¿½ s cumulative sales during the review period were EUR 48.2 million EUR 53.1 million , 1-9/2007 and profit before taxes was EUR 1.2 1.4 million ",neutral,"- the group -ï¿½ s cumulative sales during the review period were eur 48.2 million eur 53.1 million , 1-9/2007 and profit before taxes was eur 1.2 1.4 million",the group s cumulative sales during the review period were eur million eur million and profit before taxes was eur million
"- The Group -ï¿½ s profit before taxes was EUR 0,2 7,8 million ",neutral,"- the group -ï¿½ s profit before taxes was eur 0,2 7,8 million",the group s profit before taxes was eur million
"- The Group -ï¿½ s sales during the period were EUR 31.6 million EUR 36.6 million , 1-6/2007 and profit before taxes was EUR 0.2 1.3 million ",neutral,"- the group -ï¿½ s sales during the period were eur 31.6 million eur 36.6 million , 1-6/2007 and profit before taxes was eur 0.2 1.3 million",the group s sales during the period were eur million eur million and profit before taxes was eur million
The company continued the development of a fully human antibody in its VAP-1 antibody program ,neutral,the company continued the development of a fully human antibody in its vap-1 antibody program,the company continued the development of a fully human antibody in its antibody program
The profit after taxes was EUR 57.7 11.1 million ,neutral,the profit after taxes was eur 57.7 11.1 million,the profit after taxes was eur million
`` Marimekko operates in an industry in which changes in the business climate are reflected in consumer demand ,neutral,`` marimekko operates in an industry in which changes in the business climate are reflected in consumer demand,marimekko operates in an industry in which changes in the business climate are reflected in consumer demand
"`` Over the years , the color orange has become synonymous with quality ",neutral,"`` over the years , the color orange has become synonymous with quality",over the years the color orange has become synonymous with quality
"`` The enterprise value of the Fray Bentos pulp mill and Forestal Oriental totals approximately euro1 .6 billion , '' UPM said ",neutral,"`` the enterprise value of the fray bentos pulp mill and forestal oriental totals approximately euro1 .6 billion , '' upm said",the enterprise value of the fray bentos pulp mill and forestal oriental totals approximately billion upm said
`` These developments partly reflect the government 's higher activity in the field of dividend policy . ',neutral,`` these developments partly reflect the government 's higher activity in the field of dividend policy . ',these developments partly reflect the government higher activity in the field of dividend policy
`` This could be us ,neutral,`` this could be us,this could be us
`` We are selling an information systems development business to the Finns ,neutral,`` we are selling an information systems development business to the finns,we are selling an information systems development business to the finns
"`` We have come out with a decision which is based on our preliminary economic , operational and environmental findings , '' Karvinen said ",neutral,"`` we have come out with a decision which is based on our preliminary economic , operational and environmental findings , '' karvinen said",we have come out with a decision which is based on our preliminary economic operational and environmental findings karvinen said
"8,600 m , and at the time of investment it is fully leased to several tenants ",neutral,"8,600 m , and at the time of investment it is fully leased to several tenants",m and at the time of investment it is fully leased to several tenants
A filter is used to pre-process packets to determine if they need to be further processed by the processor of the network device ,neutral,a filter is used to pre-process packets to determine if they need to be further processed by the processor of the network device,a filter is used to packets to determine if they need to be further processed by the processor of the network device
"A total of 15,000 new Citycon shares with a nominal value of EUR 1.35 per share were subscribed between 17 and 23 March 2006 exercising the A-B-C options based on the company 's stock option plan 1999 ",neutral,"a total of 15,000 new citycon shares with a nominal value of eur 1.35 per share were subscribed between 17 and 23 march 2006 exercising the a-b-c options based on the company 's stock option plan 1999",a total of new citycon shares with a nominal value of eur per share were subscribed between and march exercising the options based on the company stock option plan
ABN : 59 087 901 620 now represent 5.10 % of the voting rights and share capital of Citycon Oyj ,neutral,abn : 59 087 901 620 now represent 5.10 % of the voting rights and share capital of citycon oyj,abn now represent of the voting rights and share capital of citycon oyj
"According to Finnish Scanfil 's founder and chairman of the board , Jorma J. Takanen , the company has to look for growth abroad ",neutral,"according to finnish scanfil 's founder and chairman of the board , jorma j. takanen , the company has to look for growth abroad",according to finnish scanfil founder and chairman of the board jorma takanen the company has to look for growth abroad
"After non-recurring items of EUR 177mn , profit amounted to EUR 20mn ",neutral,"after non-recurring items of eur 177mn , profit amounted to eur 20mn",after items of eur profit amounted to eur
"Aldata Solution , a global company engaged in supplier to consumer business process optimization , has announced the details of its Dollars for Dinosaurs program ",neutral,"aldata solution , a global company engaged in supplier to consumer business process optimization , has announced the details of its dollars for dinosaurs program",aldata solution a global company engaged in supplier to consumer business process optimization has announced the details of its dollars for dinosaurs program
All depends on financing ,neutral,all depends on financing,all depends on financing
Almost two thirds of Olvi 's net sales come from outside Finland ,neutral,almost two thirds of olvi 's net sales come from outside finland,almost two thirds of olvi net sales come from outside finland
Amanda Capital has investments in 22 private equity funds and in over 200 unquoted companies mainly in Europe ,neutral,amanda capital has investments in 22 private equity funds and in over 200 unquoted companies mainly in europe,amanda capital has investments in private equity funds and in over unquoted companies mainly in europe
Analysts surveyed by Thomson Financial expected revenue of $ 69 million for the quarter ,neutral,analysts surveyed by thomson financial expected revenue of $ 69 million for the quarter,analysts surveyed by thomson financial expected revenue of million for the quarter
"As much biomass will be used as can be sourced locally , with the rest of the plant 's fuel needs met by peat ",neutral,"as much biomass will be used as can be sourced locally , with the rest of the plant 's fuel needs met by peat",as much biomass will be used as can be sourced locally with the rest of the plant fuel needs met by peat
"As part of the transaction , the +ï¿½+ï¿½nekoski paper mill remained in M-real 's ownership and continued Galerie Art production for Sappi under a long-term contract ",neutral,"as part of the transaction , the +ï¿½+ï¿½nekoski paper mill remained in m-real 's ownership and continued galerie art production for sappi under a long-term contract",as part of the transaction the paper mill remained in ownership and continued galerie art production for sappi under a contract
"Aspocomp Group , headquartered in Helsinki , Finland , develops interconnection solutions for the electronics industry ",neutral,"aspocomp group , headquartered in helsinki , finland , develops interconnection solutions for the electronics industry",aspocomp group headquartered in helsinki finland develops interconnection solutions for the electronics industry
"Based in Helsinki , Finland , Ramirent has branches in 13 Nordic , central and Eastern European countries ",neutral,"based in helsinki , finland , ramirent has branches in 13 nordic , central and eastern european countries",based in helsinki finland ramirent has branches in nordic central and eastern european countries
"Based on the 2005 calendar year the combined company had EUR15 .8 bn in pro forma annual revenues and is expected to start operations with 60,000 employees ",neutral,"based on the 2005 calendar year the combined company had eur15 .8 bn in pro forma annual revenues and is expected to start operations with 60,000 employees",based on the calendar year the combined company had bn in pro forma annual revenues and is expected to start operations with employees
"BAVARIA Industriekapital AG 's 2006 revenues were EUR 333 million , with an EBITDA of EUR 51 million ",neutral,"bavaria industriekapital ag 's 2006 revenues were eur 333 million , with an ebitda of eur 51 million",bavaria industriekapital ag revenues were eur million with an ebitda of eur million
BM4 middle layer headbox will be equipped with a dilution control system ,neutral,bm4 middle layer headbox will be equipped with a dilution control system,middle layer headbox will be equipped with a dilution control system
Boomerang Boats had net sales of EUR 4.1 mn and it made an operating profit of EUR 0.4 mn in 2006 ,neutral,boomerang boats had net sales of eur 4.1 mn and it made an operating profit of eur 0.4 mn in 2006,boomerang boats had net sales of eur mn and it made an operating profit of eur mn in
"By the end of 2006 , the number of joint branch offices will total 170 ",neutral,"by the end of 2006 , the number of joint branch offices will total 170",by the end of the number of joint branch offices will total
Cameco typically prices sales contracts using a 40:60 ratio of fixed prices and spot prices ,neutral,cameco typically prices sales contracts using a 40:60 ratio of fixed prices and spot prices,cameco typically prices sales contracts using a ratio of fixed prices and spot prices
Cargotec 's business areas also include the container handling solutions business area Kalmar and the marine cargo handling and offshore load handling solutions business area MacGREGOR ,neutral,cargotec 's business areas also include the container handling solutions business area kalmar and the marine cargo handling and offshore load handling solutions business area macgregor,cargotec business areas also include the container handling solutions business area kalmar and the marine cargo handling and offshore load handling solutions business area macgregor
"Cargotec 's sales totalled EUR 3.4 billion in 2008 and it employs approximately 11,000 people ",neutral,"cargotec 's sales totalled eur 3.4 billion in 2008 and it employs approximately 11,000 people",cargotec sales totalled eur billion in and it employs approximately people
Cargotec will also move Hallberg-Ivarsson 's service and installation business under the same roof with its service center for Kalmar and MacGregor solutions in Gothenburg ,neutral,cargotec will also move hallberg-ivarsson 's service and installation business under the same roof with its service center for kalmar and macgregor solutions in gothenburg,cargotec will also move service and installation business under the same roof with its service center for kalmar and macgregor solutions in gothenburg
Coffee will be served starting at 14:30 EET as well as after the event ,neutral,coffee will be served starting at 14:30 eet as well as after the event,coffee will be served starting at eet as well as after the event
Combined net sales in 2006 were $ 27 million and EBITDA was $ 13.7 million ,neutral,combined net sales in 2006 were $ 27 million and ebitda was $ 13.7 million,combined net sales in were million and ebitda was million
"Commenting on the deal , Shane Lennon , SVP of Marketing & Product Development at GyPSii said : ",neutral,"commenting on the deal , shane lennon , svp of marketing & product development at gypsii said :",commenting on the deal shane lennon svp of marketing product development at gypsii said
"Componenta has production lines for similar-sized products at Karkkila in Finland , at Weert in the Netherlands and at Orhangazi in Turkey , and these had a combined output of approximately 100,000 tonnes and net sales of EUR 135 million in 2007 ",neutral,"componenta has production lines for similar-sized products at karkkila in finland , at weert in the netherlands and at orhangazi in turkey , and these had a combined output of approximately 100,000 tonnes and net sales of eur 135 million in 2007",componenta has production lines for products at karkkila in finland at weert in the netherlands and at orhangazi in turkey and these had a combined output of approximately tonnes and net sales of eur million in
CS Cabot 's main consumers on the Czech and Slovak market are tires producers Barum Continental and Matador Continental ,neutral,cs cabot 's main consumers on the czech and slovak market are tires producers barum continental and matador continental,cs cabot main consumers on the czech and slovak market are tires producers barum continental and matador continental
Curators have divided their material into eight themes ,neutral,curators have divided their material into eight themes,curators have divided their material into eight themes
"Currently , 95 % of Trainers House 's revenues are attributed to the Finnish market ",neutral,"currently , 95 % of trainers house 's revenues are attributed to the finnish market",currently of trainers house revenues are attributed to the finnish market
"Currently , the company uses eight similar reach stackers and four empty container handlers by Konecranes ",neutral,"currently , the company uses eight similar reach stackers and four empty container handlers by konecranes",currently the company uses eight similar reach stackers and four empty container handlers by konecranes
"Currently Glaston employs approximately 1,500 persons ",neutral,"currently glaston employs approximately 1,500 persons",currently glaston employs approximately persons
"Currently it operates a fleet of eight carriers , as well as nine pushers and barges ",neutral,"currently it operates a fleet of eight carriers , as well as nine pushers and barges",currently it operates a fleet of eight carriers as well as nine pushers and barges
Customers include hotels and restaurants as well as wholesalers and some retailers ,neutral,customers include hotels and restaurants as well as wholesalers and some retailers,customers include hotels and restaurants as well as wholesalers and some retailers
"Customers wave cards in front of the reader to make payments , similar to `` touch and go '' cards used in transport systems ",neutral,"customers wave cards in front of the reader to make payments , similar to `` touch and go '' cards used in transport systems",customers wave cards in front of the reader to make payments similar to touch and go cards used in transport systems
Delivery is expected to take place later this month ,neutral,delivery is expected to take place later this month,delivery is expected to take place later this month
"Eero Katajavuori , currently Group Vice President , Human Resources , will take a year-long sabbatical starting from October 1 , 2010 ",neutral,"eero katajavuori , currently group vice president , human resources , will take a year-long sabbatical starting from october 1 , 2010",eero katajavuori currently group vice president human resources will take a sabbatical starting from october
Elcoteq expects its net sales for the last quarter of 2010 to be on the level of the third quarter ,neutral,elcoteq expects its net sales for the last quarter of 2010 to be on the level of the third quarter,elcoteq expects its net sales for the last quarter of to be on the level of the third quarter
"ENP Newswire - 22 March 2011 Release date - 21032011 - A total of 13,000 Talvivaara Mining Company Plc 's new shares were subscribed for during the period between 1 January 2011 and 28 February 2011 under the company 's stock option rights 2007A ",neutral,"enp newswire - 22 march 2011 release date - 21032011 - a total of 13,000 talvivaara mining company plc 's new shares were subscribed for during the period between 1 january 2011 and 28 february 2011 under the company 's stock option rights 2007a",enp newswire march release date a total of talvivaara mining company plc new shares were subscribed for during the period between january and february under the company stock option rights
"EQ Bank forecasts Olvi 's net sales at EUR 67mn in the second quarter of 2009 , and operating profit at EUR 6.4 mn ",neutral,"eq bank forecasts olvi 's net sales at eur 67mn in the second quarter of 2009 , and operating profit at eur 6.4 mn",eq bank forecasts olvi net sales at eur in the second quarter of and operating profit at eur mn
"Established in 1989 , CapMan manages Nordic buyout , mezzanine , technology , life science and real estate funds with approximately EURO 3 billion $ 4 billion in total capital ",neutral,"established in 1989 , capman manages nordic buyout , mezzanine , technology , life science and real estate funds with approximately euro 3 billion $ 4 billion in total capital",established in capman manages nordic buyout mezzanine technology life science and real estate funds with approximately euro billion billion in total capital
EUR 152.4 mn of this was net interest income ,neutral,eur 152.4 mn of this was net interest income,eur mn of this was net interest income
"Exel 's board of directors will propose a dividend of 0.2 euro $ 0.3 per share for 2006 at the annual general meeting on April 19 , 2007 ",neutral,"exel 's board of directors will propose a dividend of 0.2 euro $ 0.3 per share for 2006 at the annual general meeting on april 19 , 2007",exel board of directors will propose a dividend of euro per share for at the annual general meeting on april
Financing of the project will come mainly from China ,neutral,financing of the project will come mainly from china,financing of the project will come mainly from china
Finnish silicon wafer technology company Okmetic Oyj OMX Helsinki : OKM1V said on Wednesday 17 September that it will invest EUR6m in its sensor wafer business during 2009 ,neutral,finnish silicon wafer technology company okmetic oyj omx helsinki : okm1v said on wednesday 17 september that it will invest eur6m in its sensor wafer business during 2009,finnish silicon wafer technology company okmetic oyj omx helsinki said on wednesday september that it will invest in its sensor wafer business during
"Fiskars is also engaged in the global supply of marine and energy equipment solutions and services through its associated company , Wartsila Corporation ",neutral,"fiskars is also engaged in the global supply of marine and energy equipment solutions and services through its associated company , wartsila corporation",fiskars is also engaged in the global supply of marine and energy equipment solutions and services through its associated company wartsila corporation
"FL Group 's private equity division manages all operating companies , including Icelandair Group , FL Travel Group , Bluebird and Sterling ",neutral,"fl group 's private equity division manages all operating companies , including icelandair group , fl travel group , bluebird and sterling",fl group private equity division manages all operating companies including icelandair group fl travel group bluebird and sterling
"Following the demerger , the vice president of the group 's pharmaceutical trade in Finland , Jukka Niemi , will be appointed managing director of Oriola in addition to his current responsibilities ",neutral,"following the demerger , the vice president of the group 's pharmaceutical trade in finland , jukka niemi , will be appointed managing director of oriola in addition to his current responsibilities",following the demerger the vice president of the group pharmaceutical trade in finland jukka niemi will be appointed managing director of oriola in addition to his current responsibilities
"For 2009 , net profit was EUR 3 million and the company paid a dividend of EUR 1.30 apiece ",neutral,"for 2009 , net profit was eur 3 million and the company paid a dividend of eur 1.30 apiece",for net profit was eur million and the company paid a dividend of eur apiece
"For 2009 , net profit was EUR3m and the company paid a dividend of EUR1 .30 apiece ",neutral,"for 2009 , net profit was eur3m and the company paid a dividend of eur1 .30 apiece",for net profit was and the company paid a dividend of apiece
"From 2003 on , the emphasis of Kyro 's strategy has been on Glaston 's growth ",neutral,"from 2003 on , the emphasis of kyro 's strategy has been on glaston 's growth",from on the emphasis of kyro strategy has been on glaston growth
Group net sales in the third quarter of 2007 totaled EUR 142.3 mn and operating profit EUR 4.3 mn ,neutral,group net sales in the third quarter of 2007 totaled eur 142.3 mn and operating profit eur 4.3 mn,group net sales in the third quarter of totaled eur mn and operating profit eur mn
"He joins Technopolis from KONE where he has held various positions within the Group , most recently as Director of Service Business and Business Development for KONE s Middle Eastern operations ",neutral,"he joins technopolis from kone where he has held various positions within the group , most recently as director of service business and business development for kone s middle eastern operations",he joins technopolis from kone where he has held various positions within the group most recently as director of service business and business development for kone s middle eastern operations
HK Ruokatalo 's target is to know the consumers ,neutral,hk ruokatalo 's target is to know the consumers,hk ruokatalo target is to know the consumers
"In 2007 , Etteplan had turnover of EUR125 .2 m",neutral,"in 2007 , etteplan had turnover of eur125 .2 m",in etteplan had turnover of m
"In 2007 , the Group 's net sales stood at EUR 42 million and it had about 1,445 employees ",neutral,"in 2007 , the group 's net sales stood at eur 42 million and it had about 1,445 employees",in the group net sales stood at eur million and it had about employees
In 2007 Etteplan reported a turnover of EUR125 .2 m,neutral,in 2007 etteplan reported a turnover of eur125 .2 m,in etteplan reported a turnover of m
"In 2008 , AVC Systemhaus had net sales of EUR 10 million USD 7.1 m ",neutral,"in 2008 , avc systemhaus had net sales of eur 10 million usd 7.1 m",in avc systemhaus had net sales of eur million usd m
In 2008 Stockmann earned 3.398 million lats in profit on 48.012 million lats in turnover ,neutral,in 2008 stockmann earned 3.398 million lats in profit on 48.012 million lats in turnover,in stockmann earned million lats in profit on million lats in turnover
"In 2010 , Sanoma Magazines expects net sales to be at the 2009 level ",neutral,"in 2010 , sanoma magazines expects net sales to be at the 2009 level",in sanoma magazines expects net sales to be at the level
"In addition , the company is considering the start of production in Russia ",neutral,"in addition , the company is considering the start of production in russia",in addition the company is considering the start of production in russia
"In addition , the Kazakh delegation will visit Finland 's SITRA investment fund , Honkarakenne Ltd and Nokia headquarters to study TeliaSonera Ltd JSC 's activities ",neutral,"in addition , the kazakh delegation will visit finland 's sitra investment fund , honkarakenne ltd and nokia headquarters to study teliasonera ltd jsc 's activities",in addition the kazakh delegation will visit finland sitra investment fund honkarakenne ltd and nokia headquarters to study teliasonera ltd jsc activities
"In addition to its stake in MegaFon , Telecominvest currently owns 100 % of shares in Web Plus and St. Petersburg Payphones , 51 % in telecom equipment producer Peter-Servis and a number of other minor assets ",neutral,"in addition to its stake in megafon , telecominvest currently owns 100 % of shares in web plus and st. petersburg payphones , 51 % in telecom equipment producer peter-servis and a number of other minor assets",in addition to its stake in megafon telecominvest currently owns of shares in web plus and petersburg payphones in telecom equipment producer and a number of other minor assets
"In addition to verification of an identity and digital signatures , new state-approved Mobile ID enables to cast votes in elections as well ",neutral,"in addition to verification of an identity and digital signatures , new state-approved mobile id enables to cast votes in elections as well",in addition to verification of an identity and digital signatures new mobile id enables to cast votes in elections as well
"In April-June 2008 , Scanfil 's net sales totalled EUR 58.7 mn and operating profit EUR 6.6 mn ",neutral,"in april-june 2008 , scanfil 's net sales totalled eur 58.7 mn and operating profit eur 6.6 mn",in scanfil net sales totalled eur mn and operating profit eur mn
"In Finland , the five largest brands control 90 % of the beer market ",neutral,"in finland , the five largest brands control 90 % of the beer market",in finland the five largest brands control of the beer market
In July it and Quadriga Capital sold their Lewa GmbH pump-making business to Japan 's Nikkiso Co. ,neutral,in july it and quadriga capital sold their lewa gmbh pump-making business to japan 's nikkiso co.,in july it and quadriga capital sold their lewa gmbh business to japan nikkiso co
"In the Czech Republic , the profiling unit at Ostrava will be closed and the machinery will be relocated to Ruukki 's bigger plants in Hungary , Poland and Romania by the end of the first quarter of 2009 ",neutral,"in the czech republic , the profiling unit at ostrava will be closed and the machinery will be relocated to ruukki 's bigger plants in hungary , poland and romania by the end of the first quarter of 2009",in the czech republic the profiling unit at ostrava will be closed and the machinery will be relocated to ruukki bigger plants in hungary poland and romania by the end of the first quarter of
"In the Czech Republic , the smaller profiling unit at Ostrava will be closed and the machinery will be gradually relocated to Ruukki 's bigger plants in Hungary , Poland and Romania by the end of the first quarter of 2009 ",neutral,"in the czech republic , the smaller profiling unit at ostrava will be closed and the machinery will be gradually relocated to ruukki 's bigger plants in hungary , poland and romania by the end of the first quarter of 2009",in the czech republic the smaller profiling unit at ostrava will be closed and the machinery will be gradually relocated to ruukki bigger plants in hungary poland and romania by the end of the first quarter of
"In the first quarter of 2008 , Sacanfil 's net sales totalled EUR 50.0 mn and its operating profit EUR 4.7 mn ",neutral,"in the first quarter of 2008 , sacanfil 's net sales totalled eur 50.0 mn and its operating profit eur 4.7 mn",in the first quarter of sacanfil net sales totalled eur mn and its operating profit eur mn
"In the third quarter of 2007 , net sales totaled EUR 25.95 mn , and operating profit EUR 3.88 mn ",neutral,"in the third quarter of 2007 , net sales totaled eur 25.95 mn , and operating profit eur 3.88 mn",in the third quarter of net sales totaled eur mn and operating profit eur mn
"It comes complete with an LCD touch screen system for selection of your chosen function and prices start at around the pounds 4,805 mark ",neutral,"it comes complete with an lcd touch screen system for selection of your chosen function and prices start at around the pounds 4,805 mark",it comes complete with an lcd touch screen system for selection of your chosen function and prices start at around the pounds mark
"It is being developed by Symbian , the software licensing consortium led by Nokia ",neutral,"it is being developed by symbian , the software licensing consortium led by nokia",it is being developed by symbian the software licensing consortium led by nokia
It is estimated that the consolidated turnover of Kausta Guder will reach Lt 53mn US$ 22.53 mn EUR 15.35 mn in 2007 ,neutral,it is estimated that the consolidated turnover of kausta guder will reach lt 53mn us$ 22.53 mn eur 15.35 mn in 2007,it is estimated that the consolidated turnover of kausta guder will reach lt us mn eur mn in
"It now owns 80,565 shares in Amer Sports Corporation , equaling 0.11 % of the company 's share capital and voting rights ",neutral,"it now owns 80,565 shares in amer sports corporation , equaling 0.11 % of the company 's share capital and voting rights",it now owns shares in amer sports corporation equaling of the company share capital and voting rights
It posted a turnover of 4.5 mln euro $ 6.1 mln and an operating profit of 1.5 mln euro $ 2.0 mln for 2006 ,neutral,it posted a turnover of 4.5 mln euro $ 6.1 mln and an operating profit of 1.5 mln euro $ 2.0 mln for 2006,it posted a turnover of mln euro mln and an operating profit of mln euro mln for
Ixonos will finance the acquisition through a 3.8 mln euro $ 5.2 mln loan ,neutral,ixonos will finance the acquisition through a 3.8 mln euro $ 5.2 mln loan,ixonos will finance the acquisition through a mln euro mln loan
Kauko-Telko 's centralized administration will be dissolved and appropriate parts of it will be transferred to operating activities and Group administration by the end of the year ,neutral,kauko-telko 's centralized administration will be dissolved and appropriate parts of it will be transferred to operating activities and group administration by the end of the year,centralized administration will be dissolved and appropriate parts of it will be transferred to operating activities and group administration by the end of the year
"Kemira 's R&D organization comprises approximately 750 people , the company said ",neutral,"kemira 's r&d organization comprises approximately 750 people , the company said",kemira r d organization comprises approximately people the company said
"Latin America currently accounts for approximately 40 % of sales at Tecnotree , company president and CEO Eero Mertano recently told BNamericas ",neutral,"latin america currently accounts for approximately 40 % of sales at tecnotree , company president and ceo eero mertano recently told bnamericas",latin america currently accounts for approximately of sales at tecnotree company president and ceo eero mertano recently told bnamericas
"LCS 's services cover the whole life cycle of software and information systems , from process modelling and tailored software development , to hosting services , solution management , maintenance and support ",neutral,"lcs 's services cover the whole life cycle of software and information systems , from process modelling and tailored software development , to hosting services , solution management , maintenance and support",lcs services cover the whole life cycle of software and information systems from process modelling and tailored software development to hosting services solution management maintenance and support
Lieksaare Oy has earlier been regarded under the control of Saarelainen Oy and the individual shareholders under the shareholder agreement ,neutral,lieksaare oy has earlier been regarded under the control of saarelainen oy and the individual shareholders under the shareholder agreement,lieksaare oy has earlier been regarded under the control of saarelainen oy and the individual shareholders under the shareholder agreement
"Liquid handling products include electronic and mechanical pipettes , disposable tips as well as pipette maintenance and calibration services for research institutions , healthcare and industrial laboratories ",neutral,"liquid handling products include electronic and mechanical pipettes , disposable tips as well as pipette maintenance and calibration services for research institutions , healthcare and industrial laboratories",liquid handling products include electronic and mechanical pipettes disposable tips as well as pipette maintenance and calibration services for research institutions healthcare and industrial laboratories
"ADPnews - Dec 23 , 2009 - Norwegian financial services group SpareBank 1 Gruppen AS OSL : SBGRP said its board of directors appointed today Jarle Haug managing director of its claims collection subsidiary SpareBank 1 Gruppen Finan",neutral,"adpnews - dec 23 , 2009 - norwegian financial services group sparebank 1 gruppen as osl : sbgrp said its board of directors appointed today jarle haug managing director of its claims collection subsidiary sparebank 1 gruppen finan",adpnews dec norwegian financial services group sparebank gruppen as osl sbgrp said its board of directors appointed today jarle haug managing director of its claims collection subsidiary sparebank gruppen finan
Marathon estimates the value of its remaining stake in Protalix at $ 27 million ,neutral,marathon estimates the value of its remaining stake in protalix at $ 27 million,marathon estimates the value of its remaining stake in protalix at million
Marimekko is considering further measures in the matter ,neutral,marimekko is considering further measures in the matter,marimekko is considering further measures in the matter
"Metsaliitto will sell 1.1 million B shares of Neomarkka , accounting for about 18.3 pct of Neomarkka 's equity and about 12.7 pct of the voting rights ",neutral,"metsaliitto will sell 1.1 million b shares of neomarkka , accounting for about 18.3 pct of neomarkka 's equity and about 12.7 pct of the voting rights",metsaliitto will sell million b shares of neomarkka accounting for about pct of neomarkka equity and about pct of the voting rights
"Most of the raw materials come from Europe and the US and are paid in euros or US dollars , while sales take place in rubles ",neutral,"most of the raw materials come from europe and the us and are paid in euros or us dollars , while sales take place in rubles",most of the raw materials come from europe and the us and are paid in euros or us dollars while sales take place in rubles
"Motorola accounted for 11.5 percent of the South Korean handset market as of the end of April , Samsung held 55 percent and LG Electronics 19 percent , according to Korea-based ATLAS Research Group ",neutral,"motorola accounted for 11.5 percent of the south korean handset market as of the end of april , samsung held 55 percent and lg electronics 19 percent , according to korea-based atlas research group",motorola accounted for percent of the south korean handset market as of the end of april samsung held percent and lg electronics percent according to atlas research group
"Motorola Inc. of the United States came second with shipments of 217.4 million units for a 21.3 percent market share , followed by South Korea 's Samsung Electronics Co. with shipments of 118.0 million units for an 11.6 percent share ",neutral,"motorola inc. of the united states came second with shipments of 217.4 million units for a 21.3 percent market share , followed by south korea 's samsung electronics co. with shipments of 118.0 million units for an 11.6 percent share",motorola of the united states came second with shipments of million units for a percent market share followed by south korea samsung electronics with shipments of million units for an percent share
Mr Jortikka is president of the base metal division of Outotec Oyj in Finland and is on the executive committee of Outotec ,neutral,mr jortikka is president of the base metal division of outotec oyj in finland and is on the executive committee of outotec,mr jortikka is president of the base metal division of outotec oyj in finland and is on the executive committee of outotec
Mr K.R. Vasantha has been appointed Managing Director of Incap Contract Manufacturing Services Pvt. Ltd. ,neutral,mr k.r. vasantha has been appointed managing director of incap contract manufacturing services pvt. ltd.,mr vasantha has been appointed managing director of incap contract manufacturing services pvt ltd
Mr. Doring has been with Eaton since 1989 and acted as the Business Unit Manager for Eaton 's Power Controls Business Unit since January 2007 ,neutral,mr. doring has been with eaton since 1989 and acted as the business unit manager for eaton 's power controls business unit since january 2007,doring has been with eaton since and acted as the business unit manager for eaton power controls business unit since january
Mr. Koistinen joins from Nokia Siemens Networks where he has held various senior sales management and business development positions since 1997 ,neutral,mr. koistinen joins from nokia siemens networks where he has held various senior sales management and business development positions since 1997,koistinen joins from nokia siemens networks where he has held various senior sales management and business development positions since
"Mr. McDonald started the evening with his own set , featuring hits from his solo career and his Doobie Brothers years and a selection of R&B cover songs that met with mixed results ",neutral,"mr. mcdonald started the evening with his own set , featuring hits from his solo career and his doobie brothers years and a selection of r&b cover songs that met with mixed results",mcdonald started the evening with his own set featuring hits from his solo career and his doobie brothers years and a selection of r b cover songs that met with mixed results
No changes regarding the Virala Oy Ab s ownership of shares of Tiimari has taken place ,neutral,no changes regarding the virala oy ab s ownership of shares of tiimari has taken place,no changes regarding the virala oy ab s ownership of shares of tiimari has taken place
No financial details of the deployment were disclosed ,neutral,no financial details of the deployment were disclosed,no financial details of the deployment were disclosed
No financial or pricing details were disclosed ,neutral,no financial or pricing details were disclosed,no financial or pricing details were disclosed
No planned closing date was provided ,neutral,no planned closing date was provided,no planned closing date was provided
No service pricing details were disclosed ,neutral,no service pricing details were disclosed,no service pricing details were disclosed
"Nordea Bank AB publ holds 6.000 Alma Media shares , representing 0.008 % of share capital and voting rights ",neutral,"nordea bank ab publ holds 6.000 alma media shares , representing 0.008 % of share capital and voting rights",nordea bank ab publ holds alma media shares representing of share capital and voting rights
Nordstjernan has used its option to buy another 22.4 % stake of Salcomp 's shares and votes ,neutral,nordstjernan has used its option to buy another 22.4 % stake of salcomp 's shares and votes,nordstjernan has used its option to buy another stake of salcomp shares and votes
N-Viro operates processing facilities independently as well as in partnership with municipalities ,neutral,n-viro operates processing facilities independently as well as in partnership with municipalities,operates processing facilities independently as well as in partnership with municipalities
"Okmetic closed its plant in Espoo in early 2004 , and all production lines from the site were moved to Okmetic 's plants in Vantaa , Finland and Texas , USA ",neutral,"okmetic closed its plant in espoo in early 2004 , and all production lines from the site were moved to okmetic 's plants in vantaa , finland and texas , usa",okmetic closed its plant in espoo in early and all production lines from the site were moved to okmetic plants in vantaa finland and texas usa
"On preliminary estimate , the hotel will operate under the brand Novotel ",neutral,"on preliminary estimate , the hotel will operate under the brand novotel",on preliminary estimate the hotel will operate under the brand novotel
"Operating profit of operations in Finland in the period under review totaled EUR 11.3 mn , remaining at the 2005 level ",neutral,"operating profit of operations in finland in the period under review totaled eur 11.3 mn , remaining at the 2005 level",operating profit of operations in finland in the period under review totaled eur mn remaining at the level
"Our customers include companies in the energy and process industry sectors , in particular ",neutral,"our customers include companies in the energy and process industry sectors , in particular",our customers include companies in the energy and process industry sectors in particular
"Our key geographical markets are Europe , Russian Federation , Middle-East , South-Africa and Japan ",neutral,"our key geographical markets are europe , russian federation , middle-east , south-africa and japan",our key geographical markets are europe russian federation and japan
"Outotec 's delivery covers the engineering , supply and construction of a circulating fluid bed calcination plant with a capacity of 1,600 tons of alumina per day ",neutral,"outotec 's delivery covers the engineering , supply and construction of a circulating fluid bed calcination plant with a capacity of 1,600 tons of alumina per day",outotec delivery covers the engineering supply and construction of a circulating fluid bed calcination plant with a capacity of tons of alumina per day
"Panostaja owns a 68.77 pct of share capital and the voting rights of Suomen Helasto shares following an exchange of shares which was carried out on May 30 , 2007 ",neutral,"panostaja owns a 68.77 pct of share capital and the voting rights of suomen helasto shares following an exchange of shares which was carried out on may 30 , 2007",panostaja owns a pct of share capital and the voting rights of suomen helasto shares following an exchange of shares which was carried out on may
"Payment for acquired shares will be made in cash , and the price per share will be EUR 1 plus an administration fee ",neutral,"payment for acquired shares will be made in cash , and the price per share will be eur 1 plus an administration fee",payment for acquired shares will be made in cash and the price per share will be eur plus an administration fee
Pharmaceutical market in Czech Republic Global Research & Data Services published recently a market analysis about the pharmaceutical markets in Czech Republic ,neutral,pharmaceutical market in czech republic global research & data services published recently a market analysis about the pharmaceutical markets in czech republic,pharmaceutical market in czech republic global research data services published recently a market analysis about the pharmaceutical markets in czech republic
Pharmaceutical market in Italy Global Research & Data Services published recently a market analysis about the pharmaceutical markets in Italy ,neutral,pharmaceutical market in italy global research & data services published recently a market analysis about the pharmaceutical markets in italy,pharmaceutical market in italy global research data services published recently a market analysis about the pharmaceutical markets in italy
"Previously , the company expected its 2008 financial performance to remain at the same level as in 2008 ",neutral,"previously , the company expected its 2008 financial performance to remain at the same level as in 2008",previously the company expected its financial performance to remain at the same level as in
Profit after taxes totaled EUR 12.1 mn ,neutral,profit after taxes totaled eur 12.1 mn,profit after taxes totaled eur mn
QPR ProcessGuide is available as a system solution with centralized storage and management of process content as well as a standalone desktop version ; QPR ProcessGuide Xpress ,neutral,qpr processguide is available as a system solution with centralized storage and management of process content as well as a standalone desktop version ; qpr processguide xpress,qpr processguide is available as a system solution with centralized storage and management of process content as well as a standalone desktop version qpr processguide xpress
"Quartal Oy now owns 2,094,063 shares in Satama Interactive Plc , which represents 5,19 per cent of the share capital and voting rights ",neutral,"quartal oy now owns 2,094,063 shares in satama interactive plc , which represents 5,19 per cent of the share capital and voting rights",quartal oy now owns shares in satama interactive plc which represents per cent of the share capital and voting rights
Renesas Mobile Europe Ltd has approximately 470 employees in Oulu ,neutral,renesas mobile europe ltd has approximately 470 employees in oulu,renesas mobile europe ltd has approximately employees in oulu
Rihko started to manage Raisio 's Benecol business in summer 2006 after heading tobacco company Altadis ' European operations ,neutral,rihko started to manage raisio 's benecol business in summer 2006 after heading tobacco company altadis ' european operations,rihko started to manage raisio benecol business in summer after heading tobacco company altadis european operations
"Rohwedder Group is an automotive supplies , telecommunications and electronics industry provider for customers in Europe , North America and Asia ",neutral,"rohwedder group is an automotive supplies , telecommunications and electronics industry provider for customers in europe , north america and asia",rohwedder group is an automotive supplies telecommunications and electronics industry provider for customers in europe north america and asia
RSA 's shares closed at 156.9 p at the time of going to press ,neutral,rsa 's shares closed at 156.9 p at the time of going to press,rsa shares closed at p at the time of going to press
Rubin says he expects Capman to announce 1-2 additional transactions in 2009 ,neutral,rubin says he expects capman to announce 1-2 additional transactions in 2009,rubin says he expects capman to announce additional transactions in
Russia 's Video International Group holds a controlling stake in Russian Media Ventures ,neutral,russia 's video international group holds a controlling stake in russian media ventures,russia video international group holds a controlling stake in russian media ventures
"Since the registration of the shares subscribed in a directed share issue , the new number of Panostaja shares and voting rights is 41,733,110 ",neutral,"since the registration of the shares subscribed in a directed share issue , the new number of panostaja shares and voting rights is 41,733,110",since the registration of the shares subscribed in a directed share issue the new number of panostaja shares and voting rights is
"Stora Enso 's business in North America has annual capacity of about 3 million tons and employs about 4,350 people ",neutral,"stora enso 's business in north america has annual capacity of about 3 million tons and employs about 4,350 people",stora enso business in north america has annual capacity of about million tons and employs about people
Stora Enso will receive a 19.9 pct equity interest in the combined company ,neutral,stora enso will receive a 19.9 pct equity interest in the combined company,stora enso will receive a pct equity interest in the combined company
Stora is due to release its fourth-quarter and 2009 full-year earnings on Feb. 4 ,neutral,stora is due to release its fourth-quarter and 2009 full-year earnings on feb. 4,stora is due to release its and earnings on
Storengy is the GDF SUEZ company that is dedicated to the underground storage of natural gas ,neutral,storengy is the gdf suez company that is dedicated to the underground storage of natural gas,storengy is the gdf suez company that is dedicated to the underground storage of natural gas
Tekla Group 's net sales for 2006 were approximately 50 million euros and operating result 13.6 million euros ,neutral,tekla group 's net sales for 2006 were approximately 50 million euros and operating result 13.6 million euros,tekla group net sales for were approximately million euros and operating result million euros
"That address also happens to house Italian megamart Eataly , meaning that `` Come on , kids , we 're going to the Toy Building ! '",neutral,"that address also happens to house italian megamart eataly , meaning that `` come on , kids , we 're going to the toy building ! '",that address also happens to house italian megamart eataly meaning that come on kids we going to the toy building
"The 3C Expo is a signature show in Dongguan , which is supported by the Dongguan Municipal Government every year , featuring computer accessories , software , communication and network products ",neutral,"the 3c expo is a signature show in dongguan , which is supported by the dongguan municipal government every year , featuring computer accessories , software , communication and network products",the expo is a signature show in dongguan which is supported by the dongguan municipal government every year featuring computer accessories software communication and network products
"The acquired business main asset is a mobile authentication and signing solution , branded as Tectia MobileID , which provides authentication to web e-mail , SSL-VPN , MS SharePoint , Tectia Secure Solutions and other applications and resources ",neutral,"the acquired business main asset is a mobile authentication and signing solution , branded as tectia mobileid , which provides authentication to web e-mail , ssl-vpn , ms sharepoint , tectia secure solutions and other applications and resources",the acquired business main asset is a mobile authentication and signing solution branded as tectia mobileid which provides authentication to web ms sharepoint tectia secure solutions and other applications and resources
The agreement includes application maintenance and support services ,neutral,the agreement includes application maintenance and support services,the agreement includes application maintenance and support services
The agreement includes the entire process of managing Mercator 's supply chain in all regions where the company is currently present ,neutral,the agreement includes the entire process of managing mercator 's supply chain in all regions where the company is currently present,the agreement includes the entire process of managing mercator supply chain in all regions where the company is currently present
The bank 's leasing arm Nordea Liising ended the year with a profit of 4.4 million euros ,neutral,the bank 's leasing arm nordea liising ended the year with a profit of 4.4 million euros,the bank leasing arm nordea liising ended the year with a profit of million euros
"The Board established a Remuneration Committee with following members : - Sari Baldauf Chairman - Tapio Hintikka - Heikki Westerlund In addition , the Board decided to appoint a Nomination Committee at a later stage ",neutral,"the board established a remuneration committee with following members : - sari baldauf chairman - tapio hintikka - heikki westerlund in addition , the board decided to appoint a nomination committee at a later stage",the board established a remuneration committee with following members sari baldauf chairman tapio hintikka heikki westerlund in addition the board decided to appoint a nomination committee at a later stage
"The bond , with a maturity of five years , is part of the bank 's domestic bond program ",neutral,"the bond , with a maturity of five years , is part of the bank 's domestic bond program",the bond with a maturity of five years is part of the bank domestic bond program
The building will house product development and test laboratories ,neutral,the building will house product development and test laboratories,the building will house product development and test laboratories
The business area 's net sales were slightly over 2m in 2006 ,neutral,the business area 's net sales were slightly over 2m in 2006,the business area net sales were slightly over in
The business development initiatives in North America are headed by Lynn Shanahan ,neutral,the business development initiatives in north america are headed by lynn shanahan,the business development initiatives in north america are headed by lynn shanahan
"The business is organised , as of February 1 , 2011 , in a way that production of design services is combined into one entity , Etteplan Operations ",neutral,"the business is organised , as of february 1 , 2011 , in a way that production of design services is combined into one entity , etteplan operations",the business is organised as of february in a way that production of design services is combined into one entity etteplan operations
"The business transfer will take effect from 1 January 2007 , and in connection with this 47 employees will transfer from Elisa to Daxtum as continuing employees ",neutral,"the business transfer will take effect from 1 january 2007 , and in connection with this 47 employees will transfer from elisa to daxtum as continuing employees",the business transfer will take effect from january and in connection with this employees will transfer from elisa to daxtum as continuing employees
The center will be built in the Kapuli district of Mantsala beside the Hanko-Mantsala-Porvoo road near the new direct rail link between Lahti and Jarvenpaa ,neutral,the center will be built in the kapuli district of mantsala beside the hanko-mantsala-porvoo road near the new direct rail link between lahti and jarvenpaa,the center will be built in the kapuli district of mantsala beside the road near the new direct rail link between lahti and jarvenpaa
The closing of such transaction took place today ,neutral,the closing of such transaction took place today,the closing of such transaction took place today
"The closing of the transaction is scheduled to take place on January 10 , 2008 ",neutral,"the closing of the transaction is scheduled to take place on january 10 , 2008",the closing of the transaction is scheduled to take place on january
The combined capital of these funds is expected to be EUR 100mn-150mn ,neutral,the combined capital of these funds is expected to be eur 100mn-150mn,the combined capital of these funds is expected to be eur
The combined company had pro-forma net sales of 140 mln euro $ 188.9 mln and an operating profit of 13 mln euro $ 17.5 mln for 2006 ,neutral,the combined company had pro-forma net sales of 140 mln euro $ 188.9 mln and an operating profit of 13 mln euro $ 17.5 mln for 2006,the combined company had net sales of mln euro mln and an operating profit of mln euro mln for
"The Committee proposes the following remuneration : a monthly remuneration of EUR 5,000 for the Chairman , EUR 3,500 for the Deputy Chairman , and EUR 2,500 for the other Board members ",neutral,"the committee proposes the following remuneration : a monthly remuneration of eur 5,000 for the chairman , eur 3,500 for the deputy chairman , and eur 2,500 for the other board members",the committee proposes the following remuneration a monthly remuneration of eur for the chairman eur for the deputy chairman and eur for the other board members
"The company , which has EUR2 .8 bn in assets , counts among its five largest shareholders Finnish insurers Ilmarinen 4.34 % and Varma 0.70 % , as well as the Finnish state pension fund VER 0.61 % ",neutral,"the company , which has eur2 .8 bn in assets , counts among its five largest shareholders finnish insurers ilmarinen 4.34 % and varma 0.70 % , as well as the finnish state pension fund ver 0.61 %",the company which has bn in assets counts among its five largest shareholders finnish insurers ilmarinen and varma as well as the finnish state pension fund ver
The company also equipped the sculptural complex Rabochy i Kolkhoznitsa A Worker and a Collective Farmer in Moscow with snow melting system ,neutral,the company also equipped the sculptural complex rabochy i kolkhoznitsa a worker and a collective farmer in moscow with snow melting system,the company also equipped the sculptural complex rabochy i kolkhoznitsa a worker and a collective farmer in moscow with snow melting system
The company did not distribute a dividend in 2005 ,neutral,the company did not distribute a dividend in 2005,the company did not distribute a dividend in
"The company expects its net sales for the whole of 2007 to be EUR 950mn-1 ,000 mn ",neutral,"the company expects its net sales for the whole of 2007 to be eur 950mn-1 ,000 mn",the company expects its net sales for the whole of to be eur mn
"The company had net sales of EUR 10.8 million in 2008 , and today has approximately 120 employees in Finland , Estonia and Poland ",neutral,"the company had net sales of eur 10.8 million in 2008 , and today has approximately 120 employees in finland , estonia and poland",the company had net sales of eur million in and today has approximately employees in finland estonia and poland
The company had net sales of EUR 19.8 mn and a pre-tax profit of EUR 1.8 mn in 2005 ,neutral,the company had net sales of eur 19.8 mn and a pre-tax profit of eur 1.8 mn in 2005,the company had net sales of eur mn and a profit of eur mn in
The company has 120 employees and annual sales of approximately EUR16m ,neutral,the company has 120 employees and annual sales of approximately eur16m,the company has employees and annual sales of approximately
The company has an annual turnover of EUR32 .8 m,neutral,the company has an annual turnover of eur32 .8 m,the company has an annual turnover of m
"The company is involved in the the sale of financial products including insurance , mortgages , car and personal loans , financial brokerage and equipment finance leasing ",neutral,"the company is involved in the the sale of financial products including insurance , mortgages , car and personal loans , financial brokerage and equipment finance leasing",the company is involved in the the sale of financial products including insurance mortgages car and personal loans financial brokerage and equipment finance leasing
"The Company operates through four principal divisions : Consumer Packaging ; Office Papers ; Speciality Papers , as well as Market Pulp and Energy ",neutral,"the company operates through four principal divisions : consumer packaging ; office papers ; speciality papers , as well as market pulp and energy",the company operates through four principal divisions consumer packaging office papers speciality papers as well as market pulp and energy
The company reported net sales of 302 mln euro $ 441.6 mln and an operating margin of 16 pct in 2006 ,neutral,the company reported net sales of 302 mln euro $ 441.6 mln and an operating margin of 16 pct in 2006,the company reported net sales of mln euro mln and an operating margin of pct in
"The company 's set of services include digital printing , printing preparation , offset-printing , after-treatment services and send out services ",neutral,"the company 's set of services include digital printing , printing preparation , offset-printing , after-treatment services and send out services",the company set of services include digital printing printing preparation services and send out services
"The company 's transportation business is conducted through Florida Rock & Tank Lines , which is a Southeastern transportation company concentrating in the hauling by motor carrier of liquid and dry bulk commodities ",neutral,"the company 's transportation business is conducted through florida rock & tank lines , which is a southeastern transportation company concentrating in the hauling by motor carrier of liquid and dry bulk commodities",the company transportation business is conducted through florida rock tank lines which is a southeastern transportation company concentrating in the hauling by motor carrier of liquid and dry bulk commodities
"The company said that 80 % of the shares of the holding company will be sold to Meadville Holdings Limited , a Hong Kong listed parent company of the Meadville Group ",neutral,"the company said that 80 % of the shares of the holding company will be sold to meadville holdings limited , a hong kong listed parent company of the meadville group",the company said that of the shares of the holding company will be sold to meadville holdings limited a hong kong listed parent company of the meadville group
"The company said that the operations will be sold to a newly established company , CPS GmbH , where the present management of the plastics business is a co-owner ",neutral,"the company said that the operations will be sold to a newly established company , cps gmbh , where the present management of the plastics business is a co-owner",the company said that the operations will be sold to a newly established company cps gmbh where the present management of the plastics business is a
"The composite body is coated with a hard coating layer produced by thermal spraying , and the coating is ground . '",neutral,"the composite body is coated with a hard coating layer produced by thermal spraying , and the coating is ground . '",the composite body is coated with a hard coating layer produced by thermal spraying and the coating is ground
"The connectivity unit has more than 100 e-invoice customers , and the number of annual transactions stands at nearly one million ",neutral,"the connectivity unit has more than 100 e-invoice customers , and the number of annual transactions stands at nearly one million",the connectivity unit has more than customers and the number of annual transactions stands at nearly one million
The contract is worth some EUR 1 million ,neutral,the contract is worth some eur 1 million,the contract is worth some eur million
The contract value amounts to EUR 2.4 million ,neutral,the contract value amounts to eur 2.4 million,the contract value amounts to eur million
The credit covers approximately 70 % of the ship 's price ,neutral,the credit covers approximately 70 % of the ship 's price,the credit covers approximately of the ship price
The customer is local company Etera Mutual Pension Insurance Co and the principal tenant of the unit will be media company Alma Media Corp HEL : ALN1V ,neutral,the customer is local company etera mutual pension insurance co and the principal tenant of the unit will be media company alma media corp hel : aln1v,the customer is local company etera mutual pension insurance co and the principal tenant of the unit will be media company alma media corp hel
"The customer is then forwarded to the site , and unknown to him logged in with the first number ",neutral,"the customer is then forwarded to the site , and unknown to him logged in with the first number",the customer is then forwarded to the site and unknown to him logged in with the first number
"The deal includes all rental equipment and related merchandise , the rental contract of the depot and two employees , the company said ",neutral,"the deal includes all rental equipment and related merchandise , the rental contract of the depot and two employees , the company said",the deal includes all rental equipment and related merchandise the rental contract of the depot and two employees the company said
"The decision reflects the underutilisation of the line , which produces nonwovens used in medical and wipes applications as well as for the automotive industry ",neutral,"the decision reflects the underutilisation of the line , which produces nonwovens used in medical and wipes applications as well as for the automotive industry",the decision reflects the underutilisation of the line which produces nonwovens used in medical and wipes applications as well as for the automotive industry
"The decision will have to be made whether the group agrees to the import of Estonian meat and meat products to Finland , the paper added ",neutral,"the decision will have to be made whether the group agrees to the import of estonian meat and meat products to finland , the paper added",the decision will have to be made whether the group agrees to the import of estonian meat and meat products to finland the paper added
"The devices would be launched in the Chinese market in late 2006 , the company said ",neutral,"the devices would be launched in the chinese market in late 2006 , the company said",the devices would be launched in the chinese market in late the company said
The Diameter Protocol is developed according to the standards IETF RFC 3588 and IETF RFC 3539 ,neutral,the diameter protocol is developed according to the standards ietf rfc 3588 and ietf rfc 3539,the diameter protocol is developed according to the standards ietf rfc and ietf rfc
The divested activities had net sales of EUR 145.1 million in 2009 and an operating profit of EUR 8.9 million ,neutral,the divested activities had net sales of eur 145.1 million in 2009 and an operating profit of eur 8.9 million,the divested activities had net sales of eur million in and an operating profit of eur million
"The divested company is part of TietoEnator 's business area Government , Manufacturing & Retail ",neutral,"the divested company is part of tietoenator 's business area government , manufacturing & retail",the divested company is part of tietoenator business area government manufacturing retail
"The Division also includes joint sales , marketing and controlling functions for these units ",neutral,"the division also includes joint sales , marketing and controlling functions for these units",the division also includes joint sales marketing and controlling functions for these units
The EA Reng group posted sales of approximately 84 million kroons for 2007 ,neutral,the ea reng group posted sales of approximately 84 million kroons for 2007,the ea reng group posted sales of approximately million kroons for
"The EBRD is using its own funds to provide a 21.6 million A loan while the B portion of 10 million Euros has been syndicated to two Finnish commercial banks , Nordea Bank Finland Plc and Pohjola Bank Plc. ",neutral,"the ebrd is using its own funds to provide a 21.6 million a loan while the b portion of 10 million euros has been syndicated to two finnish commercial banks , nordea bank finland plc and pohjola bank plc.",the ebrd is using its own funds to provide a million a loan while the b portion of million euros has been syndicated to two finnish commercial banks nordea bank finland plc and pohjola bank plc
"The EBRD is using its own funds to provide a 21.6 mln A loan while the B portion of 10 mln Euros has been syndicated to two Finnish commercial banks , Nordea Bank Finland Plc 7.7 mln Euros and Pohjola Bank Plc 2.3 mln Euros ",neutral,"the ebrd is using its own funds to provide a 21.6 mln a loan while the b portion of 10 mln euros has been syndicated to two finnish commercial banks , nordea bank finland plc 7.7 mln euros and pohjola bank plc 2.3 mln euros",the ebrd is using its own funds to provide a mln a loan while the b portion of mln euros has been syndicated to two finnish commercial banks nordea bank finland plc mln euros and pohjola bank plc mln euros
The energy sector accounted for approximately 33 % and the steel industry for about 57 % of the transportation volume ,neutral,the energy sector accounted for approximately 33 % and the steel industry for about 57 % of the transportation volume,the energy sector accounted for approximately and the steel industry for about of the transportation volume
The enterprise value of Maritim Food AS has been determined as approximately EUR15m ,neutral,the enterprise value of maritim food as has been determined as approximately eur15m,the enterprise value of maritim food as has been determined as approximately
"The equipment Ixonos acquires with this deal includes mechanical engineering hardware ; an RF and antenna measurement laboratory ; facilities for the measurement of audio , cameras and displays ; as well as devices and robot units for the testing of mobile devices ",neutral,"the equipment ixonos acquires with this deal includes mechanical engineering hardware ; an rf and antenna measurement laboratory ; facilities for the measurement of audio , cameras and displays ; as well as devices and robot units for the testing of mobile devices",the equipment ixonos acquires with this deal includes mechanical engineering hardware an rf and antenna measurement laboratory facilities for the measurement of audio cameras and displays as well as devices and robot units for the testing of mobile devices
"The equipment will be made at Vaahto 's plant in Hollola in Finland , and delivery is scheduled for the first quarter of 2009 ",neutral,"the equipment will be made at vaahto 's plant in hollola in finland , and delivery is scheduled for the first quarter of 2009",the equipment will be made at vaahto plant in hollola in finland and delivery is scheduled for the first quarter of
The estimated annual value of the frame agreement is about EUR 50mn ,neutral,the estimated annual value of the frame agreement is about eur 50mn,the estimated annual value of the frame agreement is about eur
The estimated value of the deal is USD 9.2 million ,neutral,the estimated value of the deal is usd 9.2 million,the estimated value of the deal is usd million
The EUR17m contract includes both design and construction works ,neutral,the eur17m contract includes both design and construction works,the contract includes both design and construction works
"The executive said that countries such as Brazil , Chile , Argentina and Mexico will lead the adoption in the business Ethernet services segment , while Brazil and Mexico will be the early adopters of carrier Ethernet for mobile backhaul ",neutral,"the executive said that countries such as brazil , chile , argentina and mexico will lead the adoption in the business ethernet services segment , while brazil and mexico will be the early adopters of carrier ethernet for mobile backhaul",the executive said that countries such as brazil chile argentina and mexico will lead the adoption in the business ethernet services segment while brazil and mexico will be the early adopters of carrier ethernet for mobile backhaul
The expanded company will continue to be called NewPage ,neutral,the expanded company will continue to be called newpage,the expanded company will continue to be called newpage
The expanded plant is scheduled to be operational by the middle of October 2009 ,neutral,the expanded plant is scheduled to be operational by the middle of october 2009,the expanded plant is scheduled to be operational by the middle of october
The expansion is to be finalized in the autumn of 2009 ,neutral,the expansion is to be finalized in the autumn of 2009,the expansion is to be finalized in the autumn of
"The facility will have a lettable area of some 19,000 sq m. The plot for the plant , located in the Ratasmaki business park , will be purchased from the City of Forssa ",neutral,"the facility will have a lettable area of some 19,000 sq m. the plot for the plant , located in the ratasmaki business park , will be purchased from the city of forssa",the facility will have a lettable area of some sq the plot for the plant located in the ratasmaki business park will be purchased from the city of forssa
The figure does not include food exports from Finland ,neutral,the figure does not include food exports from finland,the figure does not include food exports from finland
"The figure includes the change in the fair value of the property portfolio , EUR 26.2 million ",neutral,"the figure includes the change in the fair value of the property portfolio , eur 26.2 million",the figure includes the change in the fair value of the property portfolio eur million
"The Filter Tips cover the volume range from 0.1-1200 -ï¿½l including new sizes for 10 , 20 , 100-120 , 200 , 300 , 1000 and 1200 -ï¿½l volume capacities ",neutral,"the filter tips cover the volume range from 0.1-1200 -ï¿½l including new sizes for 10 , 20 , 100-120 , 200 , 300 , 1000 and 1200 -ï¿½l volume capacities",the filter tips cover the volume range from including new sizes for and volume capacities
The final outcome of the rights offering is to be reported around 23 October 2009 ,neutral,the final outcome of the rights offering is to be reported around 23 october 2009,the final outcome of the rights offering is to be reported around october
The firm builds components for mobile phones and other communications products ,neutral,the firm builds components for mobile phones and other communications products,the firm builds components for mobile phones and other communications products
"The group posted net sales of 35.3 mln euro $ 46.5 mln and an operating profit of 760,000 euro $ 1.0 mln in 2005 ",neutral,"the group posted net sales of 35.3 mln euro $ 46.5 mln and an operating profit of 760,000 euro $ 1.0 mln in 2005",the group posted net sales of mln euro mln and an operating profit of euro mln in
The group 's net sales in 2007 were EUR683 .6 m,neutral,the group 's net sales in 2007 were eur683 .6 m,the group net sales in were m
"The Group 's turnover in 2006 was EUR 39.2 million , and operating profit was EUR 3.9 million ",neutral,"the group 's turnover in 2006 was eur 39.2 million , and operating profit was eur 3.9 million",the group turnover in was eur million and operating profit was eur million
"The Liquid Handling segment offers laboratory equipment and accessories , including mechanical and electronic pipettes , and disposable tips used in the research institutions , universities , and hospitals , as well as in the pharmaceutical , food , and other industries under the Biohit brand ",neutral,"the liquid handling segment offers laboratory equipment and accessories , including mechanical and electronic pipettes , and disposable tips used in the research institutions , universities , and hospitals , as well as in the pharmaceutical , food , and other industries under the biohit brand",the liquid handling segment offers laboratory equipment and accessories including mechanical and electronic pipettes and disposable tips used in the research institutions universities and hospitals as well as in the pharmaceutical food and other industries under the biohit brand
"The manufacture of CPPs will be undertaken at the existing Export Oriented Unit EOU at Wartsila 's factory at Khopoli , near Mumbai ",neutral,"the manufacture of cpps will be undertaken at the existing export oriented unit eou at wartsila 's factory at khopoli , near mumbai",the manufacture of cpps will be undertaken at the existing export oriented unit eou at wartsila factory at khopoli near mumbai
The markets expect Heineken to sell Hartwall as a whole or in parts ,neutral,the markets expect heineken to sell hartwall as a whole or in parts,the markets expect heineken to sell hartwall as a whole or in parts
"The most significant capital expenditure items were in the global enterprise resource planning ERP project , product development and production machines ",neutral,"the most significant capital expenditure items were in the global enterprise resource planning erp project , product development and production machines",the most significant capital expenditure items were in the global enterprise resource planning erp project product development and production machines
"The move will be carried out by transferring HKScan 's production-related property , plant , equipment , as well as its holdings in subsidiaries and associate companies in the country to HKScan Finland ",neutral,"the move will be carried out by transferring hkscan 's production-related property , plant , equipment , as well as its holdings in subsidiaries and associate companies in the country to hkscan finland",the move will be carried out by transferring hkscan property plant equipment as well as its holdings in subsidiaries and associate companies in the country to hkscan finland
The net sales of Healthcare Trade business in 2009 were EUR 145.1 million EUR 155.2 million and operating profit EUR 8.9 million EUR 7.9 million ,neutral,the net sales of healthcare trade business in 2009 were eur 145.1 million eur 155.2 million and operating profit eur 8.9 million eur 7.9 million,the net sales of healthcare trade business in were eur million eur million and operating profit eur million eur million
The net sales of the Power Plants business were EUR 710.3 million in 2005 ,neutral,the net sales of the power plants business were eur 710.3 million in 2005,the net sales of the power plants business were eur million in
The non-recurring costs caused to Talentum 's Premedia business area by the restructuring will amount to 2.0 mln euro $ 2.7 mln and will be included in the company 's financial results for the second quarter of 2007 ,neutral,the non-recurring costs caused to talentum 's premedia business area by the restructuring will amount to 2.0 mln euro $ 2.7 mln and will be included in the company 's financial results for the second quarter of 2007,the costs caused to talentum premedia business area by the restructuring will amount to mln euro mln and will be included in the company financial results for the second quarter of
The ongoing project where Tekla Structures is being used is the Vashi Exhibition Centre being developed by Insteel Engineers Pvt Ltd-IIVRCL Infrastructures & Projects Ltd & CIDCO ,neutral,the ongoing project where tekla structures is being used is the vashi exhibition centre being developed by insteel engineers pvt ltd-iivrcl infrastructures & projects ltd & cidco,the ongoing project where tekla structures is being used is the vashi exhibition centre being developed by insteel engineers pvt infrastructures projects ltd cidco
"The operations to be sold include manufacturing units in Finland , France , Poland and Turkey , as well as sales units in Germany and Lithuania ",neutral,"the operations to be sold include manufacturing units in finland , france , poland and turkey , as well as sales units in germany and lithuania",the operations to be sold include manufacturing units in finland france poland and turkey as well as sales units in germany and lithuania
"The order also covers design services , hardware , software licences , as well as maintenance services over six years ",neutral,"the order also covers design services , hardware , software licences , as well as maintenance services over six years",the order also covers design services hardware software licences as well as maintenance services over six years
"The order consists of outsourced application management , support and planning for Tecnotree and third-party applications ",neutral,"the order consists of outsourced application management , support and planning for tecnotree and third-party applications",the order consists of outsourced application management support and planning for tecnotree and applications
The order includes 48 ship cranes that will be delivered for 12 container feeders to be built at Wenchong shipyard in China ,neutral,the order includes 48 ship cranes that will be delivered for 12 container feeders to be built at wenchong shipyard in china,the order includes ship cranes that will be delivered for container feeders to be built at wenchong shipyard in china
"The order values at EUR 6.9 mn , and it consists of design services and hardware and software licences ",neutral,"the order values at eur 6.9 mn , and it consists of design services and hardware and software licences",the order values at eur mn and it consists of design services and hardware and software licences
The orders also include a few high-power drives for the control of seismic compressors ,neutral,the orders also include a few high-power drives for the control of seismic compressors,the orders also include a few drives for the control of seismic compressors
"The orders are for 26 machine-room-less KONE MonoSpace elevators , which would be installed during 2006 ",neutral,"the orders are for 26 machine-room-less kone monospace elevators , which would be installed during 2006",the orders are for kone monospace elevators which would be installed during
The Oulu plant employs approximately 120 people ,neutral,the oulu plant employs approximately 120 people,the oulu plant employs approximately people
The percentages of shares and voting rights have been calculated in proportion to the total number of shares registered with the Trade Register and the total number of voting rights related to them ,neutral,the percentages of shares and voting rights have been calculated in proportion to the total number of shares registered with the trade register and the total number of voting rights related to them,the percentages of shares and voting rights have been calculated in proportion to the total number of shares registered with the trade register and the total number of voting rights related to them
The per-share subscription price of the shares subscribed with the option rights was EUR 1.35 ,neutral,the per-share subscription price of the shares subscribed with the option rights was eur 1.35,the subscription price of the shares subscribed with the option rights was eur
"The Polish business employs about 1,000 people , and it had net sales of about EUR 70mn in 2007 ",neutral,"the polish business employs about 1,000 people , and it had net sales of about eur 70mn in 2007",the polish business employs about people and it had net sales of about eur in
"The portfolio comprises of 118,000 m2 of leasable space with a vacancy rate of roughly 5 % , let to around 140 tenants of which two of the largest are the Swedish government and Ericsson ",neutral,"the portfolio comprises of 118,000 m2 of leasable space with a vacancy rate of roughly 5 % , let to around 140 tenants of which two of the largest are the swedish government and ericsson",the portfolio comprises of of leasable space with a vacancy rate of roughly let to around tenants of which two of the largest are the swedish government and ericsson
The proposal of the shareholders to elect Mr. Hannu Krogerus to the Board is based on his long and unrivalled experience and knowledge of all matters related to Elcoteq ,neutral,the proposal of the shareholders to elect mr. hannu krogerus to the board is based on his long and unrivalled experience and knowledge of all matters related to elcoteq,the proposal of the shareholders to elect hannu krogerus to the board is based on his long and unrivalled experience and knowledge of all matters related to elcoteq
"The remainder of its revenues will come from technology agreements with other firms , InterDigital said ",neutral,"the remainder of its revenues will come from technology agreements with other firms , interdigital said",the remainder of its revenues will come from technology agreements with other firms interdigital said
"The remaining amount will be funded through debt , the Danish bank said ",neutral,"the remaining amount will be funded through debt , the danish bank said",the remaining amount will be funded through debt the danish bank said
"The reorganisation will be carried out by transferring HKScan Corporation 's production-related property , plant and equipment in Finland as well as its holdings in subsidiaries and associates to HKScan Finland Oy , a holding company wholly owned by HKScan Corporation ",neutral,"the reorganisation will be carried out by transferring hkscan corporation 's production-related property , plant and equipment in finland as well as its holdings in subsidiaries and associates to hkscan finland oy , a holding company wholly owned by hkscan corporation",the reorganisation will be carried out by transferring hkscan corporation property plant and equipment in finland as well as its holdings in subsidiaries and associates to hkscan finland oy a holding company wholly owned by hkscan corporation
The report contains category level company and brand share as well as distribution share information for 2007 and 2008 ,neutral,the report contains category level company and brand share as well as distribution share information for 2007 and 2008,the report contains category level company and brand share as well as distribution share information for and
"The segments through which the company operates are Frozen Food business , Seafoods , Vegetable Oil business , Grain Trading and Other business operations ",neutral,"the segments through which the company operates are frozen food business , seafoods , vegetable oil business , grain trading and other business operations",the segments through which the company operates are frozen food business seafoods vegetable oil business grain trading and other business operations
"The selling consortium includes funds managed by OKO Bank 's venture capital unit , Bio Fund Management and Finnish Industry Investment , a government-owned investment group ",neutral,"the selling consortium includes funds managed by oko bank 's venture capital unit , bio fund management and finnish industry investment , a government-owned investment group",the selling consortium includes funds managed by oko bank venture capital unit bio fund management and finnish industry investment a investment group
The solution will be installed in the USA to support the North American operations of the customer ,neutral,the solution will be installed in the usa to support the north american operations of the customer,the solution will be installed in the usa to support the north american operations of the customer
"The Stockmann department store will have a total floor space of over 8,000 square metres and Stockmann 's investment in the project will have a price tag of about EUR 12 million ",neutral,"the stockmann department store will have a total floor space of over 8,000 square metres and stockmann 's investment in the project will have a price tag of about eur 12 million",the stockmann department store will have a total floor space of over square metres and stockmann investment in the project will have a price tag of about eur million
The studies are expected to start in 2008 ,neutral,the studies are expected to start in 2008,the studies are expected to start in
"The tanks will be delivered to a company which is currently building a chemical tank farm in Antwerp , northern Belgium ",neutral,"the tanks will be delivered to a company which is currently building a chemical tank farm in antwerp , northern belgium",the tanks will be delivered to a company which is currently building a chemical tank farm in antwerp northern belgium
The terms of the transactions remained undisclosed ,neutral,the terms of the transactions remained undisclosed,the terms of the transactions remained undisclosed
The total capacity of the factory will be approximately 100 engines a year ,neutral,the total capacity of the factory will be approximately 100 engines a year,the total capacity of the factory will be approximately engines a year
"The total floor area of the plant expansion is 29,000 square metres ",neutral,"the total floor area of the plant expansion is 29,000 square metres",the total floor area of the plant expansion is square metres
The total investment in 2006 and 2007 is expected to amount to about EUR75m ,neutral,the total investment in 2006 and 2007 is expected to amount to about eur75m,the total investment in and is expected to amount to about
The total investment of the project will be approximately EUR 36m ,neutral,the total investment of the project will be approximately eur 36m,the total investment of the project will be approximately eur
The total value of the contract is some EUR 8 million ,neutral,the total value of the contract is some eur 8 million,the total value of the contract is some eur million
The total value of these two contracts is over EUR 21 million ,neutral,the total value of these two contracts is over eur 21 million,the total value of these two contracts is over eur million
The transaction is planned to be financed with a EUR40m market-based loan granted by Standard Chartered Bank Hong Kong ,neutral,the transaction is planned to be financed with a eur40m market-based loan granted by standard chartered bank hong kong,the transaction is planned to be financed with a loan granted by standard chartered bank hong kong
The transaction value is CAD 15 million approximately EUR 10 million ,neutral,the transaction value is cad 15 million approximately eur 10 million,the transaction value is cad million approximately eur million
"The unit 's clients are mainly in the field of specialist convenience goods , as well as in the textile , shoe and furniture businesses ",neutral,"the unit 's clients are mainly in the field of specialist convenience goods , as well as in the textile , shoe and furniture businesses",the unit clients are mainly in the field of specialist convenience goods as well as in the textile shoe and furniture businesses
The value of the contract is about EUR 27mn ,neutral,the value of the contract is about eur 27mn,the value of the contract is about eur
"The value of the contract is about EUR1 .0 m. Poyry , headquartered in Vantaa , Finland provides consulting and engineering services to the energy , forestry and infrastructure & environment sectors ",neutral,"the value of the contract is about eur1 .0 m. poyry , headquartered in vantaa , finland provides consulting and engineering services to the energy , forestry and infrastructure & environment sectors",the value of the contract is about poyry headquartered in vantaa finland provides consulting and engineering services to the energy forestry and infrastructure environment sectors
The value of the contract is EUR 25mn ,neutral,the value of the contract is eur 25mn,the value of the contract is eur
The value of the contract is in total USD12m ,neutral,the value of the contract is in total usd12m,the value of the contract is in total
The value of the contracts is about EUR 3.3 mn ,neutral,the value of the contracts is about eur 3.3 mn,the value of the contracts is about eur mn
The value of the deal has not been disclosed ,neutral,the value of the deal has not been disclosed,the value of the deal has not been disclosed
The value of the deal was not disclosed ,neutral,the value of the deal was not disclosed,the value of the deal was not disclosed
The value of the multi-year agreement is over EUR 2mn a year ,neutral,the value of the multi-year agreement is over eur 2mn a year,the value of the agreement is over eur a year
The value of the three-year contract is estimated at EUR40m ,neutral,the value of the three-year contract is estimated at eur40m,the value of the contract is estimated at
The value of this kind of order amounts usually between Euro 2 and 3 million ,neutral,the value of this kind of order amounts usually between euro 2 and 3 million,the value of this kind of order amounts usually between euro and million
"The Web-Marela application handles invitations to quote , quote comparisons , agreements , purchases , invoice inspections , inventory management , and deliveries ",neutral,"the web-marela application handles invitations to quote , quote comparisons , agreements , purchases , invoice inspections , inventory management , and deliveries",the application handles invitations to quote quote comparisons agreements purchases invoice inspections inventory management and deliveries
"The works will include the laying of natural stone pavements and the installation of underground heating , and surface water drainage systems ",neutral,"the works will include the laying of natural stone pavements and the installation of underground heating , and surface water drainage systems",the works will include the laying of natural stone pavements and the installation of underground heating and surface water drainage systems
There have not been previous share subscriptions with 2004 stock options ,neutral,there have not been previous share subscriptions with 2004 stock options,there have not been previous share subscriptions with stock options
"These new units will be built at Cargotec 's state of the art manufacturing facility in San Antonio , Texas , USA , which started operations in 2009 ",neutral,"these new units will be built at cargotec 's state of the art manufacturing facility in san antonio , texas , usa , which started operations in 2009",these new units will be built at cargotec state of the art manufacturing facility in san antonio texas usa which started operations in
"This could be any of us at any time , '' she said ",neutral,"this could be any of us at any time , '' she said",this could be any of us at any time she said
This wood lacquered clock comes with a stripy hand-crocheted cover ,neutral,this wood lacquered clock comes with a stripy hand-crocheted cover,this wood lacquered clock comes with a stripy cover
To see a slide show of all the newest product releases from Fiskars ,neutral,to see a slide show of all the newest product releases from fiskars,to see a slide show of all the newest product releases from fiskars
Total value of the contract is about EUR 10mn ,neutral,total value of the contract is about eur 10mn,total value of the contract is about eur
"Tulikivi manufactures heat-retaining , soapstone and ceramic fireplaces , as well as natural stone products and utility ceramics ",neutral,"tulikivi manufactures heat-retaining , soapstone and ceramic fireplaces , as well as natural stone products and utility ceramics",tulikivi manufactures soapstone and ceramic fireplaces as well as natural stone products and utility ceramics
"Tyrv+ï¿½inen is of the opinion that the airline has been repeating this for some time already , however ",neutral,"tyrv+ï¿½inen is of the opinion that the airline has been repeating this for some time already , however",is of the opinion that the airline has been repeating this for some time already however
"Under the agreement , Larox will transfer 10 employees within engineering and documentation related to delivery projects and product maintenance in Finland to Etteplan as of January 1 , 2007 ",neutral,"under the agreement , larox will transfer 10 employees within engineering and documentation related to delivery projects and product maintenance in finland to etteplan as of january 1 , 2007",under the agreement larox will transfer employees within engineering and documentation related to delivery projects and product maintenance in finland to etteplan as of january
"Under the transaction agreement , Metsaliitto will purchase 24.7 % of Metsa-Botnia 's shares from UPM and 3 % from M-real ",neutral,"under the transaction agreement , metsaliitto will purchase 24.7 % of metsa-botnia 's shares from upm and 3 % from m-real",under the transaction agreement metsaliitto will purchase of shares from upm and from
"Unit prices for straddle carriers vary between EUR700 ,000 and EUR900 ,000 , the company added ",neutral,"unit prices for straddle carriers vary between eur700 ,000 and eur900 ,000 , the company added",unit prices for straddle carriers vary between and the company added
UPM-Kymmene said its has ` not indicated any interest in any domestic consolidations ' ,neutral,upm-kymmene said its has ` not indicated any interest in any domestic consolidations ',said its has not indicated any interest in any domestic consolidations
Valmet Automotive reports net sales of EUR 85mn and operating profit of EUR 8mn ,neutral,valmet automotive reports net sales of eur 85mn and operating profit of eur 8mn,valmet automotive reports net sales of eur and operating profit of eur
"Veidekke , headquartered in Oslo , Norway , is a Scandinavian construction and property development group with some 6,350 employees in Norway , Sweden and Denmark , with an annual turnover of NOK16 .4 bn ",neutral,"veidekke , headquartered in oslo , norway , is a scandinavian construction and property development group with some 6,350 employees in norway , sweden and denmark , with an annual turnover of nok16 .4 bn",veidekke headquartered in oslo norway is a scandinavian construction and property development group with some employees in norway sweden and denmark with an annual turnover of bn
Why not subscribe to the magazine ,neutral,why not subscribe to the magazine,why not subscribe to the magazine
Vianor sells tires for cars and trucks as well as a range of other car parts and provides maintenance services ,neutral,vianor sells tires for cars and trucks as well as a range of other car parts and provides maintenance services,vianor sells tires for cars and trucks as well as a range of other car parts and provides maintenance services
"With the new arrangement , customer responsibilities will become mainly regional ",neutral,"with the new arrangement , customer responsibilities will become mainly regional",with the new arrangement customer responsibilities will become mainly regional
"With this acquisition the wireless modem unit and its approximately 1,100 employees were transferred to Renesas Electronics Corporation ",neutral,"with this acquisition the wireless modem unit and its approximately 1,100 employees were transferred to renesas electronics corporation",with this acquisition the wireless modem unit and its approximately employees were transferred to renesas electronics corporation
"In the third quarter of fiscal 2008 Efore swung to a net loss of EUR 400,000 versus a net profit of EUR 200,000 for the corresponding period of fiscal 2007 ",negative,"in the third quarter of fiscal 2008 efore swung to a net loss of eur 400,000 versus a net profit of eur 200,000 for the corresponding period of fiscal 2007",in the third quarter of fiscal efore swung to a net loss of eur versus a net profit of eur for the corresponding period of fiscal
"Konecranes Oyj KCR1V FH fell 5.5 percent to 20.51 euros , the biggest fall since June ",negative,"konecranes oyj kcr1v fh fell 5.5 percent to 20.51 euros , the biggest fall since june",konecranes oyj fh fell percent to euros the biggest fall since june
Operating loss totaled EUR 25mn compared to a profit of EUR 63mn in the corresponding period in 2005 ,negative,operating loss totaled eur 25mn compared to a profit of eur 63mn in the corresponding period in 2005,operating loss totaled eur compared to a profit of eur in the corresponding period in
"Production levels have been agreed with producers a long time ago , so a fall in consumption will lead to losses ",negative,"production levels have been agreed with producers a long time ago , so a fall in consumption will lead to losses",production levels have been agreed with producers a long time ago so a fall in consumption will lead to losses
Return on investment ROI was 4.1 % compared to 43.8 % in the first half of 2008 ,negative,return on investment roi was 4.1 % compared to 43.8 % in the first half of 2008,return on investment roi was compared to in the first half of
"A total of 16.5 mn passenger ship journeys took place in the northern Baltic Sea in 2007 , slightly down from 16.5 mn in 2006 ",negative,"a total of 16.5 mn passenger ship journeys took place in the northern baltic sea in 2007 , slightly down from 16.5 mn in 2006",a total of mn passenger ship journeys took place in the northern baltic sea in slightly down from mn in
Finnish media group Talentum has issued a profit warning ,negative,finnish media group talentum has issued a profit warning,finnish media group talentum has issued a profit warning
"Finnish shipping company Finnlines ' pretax loss totalled EUR 6.5 mn in the third quarter of 2009 , compared to a profit of EUR 0.3 mn in the third quarter of 2008 ",negative,"finnish shipping company finnlines ' pretax loss totalled eur 6.5 mn in the third quarter of 2009 , compared to a profit of eur 0.3 mn in the third quarter of 2008",finnish shipping company finnlines pretax loss totalled eur mn in the third quarter of compared to a profit of eur mn in the third quarter of
"In Finland , the city of Forssa has said it will not pay compensation to food industry companies HK Ruokatalo and Atria for the lye leak into tap water that occurred in March 2008 ",negative,"in finland , the city of forssa has said it will not pay compensation to food industry companies hk ruokatalo and atria for the lye leak into tap water that occurred in march 2008",in finland the city of forssa has said it will not pay compensation to food industry companies hk ruokatalo and atria for the lye leak into tap water that occurred in march
"Acando AB ( ACANB SS ) fell 8.9 percent to 13.35 kronor , the lowest close since Dec. 11 ",negative,"acando ab ( acanb ss ) fell 8.9 percent to 13.35 kronor , the lowest close since dec. 11",acando ab acanb ss fell percent to kronor the lowest close since
"According to CEO Matti Perkonoja of the parent company HKScan , the company 's performance in the first quarter of 2010 has remained clearly below the level of the corresponding period in 2009 ",negative,"according to ceo matti perkonoja of the parent company hkscan , the company 's performance in the first quarter of 2010 has remained clearly below the level of the corresponding period in 2009",according to ceo matti perkonoja of the parent company hkscan the company performance in the first quarter of has remained clearly below the level of the corresponding period in
Diluted earnings per share ( EPS ) stood at EUR 0.25 versus EUR 0.42 ,negative,diluted earnings per share ( eps ) stood at eur 0.25 versus eur 0.42,diluted earnings per share eps stood at eur versus eur
Finnish automation solutions developer Cencorp Corporation ( OMX Helsinki : CNC1V ) issued on Thursday ( 18 September ) a profit warning for the third quarter of 2008 ,negative,finnish automation solutions developer cencorp corporation ( omx helsinki : cnc1v ) issued on thursday ( 18 september ) a profit warning for the third quarter of 2008,finnish automation solutions developer cencorp corporation omx helsinki issued on thursday september a profit warning for the third quarter of
Finnish communication electronics components supplier Scanfil Oyj Tuesday said sales in the first half of 2006 will be 15 % lower than during the same period a year ago ,negative,finnish communication electronics components supplier scanfil oyj tuesday said sales in the first half of 2006 will be 15 % lower than during the same period a year ago,finnish communication electronics components supplier scanfil oyj tuesday said sales in the first half of will be lower than during the same period a year ago
Finnish technology company Raute Corporation ( OMX Helsinki : RUTAV ) issued on Tuesday ( 23 September ) a profit warning for the financial year 2008 ,negative,finnish technology company raute corporation ( omx helsinki : rutav ) issued on tuesday ( 23 september ) a profit warning for the financial year 2008,finnish technology company raute corporation omx helsinki rutav issued on tuesday september a profit warning for the financial year
"In Q1 of 2009 , the company 's operating loss totalled EUR 0.3 mn , compared to a profit of EUR 3.6 mn in Q1 of 2008 ",negative,"in q1 of 2009 , the company 's operating loss totalled eur 0.3 mn , compared to a profit of eur 3.6 mn in q1 of 2008",in of the company operating loss totalled eur mn compared to a profit of eur mn in of
"Last year , 8.3 million passengers flew the airline , down 4 percent from 2007 ",negative,"last year , 8.3 million passengers flew the airline , down 4 percent from 2007",last year million passengers flew the airline down percent from
"Loss after financial items totalled EUR 9.7 mn , compared to a profit of EUR 1.3 mn in the corresponding period in 2008 ",negative,"loss after financial items totalled eur 9.7 mn , compared to a profit of eur 1.3 mn in the corresponding period in 2008",loss after financial items totalled eur mn compared to a profit of eur mn in the corresponding period in
Loss for the period totalled EUR 15.6 mn compared to a profit of EUR 6.3 mn in 2008 ,negative,loss for the period totalled eur 15.6 mn compared to a profit of eur 6.3 mn in 2008,loss for the period totalled eur mn compared to a profit of eur mn in
Operating loss amounted to EUR 0.9 mn in the first half of 2006 compared to a profit of EUR 0.5 mn in the first half of 2005 ,negative,operating loss amounted to eur 0.9 mn in the first half of 2006 compared to a profit of eur 0.5 mn in the first half of 2005,operating loss amounted to eur mn in the first half of compared to a profit of eur mn in the first half of
"Operating loss of the Pulp & Paper Machinery unit was over EUR 3mn in September 2007 - August 2008 , compared to a profit of EUR 3.7 mn a year earlier ",negative,"operating loss of the pulp & paper machinery unit was over eur 3mn in september 2007 - august 2008 , compared to a profit of eur 3.7 mn a year earlier",operating loss of the pulp paper machinery unit was over eur in september august compared to a profit of eur mn a year earlier
Operating loss totaled EUR 0.3 mn compared to a profit of EUR 2.2 mn in the corresponding period in 2007 ,negative,operating loss totaled eur 0.3 mn compared to a profit of eur 2.2 mn in the corresponding period in 2007,operating loss totaled eur mn compared to a profit of eur mn in the corresponding period in
"Operating loss totaled EUR 0.8 mn , compared to a profit of EUR 0.5 mn ",negative,"operating loss totaled eur 0.8 mn , compared to a profit of eur 0.5 mn",operating loss totaled eur mn compared to a profit of eur mn
"Operating loss totalled EUR 12.7 mn , compared to a profit of EUR 17.7 mn in the first half of 2008 ",negative,"operating loss totalled eur 12.7 mn , compared to a profit of eur 17.7 mn in the first half of 2008",operating loss totalled eur mn compared to a profit of eur mn in the first half of
"Operating loss totalled EUR 4.0 mn , compared to a profit of EUR 8.6 mn in the second quarter of 2008 ",negative,"operating loss totalled eur 4.0 mn , compared to a profit of eur 8.6 mn in the second quarter of 2008",operating loss totalled eur mn compared to a profit of eur mn in the second quarter of
"Operating loss totalled EUR 5.2 mn , compared to a loss of EUR 3.4 mn in the corresponding period in 2008-2009 ",negative,"operating loss totalled eur 5.2 mn , compared to a loss of eur 3.4 mn in the corresponding period in 2008-2009",operating loss totalled eur mn compared to a loss of eur mn in the corresponding period in
Pretax loss totaled EUR 117mn compared to a loss of EUR 65mn in the corresponding period ,negative,pretax loss totaled eur 117mn compared to a loss of eur 65mn in the corresponding period,pretax loss totaled eur compared to a loss of eur in the corresponding period
Pretax loss totalled EUR 162.3 mn compared to a profit of EUR 253.5 mn in 2007 ,negative,pretax loss totalled eur 162.3 mn compared to a profit of eur 253.5 mn in 2007,pretax loss totalled eur mn compared to a profit of eur mn in
"Pretax loss totalled EUR 49.9 mn , compared to a loss of EUR 15.4 mn in the corresponding period in 2008 ",negative,"pretax loss totalled eur 49.9 mn , compared to a loss of eur 15.4 mn in the corresponding period in 2008",pretax loss totalled eur mn compared to a loss of eur mn in the corresponding period in
"Publishing Sweden 's operating loss was EUR 1.1 mn in Q1 of 2009 , compared to a profit of EUR 0.6 mn a year ago ",negative,"publishing sweden 's operating loss was eur 1.1 mn in q1 of 2009 , compared to a profit of eur 0.6 mn a year ago",publishing sweden operating loss was eur mn in of compared to a profit of eur mn a year ago
The company reported today an operating loss of EUR0 .1 m on net sales of EUR4 .5 m for the first quarter 2008 ,negative,the company reported today an operating loss of eur0 .1 m on net sales of eur4 .5 m for the first quarter 2008,the company reported today an operating loss of m on net sales of m for the first quarter
"Cerberus Capital Management LP-backed printing paper maker NewPage Corp. has posted mixed second-quarter results , casting a cloud over its planned initial public offering ",negative,"cerberus capital management lp-backed printing paper maker newpage corp. has posted mixed second-quarter results , casting a cloud over its planned initial public offering",cerberus capital management printing paper maker newpage has posted mixed results casting a cloud over its planned initial public offering
"Finnish electronics manufacturing services EMS company Elcoteq SE posted a net loss of 66.4 mln euro $ 91.2 mln for the first half of 2007 , compared to a net profit of 7.1 mln euro $ 9.8 mln for the same period of 2006 ",negative,"finnish electronics manufacturing services ems company elcoteq se posted a net loss of 66.4 mln euro $ 91.2 mln for the first half of 2007 , compared to a net profit of 7.1 mln euro $ 9.8 mln for the same period of 2006",finnish electronics manufacturing services ems company elcoteq se posted a net loss of mln euro mln for the first half of compared to a net profit of mln euro mln for the same period of
Finnish laboratory liquid handling and diagnostic test systems developer Biohit Oyj OMX Helsinki : BIOBV issued on Tuesday 3 June a profit warning for the financial year 2008 ,negative,finnish laboratory liquid handling and diagnostic test systems developer biohit oyj omx helsinki : biobv issued on tuesday 3 june a profit warning for the financial year 2008,finnish laboratory liquid handling and diagnostic test systems developer biohit oyj omx helsinki biobv issued on tuesday june a profit warning for the financial year
Finnish retail software developer Aldata Solution Oyj reported a net loss of 11.7 mln euro $ 17.2 mln for 2007 versus a net profit of 2.5 mln euro $ 3.7 mln for 2006 ,negative,finnish retail software developer aldata solution oyj reported a net loss of 11.7 mln euro $ 17.2 mln for 2007 versus a net profit of 2.5 mln euro $ 3.7 mln for 2006,finnish retail software developer aldata solution oyj reported a net loss of mln euro mln for versus a net profit of mln euro mln for
"Finnish textiles and clothing group Marimekko Oyj posted a net profit of 7.99 mln euro $ 10.4 mln for 2006 , compared to 8.4 mln euro $ 10.9 mln for 2005 ",negative,"finnish textiles and clothing group marimekko oyj posted a net profit of 7.99 mln euro $ 10.4 mln for 2006 , compared to 8.4 mln euro $ 10.9 mln for 2005",finnish textiles and clothing group marimekko oyj posted a net profit of mln euro mln for compared to mln euro mln for
"In January-June 2010 , diluted loss per share stood at EUR0 .3 versus EUR0 .1 in the first half of 2009 ",negative,"in january-june 2010 , diluted loss per share stood at eur0 .3 versus eur0 .1 in the first half of 2009",in diluted loss per share stood at versus in the first half of
"In October , UPM reported a third-quarter net loss of euro86 million $ 110 million compared with a net profit of euro120 million in 2007 ",negative,"in october , upm reported a third-quarter net loss of euro86 million $ 110 million compared with a net profit of euro120 million in 2007",in october upm reported a net loss of million million compared with a net profit of million in
Operating loss amounted to EUR 0.7 mn compared to a profit of EUR 0.8 mn in the second quarter of 2005 ,negative,operating loss amounted to eur 0.7 mn compared to a profit of eur 0.8 mn in the second quarter of 2005,operating loss amounted to eur mn compared to a profit of eur mn in the second quarter of
"Operating loss before non-recurring items was EUR 0.9 mn , compared to a profit of EUR 11.5 mn in 2008 ",negative,"operating loss before non-recurring items was eur 0.9 mn , compared to a profit of eur 11.5 mn in 2008",operating loss before items was eur mn compared to a profit of eur mn in
"Operating profit margin was 8.3 % , compared to 11.8 % a year earlier ",negative,"operating profit margin was 8.3 % , compared to 11.8 % a year earlier",operating profit margin was compared to a year earlier
Operating profit was EUR 1.6 mn in 2005 compared to EUR 5.9 mn in 2004 ,negative,operating profit was eur 1.6 mn in 2005 compared to eur 5.9 mn in 2004,operating profit was eur mn in compared to eur mn in
"Operating result showed a loss of EUR 2.9 mn , while a year before , it showed a profit of EUR 0.6 mn ",negative,"operating result showed a loss of eur 2.9 mn , while a year before , it showed a profit of eur 0.6 mn",operating result showed a loss of eur mn while a year before it showed a profit of eur mn
"Salcomp Oyj , the Finnish maker of mobile phone chargers , Monday posted a EUR1 .49 million loss in the second quarter compared with a 1.70 million profit in the same period the previous year ",negative,"salcomp oyj , the finnish maker of mobile phone chargers , monday posted a eur1 .49 million loss in the second quarter compared with a 1.70 million profit in the same period the previous year",salcomp oyj the finnish maker of mobile phone chargers monday posted a million loss in the second quarter compared with a million profit in the same period the previous year
Scanfil has also issued a profit warning ,negative,scanfil has also issued a profit warning,scanfil has also issued a profit warning
Scanfil issued a profit warning on 10 April 2006 ,negative,scanfil issued a profit warning on 10 april 2006,scanfil issued a profit warning on april
"The operating loss amounted to EUR 0.8 mn , compared to a profit of EUR 3.9 mn a year earlier ",negative,"the operating loss amounted to eur 0.8 mn , compared to a profit of eur 3.9 mn a year earlier",the operating loss amounted to eur mn compared to a profit of eur mn a year earlier
The real estate company posted a net loss of +ï¿½  x201a -ï¿½ 59.3 million +ï¿½  x201a -ï¿½ 0.21 per share compared with a net profit of +ï¿½  x201a -ï¿½ 31 million +ï¿½  x201a -ï¿½ 0.11 per share for the corresponding quarter of 2007 ,negative,the real estate company posted a net loss of +ï¿½ x201a -ï¿½ 59.3 million +ï¿½ x201a -ï¿½ 0.21 per share compared with a net profit of +ï¿½ x201a -ï¿½ 31 million +ï¿½ x201a -ï¿½ 0.11 per share for the corresponding quarter of 2007,the real estate company posted a net loss of million per share compared with a net profit of million per share for the corresponding quarter of
"TietoEnator was down 1.13 pct to 18.38 , extending recent lows after last week 's second-quarter report , dealers said ",negative,"tietoenator was down 1.13 pct to 18.38 , extending recent lows after last week 's second-quarter report , dealers said",tietoenator was down pct to extending recent lows after last week report dealers said
Operating profit excluding restructuring costs grew to EUR 44.5 million from EUR 31.7 million while operating profit including restructuring costs showed even larger growth to EUR 38.5 million from EUR 7.4 million ,positive,operating profit excluding restructuring costs grew to eur 44.5 million from eur 31.7 million while operating profit including restructuring costs showed even larger growth to eur 38.5 million from eur 7.4 million,operating profit excluding restructuring costs grew to eur million from eur million while operating profit including restructuring costs showed even larger growth to eur million from eur million
"Having a China based operation will not only enable us to fully leverage our resources and expertise in wireless solutions , but also strengthen our capability to offer industry-leading products for our customers in China . '",positive,"having a china based operation will not only enable us to fully leverage our resources and expertise in wireless solutions , but also strengthen our capability to offer industry-leading products for our customers in china . '",having a china based operation will not only enable us to fully leverage our resources and expertise in wireless solutions but also strengthen our capability to offer products for our customers in china
"Cost cutting measures , which have produced around EUR70m of savings over the past nine months , have dampened the airline 's loss , Finnair said ",positive,"cost cutting measures , which have produced around eur70m of savings over the past nine months , have dampened the airline 's loss , finnair said",cost cutting measures which have produced around of savings over the past nine months have dampened the airline loss finnair said
"Consolidated operating profit excluding one-off items was EUR 30.6 mn , up from EUR 29.6 mn a year earlier ",positive,"consolidated operating profit excluding one-off items was eur 30.6 mn , up from eur 29.6 mn a year earlier",consolidated operating profit excluding items was eur mn up from eur mn a year earlier
EBIT excluding non-recurring items was estimated to increase from 2009 ,positive,ebit excluding non-recurring items was estimated to increase from 2009,ebit excluding items was estimated to increase from
Operating profit excluding non-recurring items increased by 27 % to EUR 81.9 mn from EUR 64.4 mn in the corresponding period in 2008 ,positive,operating profit excluding non-recurring items increased by 27 % to eur 81.9 mn from eur 64.4 mn in the corresponding period in 2008,operating profit excluding items increased by to eur mn from eur mn in the corresponding period in
Cash flow from business operations totalled EUR 0.4 mn compared to a negative EUR 15.5 mn in the first half of 2008 ,positive,cash flow from business operations totalled eur 0.4 mn compared to a negative eur 15.5 mn in the first half of 2008,cash flow from business operations totalled eur mn compared to a negative eur mn in the first half of
"Cash flow from operations totalled EUR 2.71 mn , compared to a negative EUR 0.83 mn in the corresponding period in 2008 ",positive,"cash flow from operations totalled eur 2.71 mn , compared to a negative eur 0.83 mn in the corresponding period in 2008",cash flow from operations totalled eur mn compared to a negative eur mn in the corresponding period in
"Cash flow from operations totalled EUR 7.4 mn , compared to a negative EUR 68.6 mn in the second quarter of 2008 ",positive,"cash flow from operations totalled eur 7.4 mn , compared to a negative eur 68.6 mn in the second quarter of 2008",cash flow from operations totalled eur mn compared to a negative eur mn in the second quarter of
"EBIT excluding non-recurring items , totalled EUR 67.8 mn , up from EUR 38.1 mn ",positive,"ebit excluding non-recurring items , totalled eur 67.8 mn , up from eur 38.1 mn",ebit excluding items totalled eur mn up from eur mn
"Finnish energy company Fortum Oyj said on November 13 , 2007 it was granted an environmental permit to build a biofuel-fired combined heat and power CHP plant in Vartan harbor in eastern Stockholm ",positive,"finnish energy company fortum oyj said on november 13 , 2007 it was granted an environmental permit to build a biofuel-fired combined heat and power chp plant in vartan harbor in eastern stockholm",finnish energy company fortum oyj said on november it was granted an environmental permit to build a combined heat and power chp plant in vartan harbor in eastern stockholm
Nokia was up 0.12 pct to 16.70 eur after kicking off the morning in negative territory ,positive,nokia was up 0.12 pct to 16.70 eur after kicking off the morning in negative territory,nokia was up pct to eur after kicking off the morning in negative territory
"Return on investment was 5.0 % , compared to a negative 4.1 % in 2009 ",positive,"return on investment was 5.0 % , compared to a negative 4.1 % in 2009",return on investment was compared to a negative in
"Thus the method will cut working costs , and will fasten the planning and building processes ",positive,"thus the method will cut working costs , and will fasten the planning and building processes",thus the method will cut working costs and will fasten the planning and building processes
"The copying , republication or redistribution of AFX News Content , including by framing or similar means , is expressly prohibited without the prior written consent of AFX News ",neutral,"the copying , republication or redistribution of afx news content , including by framing or similar means , is expressly prohibited without the prior written consent of afx news",the copying republication or redistribution of afx news content including by framing or similar means is expressly prohibited without the prior written consent of afx news
"The company reported a profit of 800,000 euro ($ 1.2 mln)on the sale of its Varesvuo Partners sub-group and a loss of 400,000 euro $ 623,000 caused by the sale of its program production subsidiary Oy Filmiteollisuus Fine Ab ",neutral,"the company reported a profit of 800,000 euro ($ 1.2 mln)on the sale of its varesvuo partners sub-group and a loss of 400,000 euro $ 623,000 caused by the sale of its program production subsidiary oy filmiteollisuus fine ab",the company reported a profit of euro mln on the sale of its varesvuo partners and a loss of euro caused by the sale of its program production subsidiary oy filmiteollisuus fine ab
The extracted filtrates are very high in clarity while the dried filter cakes meet required transport moisture limits (TMLs)for their ore grades ,neutral,the extracted filtrates are very high in clarity while the dried filter cakes meet required transport moisture limits (tmls)for their ore grades,the extracted filtrates are very high in clarity while the dried filter cakes meet required transport moisture limits tmls for their ore grades
"After the split , the number of K shares will be 9 540 000 and the number of A shares 26 885 540 ",neutral,"after the split , the number of k shares will be 9 540 000 and the number of a shares 26 885 540",after the split the number of k shares will be and the number of a shares
"Established in 1987 , the SRV Group is a private Finnish construction concern with operations in Finland , the Baltic countries and Russia ",neutral,"established in 1987 , the srv group is a private finnish construction concern with operations in finland , the baltic countries and russia",established in the srv group is a private finnish construction concern with operations in finland the baltic countries and russia
"Initial estimated total value of the contract was 250 000 Euros , excluding VAT ",neutral,"initial estimated total value of the contract was 250 000 euros , excluding vat",initial estimated total value of the contract was euros excluding vat
Nokia and Capcom announced that Resident Evil Degeneration will be released on N-Gage later this year ,neutral,nokia and capcom announced that resident evil degeneration will be released on n-gage later this year,nokia and capcom announced that resident evil degeneration will be released on later this year
Olli-Pekka Laine has been appointed as the Chairman and Erkki Pehu-Lehtonen as the Vice Chairman of the Board ,neutral,olli-pekka laine has been appointed as the chairman and erkki pehu-lehtonen as the vice chairman of the board,laine has been appointed as the chairman and erkki as the vice chairman of the board
Risk exposure by Non-life Insurance  Moving 12-month  Expenses by function in Non-life Insurance excluding expenses for investment management and expenses for other services rendered Non-life Insurance investment portfolio by allocatio,neutral,risk exposure by non-life insurance moving 12-month expenses by function in non-life insurance excluding expenses for investment management and expenses for other services rendered non-life insurance investment portfolio by allocatio,risk exposure by insurance moving expenses by function in insurance excluding expenses for investment management and expenses for other services rendered insurance investment portfolio by allocatio
The issue came up in connection with discussion with local municipalities concerning the sale of water to industrial facilities ,neutral,the issue came up in connection with discussion with local municipalities concerning the sale of water to industrial facilities,the issue came up in connection with discussion with local municipalities concerning the sale of water to industrial facilities
"The purchase price will be paid in cash upon the closure of the transaction , scheduled for April 1 , 2009 ",neutral,"the purchase price will be paid in cash upon the closure of the transaction , scheduled for april 1 , 2009",the purchase price will be paid in cash upon the closure of the transaction scheduled for april
The terms and conditions of the Stock Option Scheme 2008 are available on the Company 's internet pages www.sanoma.com ,neutral,the terms and conditions of the stock option scheme 2008 are available on the company 's internet pages www.sanoma.com,the terms and conditions of the stock option scheme are available on the company internet pages
"Tieto 's service is also used to send , process and receive materials related to absentee voting ",neutral,"tieto 's service is also used to send , process and receive materials related to absentee voting",tieto service is also used to send process and receive materials related to absentee voting
"Trading code : ELI1V Number of shares : 99,483 Price-share : Gratuitous After the transfer , Elisa holds a total of 10,435,023 own shares ",neutral,"trading code : eli1v number of shares : 99,483 price-share : gratuitous after the transfer , elisa holds a total of 10,435,023 own shares",trading code number of shares gratuitous after the transfer elisa holds a total of own shares
"A total of 1,800,000 stock options were issued in the 2003 stock option scheme ",neutral,"a total of 1,800,000 stock options were issued in the 2003 stock option scheme",a total of stock options were issued in the stock option scheme
Finnish publishing and printing group Ilkka-Yhtym+ï¿½ will introduced a staff smoking ban as of the beginning of 2007 at the company 's three newspapers ,neutral,finnish publishing and printing group ilkka-yhtym+ï¿½ will introduced a staff smoking ban as of the beginning of 2007 at the company 's three newspapers,finnish publishing and printing group will introduced a staff smoking ban as of the beginning of at the company three newspapers
Finnish Stockmann Group 's mail order unit Hobby Hall has launched a trial marketing campaign in Russia ,neutral,finnish stockmann group 's mail order unit hobby hall has launched a trial marketing campaign in russia,finnish stockmann group mail order unit hobby hall has launched a trial marketing campaign in russia
"Alpina Sports is a Lebanon , New Hampshire USA based distributor of e.g. Alpina ski shoes and skis , Exel ski poles , Start ski waxes and now also Peltonen cross-country skis ",neutral,"alpina sports is a lebanon , new hampshire usa based distributor of e.g. alpina ski shoes and skis , exel ski poles , start ski waxes and now also peltonen cross-country skis",alpina sports is a lebanon new hampshire usa based distributor of alpina ski shoes and skis exel ski poles start ski waxes and now also peltonen skis
"Among the Scandinavian companies present in St. Petersburg , is also named the Swedish concern NCC , which implements projects in the field of asphalt production , road and housing construction ( project Swedish Krona ) ",neutral,"among the scandinavian companies present in st. petersburg , is also named the swedish concern ncc , which implements projects in the field of asphalt production , road and housing construction ( project swedish krona )",among the scandinavian companies present in petersburg is also named the swedish concern ncc which implements projects in the field of asphalt production road and housing construction project swedish krona
An international conference call and audio webcast concerning the financial result January-March 2010 will begin at 14.00 EET ,neutral,an international conference call and audio webcast concerning the financial result january-march 2010 will begin at 14.00 eet,an international conference call and audio webcast concerning the financial result will begin at eet
Atria said its offer would give the Swedish company continued ownership and control of its slaughtering and cutting operations ,neutral,atria said its offer would give the swedish company continued ownership and control of its slaughtering and cutting operations,atria said its offer would give the swedish company continued ownership and control of its slaughtering and cutting operations
"Aug. 17 , 2010 ( Curbed delivered by Newstex ) -- And now , the latest from Racked , covering shopping and retail from the sidewalks up ",neutral,"aug. 17 , 2010 ( curbed delivered by newstex ) -- and now , the latest from racked , covering shopping and retail from the sidewalks up",curbed delivered by newstex and now the latest from racked covering shopping and retail from the sidewalks up
Bertrand Sciard has been the vice chairman of the board of directors of Aldata Solution since April 2007 ,neutral,bertrand sciard has been the vice chairman of the board of directors of aldata solution since april 2007,bertrand sciard has been the vice chairman of the board of directors of aldata solution since april
Bovine slaughtering and cutting at the Kuopio facility will be transferred to the Kauhajoki slaughterhouse ,neutral,bovine slaughtering and cutting at the kuopio facility will be transferred to the kauhajoki slaughterhouse,bovine slaughtering and cutting at the kuopio facility will be transferred to the kauhajoki slaughterhouse
"Huhtamaki 's rigid plastic consumer goods operations , which are mainly in Europe , will be separated into a new reporting segment as of 1 January 2009 ",neutral,"huhtamaki 's rigid plastic consumer goods operations , which are mainly in europe , will be separated into a new reporting segment as of 1 january 2009",huhtamaki rigid plastic consumer goods operations which are mainly in europe will be separated into a new reporting segment as of january
Kesko has previously published a stock exchange release concerning the deal on 7 February 2007 ,neutral,kesko has previously published a stock exchange release concerning the deal on 7 february 2007,kesko has previously published a stock exchange release concerning the deal on february
Less than ten people will face pension agreements ,neutral,less than ten people will face pension agreements,less than ten people will face pension agreements
Mr. Kari Stadigh will carry on as Chairman of the Board and Mr. Matti Arteva as Vice-Chairman ,neutral,mr. kari stadigh will carry on as chairman of the board and mr. matti arteva as vice-chairman,kari stadigh will carry on as chairman of the board and matti arteva as
"Neste Oil s refineries have a combined crude oil refining capacity of approximately 260,000 barrels a day ",neutral,"neste oil s refineries have a combined crude oil refining capacity of approximately 260,000 barrels a day",neste oil s refineries have a combined crude oil refining capacity of approximately barrels a day
"New Chairman of the Board of Directors , Mr Chaim Katzman , will give a presentation and answer questions ",neutral,"new chairman of the board of directors , mr chaim katzman , will give a presentation and answer questions",new chairman of the board of directors mr chaim katzman will give a presentation and answer questions
Panostaja Oyj 's Board also decided at its organisational meeting held upon completion of the AGM to implement the AGM decision concerning Board member fees paid as shares in such a way that shares are transferred on a quarterly basis on the date following publication of the quarterly-annual report ,neutral,panostaja oyj 's board also decided at its organisational meeting held upon completion of the agm to implement the agm decision concerning board member fees paid as shares in such a way that shares are transferred on a quarterly basis on the date following publication of the quarterly-annual report,panostaja oyj board also decided at its organisational meeting held upon completion of the agm to implement the agm decision concerning board member fees paid as shares in such a way that shares are transferred on a quarterly basis on the date following publication of the report
Rapala Fishing Frenzy 2009 ,neutral,rapala fishing frenzy 2009,rapala fishing frenzy
Residents access to the block is planned to be from Aleksandri Street ,neutral,residents access to the block is planned to be from aleksandri street,residents access to the block is planned to be from aleksandri street
Sanoma announced the Stock Option Scheme 2008 on 19 December 2008 ,neutral,sanoma announced the stock option scheme 2008 on 19 december 2008,sanoma announced the stock option scheme on december
Short-term licenses for the games cost as little as $ 3 while purchasing a game outright can cost as much as $ 10 or $ 15 ,neutral,short-term licenses for the games cost as little as $ 3 while purchasing a game outright can cost as much as $ 10 or $ 15,licenses for the games cost as little as while purchasing a game outright can cost as much as or
The adjustments concern staff in both the Specialty Papers and the Fiber Composites segments ,neutral,the adjustments concern staff in both the specialty papers and the fiber composites segments,the adjustments concern staff in both the specialty papers and the fiber composites segments
The appointments will be in force until the new CEO has been appointed ,neutral,the appointments will be in force until the new ceo has been appointed,the appointments will be in force until the new ceo has been appointed
"The authorisation is in force until the end of the next Annual General Meeting and repeals the authorisation to acquire own shares given by the General Meeting held on April 4 , 2007 ",neutral,"the authorisation is in force until the end of the next annual general meeting and repeals the authorisation to acquire own shares given by the general meeting held on april 4 , 2007",the authorisation is in force until the end of the next annual general meeting and repeals the authorisation to acquire own shares given by the general meeting held on april
"The business had gross written premiums of EUR152 .4 m (  91.5 m ) in 2000 , a net combined ratio of 133 % and 175 staff in total with offices in the UK , Germany and Benelux ",neutral,"the business had gross written premiums of eur152 .4 m ( 91.5 m ) in 2000 , a net combined ratio of 133 % and 175 staff in total with offices in the uk , germany and benelux",the business had gross written premiums of m m in a net combined ratio of and staff in total with offices in the uk germany and benelux
"The chilled meat products category led the meat , fish and poultry market in Finland , accounting for a share of 31.4 % ",neutral,"the chilled meat products category led the meat , fish and poultry market in finland , accounting for a share of 31.4 %",the chilled meat products category led the meat fish and poultry market in finland accounting for a share of
"The company has a continuous need for alloys such as nickel , ferro-chrome , molybdenum and manganese in its production , said Talvivaara ",neutral,"the company has a continuous need for alloys such as nickel , ferro-chrome , molybdenum and manganese in its production , said talvivaara",the company has a continuous need for alloys such as nickel molybdenum and manganese in its production said talvivaara
"The contract also includes cutting and edging wagon parts at Ruukki 's steel service centres in Seinajoki and Raahe , both in southwestern Finland , from where they will be delivered to VR for welding and assembly ",neutral,"the contract also includes cutting and edging wagon parts at ruukki 's steel service centres in seinajoki and raahe , both in southwestern finland , from where they will be delivered to vr for welding and assembly",the contract also includes cutting and edging wagon parts at ruukki steel service centres in seinajoki and raahe both in southwestern finland from where they will be delivered to vr for welding and assembly
"The copying , republication or redistribution of AFX News Content , inculding by framing or similar means , is expressly prohibited without the prior written consent of AFX News ",neutral,"the copying , republication or redistribution of afx news content , inculding by framing or similar means , is expressly prohibited without the prior written consent of afx news",the copying republication or redistribution of afx news content inculding by framing or similar means is expressly prohibited without the prior written consent of afx news
"The cosmetics collection includes an eye shadow , face powder , lip gloss , mascara and accessories ",neutral,"the cosmetics collection includes an eye shadow , face powder , lip gloss , mascara and accessories",the cosmetics collection includes an eye shadow face powder lip gloss mascara and accessories
"The E7 smartphone will be available for Rs35 ,000 per handset across India , '' Nokia India vice-president & managing director D Shivakumar told reporters ",neutral,"the e7 smartphone will be available for rs35 ,000 per handset across india , '' nokia india vice-president & managing director d shivakumar told reporters",the smartphone will be available for per handset across india nokia india managing director d shivakumar told reporters
The exercise originated in Finland in the early 1930s as a training method for cross-country skiers ,neutral,the exercise originated in finland in the early 1930s as a training method for cross-country skiers,the exercise originated in finland in the early as a training method for skiers
"The first phase of the logistics complex envisages the completion of some 70,000 sq m of logistics premises and the gatehouse building in November 2008 ",neutral,"the first phase of the logistics complex envisages the completion of some 70,000 sq m of logistics premises and the gatehouse building in november 2008",the first phase of the logistics complex envisages the completion of some sq m of logistics premises and the gatehouse building in november
"The gross area of eight houses will be 12,167 m2 ",neutral,"the gross area of eight houses will be 12,167 m2",the gross area of eight houses will be
"The gross area of the Innova 2 project will be about 10,000 sq m ( 107,600 sq ft ) ",neutral,"the gross area of the innova 2 project will be about 10,000 sq m ( 107,600 sq ft )",the gross area of the innova project will be about sq m sq ft
"The interim report for the first quarter is published on May 8 , 2009 ",neutral,"the interim report for the first quarter is published on may 8 , 2009",the interim report for the first quarter is published on may
"The mill 's raw material need will increase by 100,000 m3 of wood ",neutral,"the mill 's raw material need will increase by 100,000 m3 of wood",the mill raw material need will increase by of wood
"The negotiations concern personnel of Cencorp Corporation and Singulase Oy as whole in Finland and in Sweden , the company said ",neutral,"the negotiations concern personnel of cencorp corporation and singulase oy as whole in finland and in sweden , the company said",the negotiations concern personnel of cencorp corporation and singulase oy as whole in finland and in sweden the company said
The negotiations will concern the plant 's department producing winded roving that employs 10 people ,neutral,the negotiations will concern the plant 's department producing winded roving that employs 10 people,the negotiations will concern the plant department producing winded roving that employs people
"The new apartment block is going up very close to the city center , explained Chairman of the Board of AS YIT Ehitus Priit Sauk ",neutral,"the new apartment block is going up very close to the city center , explained chairman of the board of as yit ehitus priit sauk",the new apartment block is going up very close to the city center explained chairman of the board of as yit ehitus priit sauk
"The redesigned crushing circuit has been in operation since the start of September and its overall production rate on a weekly basis is in excess of an average of 40,000 tonnes a day ",neutral,"the redesigned crushing circuit has been in operation since the start of september and its overall production rate on a weekly basis is in excess of an average of 40,000 tonnes a day",the redesigned crushing circuit has been in operation since the start of september and its overall production rate on a weekly basis is in excess of an average of tonnes a day
"The scheme for TeliaSonera and Altimo is practically identical , except that it involves the merger of their stakes in VimpelCom and Kyivstar ",neutral,"the scheme for teliasonera and altimo is practically identical , except that it involves the merger of their stakes in vimpelcom and kyivstar",the scheme for teliasonera and altimo is practically identical except that it involves the merger of their stakes in vimpelcom and kyivstar
The share subscription period for C options will commence on 1 September 2008 and expire on 31 March 2011 ,neutral,the share subscription period for c options will commence on 1 september 2008 and expire on 31 march 2011,the share subscription period for c options will commence on september and expire on march
The share subscription period will expire on 30 September 2007 ,neutral,the share subscription period will expire on 30 september 2007,the share subscription period will expire on september
The subscription period of Amer Sports ' 2002 warrant scheme will end on 31 December 2007 ,neutral,the subscription period of amer sports ' 2002 warrant scheme will end on 31 december 2007,the subscription period of amer sports warrant scheme will end on december
The terms and conditions of Stock Option Scheme 2004 are available on the Group 's website ,neutral,the terms and conditions of stock option scheme 2004 are available on the group 's website,the terms and conditions of stock option scheme are available on the group website
The transaction included also the transfer of the lease agreement concerning manufacturing premises and employment agreements related to these operations ,neutral,the transaction included also the transfer of the lease agreement concerning manufacturing premises and employment agreements related to these operations,the transaction included also the transfer of the lease agreement concerning manufacturing premises and employment agreements related to these operations
"The utility will also provide services related to electricity management , such as hedging trades and risk management and reporting ",neutral,"the utility will also provide services related to electricity management , such as hedging trades and risk management and reporting",the utility will also provide services related to electricity management such as hedging trades and risk management and reporting
"`` I 'm trying to deal with slavery from a different perspective to balance the story , '' says DeRamus , formerly a writer at the Detroit Free Press and the Detroit News ",neutral,"`` i 'm trying to deal with slavery from a different perspective to balance the story , '' says deramus , formerly a writer at the detroit free press and the detroit news",i trying to deal with slavery from a different perspective to balance the story says deramus formerly a writer at the detroit free press and the detroit news
"`` The biggest challenge was to make the piece look raw , '' Hansen said ",neutral,"`` the biggest challenge was to make the piece look raw , '' hansen said",the biggest challenge was to make the piece look raw hansen said
"`` We have a license agreement with Nokia Corp. which in part expires on April 9 , 2007 ",neutral,"`` we have a license agreement with nokia corp. which in part expires on april 9 , 2007",we have a license agreement with nokia which in part expires on april
A 2001 agreement expired earlier this month ,neutral,a 2001 agreement expired earlier this month,a agreement expired earlier this month
"After the split , the company would have 26,885,540 Series A shares and 9,540,000 Series K shares ",neutral,"after the split , the company would have 26,885,540 series a shares and 9,540,000 series k shares",after the split the company would have series a shares and series k shares
"Boomeranger Boats Oy specialises in boat building and designs , manufactures and sells customised Rigid Inflatable Boats RIB primarily for the Baltic Sea market ",neutral,"boomeranger boats oy specialises in boat building and designs , manufactures and sells customised rigid inflatable boats rib primarily for the baltic sea market",boomeranger boats oy specialises in boat building and designs manufactures and sells customised rigid inflatable boats rib primarily for the baltic sea market
Currently the quarterly applied surcharges differ significantly from the actual market prices ,neutral,currently the quarterly applied surcharges differ significantly from the actual market prices,currently the quarterly applied surcharges differ significantly from the actual market prices
Filmiteollisuus Fine Ab will be transferred to Talentum Oyj in the form of a subsidiary ,neutral,filmiteollisuus fine ab will be transferred to talentum oyj in the form of a subsidiary,filmiteollisuus fine ab will be transferred to talentum oyj in the form of a subsidiary
"HELSINKI AFX - Salcomp , the mobile phone charger manufacturer , said it has appointed Markku Hangasjarvi as its new CEO , following the resignation of Mats Eriksson ",neutral,"helsinki afx - salcomp , the mobile phone charger manufacturer , said it has appointed markku hangasjarvi as its new ceo , following the resignation of mats eriksson",helsinki afx salcomp the mobile phone charger manufacturer said it has appointed markku hangasjarvi as its new ceo following the resignation of mats eriksson
"HK Ruokatalo produces many turkey products , such as cold cuts ",neutral,"hk ruokatalo produces many turkey products , such as cold cuts",hk ruokatalo produces many turkey products such as cold cuts
"However , the brokers ' ratings on the stock differ ",neutral,"however , the brokers ' ratings on the stock differ",however the brokers ratings on the stock differ
Mursula said they tried to gather macro-economic perspective to see how Malaysia was doing ,neutral,mursula said they tried to gather macro-economic perspective to see how malaysia was doing,mursula said they tried to gather perspective to see how malaysia was doing
Niklas Skogster has been employed by the ABB Group in various positions concerning the development of operations ,neutral,niklas skogster has been employed by the abb group in various positions concerning the development of operations,niklas skogster has been employed by the abb group in various positions concerning the development of operations
The beers differ slightly from mainstream beers ,neutral,the beers differ slightly from mainstream beers,the beers differ slightly from mainstream beers
"The company operates a U.S. division in Lisle , Ill. ",neutral,"the company operates a u.s. division in lisle , ill.",the company operates a division in lisle ill
"The deal covers Stockmann Auto Oy Ab 's sales and after-sales services concerning Volkswagen and Audi in Helsinki , Espoo and Vantaa ",neutral,"the deal covers stockmann auto oy ab 's sales and after-sales services concerning volkswagen and audi in helsinki , espoo and vantaa",the deal covers stockmann auto oy ab sales and services concerning volkswagen and audi in helsinki espoo and vantaa
"The equipment is designated to Bollore Africa Logistics terminal Societe d'Exploitation du Terminal de Vridi SETV in Abidjan , Ivory Coast and the delivery is scheduled to start in March 2010 ",neutral,"the equipment is designated to bollore africa logistics terminal societe d'exploitation du terminal de vridi setv in abidjan , ivory coast and the delivery is scheduled to start in march 2010",the equipment is designated to bollore africa logistics terminal societe du terminal de vridi setv in abidjan ivory coast and the delivery is scheduled to start in march
"The floor area of the Yliopistonrinne project will be 7,900 sq m and the building 's gross area will total 12,800 sq m. A total 25.1 % of the facilities have been let ",neutral,"the floor area of the yliopistonrinne project will be 7,900 sq m and the building 's gross area will total 12,800 sq m. a total 25.1 % of the facilities have been let",the floor area of the yliopistonrinne project will be sq m and the building gross area will total sq a total of the facilities have been let
"The floor area of the Yliopistonrinne project will be 7,900 sq m 85,030 sq ft and the building 's gross area will total 12,800 sq m. A total 25.1 % of the facilities have been let ",neutral,"the floor area of the yliopistonrinne project will be 7,900 sq m 85,030 sq ft and the building 's gross area will total 12,800 sq m. a total 25.1 % of the facilities have been let",the floor area of the yliopistonrinne project will be sq m sq ft and the building gross area will total sq a total of the facilities have been let
The measures result from the statutory joint negotiations with employees which started in February and concerned all operations in the country ,neutral,the measures result from the statutory joint negotiations with employees which started in february and concerned all operations in the country,the measures result from the statutory joint negotiations with employees which started in february and concerned all operations in the country
"The product range includes marinated olives , cold cuts , and pates , for example ",neutral,"the product range includes marinated olives , cold cuts , and pates , for example",the product range includes marinated olives cold cuts and pates for example
The terms and conditions of the year 2003 stock option scheme were published in a stock exchange release on 31 March 2003 ,neutral,the terms and conditions of the year 2003 stock option scheme were published in a stock exchange release on 31 march 2003,the terms and conditions of the year stock option scheme were published in a stock exchange release on march
"This action follows personnel negotiations concerning Elcoteq SE , Finnish Branch , Elcoteq Finland Oy and Elcoteq Design Center Oy ",neutral,"this action follows personnel negotiations concerning elcoteq se , finnish branch , elcoteq finland oy and elcoteq design center oy",this action follows personnel negotiations concerning elcoteq se finnish branch elcoteq finland oy and elcoteq design center oy
"Unbelievably , the company that makes them - Fiskars Corporation - was formed in 1649 when a Dutch merchant named Peter Thorwoste was given a charter to establish a blast furnace and forging operation in the small Finnish village of Fiskars ",neutral,"unbelievably , the company that makes them - fiskars corporation - was formed in 1649 when a dutch merchant named peter thorwoste was given a charter to establish a blast furnace and forging operation in the small finnish village of fiskars",unbelievably the company that makes them fiskars corporation was formed in when a dutch merchant named peter thorwoste was given a charter to establish a blast furnace and forging operation in the small finnish village of fiskars
`` Those uncertainties cloud the long-term outlook . ',negative,`` those uncertainties cloud the long-term outlook . ',those uncertainties cloud the outlook
"20 October 2010 - Finnish environmental management company Lassila & Tikanoja Oyj HEL : LAT1V , or L&T , said Monday it expects its operating profit , excluding non-recurring items , for the whole 2010 to be slightly lower than in 2009 ",negative,"20 october 2010 - finnish environmental management company lassila & tikanoja oyj hel : lat1v , or l&t , said monday it expects its operating profit , excluding non-recurring items , for the whole 2010 to be slightly lower than in 2009",october finnish environmental management company lassila tikanoja oyj hel or l t said monday it expects its operating profit excluding items for the whole to be slightly lower than in
"According to Finnish petrol station chain St1 's managing director Kim Wiio , the company was forced to make purchases with rising prices in the first half of 2008 , and now consumer prices are going down almost daily due to competition ",negative,"according to finnish petrol station chain st1 's managing director kim wiio , the company was forced to make purchases with rising prices in the first half of 2008 , and now consumer prices are going down almost daily due to competition",according to finnish petrol station chain managing director kim wiio the company was forced to make purchases with rising prices in the first half of and now consumer prices are going down almost daily due to competition
Finnair said that the cancellation of flights would cause daily losses of  x20ac 2.5 million US$ 3 million ,negative,finnair said that the cancellation of flights would cause daily losses of x20ac 2.5 million us$ 3 million,finnair said that the cancellation of flights would cause daily losses of million us million
"Food sales totalled EUR 323.5 mn in October 2009 , representing a decrease of 5.5 % from October 2008 ",negative,"food sales totalled eur 323.5 mn in october 2009 , representing a decrease of 5.5 % from october 2008",food sales totalled eur mn in october representing a decrease of from october
"Raute reported a loss per share of EUR0 .86 for the first half of 2009 , against EPS of EUR0 .74 in the corresponding period of 2008 ",negative,"raute reported a loss per share of eur0 .86 for the first half of 2009 , against eps of eur0 .74 in the corresponding period of 2008",raute reported a loss per share of for the first half of against eps of in the corresponding period of
The move was triggered by weak demand for forestry equipment and the uncertain market situation ,negative,the move was triggered by weak demand for forestry equipment and the uncertain market situation,the move was triggered by weak demand for forestry equipment and the uncertain market situation
The situation of coated magazine printing paper will continue to be weak ,negative,the situation of coated magazine printing paper will continue to be weak,the situation of coated magazine printing paper will continue to be weak
"Copper , lead and nickel also dropped ... HBOS ( HBOS ) plummeted 20 % to 70.3 pence after saying this year+ï¿½ ?",negative,"copper , lead and nickel also dropped ... hbos ( hbos ) plummeted 20 % to 70.3 pence after saying this year+ï¿½ ?",copper lead and nickel also dropped hbos hbos plummeted to pence after saying this
"During the strike , Finnair estimates to incur a net loss of between EUR2m and EUR2 .5 m per day ",negative,"during the strike , finnair estimates to incur a net loss of between eur2m and eur2 .5 m per day",during the strike finnair estimates to incur a net loss of between and m per day
Earnings per share ( EPS ) dropped to EUR 0.21 from EUR 0.31 ,negative,earnings per share ( eps ) dropped to eur 0.21 from eur 0.31,earnings per share eps dropped to eur from eur
"Finnair 's passenger load factor , which measures the number of sold seats as a share of all available seats , dropped by 1.3 percentage points to 76.7 % in September ",negative,"finnair 's passenger load factor , which measures the number of sold seats as a share of all available seats , dropped by 1.3 percentage points to 76.7 % in september",finnair passenger load factor which measures the number of sold seats as a share of all available seats dropped by percentage points to in september
"Frost sold shares for $ 19 million at $ 6.06-7 .12 per share , compared with Friday 's high of $ 11.33 and low of $ 10.14 ",negative,"frost sold shares for $ 19 million at $ 6.06-7 .12 per share , compared with friday 's high of $ 11.33 and low of $ 10.14",frost sold shares for million at per share compared with friday high of and low of
Glaston 's net profit for the third quarter of 2007 dropped to 2.4 mln euro ( $ 3.5 mln ) from 3.5 mln euro ( $ 5.1 mln ) for the corresponding period of 2006 ,negative,glaston 's net profit for the third quarter of 2007 dropped to 2.4 mln euro ( $ 3.5 mln ) from 3.5 mln euro ( $ 5.1 mln ) for the corresponding period of 2006,glaston net profit for the third quarter of dropped to mln euro mln from mln euro mln for the corresponding period of
L&T 's net profit for the whole 2010 dropped to EUR 36 million from EUR 45 million for 2009 ,negative,l&t 's net profit for the whole 2010 dropped to eur 36 million from eur 45 million for 2009,l t net profit for the whole dropped to eur million from eur million for
"Lassila & Tikanoja 's operating profit excluding non-recurring and imputed items for the second quarter was EUR11 .3 m , down from EUR13 .8 m a year ago ",negative,"lassila & tikanoja 's operating profit excluding non-recurring and imputed items for the second quarter was eur11 .3 m , down from eur13 .8 m a year ago",lassila tikanoja operating profit excluding and imputed items for the second quarter was m down from m a year ago
"Net cash flow from operating activities was a negative EUR 3.1 mn , compared to EUR 23.3 mn in the corresponding period in 2009 ",negative,"net cash flow from operating activities was a negative eur 3.1 mn , compared to eur 23.3 mn in the corresponding period in 2009",net cash flow from operating activities was a negative eur mn compared to eur mn in the corresponding period in
"Net cash from operating activities was a negative EUR 0.3 mn , compared to EUR 30.9 mn in 2009 ",negative,"net cash from operating activities was a negative eur 0.3 mn , compared to eur 30.9 mn in 2009",net cash from operating activities was a negative eur mn compared to eur mn in
Net sales dropped by 6 % year-on-year to EUR 11.9 million ,negative,net sales dropped by 6 % year-on-year to eur 11.9 million,net sales dropped by to eur million
Net sales have been eaten by the weak US dollar ,negative,net sales have been eaten by the weak us dollar,net sales have been eaten by the weak us dollar
"Nordic banks have already had to write off sizable loans in Latvia , with Swedbank , Nordea , DnB NOR and SEB reporting combined losses in excess of $ 1.35 billion in the period 2007 to 2010 against a backdrop of near economic meltdown in Latvia ",negative,"nordic banks have already had to write off sizable loans in latvia , with swedbank , nordea , dnb nor and seb reporting combined losses in excess of $ 1.35 billion in the period 2007 to 2010 against a backdrop of near economic meltdown in latvia",nordic banks have already had to write off sizable loans in latvia with swedbank nordea dnb nor and seb reporting combined losses in excess of billion in the period to against a backdrop of near economic meltdown in latvia
Okmetic expects its net sales for the first half of 2009 to be less than in 2008 ,negative,okmetic expects its net sales for the first half of 2009 to be less than in 2008,okmetic expects its net sales for the first half of to be less than in
"Operating profit , excluding non-recurring items , totaled EUR 0.2 mn , down from EUR 0.8 mn in the corresponding period in 2006 ",negative,"operating profit , excluding non-recurring items , totaled eur 0.2 mn , down from eur 0.8 mn in the corresponding period in 2006",operating profit excluding items totaled eur mn down from eur mn in the corresponding period in
"Operating profit , excluding non-recurring items , totalled EUR 1.0 mn , down from EUR 1.6 mn ",negative,"operating profit , excluding non-recurring items , totalled eur 1.0 mn , down from eur 1.6 mn",operating profit excluding items totalled eur mn down from eur mn
"Operating profit , excluding non-recurring items , totalled EUR 2.2 mn , down from EUR 2.7 mn in the corresponding period in 2008 ",negative,"operating profit , excluding non-recurring items , totalled eur 2.2 mn , down from eur 2.7 mn in the corresponding period in 2008",operating profit excluding items totalled eur mn down from eur mn in the corresponding period in
"Operating profit excluding non-recurring items amounted to EUR 40.6 mn , down from EUR 57.3 mn year-on-year ",negative,"operating profit excluding non-recurring items amounted to eur 40.6 mn , down from eur 57.3 mn year-on-year",operating profit excluding items amounted to eur mn down from eur mn
Operating profit excluding non-recurring items was EUR 7.8 million compared to EUR 11.2 million ,negative,operating profit excluding non-recurring items was eur 7.8 million compared to eur 11.2 million,operating profit excluding items was eur million compared to eur million
Relations with the City have been further damaged by comments from Mr Ashley criticising City investors and analysts as `` cry babies '' ,negative,relations with the city have been further damaged by comments from mr ashley criticising city investors and analysts as `` cry babies '',relations with the city have been further damaged by comments from mr ashley criticising city investors and analysts as cry babies
Reported operating margin was a negative 5.9 % ,negative,reported operating margin was a negative 5.9 %,reported operating margin was a negative
Swedbank 's shares have been hardest hit of the Swedish banks by the ongoing international financial crisis ,negative,swedbank 's shares have been hardest hit of the swedish banks by the ongoing international financial crisis,swedbank shares have been hardest hit of the swedish banks by the ongoing international financial crisis
"The currency effect had a 3.0 pct , or 20 mln euro ( $ 31.3 mln ) , negative impact on the revenue ",negative,"the currency effect had a 3.0 pct , or 20 mln euro ( $ 31.3 mln ) , negative impact on the revenue",the currency effect had a pct or mln euro mln negative impact on the revenue
"The period 's sales dropped to EUR 30.6 million from EUR 38.3 million , according to the interim report , released today ",negative,"the period 's sales dropped to eur 30.6 million from eur 38.3 million , according to the interim report , released today",the period sales dropped to eur million from eur million according to the interim report released today
"Therefore , the company 's 2005 result will remain weaker than that of 2004 ",negative,"therefore , the company 's 2005 result will remain weaker than that of 2004",therefore the company result will remain weaker than that of
Vaisala 's net profit for the third quarter of 2007 dropped to 3.0 mln euro ( $ 4.3 mln ) from 6.8 mln euro ( $ 9.8 mln ) for the same period of 2006 ,negative,vaisala 's net profit for the third quarter of 2007 dropped to 3.0 mln euro ( $ 4.3 mln ) from 6.8 mln euro ( $ 9.8 mln ) for the same period of 2006,vaisala net profit for the third quarter of dropped to mln euro mln from mln euro mln for the same period of
"`` The implementation of these programs has had , and will have , negative impacts on 2006 and 2007 earnings , '' Mr Meiklejohn said ",negative,"`` the implementation of these programs has had , and will have , negative impacts on 2006 and 2007 earnings , '' mr meiklejohn said",the implementation of these programs has had and will have negative impacts on and earnings mr meiklejohn said
A survey conducted by Taloustutkimus for Sampo Life shows that companies are badly prepared to losing key staff members ,negative,a survey conducted by taloustutkimus for sampo life shows that companies are badly prepared to losing key staff members,a survey conducted by taloustutkimus for sampo life shows that companies are badly prepared to losing key staff members
"Agricultural newspaper Maaseudun Tulevaisuus had 318,000 readers , representing a decrease of 6 % ",negative,"agricultural newspaper maaseudun tulevaisuus had 318,000 readers , representing a decrease of 6 %",agricultural newspaper maaseudun tulevaisuus had readers representing a decrease of
"At 1411 CET , ArcelorMittal had lost 7.26 % to EUR 17.38 on Euronext Paris , coming at the lead of the blue-chip fallers ",negative,"at 1411 cet , arcelormittal had lost 7.26 % to eur 17.38 on euronext paris , coming at the lead of the blue-chip fallers",at cet arcelormittal had lost to eur on euronext paris coming at the lead of the fallers
Cash flow from operations in January-December 2008 was a negative EUR 18.1 mn compared to EUR 39.0 mn in the corresponding period in 2007 ,negative,cash flow from operations in january-december 2008 was a negative eur 18.1 mn compared to eur 39.0 mn in the corresponding period in 2007,cash flow from operations in was a negative eur mn compared to eur mn in the corresponding period in
EPS dropped to EUR0 .2 from EUR0 .3 ,negative,eps dropped to eur0 .2 from eur0 .3,eps dropped to from
Kone shares dropped 4.1 percent to  x20ac 43 US$ 55.77 in Helsinki ,negative,kone shares dropped 4.1 percent to x20ac 43 us$ 55.77 in helsinki,kone shares dropped percent to us in helsinki
"The EU Commission said earlier it had fined ThyssenKrupp , United Technologies Corp 's Otis , Schindler AG and Kone Oyj a total of 992.3 mln eur for alleged cartel activity in the lift market going back twelve years ",negative,"the eu commission said earlier it had fined thyssenkrupp , united technologies corp 's otis , schindler ag and kone oyj a total of 992.3 mln eur for alleged cartel activity in the lift market going back twelve years",the eu commission said earlier it had fined thyssenkrupp united technologies corp otis schindler ag and kone oyj a total of mln eur for alleged cartel activity in the lift market going back twelve years
"The period 's sales dropped to EUR30 .6 m from EUR38 .3 m , according to the interim report , released today ",negative,"the period 's sales dropped to eur30 .6 m from eur38 .3 m , according to the interim report , released today",the period sales dropped to m from m according to the interim report released today
"YIT lodged counter claims against Neste Oil totaling some EUR25m , primarily based on work carried out under the contract and additional costs incurred due to prolongation of the project ",negative,"yit lodged counter claims against neste oil totaling some eur25m , primarily based on work carried out under the contract and additional costs incurred due to prolongation of the project",yit lodged counter claims against neste oil totaling some primarily based on work carried out under the contract and additional costs incurred due to prolongation of the project
"` The stable outlook reflects Nokia 's strong market position in the global mobile handset market , strong cash flow generation , and very conservative balance sheet , ' said Raab ",positive,"` the stable outlook reflects nokia 's strong market position in the global mobile handset market , strong cash flow generation , and very conservative balance sheet , ' said raab",the stable outlook reflects nokia strong market position in the global mobile handset market strong cash flow generation and very conservative balance sheet said raab
"These financing arrangements will enable the company to ensure , in line with its treasury policy , that it has sufficient financial instruments at its disposal for its potential capital requirements ",positive,"these financing arrangements will enable the company to ensure , in line with its treasury policy , that it has sufficient financial instruments at its disposal for its potential capital requirements",these financing arrangements will enable the company to ensure in line with its treasury policy that it has sufficient financial instruments at its disposal for its potential capital requirements
"efficiency improvement measures 20 January 2010 - Finnish stationery and gift retailer Tiimari HEL : TII1V said today that it will continue to improve its operational efficiency , by focusing on its profitable core operations ",positive,"efficiency improvement measures 20 january 2010 - finnish stationery and gift retailer tiimari hel : tii1v said today that it will continue to improve its operational efficiency , by focusing on its profitable core operations",efficiency improvement measures january finnish stationery and gift retailer tiimari hel said today that it will continue to improve its operational efficiency by focusing on its profitable core operations
Efore 's results for the last quarter showed an even faster improvement as the company managed to better source its components ,positive,efore 's results for the last quarter showed an even faster improvement as the company managed to better source its components,efore results for the last quarter showed an even faster improvement as the company managed to better source its components
Technical indicators for the stock are bullish and S&P gives NOK a positive 4 STARS out of 5 buy ranking ,positive,technical indicators for the stock are bullish and s&p gives nok a positive 4 stars out of 5 buy ranking,technical indicators for the stock are bullish and s p gives nok a positive stars out of buy ranking
"The restructuring creates a more efficient organization with increased operational focus and stable profitability , and leads to more efficient production , said Bo Annvik , head of Specialty Stainless ",positive,"the restructuring creates a more efficient organization with increased operational focus and stable profitability , and leads to more efficient production , said bo annvik , head of specialty stainless",the restructuring creates a more efficient organization with increased operational focus and stable profitability and leads to more efficient production said bo annvik head of specialty stainless
"`` We 're delighted with the move '' says Morna Cowie , co-owner , above , `` it 's double the size of our current shop and has a lovely feel to it . '",positive,"`` we 're delighted with the move '' says morna cowie , co-owner , above , `` it 's double the size of our current shop and has a lovely feel to it . '",we delighted with the move says morna cowie above it double the size of our current shop and has a lovely feel to it
"`` After a long , unprofitable period the Food Division posted a profitable result , which speaks of a healthier cost structure and a new approach in business operations , '' Rihko said ",positive,"`` after a long , unprofitable period the food division posted a profitable result , which speaks of a healthier cost structure and a new approach in business operations , '' rihko said",after a long unprofitable period the food division posted a profitable result which speaks of a healthier cost structure and a new approach in business operations rihko said
Earnings per share were higher at 0.48 against 0.37 a year before and ahead of market consensus of 0.40 eur ,positive,earnings per share were higher at 0.48 against 0.37 a year before and ahead of market consensus of 0.40 eur,earnings per share were higher at against a year before and ahead of market consensus of eur
"29 September , 2010 Finnish waste management and recycling company Lassila & Tikanoja expands its operations in Russia by introducing its recently completed recycling plant in the city of Dubna near Moscow ",positive,"29 september , 2010 finnish waste management and recycling company lassila & tikanoja expands its operations in russia by introducing its recently completed recycling plant in the city of dubna near moscow",september finnish waste management and recycling company lassila tikanoja expands its operations in russia by introducing its recently completed recycling plant in the city of dubna near moscow
"`` Method and System for Controlling a Hard Disk Drive Using a Multimediacard Physical Interface '' was invented by Marko Ahvenainen Ruutana , Finland ",neutral,"`` method and system for controlling a hard disk drive using a multimediacard physical interface '' was invented by marko ahvenainen ruutana , finland",method and system for controlling a hard disk drive using a multimediacard physical interface was invented by marko ahvenainen ruutana finland
"The 10,000-odd square metre plot that Stockmann has bought for the Nevsky Center shopping center is located on Nevsky Prospect , St Petersburg 's high street , next to the Vosstaniya Square underground station , in the immediate vicinity of Moscow Station ",neutral,"the 10,000-odd square metre plot that stockmann has bought for the nevsky center shopping center is located on nevsky prospect , st petersburg 's high street , next to the vosstaniya square underground station , in the immediate vicinity of moscow station",the square metre plot that stockmann has bought for the nevsky center shopping center is located on nevsky prospect st petersburg high street next to the vosstaniya square underground station in the immediate vicinity of moscow station
"Typically , the transmission power level can be decreased when the interference noise is above a predefined value ",neutral,"typically , the transmission power level can be decreased when the interference noise is above a predefined value",typically the transmission power level can be decreased when the interference noise is above a predefined value
"Sukhraj Dulai , of the 2900 block of Boni Sue Court , a cul-de-sac on the city 's north side , started the vehicle and went inside his house about 8 a.m. Tuesday , leaving the garage door open ",neutral,"sukhraj dulai , of the 2900 block of boni sue court , a cul-de-sac on the city 's north side , started the vehicle and went inside his house about 8 a.m. tuesday , leaving the garage door open",sukhraj dulai of the block of boni sue court a on the city north side started the vehicle and went inside his house about tuesday leaving the garage door open
"Typical end-uses include roof structures , floorings , walls and ceilings , non-visible structures in vehicles , packaging and boxes , construction site structures , fencing and shelters , and formwork with a limited number of concrete pourings ",neutral,"typical end-uses include roof structures , floorings , walls and ceilings , non-visible structures in vehicles , packaging and boxes , construction site structures , fencing and shelters , and formwork with a limited number of concrete pourings",typical include roof structures floorings walls and ceilings structures in vehicles packaging and boxes construction site structures fencing and shelters and formwork with a limited number of concrete pourings
"Tallink Silja attributes the significant drop to problems with the booking system that was taken into operation in October , the sale of trailer ferry ` Sky Wind ' and the route between Stockholm and Riga , which has won passengers from the Helsinki-Stockholm route ",negative,"tallink silja attributes the significant drop to problems with the booking system that was taken into operation in october , the sale of trailer ferry ` sky wind ' and the route between stockholm and riga , which has won passengers from the helsinki-stockholm route",tallink silja attributes the significant drop to problems with the booking system that was taken into operation in october the sale of trailer ferry sky wind and the route between stockholm and riga which has won passengers from the route
"`` Adjustment to the fall in price level , in contrast , has been less effective ",negative,"`` adjustment to the fall in price level , in contrast , has been less effective",adjustment to the fall in price level in contrast has been less effective
17 March 2011 - Goldman Sachs estimates that there are negative prospects for the Norwegian mobile operations of Norway 's Telenor ASA OSL : TEL and Sweden 's TeliaSonera AB STO : TLSN in the short term ,negative,17 march 2011 - goldman sachs estimates that there are negative prospects for the norwegian mobile operations of norway 's telenor asa osl : tel and sweden 's teliasonera ab sto : tlsn in the short term,march goldman sachs estimates that there are negative prospects for the norwegian mobile operations of norway telenor asa osl tel and sweden teliasonera ab sto tlsn in the short term
"Based on the first quarter result , existing order backlog and new order prospects , the company expects that full-year sales will contract by 25 % from 2008 , the gross margin will stay at a healthy level , and the operating profit margin will be lower than in 2008 due to lower sales volume ",negative,"based on the first quarter result , existing order backlog and new order prospects , the company expects that full-year sales will contract by 25 % from 2008 , the gross margin will stay at a healthy level , and the operating profit margin will be lower than in 2008 due to lower sales volume",based on the first quarter result existing order backlog and new order prospects the company expects that sales will contract by from the gross margin will stay at a healthy level and the operating profit margin will be lower than in due to lower sales volume
"Key shareholders of Finnish IT services provider TietoEnator Oyj on Friday rejected a hostile EUR1 .08 billion $ 1.67 billion offer from buyout shop Nordic Capital , giving new life to a possible counter offer from Blackstone Group LP and Norwegian telecom Telenor ASA ",positive,"key shareholders of finnish it services provider tietoenator oyj on friday rejected a hostile eur1 .08 billion $ 1.67 billion offer from buyout shop nordic capital , giving new life to a possible counter offer from blackstone group lp and norwegian telecom telenor asa",key shareholders of finnish it services provider tietoenator oyj on friday rejected a hostile billion billion offer from buyout shop nordic capital giving new life to a possible counter offer from blackstone group lp and norwegian telecom telenor asa
"He answers questions on how many visitors Conversations gets , how big the team is and what the problems are when setting up social media channels ",neutral,"he answers questions on how many visitors conversations gets , how big the team is and what the problems are when setting up social media channels",he answers questions on how many visitors conversations gets how big the team is and what the problems are when setting up social media channels
BioTie North-American licensing partner Somaxon Pharmaceuticals started a phase II-III clinical study in patients suffering from pathological gambling and a pilot phase II study in nicotine addiction smoking cessation ,neutral,biotie north-american licensing partner somaxon pharmaceuticals started a phase ii-iii clinical study in patients suffering from pathological gambling and a pilot phase ii study in nicotine addiction smoking cessation,biotie licensing partner somaxon pharmaceuticals started a phase clinical study in patients suffering from pathological gambling and a pilot phase ii study in nicotine addiction smoking cessation
"For 24-hour news , try ICIS news www.icis.com Click `` trial '' , then ICIS new",neutral,"for 24-hour news , try icis news www.icis.com click `` trial '' , then icis new",for news try icis news click trial then icis new
He wore a black beanie-type cap and a black jacket ,neutral,he wore a black beanie-type cap and a black jacket,he wore a black cap and a black jacket
The products have a low salt and fat content ,neutral,the products have a low salt and fat content,the products have a low salt and fat content
Finnair believes the strike will cause it daily net losses in excess of EUR 2mn due to canceled reservations and passenger re-routing ,negative,finnair believes the strike will cause it daily net losses in excess of eur 2mn due to canceled reservations and passenger re-routing,finnair believes the strike will cause it daily net losses in excess of eur due to canceled reservations and passenger
"HELSINKI Thomson Financial - Shares closed little changed , with Cargotec and Huhtamaki dropping sharply on disappointing second-quarter reports ",negative,"helsinki thomson financial - shares closed little changed , with cargotec and huhtamaki dropping sharply on disappointing second-quarter reports",helsinki thomson financial shares closed little changed with cargotec and huhtamaki dropping sharply on disappointing reports
"The airline estimated that the cancellation of its flights due to the closure of European airspace , and the process of recommencing traffic , have caused a the company a loss of EUR20m , including the costs of stranded passengers ' accommodation ",negative,"the airline estimated that the cancellation of its flights due to the closure of european airspace , and the process of recommencing traffic , have caused a the company a loss of eur20m , including the costs of stranded passengers ' accommodation",the airline estimated that the cancellation of its flights due to the closure of european airspace and the process of recommencing traffic have caused a the company a loss of including the costs of stranded passengers accommodation
Ruukki Group calculates that it has lost EUR 4mn in the failed project ,negative,ruukki group calculates that it has lost eur 4mn in the failed project,ruukki group calculates that it has lost eur in the failed project
"Samsung currently occupies third place and lost ground during the quarter , dropping by 1.8 % to an 11.1 % share overall ",negative,"samsung currently occupies third place and lost ground during the quarter , dropping by 1.8 % to an 11.1 % share overall",samsung currently occupies third place and lost ground during the quarter dropping by to an share overall
"The Baltimore Police and Fire Pension , which has about $ 1.5 billion , lost about $ 3.5 million in Madoff Ponzi scheme ",negative,"the baltimore police and fire pension , which has about $ 1.5 billion , lost about $ 3.5 million in madoff ponzi scheme",the baltimore police and fire pension which has about billion lost about million in madoff ponzi scheme
"`` Small firms are suffering at the moment because they are likely to have money trouble , '' he added ",negative,"`` small firms are suffering at the moment because they are likely to have money trouble , '' he added",small firms are suffering at the moment because they are likely to have money trouble he added
"Dealers said the share was largely hit by investor disappointment about a refining margin of just 9.48 usd per barrel for the quarter and the performance of its shipping unit , which saw EBIT drop to 5 mln eur from 20 mln eur a year amid a fall in volumes and tanker rates ",negative,"dealers said the share was largely hit by investor disappointment about a refining margin of just 9.48 usd per barrel for the quarter and the performance of its shipping unit , which saw ebit drop to 5 mln eur from 20 mln eur a year amid a fall in volumes and tanker rates",dealers said the share was largely hit by investor disappointment about a refining margin of just usd per barrel for the quarter and the performance of its shipping unit which saw ebit drop to mln eur from mln eur a year amid a fall in volumes and tanker rates
"Making matters more difficult , the company said it has been grappling with higher oil and gas prices , which have pushed up the cost of energy , raw materials and transportation ",negative,"making matters more difficult , the company said it has been grappling with higher oil and gas prices , which have pushed up the cost of energy , raw materials and transportation",making matters more difficult the company said it has been grappling with higher oil and gas prices which have pushed up the cost of energy raw materials and transportation
One of the headboxes will be equipped with a modern consistency control system to ensure cross machine profile of the plasterboard ,neutral,one of the headboxes will be equipped with a modern consistency control system to ensure cross machine profile of the plasterboard,one of the headboxes will be equipped with a modern consistency control system to ensure cross machine profile of the plasterboard
"The result will also be burdened by increased fixed costs associated with operations in China , and restructuring costs in Japan ",negative,"the result will also be burdened by increased fixed costs associated with operations in china , and restructuring costs in japan",the result will also be burdened by increased fixed costs associated with operations in china and restructuring costs in japan
"As part of the transaction , M-real and Sappi have also signed a long-term agreement on the supply of pulp and BCTMP and other smaller services and supplies ",positive,"as part of the transaction , m-real and sappi have also signed a long-term agreement on the supply of pulp and bctmp and other smaller services and supplies",as part of the transaction and sappi have also signed a agreement on the supply of pulp and bctmp and other smaller services and supplies
"Earlier today , Geberit 's Finnish rival Uponor OYJ cut its full-year sales growth forecast to 6 pct from 10 pct , blaming tough conditions in Germany and the US , as well as currency factors ",negative,"earlier today , geberit 's finnish rival uponor oyj cut its full-year sales growth forecast to 6 pct from 10 pct , blaming tough conditions in germany and the us , as well as currency factors",earlier today geberit finnish rival uponor oyj cut its sales growth forecast to pct from pct blaming tough conditions in germany and the us as well as currency factors
"Operating loss totalled EUR 0.9 mn , down from a profit of EUR 2.7 mn ",negative,"operating loss totalled eur 0.9 mn , down from a profit of eur 2.7 mn",operating loss totalled eur mn down from a profit of eur mn
"The group 's operating loss was EUR 0.8 mn , down from a profit of EUR 2.5 mn in 2004 ",negative,"the group 's operating loss was eur 0.8 mn , down from a profit of eur 2.5 mn in 2004",the group operating loss was eur mn down from a profit of eur mn in
"The Finnish national carrier said net loss in April through June was euro26 million , down from a net profit of euro13 million a year earlier ",negative,"the finnish national carrier said net loss in april through june was euro26 million , down from a net profit of euro13 million a year earlier",the finnish national carrier said net loss in april through june was million down from a net profit of million a year earlier
"It generated an operating loss of EUR 96.3 mn , down from a profit of EUR 43.9 mn ",negative,"it generated an operating loss of eur 96.3 mn , down from a profit of eur 43.9 mn",it generated an operating loss of eur mn down from a profit of eur mn
"Below are consolidated , unaudited results for Amanda Capital under IFRS reporting standards ",neutral,"below are consolidated , unaudited results for amanda capital under ifrs reporting standards",below are consolidated unaudited results for amanda capital under ifrs reporting standards
Below are unaudited consolidated results for Aspocomp Group under IFRS reporting standards ,neutral,below are unaudited consolidated results for aspocomp group under ifrs reporting standards,below are unaudited consolidated results for aspocomp group under ifrs reporting standards
Elcoteq SE is Europe 's largest contract electronics maker and has set up a unit in Bangalore in association with Avista Advisory of Mumbai ,neutral,elcoteq se is europe 's largest contract electronics maker and has set up a unit in bangalore in association with avista advisory of mumbai,elcoteq se is europe largest contract electronics maker and has set up a unit in bangalore in association with avista advisory of mumbai
"However , two of the previously ordered sets will start producing electricity at the end of October 2010 , it said ",neutral,"however , two of the previously ordered sets will start producing electricity at the end of october 2010 , it said",however two of the previously ordered sets will start producing electricity at the end of october it said
- Net sales for the period are expected to fall well below that of last year and the result after non-recurring items is expected to be in the red ,negative,- net sales for the period are expected to fall well below that of last year and the result after non-recurring items is expected to be in the red,net sales for the period are expected to fall well below that of last year and the result after items is expected to be in the red
"In Finland , the Bank of +ï¿½land reports its operating profit fell to EUR 6.1 mn in the second quarter of 2008 from EUR 7.5 mn in the second quarter of 2007 ",negative,"in finland , the bank of +ï¿½land reports its operating profit fell to eur 6.1 mn in the second quarter of 2008 from eur 7.5 mn in the second quarter of 2007",in finland the bank of reports its operating profit fell to eur mn in the second quarter of from eur mn in the second quarter of
"Budapest , August 10 MTI - Finnish electronics maker Elcoteq will lay off 700 workers at its plants in Pecs S Hungary at the end of September because of falling orders , communications director for Elcoteq 's local unit , Zoltan Krippl told MTI on Monday ",negative,"budapest , august 10 mti - finnish electronics maker elcoteq will lay off 700 workers at its plants in pecs s hungary at the end of september because of falling orders , communications director for elcoteq 's local unit , zoltan krippl told mti on monday",budapest august mti finnish electronics maker elcoteq will lay off workers at its plants in pecs s hungary at the end of september because of falling orders communications director for elcoteq local unit zoltan krippl told mti on monday
Earnings per share EPS in 2005 decreased to EUR0 .66 from EUR1 .15 in 2004 ,negative,earnings per share eps in 2005 decreased to eur0 .66 from eur1 .15 in 2004,earnings per share eps in decreased to from in
"Finnair 's Tallinn-based subsidiary , Aero AS , carried 23,335 passengers , a decline of 60.8 % , on routes between Helsinki and the Baltic capitals and within Southern Finland ",negative,"finnair 's tallinn-based subsidiary , aero as , carried 23,335 passengers , a decline of 60.8 % , on routes between helsinki and the baltic capitals and within southern finland",finnair subsidiary aero as carried passengers a decline of on routes between helsinki and the baltic capitals and within southern finland
"ADPnews - Aug 3 , 2009 - Finnish media group Ilkka-Yhtyma Oyj HEL : ILK2S said today its net profit fell 45 % on the year to EUR 5.9 million USD 8.4 m in the first half of 2009 ",negative,"adpnews - aug 3 , 2009 - finnish media group ilkka-yhtyma oyj hel : ilk2s said today its net profit fell 45 % on the year to eur 5.9 million usd 8.4 m in the first half of 2009",adpnews aug finnish media group oyj hel said today its net profit fell on the year to eur million usd m in the first half of
Operating profit for 2009 lower than outlook published earlier ,negative,operating profit for 2009 lower than outlook published earlier,operating profit for lower than outlook published earlier
Operating profit for continuing operations fell to EUR 48.3 mn from EUR 72.4 mn in the first half of 2007 ,negative,operating profit for continuing operations fell to eur 48.3 mn from eur 72.4 mn in the first half of 2007,operating profit for continuing operations fell to eur mn from eur mn in the first half of
"Revenue for the quarter totaled 27.4 billion , down 2 percent from 28.1 billion in the fourth quarter in 2008 ",negative,"revenue for the quarter totaled 27.4 billion , down 2 percent from 28.1 billion in the fourth quarter in 2008",revenue for the quarter totaled billion down percent from billion in the fourth quarter in
"Sampo Bank 's market share of lending was 13.6 % , down from 14.4 % in the first quarter of 2008 ",negative,"sampo bank 's market share of lending was 13.6 % , down from 14.4 % in the first quarter of 2008",sampo bank market share of lending was down from in the first quarter of
Sanoma News ' advertising sales decreased by 22 % during the year ,negative,sanoma news ' advertising sales decreased by 22 % during the year,sanoma news advertising sales decreased by during the year
Finnish Bank of +ï¿½land reports its operating profit fell to EUR 4.9 mn in the third quarter of 2007 from EUR 5.6 mn in the third quarter of 2006 ,negative,finnish bank of +ï¿½land reports its operating profit fell to eur 4.9 mn in the third quarter of 2007 from eur 5.6 mn in the third quarter of 2006,finnish bank of reports its operating profit fell to eur mn in the third quarter of from eur mn in the third quarter of
"Finnish Bank of +ï¿½land reports operating profit of EUR 2.2 mn in the first quarter of 2010 , down from EUR 6.3 mn in the corresponding period in 2009 ",negative,"finnish bank of +ï¿½land reports operating profit of eur 2.2 mn in the first quarter of 2010 , down from eur 6.3 mn in the corresponding period in 2009",finnish bank of reports operating profit of eur mn in the first quarter of down from eur mn in the corresponding period in
"Finnish electronics contract manufacturer Scanfil reports net sales of EUR 241.2 mn in 2006 , down from EUR 321.6 mn in 2005 ",negative,"finnish electronics contract manufacturer scanfil reports net sales of eur 241.2 mn in 2006 , down from eur 321.6 mn in 2005",finnish electronics contract manufacturer scanfil reports net sales of eur mn in down from eur mn in
"Finnish electronics contract manufacturer Scanfil reports net sales of EUR 58.9 mn in the second quarter of 2007 , down from EUR 62.4 mn a year earlier ",negative,"finnish electronics contract manufacturer scanfil reports net sales of eur 58.9 mn in the second quarter of 2007 , down from eur 62.4 mn a year earlier",finnish electronics contract manufacturer scanfil reports net sales of eur mn in the second quarter of down from eur mn a year earlier
"Finnish Exel Composites , a technology company that designs , manufactures , and markets composite profiles and tubes for various industrial applications , reports its net sales decreased by 0.6 % in the second quarter of 2010 to EUR 19.2 mn from EUR 19.3 mn in the corresponding period in 2009 ",negative,"finnish exel composites , a technology company that designs , manufactures , and markets composite profiles and tubes for various industrial applications , reports its net sales decreased by 0.6 % in the second quarter of 2010 to eur 19.2 mn from eur 19.3 mn in the corresponding period in 2009",finnish exel composites a technology company that designs manufactures and markets composite profiles and tubes for various industrial applications reports its net sales decreased by in the second quarter of to eur mn from eur mn in the corresponding period in
"Finnish GeoSentric 's net sales decreased to EUR 939,000 in January-March 2009 ",negative,"finnish geosentric 's net sales decreased to eur 939,000 in january-march 2009",finnish geosentric net sales decreased to eur in
"Finnish Kemira 's net sales EUR decreased to EUR 1,259.6 mn in January-June 2009 from EUR 1,425.1 mn in January-June 2008 ",negative,"finnish kemira 's net sales eur decreased to eur 1,259.6 mn in january-june 2009 from eur 1,425.1 mn in january-june 2008",finnish kemira net sales eur decreased to eur mn in from eur mn in
"Finnish plumbing and heating systems supplier Uponor 's net sales from continuing operations decreased by 9.4 % in 2008 to EUR 949.2 mn from EUR 1,047.4 mn in 2007 ",negative,"finnish plumbing and heating systems supplier uponor 's net sales from continuing operations decreased by 9.4 % in 2008 to eur 949.2 mn from eur 1,047.4 mn in 2007",finnish plumbing and heating systems supplier uponor net sales from continuing operations decreased by in to eur mn from eur mn in
"Finnish plumbing and heating systems supplier Uponor 's net sales in continuing business operations decreased to EUR 249.1 mn in July-September 2008 , compared to EUR 262.1 mn in the third quarter of 2007 ",negative,"finnish plumbing and heating systems supplier uponor 's net sales in continuing business operations decreased to eur 249.1 mn in july-september 2008 , compared to eur 262.1 mn in the third quarter of 2007",finnish plumbing and heating systems supplier uponor net sales in continuing business operations decreased to eur mn in compared to eur mn in the third quarter of
"Finnish Scanfil , a contract manufacturer and systems supplier for communication and industrial electronics reports net sales of EUR 108.7 mn in the first half of 2008 , down from EUR 111.1 mn a year earlier ",negative,"finnish scanfil , a contract manufacturer and systems supplier for communication and industrial electronics reports net sales of eur 108.7 mn in the first half of 2008 , down from eur 111.1 mn a year earlier",finnish scanfil a contract manufacturer and systems supplier for communication and industrial electronics reports net sales of eur mn in the first half of down from eur mn a year earlier
"Finnish Scanfil , a systems supplier and contract manufacturer to the communications sector and the electronics industry , reports its net sales totalled EUR 94.7 mn in the first half of 2010 , down from EUR 99.5 mn in the first half of 2009 ",negative,"finnish scanfil , a systems supplier and contract manufacturer to the communications sector and the electronics industry , reports its net sales totalled eur 94.7 mn in the first half of 2010 , down from eur 99.5 mn in the first half of 2009",finnish scanfil a systems supplier and contract manufacturer to the communications sector and the electronics industry reports its net sales totalled eur mn in the first half of down from eur mn in the first half of
"Finnish shipping company Finnlines , of the Grimaldi Group , reports its net sales decreased to EUR 241.8 mn in January-June 2009 from EUR 384.0 mn in the corresponding period in 2008 ",negative,"finnish shipping company finnlines , of the grimaldi group , reports its net sales decreased to eur 241.8 mn in january-june 2009 from eur 384.0 mn in the corresponding period in 2008",finnish shipping company finnlines of the grimaldi group reports its net sales decreased to eur mn in from eur mn in the corresponding period in
"Cargo traffic fell 1 % year-on-year to 8,561 tonnes in September 2009 ",negative,"cargo traffic fell 1 % year-on-year to 8,561 tonnes in september 2009",cargo traffic fell to tonnes in september
"Cash flow after investments amounted to EUR45m , down from EUR46m ",negative,"cash flow after investments amounted to eur45m , down from eur46m",cash flow after investments amounted to down from
"Coca-Cola was the market leader of manufacturers with a market share of 36.9 % , down 2.2 % from the corresponding period in 2004-2005 ",negative,"coca-cola was the market leader of manufacturers with a market share of 36.9 % , down 2.2 % from the corresponding period in 2004-2005",was the market leader of manufacturers with a market share of down from the corresponding period in
Comparable operating profit decreased to EUR 13.8 mn from EUR 17.1 mn in the corresponding period in 2005 ,negative,comparable operating profit decreased to eur 13.8 mn from eur 17.1 mn in the corresponding period in 2005,comparable operating profit decreased to eur mn from eur mn in the corresponding period in
Consolidated operating profit from continuing operations decreased by 62.3 % to EUR 51.2 mn from EUR 135.7 mn in 2007 ,negative,consolidated operating profit from continuing operations decreased by 62.3 % to eur 51.2 mn from eur 135.7 mn in 2007,consolidated operating profit from continuing operations decreased by to eur mn from eur mn in
Consolidated pretax profit decreased by 69.2 % to EUR 41.0 mn from EUR 133.1 mn in 2007 ,negative,consolidated pretax profit decreased by 69.2 % to eur 41.0 mn from eur 133.1 mn in 2007,consolidated pretax profit decreased by to eur mn from eur mn in
Device volume in the area decreased by 21 % to 2.7 mn units ,negative,device volume in the area decreased by 21 % to 2.7 mn units,device volume in the area decreased by to mn units
Diluted earnings per share ( EPS ) declined to EUR 0.78 from EUR 1.76 ,negative,diluted earnings per share ( eps ) declined to eur 0.78 from eur 1.76,diluted earnings per share eps declined to eur from eur
down to EUR5 .9 m H1 '09 3 August 2009 - Finnish media group Ilkka-Yhtyma Oyj ( HEL : ILK2S ) said today its net profit fell 45 % on the year to EUR5 .9 m in the first half of 2009 ,negative,down to eur5 .9 m h1 '09 3 august 2009 - finnish media group ilkka-yhtyma oyj ( hel : ilk2s ) said today its net profit fell 45 % on the year to eur5 .9 m in the first half of 2009,down to m august finnish media group oyj hel said today its net profit fell on the year to m in the first half of
"Earnings per share ( EPS ) amounted to EUR1 .37 , down from EUR2 .30 ",negative,"earnings per share ( eps ) amounted to eur1 .37 , down from eur2 .30",earnings per share eps amounted to down from
Earnings per share ( EPS ) in 2005 decreased to EUR1 .87 from EUR1 .89 in 2003 ,negative,earnings per share ( eps ) in 2005 decreased to eur1 .87 from eur1 .89 in 2003,earnings per share eps in decreased to from in
"Earnings per share ( EPS ) in the first half of 2007 amounted to EUR0 .29 , down from EUR0 .40 year ago ",negative,"earnings per share ( eps ) in the first half of 2007 amounted to eur0 .29 , down from eur0 .40 year ago",earnings per share eps in the first half of amounted to down from year ago
Finnair 's total traffic decreased by 8.7 % in terms of revenue passenger kilometres ,negative,finnair 's total traffic decreased by 8.7 % in terms of revenue passenger kilometres,finnair total traffic decreased by in terms of revenue passenger kilometres
Finnish business software group AffectoGenimap Oyj said its net profit halved to 1.2 mln euro ( $ 1.5 mln ) in the first nine months of 2006 from 2.2 mln euro ( $ 2.8 mln ) in the same period of 2005 ,negative,finnish business software group affectogenimap oyj said its net profit halved to 1.2 mln euro ( $ 1.5 mln ) in the first nine months of 2006 from 2.2 mln euro ( $ 2.8 mln ) in the same period of 2005,finnish business software group affectogenimap oyj said its net profit halved to mln euro mln in the first nine months of from mln euro mln in the same period of
"Finnish financial software solutions developer BasWare Oyj said its net profit fell to 884,000 euro ( $ 1.2 mln ) for the first quarter of 2007 from 2.0 mln euro ( $ 2.7 mln ) a year earlier ",negative,"finnish financial software solutions developer basware oyj said its net profit fell to 884,000 euro ( $ 1.2 mln ) for the first quarter of 2007 from 2.0 mln euro ( $ 2.7 mln ) a year earlier",finnish financial software solutions developer basware oyj said its net profit fell to euro mln for the first quarter of from mln euro mln a year earlier
Finnish glass technology company Glaston Oyj Abp net profit decreased to 2.6 mln euro ( $ 3.8 mln ) for the first nine months of 2007 from 7.8 mln euro ( $ 11.4 mln ) for the same period of 2006 ,negative,finnish glass technology company glaston oyj abp net profit decreased to 2.6 mln euro ( $ 3.8 mln ) for the first nine months of 2007 from 7.8 mln euro ( $ 11.4 mln ) for the same period of 2006,finnish glass technology company glaston oyj abp net profit decreased to mln euro mln for the first nine months of from mln euro mln for the same period of
"Finnish management software solutions provider Ixonos Oyj net profit decreased to 369,000 euro ( $ 575,000 ) for the first quarter of 2008 from 669,000 euro ( $ 1.0 mln ) for the same period of 2007 ",negative,"finnish management software solutions provider ixonos oyj net profit decreased to 369,000 euro ( $ 575,000 ) for the first quarter of 2008 from 669,000 euro ( $ 1.0 mln ) for the same period of 2007",finnish management software solutions provider ixonos oyj net profit decreased to euro for the first quarter of from euro mln for the same period of
Finnish media company Talentum Oyj 's net profit decreased to 2.5 mln euro ( $ 4.0 mln ) for the first quarter of 2008 from 3.0 mln euro ( $ 4.7 mln ) for the same period of 2007 ,negative,finnish media company talentum oyj 's net profit decreased to 2.5 mln euro ( $ 4.0 mln ) for the first quarter of 2008 from 3.0 mln euro ( $ 4.7 mln ) for the same period of 2007,finnish media company talentum oyj net profit decreased to mln euro mln for the first quarter of from mln euro mln for the same period of
Finnish metal products company Componenta Oyj net profit went slightly down to 25.1 mln euro ( $ 40.2 mln ) for the first half of 2008 from 25.4 mln euro ( $ 40.7 mln ) for the same period of 2007 ,negative,finnish metal products company componenta oyj net profit went slightly down to 25.1 mln euro ( $ 40.2 mln ) for the first half of 2008 from 25.4 mln euro ( $ 40.7 mln ) for the same period of 2007,finnish metal products company componenta oyj net profit went slightly down to mln euro mln for the first half of from mln euro mln for the same period of
"In a separate announcement to the Helsinki stock exchange , Atria revealed that the company 's third quarter profits declined from EUR13 .9 m in the third quarter of last year to EUR12 .7 m in this year 's Q3 ",negative,"in a separate announcement to the helsinki stock exchange , atria revealed that the company 's third quarter profits declined from eur13 .9 m in the third quarter of last year to eur12 .7 m in this year 's q3",in a separate announcement to the helsinki stock exchange atria revealed that the company third quarter profits declined from m in the third quarter of last year to m in this year
"In the fourth quarter of 2008 , net sales decreased to EUR 121.4 mn from EUR 165.5 mn in the fourth quarter of 2007 ",negative,"in the fourth quarter of 2008 , net sales decreased to eur 121.4 mn from eur 165.5 mn in the fourth quarter of 2007",in the fourth quarter of net sales decreased to eur mn from eur mn in the fourth quarter of
"Insurer Axa ( PAR : CS ) slid by 5.35 % to EUR 14.15 , after Citigroup and ING slashed their targets on the stock ",negative,"insurer axa ( par : cs ) slid by 5.35 % to eur 14.15 , after citigroup and ing slashed their targets on the stock",insurer axa par cs slid by to eur after citigroup and ing slashed their targets on the stock
"( ADP News ) - Feb 11 , 2009 - Finnish wood products technology supplier Raute Oyj ( HEL : RUTAV ) said today its net profit decreased to EUR 4.7 million ( USD 6.1 m ) for 2008 from EUR 6.6 million for 2007 ",negative,"( adp news ) - feb 11 , 2009 - finnish wood products technology supplier raute oyj ( hel : rutav ) said today its net profit decreased to eur 4.7 million ( usd 6.1 m ) for 2008 from eur 6.6 million for 2007",adp news feb finnish wood products technology supplier raute oyj hel rutav said today its net profit decreased to eur million usd m for from eur million for
"( ADP News ) - Feb 12 , 2009 - Finnish construction company Lemminkainen Oyj ( HEL : LEM1S ) said today its net profit decreased to EUR 63.5 million ( USD 81.1 m ) for 2008 from EUR 80.6 million for 2007 ",negative,"( adp news ) - feb 12 , 2009 - finnish construction company lemminkainen oyj ( hel : lem1s ) said today its net profit decreased to eur 63.5 million ( usd 81.1 m ) for 2008 from eur 80.6 million for 2007",adp news feb finnish construction company lemminkainen oyj hel said today its net profit decreased to eur million usd m for from eur million for
"( ADP News ) - Feb 4 , 2009 - Finnish broadband data communication systems and solutions company Teleste Oyj ( HEL : TLT1V ) said today its net profit decreased to EUR 5.5 million ( USD 7.2 m ) for 2008 from EUR 9.4 million for 20",negative,"( adp news ) - feb 4 , 2009 - finnish broadband data communication systems and solutions company teleste oyj ( hel : tlt1v ) said today its net profit decreased to eur 5.5 million ( usd 7.2 m ) for 2008 from eur 9.4 million for 20",adp news feb finnish broadband data communication systems and solutions company teleste oyj hel said today its net profit decreased to eur million usd m for from eur million for
"( ADP News ) - Jan 22 , 2009 - Finnish mobile phones maker Nokia Oyj ( OMX : NOK1V ) said today its operating profit decreased to EUR 5 billion ( USD 6.5 bn ) for 2008 from EUR 8 billion for 2007 ",negative,"( adp news ) - jan 22 , 2009 - finnish mobile phones maker nokia oyj ( omx : nok1v ) said today its operating profit decreased to eur 5 billion ( usd 6.5 bn ) for 2008 from eur 8 billion for 2007",adp news jan finnish mobile phones maker nokia oyj omx said today its operating profit decreased to eur billion usd bn for from eur billion for
"( ADPnews ) - May 4 , 2010 - Finnish cutlery and hand tools maker Fiskars Oyj Abp ( HEL : FISAS ) said today its net profit declined to EUR 12.9 million ( USD 17m ) in the first quarter of 2010 from EUR 17 million in the correspon",negative,"( adpnews ) - may 4 , 2010 - finnish cutlery and hand tools maker fiskars oyj abp ( hel : fisas ) said today its net profit declined to eur 12.9 million ( usd 17m ) in the first quarter of 2010 from eur 17 million in the correspon",adpnews may finnish cutlery and hand tools maker fiskars oyj abp hel fisas said today its net profit declined to eur million usd in the first quarter of from eur million in the correspon
Market share decreased on the route between Helsinki in Finland and Tallinn in Estonia by 0.1 percentage points to 24.8 % ,negative,market share decreased on the route between helsinki in finland and tallinn in estonia by 0.1 percentage points to 24.8 %,market share decreased on the route between helsinki in finland and tallinn in estonia by percentage points to
Net profit fell by almost half to +ï¿½ 5.5 million from +ï¿½ 9.4 million at the end of 2007 ,negative,net profit fell by almost half to +ï¿½ 5.5 million from +ï¿½ 9.4 million at the end of 2007,net profit fell by almost half to million from million at the end of
"Net profit in the three months through March 31 fell to (  x20ac ) 103 million ( US$ 165 million ) from (  x20ac ) 131 million a year earlier , the Finnish company said ",negative,"net profit in the three months through march 31 fell to ( x20ac ) 103 million ( us$ 165 million ) from ( x20ac ) 131 million a year earlier , the finnish company said",net profit in the three months through march fell to million us million from million a year earlier the finnish company said
Net sales decreased to EUR 220.5 mn from EUR 470.0 mn in the corresponding period in 2009 ,negative,net sales decreased to eur 220.5 mn from eur 470.0 mn in the corresponding period in 2009,net sales decreased to eur mn from eur mn in the corresponding period in
Net sales decreased to EUR 91.6 mn from EUR 109mn in the corresponding period in 2005 ,negative,net sales decreased to eur 91.6 mn from eur 109mn in the corresponding period in 2005,net sales decreased to eur mn from eur in the corresponding period in
Net sales fell by 33 % from the third quarter of 2008 to EUR 130.5 mn ,negative,net sales fell by 33 % from the third quarter of 2008 to eur 130.5 mn,net sales fell by from the third quarter of to eur mn
Net sales fell by 5 % from the previous accounting period ,negative,net sales fell by 5 % from the previous accounting period,net sales fell by from the previous accounting period
"Net sales of Kyro 's main business area , Glaston Technologies , a manufacturer of glass processing machines , decreased to EUR 161.5 mn from EUR 164.1 mn in January-September 2005 ",negative,"net sales of kyro 's main business area , glaston technologies , a manufacturer of glass processing machines , decreased to eur 161.5 mn from eur 164.1 mn in january-september 2005",net sales of kyro main business area glaston technologies a manufacturer of glass processing machines decreased to eur mn from eur mn in
Operating profit fell from EUR 7.9 mn in the second quarter of 2005 to EUR 5.1 mn in the second quarter of 2006 ,negative,operating profit fell from eur 7.9 mn in the second quarter of 2005 to eur 5.1 mn in the second quarter of 2006,operating profit fell from eur mn in the second quarter of to eur mn in the second quarter of
Operating profit fell to EUR 15.1 mn from EUR 24.6 mn in 2006 ,negative,operating profit fell to eur 15.1 mn from eur 24.6 mn in 2006,operating profit fell to eur mn from eur mn in
Operating profit fell to EUR 23.26 mn from EUR 32.86 mn ,negative,operating profit fell to eur 23.26 mn from eur 32.86 mn,operating profit fell to eur mn from eur mn
Operating profit fell to EUR 38.1 mn from EUR 55.3 mn in 2007 ,negative,operating profit fell to eur 38.1 mn from eur 55.3 mn in 2007,operating profit fell to eur mn from eur mn in
Operating profit fell to EUR 6.2 mn from EUR 8.5 mn in the third quarter of 2007 ,negative,operating profit fell to eur 6.2 mn from eur 8.5 mn in the third quarter of 2007,operating profit fell to eur mn from eur mn in the third quarter of
Orion 's net profit for the third quarter of 2007 decreased to 36.5 mln euro ( $ 52.1 mln ) from 40.3 mln euro ( $ 57.5 mln ) a year earlier ,negative,orion 's net profit for the third quarter of 2007 decreased to 36.5 mln euro ( $ 52.1 mln ) from 40.3 mln euro ( $ 57.5 mln ) a year earlier,orion net profit for the third quarter of decreased to mln euro mln from mln euro mln a year earlier
Pretax profit decreased by 37 % to EUR 193.1 mn from EUR 305.6 mn ,negative,pretax profit decreased by 37 % to eur 193.1 mn from eur 305.6 mn,pretax profit decreased by to eur mn from eur mn
Pretax profit decreased to EUR 33.8 mn from EUR 40.8 mn in the fourth quarter of 2005 ,negative,pretax profit decreased to eur 33.8 mn from eur 40.8 mn in the fourth quarter of 2005,pretax profit decreased to eur mn from eur mn in the fourth quarter of
"Pretax profit totaled EUR 9.0 mn , down from EUR 36.3 mn in 2007 ",negative,"pretax profit totaled eur 9.0 mn , down from eur 36.3 mn in 2007",pretax profit totaled eur mn down from eur mn in
Prices and delivery volumes of broadband products decreased significantly in 2005 ,negative,prices and delivery volumes of broadband products decreased significantly in 2005,prices and delivery volumes of broadband products decreased significantly in
"Profit for the period totalled EUR 0.8 mn , down from EUR 1.1 mn in the corresponding period in 2008 ",negative,"profit for the period totalled eur 0.8 mn , down from eur 1.1 mn in the corresponding period in 2008",profit for the period totalled eur mn down from eur mn in the corresponding period in
"Profit for the period totalled EUR 1.1 mn , down from EUR 1.6 mn in the third quarter of 2008 ",negative,"profit for the period totalled eur 1.1 mn , down from eur 1.6 mn in the third quarter of 2008",profit for the period totalled eur mn down from eur mn in the third quarter of
Revenue in the quarter fell 8 percent to ( EURO ) 2.4 billion compared to a year earlier ,negative,revenue in the quarter fell 8 percent to ( euro ) 2.4 billion compared to a year earlier,revenue in the quarter fell percent to euro billion compared to a year earlier
SRV lowered its net sales estimate for the whole of 2008 due to uncertainties in housing sales ,negative,srv lowered its net sales estimate for the whole of 2008 due to uncertainties in housing sales,srv lowered its net sales estimate for the whole of due to uncertainties in housing sales
Stora Enso Oyj said its second-quarter result would fall by half compared with the same period in 2007 ,negative,stora enso oyj said its second-quarter result would fall by half compared with the same period in 2007,stora enso oyj said its result would fall by half compared with the same period in
Subscription sales decreased slightly ,negative,subscription sales decreased slightly,subscription sales decreased slightly
The company confirmed its estimate for lower revenue for the whole 2009 than the year-ago EUR93 .9 m as given in the interim report on 5 August 2009 ,negative,the company confirmed its estimate for lower revenue for the whole 2009 than the year-ago eur93 .9 m as given in the interim report on 5 august 2009,the company confirmed its estimate for lower revenue for the whole than the m as given in the interim report on august
The Department Store Division 's sales fell by 8.6 % to EUR 140.2 mn ,negative,the department store division 's sales fell by 8.6 % to eur 140.2 mn,the department store division sales fell by to eur mn
The fair value of the company 's investment properties went down to EUR 2.768 billion at the end of 2009 from EUR 2.916 billion a year earlier ,negative,the fair value of the company 's investment properties went down to eur 2.768 billion at the end of 2009 from eur 2.916 billion a year earlier,the fair value of the company investment properties went down to eur billion at the end of from eur billion a year earlier
The fair value of the company 's investment properties went down to EUR2 .769 bn at the end of September 2009 from EUR2 .878 bn a year earlier ,negative,the fair value of the company 's investment properties went down to eur2 .769 bn at the end of september 2009 from eur2 .878 bn a year earlier,the fair value of the company investment properties went down to bn at the end of september from bn a year earlier
The Group 's order portfolio decreased from EUR 42.9 mn in 9-2007 to EUR 33.3 mn in 2-2008 ,negative,the group 's order portfolio decreased from eur 42.9 mn in 9-2007 to eur 33.3 mn in 2-2008,the group order portfolio decreased from eur mn in to eur mn in
The net sales decreased to EUR 49.8 million from EUR 59.9 million ,negative,the net sales decreased to eur 49.8 million from eur 59.9 million,the net sales decreased to eur million from eur million
The sales of the Tiimari segment fell by 4.0 % year-on-year to EUR3 .3 m in June 2010 ,negative,the sales of the tiimari segment fell by 4.0 % year-on-year to eur3 .3 m in june 2010,the sales of the tiimari segment fell by to m in june
"Finnish electronics contract manufacturer Scanfil had net sales of EUR 52.2 mn in the first quarter of 2007 , down from EUR 60.1 mn a year before ",negative,"finnish electronics contract manufacturer scanfil had net sales of eur 52.2 mn in the first quarter of 2007 , down from eur 60.1 mn a year before",finnish electronics contract manufacturer scanfil had net sales of eur mn in the first quarter of down from eur mn a year before
"Alma Media 's operating profit amounted to EUR 11.9 mn , down from EUR 15.0 mn a year earlier ",negative,"alma media 's operating profit amounted to eur 11.9 mn , down from eur 15.0 mn a year earlier",alma media operating profit amounted to eur mn down from eur mn a year earlier
"Commission income decreased to EUR 3.8 mn , compared to EUR 4.6 mn in the third quarter of 2007 ",negative,"commission income decreased to eur 3.8 mn , compared to eur 4.6 mn in the third quarter of 2007",commission income decreased to eur mn compared to eur mn in the third quarter of
Commission income fell to EUR 4.6 mn from EUR 5.1 mn in the corresponding period in 2007 ,negative,commission income fell to eur 4.6 mn from eur 5.1 mn in the corresponding period in 2007,commission income fell to eur mn from eur mn in the corresponding period in
Export declined by 6 percent to 16.4 million liters ,negative,export declined by 6 percent to 16.4 million liters,export declined by percent to million liters
"Exports of goods fell by 59 % , and imports by 16.7 % ",negative,"exports of goods fell by 59 % , and imports by 16.7 %",exports of goods fell by and imports by
Finnish developer and manufacturer of mobile phone chargers Salcomp Plc OMX Helsinki : SAL1V on Wednesday 19 November lowered its full-year net sales estimate ,negative,finnish developer and manufacturer of mobile phone chargers salcomp plc omx helsinki : sal1v on wednesday 19 november lowered its full-year net sales estimate,finnish developer and manufacturer of mobile phone chargers salcomp plc omx helsinki on wednesday november lowered its net sales estimate
Finnish investment group Norvestia Oyj said its net profit fell to 23.5 mln euro $ 30.6 mln in 2006 from 33.5 mln euro $ 43.6 mln in 2005 ,negative,finnish investment group norvestia oyj said its net profit fell to 23.5 mln euro $ 30.6 mln in 2006 from 33.5 mln euro $ 43.6 mln in 2005,finnish investment group norvestia oyj said its net profit fell to mln euro mln in from mln euro mln in
"Group EBIT for the first half was EUR13 .6 m US$ 17.8 m , falling short of the EUR22 .5 m it posted for the same period of 2009 ",negative,"group ebit for the first half was eur13 .6 m us$ 17.8 m , falling short of the eur22 .5 m it posted for the same period of 2009",group ebit for the first half was m us m falling short of the m it posted for the same period of
"However , the company saw its net profit for the third quarter down to EUR 1.4 million from EUR 1.5 million for the corresponding period of 2009 ",negative,"however , the company saw its net profit for the third quarter down to eur 1.4 million from eur 1.5 million for the corresponding period of 2009",however the company saw its net profit for the third quarter down to eur million from eur million for the corresponding period of
"However , the company saw its net profit for the third quarter down to EUR1 .4 m from EUR1 .5 m for the corresponding period of 2009 ",negative,"however , the company saw its net profit for the third quarter down to eur1 .4 m from eur1 .5 m for the corresponding period of 2009",however the company saw its net profit for the third quarter down to m from m for the corresponding period of
"However , the net sales declined to EUR 803.6 million from EUR 1.2 billion ",negative,"however , the net sales declined to eur 803.6 million from eur 1.2 billion",however the net sales declined to eur million from eur billion
"In food trade , sales amounted to EUR320 .1 m , a decline of 1.1 % ",negative,"in food trade , sales amounted to eur320 .1 m , a decline of 1.1 %",in food trade sales amounted to m a decline of
"In January-November 2009 , the group 's sales totalled EUR 7,801.7 mn , which was a drop of 12.6 % from the same period of 2008 ",negative,"in january-november 2009 , the group 's sales totalled eur 7,801.7 mn , which was a drop of 12.6 % from the same period of 2008",in the group sales totalled eur mn which was a drop of from the same period of
"In July-September 2009 , Konecranes ' sales decreased to EUR 368.7 mn from EUR 520.4 mn in July-September 2008 ",negative,"in july-september 2009 , konecranes ' sales decreased to eur 368.7 mn from eur 520.4 mn in july-september 2008",in konecranes sales decreased to eur mn from eur mn in
"In sales volume , Coca-Cola 's market share has decreased by 2.2 % to 24.2 % ",negative,"in sales volume , coca-cola 's market share has decreased by 2.2 % to 24.2 %",in sales volume market share has decreased by to
"In September alone , the market declined by 10.2 percent year-on-year to 19.28 million liters ",negative,"in september alone , the market declined by 10.2 percent year-on-year to 19.28 million liters",in september alone the market declined by percent to million liters
"In the Baltic countries , sales fell by 40.2 % , and in Russia , by 23.2 % in terms of euros , and by 10.7 % in terms of local currency ",negative,"in the baltic countries , sales fell by 40.2 % , and in russia , by 23.2 % in terms of euros , and by 10.7 % in terms of local currency",in the baltic countries sales fell by and in russia by in terms of euros and by in terms of local currency
"In the Baltic countries , sales fell by 42.6 % ",negative,"in the baltic countries , sales fell by 42.6 %",in the baltic countries sales fell by
"Nokia shares hit 13.21 euros on Friday , down 50 percent from the start of the year in part because of the slow introduction of touch-screen models ",negative,"nokia shares hit 13.21 euros on friday , down 50 percent from the start of the year in part because of the slow introduction of touch-screen models",nokia shares hit euros on friday down percent from the start of the year in part because of the slow introduction of models
Operating profit decreased to EUR 11.2 mn from EUR 16.6 mn ,negative,operating profit decreased to eur 11.2 mn from eur 16.6 mn,operating profit decreased to eur mn from eur mn
"Operating profit decreased to nearly EUR 1.7 mn , however ",negative,"operating profit decreased to nearly eur 1.7 mn , however",operating profit decreased to nearly eur mn however
Operating profit fell to EUR 20.3 mn from EUR 74.2 mn in the second quarter of 2008 ,negative,operating profit fell to eur 20.3 mn from eur 74.2 mn in the second quarter of 2008,operating profit fell to eur mn from eur mn in the second quarter of
Operating profit in the fourth quarter fell to EUR33m from EUR39m a year earlier ,negative,operating profit in the fourth quarter fell to eur33m from eur39m a year earlier,operating profit in the fourth quarter fell to from a year earlier
"Operating profit totaled EUR 3.8 mn , down from EUR 4.5 mn in the corresponding period in 2005 ",negative,"operating profit totaled eur 3.8 mn , down from eur 4.5 mn in the corresponding period in 2005",operating profit totaled eur mn down from eur mn in the corresponding period in
"Operating profit totaled EUR 6.7 mn , down from EUR 7.2 mn in the corresponding period in 2005 ",negative,"operating profit totaled eur 6.7 mn , down from eur 7.2 mn in the corresponding period in 2005",operating profit totaled eur mn down from eur mn in the corresponding period in
"Operating profit totaled EUR 9.4 mn , down from EUR 11.7 mn in 2004 ",negative,"operating profit totaled eur 9.4 mn , down from eur 11.7 mn in 2004",operating profit totaled eur mn down from eur mn in
"Operating profit totalled EUR 1.22 mn , down from EUR 3.56 mn in the first quarter of 2008 ",negative,"operating profit totalled eur 1.22 mn , down from eur 3.56 mn in the first quarter of 2008",operating profit totalled eur mn down from eur mn in the first quarter of
"Operating profit totalled EUR 30.2 mn , down from EUR 43.8 mn a year earlier ",negative,"operating profit totalled eur 30.2 mn , down from eur 43.8 mn a year earlier",operating profit totalled eur mn down from eur mn a year earlier
"Operating profit totalled EUR 9.0 mn , down from EUR 9.7 mn in the first half of 2008 ",negative,"operating profit totalled eur 9.0 mn , down from eur 9.7 mn in the first half of 2008",operating profit totalled eur mn down from eur mn in the first half of
"Operating profit totalled EUR 9.6 mn , down from EUR 42.0 mn the year before ",negative,"operating profit totalled eur 9.6 mn , down from eur 42.0 mn the year before",operating profit totalled eur mn down from eur mn the year before
"Operating profit was EUR -0.1 mn , down from EUR 1.3 mn ",negative,"operating profit was eur -0.1 mn , down from eur 1.3 mn",operating profit was eur mn down from eur mn
"Profit for the period was EUR 10.9 mn , down from EUR 14.3 mn in 2009 ",negative,"profit for the period was eur 10.9 mn , down from eur 14.3 mn in 2009",profit for the period was eur mn down from eur mn in
"Revenue was slightly down , at  x20ac 495 million $ 634 million , compared to  x20ac 497 million a year earlier ",negative,"revenue was slightly down , at x20ac 495 million $ 634 million , compared to x20ac 497 million a year earlier",revenue was slightly down at million million compared to million a year earlier
Sales by Seppala diminished by 6 per cent ,negative,sales by seppala diminished by 6 per cent,sales by seppala diminished by per cent
Talentum 's net sales in September were smaller than expected ,negative,talentum 's net sales in september were smaller than expected,talentum net sales in september were smaller than expected
"The company 's profit totaled Ls 578,100 in H1 2007 , down 30.9 % year-on-year ",negative,"the company 's profit totaled ls 578,100 in h1 2007 , down 30.9 % year-on-year",the company profit totaled ls in down
The company said that sales in the three months to the end of March slid to EUR86 .4 m US$ 113.4 m from EUR91 .2 m last year ,negative,the company said that sales in the three months to the end of march slid to eur86 .4 m us$ 113.4 m from eur91 .2 m last year,the company said that sales in the three months to the end of march slid to m us m from m last year
The operating margin came down to 2.4 % from 5.7 % ,negative,the operating margin came down to 2.4 % from 5.7 %,the operating margin came down to from
The operating margin of Aker Yards Cruise & Ferries division went down from 8.3 % to 6.4 % in the first quarter of 2007 ,negative,the operating margin of aker yards cruise & ferries division went down from 8.3 % to 6.4 % in the first quarter of 2007,the operating margin of aker yards cruise ferries division went down from to in the first quarter of
The total capital of funds managed by the bank decreased by 28 % to EUR 284mn by the end of September 2008 ,negative,the total capital of funds managed by the bank decreased by 28 % to eur 284mn by the end of september 2008,the total capital of funds managed by the bank decreased by to eur by the end of september
UPM stock fell 3 percent to EURO 12.49 $ 17.24 in early afternoon trading in Helsinki ,negative,upm stock fell 3 percent to euro 12.49 $ 17.24 in early afternoon trading in helsinki,upm stock fell percent to euro in early afternoon trading in helsinki
"YIT 's Baltic sales in the first three quarters of 2008 totaled 106.2 million euros , representing a drop of 29 percent year on year ",negative,"yit 's baltic sales in the first three quarters of 2008 totaled 106.2 million euros , representing a drop of 29 percent year on year",yit baltic sales in the first three quarters of totaled million euros representing a drop of percent year on year
`` I am extremely delighted with this project and the continuation of cooperation with Viking Line ,positive,`` i am extremely delighted with this project and the continuation of cooperation with viking line,i am extremely delighted with this project and the continuation of cooperation with viking line
"- Demand for fireplace products was lower than expected , especially in Germany ",negative,"- demand for fireplace products was lower than expected , especially in germany",demand for fireplace products was lower than expected especially in germany
"However , the orders received during the period under review fell by 17 % quarter-on-quarter from the EUR 213 million recorded in the second quarter of 2010 ",negative,"however , the orders received during the period under review fell by 17 % quarter-on-quarter from the eur 213 million recorded in the second quarter of 2010",however the orders received during the period under review fell by from the eur million recorded in the second quarter of
"The announcement pushed Freenet shares down 6.3 % , or EUR0 .71 , in Frankfurt trade to EUR10 .65 as investors gave up hope United Internet AG and Drillisch would pursue their own takeover and breakup of Freenet ",negative,"the announcement pushed freenet shares down 6.3 % , or eur0 .71 , in frankfurt trade to eur10 .65 as investors gave up hope united internet ag and drillisch would pursue their own takeover and breakup of freenet",the announcement pushed freenet shares down or in frankfurt trade to as investors gave up hope united internet ag and drillisch would pursue their own takeover and breakup of freenet
"Danske Bank A-S DANSKE DC jumped 3.7 percent to 133.4 kroner , rebounding from yesterday s 3.5 percent slide ",positive,"danske bank a-s danske dc jumped 3.7 percent to 133.4 kroner , rebounding from yesterday s 3.5 percent slide",danske bank danske dc jumped percent to kroner rebounding from yesterday s percent slide
"According to the company , in addition to normal seasonal fluctuation the market situation has weakened during autumn 2008 ",negative,"according to the company , in addition to normal seasonal fluctuation the market situation has weakened during autumn 2008",according to the company in addition to normal seasonal fluctuation the market situation has weakened during autumn
"Changes in the market situation and tougher price competition have substantially reduced demand for bread packaging manufactured at the Kauhava plant , according to the company ",negative,"changes in the market situation and tougher price competition have substantially reduced demand for bread packaging manufactured at the kauhava plant , according to the company",changes in the market situation and tougher price competition have substantially reduced demand for bread packaging manufactured at the kauhava plant according to the company
"In the building and home improvement trade , sales decreased by 6.3 % , totalling EUR 154.1 mn ",negative,"in the building and home improvement trade , sales decreased by 6.3 % , totalling eur 154.1 mn",in the building and home improvement trade sales decreased by totalling eur mn
"In the building and home improvement trade , net sales totalled EUR 1,173 mn , down from EUR 1,566 mn a year earlier ",negative,"in the building and home improvement trade , net sales totalled eur 1,173 mn , down from eur 1,566 mn a year earlier",in the building and home improvement trade net sales totalled eur mn down from eur mn a year earlier
"In the building and home improvement trade , sales decreased by 22.5 % to EUR 201.4 mn ",negative,"in the building and home improvement trade , sales decreased by 22.5 % to eur 201.4 mn",in the building and home improvement trade sales decreased by to eur mn
"Finnish Suominen Corporation that makes wipes , nonwovens , and flexible packaging , expects changes in the market situation to reduce sales of Suominen 's nonwovens and wet wipes from the previously estimated volumes ",negative,"finnish suominen corporation that makes wipes , nonwovens , and flexible packaging , expects changes in the market situation to reduce sales of suominen 's nonwovens and wet wipes from the previously estimated volumes",finnish suominen corporation that makes wipes nonwovens and flexible packaging expects changes in the market situation to reduce sales of suominen nonwovens and wet wipes from the previously estimated volumes
The hull of the vessel was built one block at a time and Ruukki delivered the plate material for each block as construction progressed ,neutral,the hull of the vessel was built one block at a time and ruukki delivered the plate material for each block as construction progressed,the hull of the vessel was built one block at a time and ruukki delivered the plate material for each block as construction progressed
The net sales of the whole fiscal year 2008 will be lower than in 2007 and operating profit is estimated to be negative ,negative,the net sales of the whole fiscal year 2008 will be lower than in 2007 and operating profit is estimated to be negative,the net sales of the whole fiscal year will be lower than in and operating profit is estimated to be negative
Sales at the unit slumped last year after the industry was hit by poor snowfall in the major resorts in the winter of 2006-07 ,negative,sales at the unit slumped last year after the industry was hit by poor snowfall in the major resorts in the winter of 2006-07,sales at the unit slumped last year after the industry was hit by poor snowfall in the major resorts in the winter of
"The steelmaker said that the drop in profit was explained by the continuing economic uncertainty , mixed with the current drought in bank lending , resulting in a decline in demand for its products as customers find it increasingly difficult to fund operations ",negative,"the steelmaker said that the drop in profit was explained by the continuing economic uncertainty , mixed with the current drought in bank lending , resulting in a decline in demand for its products as customers find it increasingly difficult to fund operations",the steelmaker said that the drop in profit was explained by the continuing economic uncertainty mixed with the current drought in bank lending resulting in a decline in demand for its products as customers find it increasingly difficult to fund operations
"UPM-Kymmene Corp. , the world 's largest maker of magazine paper , on Tuesday reported a 19-percent profit drop as lower paper prices , higher costs and a strong euro hurt revenue ",negative,"upm-kymmene corp. , the world 's largest maker of magazine paper , on tuesday reported a 19-percent profit drop as lower paper prices , higher costs and a strong euro hurt revenue",the world largest maker of magazine paper on tuesday reported a profit drop as lower paper prices higher costs and a strong euro hurt revenue
"As such , the space has blond wood floors ( unlike the rest of the store ) and a notably Scandinavian vibe ",neutral,"as such , the space has blond wood floors ( unlike the rest of the store ) and a notably scandinavian vibe",as such the space has blond wood floors unlike the rest of the store and a notably scandinavian vibe
Finnish meat company Atria can no longer promise a sufficient amount of domestic beef to its customers ,negative,finnish meat company atria can no longer promise a sufficient amount of domestic beef to its customers,finnish meat company atria can no longer promise a sufficient amount of domestic beef to its customers
`` Capital expenditure on energy efficiency has unfortunately fallen along with the decline in the economy ,negative,`` capital expenditure on energy efficiency has unfortunately fallen along with the decline in the economy,capital expenditure on energy efficiency has unfortunately fallen along with the decline in the economy
"Due to the rapid decrease in net sales , personnel reductions have been carried out on a wider scale than initially expected ",negative,"due to the rapid decrease in net sales , personnel reductions have been carried out on a wider scale than initially expected",due to the rapid decrease in net sales personnel reductions have been carried out on a wider scale than initially expected
Finnish waste management and cleaning group Lassila & Tikanoja Oyj ( L&T ) net profit went down to 32.2 mln euro ( $ 47.7 mln ) for 2007 from 35.3 mln euro ( $ 52.3 mln ) for 2006 ,negative,finnish waste management and cleaning group lassila & tikanoja oyj ( l&t ) net profit went down to 32.2 mln euro ( $ 47.7 mln ) for 2007 from 35.3 mln euro ( $ 52.3 mln ) for 2006,finnish waste management and cleaning group lassila tikanoja oyj l t net profit went down to mln euro mln for from mln euro mln for
"Qualcomm estimated a first-quarter profit between 46 and 50 cents a share , excluding certain items , below the analyst estimate of 61 cents a share ",negative,"qualcomm estimated a first-quarter profit between 46 and 50 cents a share , excluding certain items , below the analyst estimate of 61 cents a share",qualcomm estimated a profit between and cents a share excluding certain items below the analyst estimate of cents a share
"Besides , as there is no depositor preference in Finland , senior debt and deposits rank on a par , which is also taken into consideration , the agency added ",neutral,"besides , as there is no depositor preference in finland , senior debt and deposits rank on a par , which is also taken into consideration , the agency added",besides as there is no depositor preference in finland senior debt and deposits rank on a par which is also taken into consideration the agency added
"Operating margin , however , slipped to 14.4 % from 15.1 % , dragged down by a poor performance in enterprise solutions ",negative,"operating margin , however , slipped to 14.4 % from 15.1 % , dragged down by a poor performance in enterprise solutions",operating margin however slipped to from dragged down by a poor performance in enterprise solutions
Mobile communication and wireless broadband provider Nokia Inc NYSE : NOK today set new financial targets and forecasts for Nokia and the mobile device industry and also for Nokia Siemens Networks and the mobile and fixed infrastructure and related services market ,neutral,mobile communication and wireless broadband provider nokia inc nyse : nok today set new financial targets and forecasts for nokia and the mobile device industry and also for nokia siemens networks and the mobile and fixed infrastructure and related services market,mobile communication and wireless broadband provider nokia inc nyse nok today set new financial targets and forecasts for nokia and the mobile device industry and also for nokia siemens networks and the mobile and fixed infrastructure and related services market
"External net sales from the printing business fell by 43.7 % , partly due to the termination of the printing contract between Ilkka-Yhtyma 's printing house I-print Oy and sector player HSS Media AB in December 2009 and the fall in printing prices ",negative,"external net sales from the printing business fell by 43.7 % , partly due to the termination of the printing contract between ilkka-yhtyma 's printing house i-print oy and sector player hss media ab in december 2009 and the fall in printing prices",external net sales from the printing business fell by partly due to the termination of the printing contract between printing house oy and sector player hss media ab in december and the fall in printing prices
"Seven-month sales of Ragutis , which is controlled by the Finnish brewery Olvi , declined by 11.2 percent , to 15.41 million liters , and the company held 9.89 percent of the market ",negative,"seven-month sales of ragutis , which is controlled by the finnish brewery olvi , declined by 11.2 percent , to 15.41 million liters , and the company held 9.89 percent of the market",sales of ragutis which is controlled by the finnish brewery olvi declined by percent to million liters and the company held percent of the market
"The OMX Helsinki index was down 0.34 pct at 8,256.02 on turnover of 813.191 mln eur ",negative,"the omx helsinki index was down 0.34 pct at 8,256.02 on turnover of 813.191 mln eur",the omx helsinki index was down pct at on turnover of mln eur
Repeats sees 2008 operating profit down y-y ( Reporting by Helsinki Newsroom ) Keywords : TECNOMEN-RESULT,negative,repeats sees 2008 operating profit down y-y ( reporting by helsinki newsroom ) keywords : tecnomen-result,repeats sees operating profit down reporting by helsinki newsroom keywords
"Comparable operating profit totaled EUR 4.7 mn , down from EUR 5.1 mn in the corresponding period in 2005 , representing 7.4 % of net sales ",negative,"comparable operating profit totaled eur 4.7 mn , down from eur 5.1 mn in the corresponding period in 2005 , representing 7.4 % of net sales",comparable operating profit totaled eur mn down from eur mn in the corresponding period in representing of net sales
"In Finland 's Hobby Hall 's sales decreased by 10 % , and international sales fell by 19 % ",negative,"in finland 's hobby hall 's sales decreased by 10 % , and international sales fell by 19 %",in finland hobby hall sales decreased by and international sales fell by
"In the Baltic states the company reports net sales of EUR 11.9 mn , down from EUR 14.2 mn , and an operative EBIT of EUR -2.2 mn , down from EUR -1.7 mn ",negative,"in the baltic states the company reports net sales of eur 11.9 mn , down from eur 14.2 mn , and an operative ebit of eur -2.2 mn , down from eur -1.7 mn",in the baltic states the company reports net sales of eur mn down from eur mn and an operative ebit of eur mn down from eur mn
"Operating profits in the half were  0.8 m , down from  0.9 m as Glisten invested in the brand and the management team ",negative,"operating profits in the half were 0.8 m , down from 0.9 m as glisten invested in the brand and the management team",operating profits in the half were m down from m as glisten invested in the brand and the management team
"Sales in Finland decreased by 2.0 % , and international sales decreased by 9.3 % in terms of euros , and by 15.1 % in terms of local currencies ",negative,"sales in finland decreased by 2.0 % , and international sales decreased by 9.3 % in terms of euros , and by 15.1 % in terms of local currencies",sales in finland decreased by and international sales decreased by in terms of euros and by in terms of local currencies
"Operating result for the 12-month period decreased from the profit of EUR0 .4 m while turnover decreased from EUR5 .6 m , as compared to 2004 ",negative,"operating result for the 12-month period decreased from the profit of eur0 .4 m while turnover decreased from eur5 .6 m , as compared to 2004",operating result for the period decreased from the profit of m while turnover decreased from m as compared to
"HELSINKI Thomson Financial - Shares in Cargotec fell sharply in early afternoon trade after the cargo handling group posted a surprise drop in April-June profits , which overshadowed the large number of new orders received during the three months ",negative,"helsinki thomson financial - shares in cargotec fell sharply in early afternoon trade after the cargo handling group posted a surprise drop in april-june profits , which overshadowed the large number of new orders received during the three months",helsinki thomson financial shares in cargotec fell sharply in early afternoon trade after the cargo handling group posted a surprise drop in profits which overshadowed the large number of new orders received during the three months
LONDON MarketWatch -- Share prices ended lower in London Monday as a rebound in bank stocks failed to offset broader weakness for the FTSE 100 ,negative,london marketwatch -- share prices ended lower in london monday as a rebound in bank stocks failed to offset broader weakness for the ftse 100,london marketwatch share prices ended lower in london monday as a rebound in bank stocks failed to offset broader weakness for the ftse
"Operating profit fell to EUR 35.4 mn from EUR 68.8 mn in 2007 , including vessel sales gain of EUR 12.3 mn ",negative,"operating profit fell to eur 35.4 mn from eur 68.8 mn in 2007 , including vessel sales gain of eur 12.3 mn",operating profit fell to eur mn from eur mn in including vessel sales gain of eur mn
"Sales in Finland decreased by 10.5 % in January , while sales outside Finland dropped by 17 % ",negative,"sales in finland decreased by 10.5 % in january , while sales outside finland dropped by 17 %",sales in finland decreased by in january while sales outside finland dropped by
