order_context_key,customer_context_key,product_context_key,Discount,Unit Price,Shipping Cost,Profit,Quantity ordered new,Sales,Order ID,Order Date,Ship Date,Order Priority,Ship Mode,Customer ID_x,Customer ID_y,Customer Name,Customer Segment,Country,Region,State or Province,City,Postal Code,Product Name,Product Category,Product Sub-Category,Product Container,Product Base Margin
1,1,1,0.01,2.84,0.93,4.56,4,13.01,88522,7/01/15,8/01/15,High,Express Air,3,3,Bonnie Potter,Corporate,United States,West,Washington,Anacortes,98221,SANFORD Liquid Accent™ Tank-Style Highlighters,Office Supplies,Pens & Art Supplies,Wrap Bag,0.54
2,2,2,0.02,500.98,26.0,4390.3665,12,6362.85,90193,13/06/15,15/06/15,Not Specified,Delivery Truck,5,5,Ronnie Proctor,Home Office,United States,West,California,San Gabriel,91776,Global Troy™ Executive Leather Low-Back Tilter,Furniture,Chairs & Chairmats,Jumbo Drum,0.6
3,3,3,0.06,9.48,7.29,-53.8096,22,211.15,90192,15/02/15,17/02/15,Critical,Regular Air,11,11,Marcus Dunlap,Home Office,United States,East,New Jersey,Roselle,7203,"DAX Two-Tone Rosewood/Black Document Frame, Desktop, 5 x 7",Furniture,Office Furnishings,Small Pack,0.45
4,4,4,0.09,78.69,19.99,803.4705,16,1164.45,86838,12/05/15,14/05/15,Medium,Regular Air,14,14,Gwendolyn F Tyson,Small Business,United States,Central,Minnesota,Prior Lake,55372,Howard Miller 12-3/4 Diameter Accuwave DS ™ Wall Clock,Furniture,Office Furnishings,Small Box,0.43
5,4,5,0.08,3.28,2.31,-24.03,7,22.23,86838,12/05/15,13/05/15,Medium,Regular Air,14,14,Gwendolyn F Tyson,Small Business,United States,Central,Minnesota,Prior Lake,55372,Newell 321,Office Supplies,Pens & Art Supplies,Wrap Bag,0.56
5,4,6,0.05,3.28,4.2,-37.03,4,13.99,86838,12/05/15,13/05/15,Medium,Regular Air,14,14,Gwendolyn F Tyson,Small Business,United States,Central,Minnesota,Prior Lake,55372,Newell 351,Office Supplies,Pens & Art Supplies,Wrap Bag,0.56
5,4,7,0.05,3.58,1.63,-0.71,4,14.26,86838,12/05/15,13/05/15,Medium,Regular Air,14,14,Gwendolyn F Tyson,Small Business,United States,Central,Minnesota,Prior Lake,55372,"OIC Colored Binder Clips, Assorted Sizes",Office Supplies,Rubber Bands,Wrap Bag,0.36
6,5,8,0.0,4.42,4.99,-59.82,7,33.47,86837,8/04/15,9/04/15,Critical,Regular Air,15,15,Timothy Reese,Small Business,United States,East,New York,Smithtown,11787,Grip Seal Envelopes,Office Supplies,Envelopes,Small Box,0.38
7,5,9,0.01,35.94,6.66,261.8757,10,379.53,86839,28/05/15,28/05/15,Medium,Regular Air,15,15,Timothy Reese,Small Business,United States,East,New York,Smithtown,11787,"Tyvek ® Top-Opening Peel & Seel ® Envelopes, Gray",Office Supplies,Envelopes,Small Box,0.4
8,6,10,0.04,2.98,1.58,2.63,6,18.8,86836,12/02/15,15/02/15,High,Regular Air,16,16,Sarah Ramsey,Small Business,United States,East,New York,Syracuse,13210,Staples Gold Paper Clips,Office Supplies,Rubber Bands,Wrap Bag,0.39
9,6,11,0.05,115.99,2.5,652.7331,10,945.99,86836,12/02/15,14/02/15,High,Regular Air,16,16,Sarah Ramsey,Small Business,United States,East,New York,Syracuse,13210,StarTAC 7797,Technology,Telephones and Communication,Small Box,0.55
10,7,12,0.05,26.48,6.93,314.4813,17,455.77,90031,15/05/15,16/05/15,High,Regular Air,18,18,Laurie Hanna,Small Business,United States,West,Montana,Helena,59601,DAX Natural Wood-Tone Poster Frame,Furniture,Office Furnishings,Small Box,0.49
11,8,13,0.07,12.99,9.44,-114.6399,18,231.79,90032,21/05/15,23/05/15,Not Specified,Regular Air,19,19,Jim Rodgers,Small Business,United States,West,Montana,Missoula,59801,Hewlett Packard 6S Scientific Calculator,Technology,Office Machines,Medium Box,0.39
12,9,12,0.05,26.48,6.93,384.38,70,1876.69,41793,15/05/15,16/05/15,High,Regular Air,21,21,Tony Wilkins Winters,Small Business,United States,East,New York,New York City,10012,DAX Natural Wood-Tone Poster Frame,Furniture,Office Furnishings,Small Box,0.49
13,9,14,0.08,5.0,3.39,-17.49,58,293.06,42949,21/05/15,22/05/15,Not Specified,Regular Air,21,21,Tony Wilkins Winters,Small Business,United States,East,New York,New York City,10012,Advantus Plastic Paper Clips,Office Supplies,Rubber Bands,Wrap Bag,0.37
14,9,13,0.07,12.99,9.44,-114.6399,71,914.29,42949,21/05/15,23/05/15,Not Specified,Regular Air,21,21,Tony Wilkins Winters,Small Business,United States,East,New York,New York City,10012,Hewlett Packard 6S Scientific Calculator,Technology,Office Machines,Medium Box,0.39
15,10,15,0.06,55.48,14.3,-28.2968,1,67.49,87651,28/01/15,29/01/15,High,Regular Air,24,24,Edna Thomas,Corporate,United States,West,California,Laguna Niguel,92677,Xerox 194,Office Supplies,Paper,Small Box,0.37
16,10,16,0.02,1.68,1.57,-5.3072,1,2.25,87651,28/01/15,30/01/15,High,Regular Air,24,24,Edna Thomas,Corporate,United States,West,California,Laguna Niguel,92677,Newell 323,Office Supplies,Pens & Art Supplies,Wrap Bag,0.59
17,11,17,0.04,4.14,6.6,8.894,12,54.78,87652,2/05/15,4/05/15,Not Specified,Regular Air,27,27,Guy Gallagher,Corporate,United States,West,California,Lakewood,90712,Eldon Image Series Black Desk Accessories,Furniture,Office Furnishings,Small Box,0.49
18,12,18,0.08,34.99,7.73,144.69,13,424.68,89199,22/02/15,23/02/15,High,Regular Air,32,32,Matthew Berman,Corporate,United States,West,Oregon,Grants Pass,97526,Hunt Boston® Vacuum Mount KS Pencil Sharpener,Office Supplies,Pens & Art Supplies,Small Box,0.59
19,12,19,0.01,17.98,8.51,-35.8788,2,40.17,89200,27/03/15,28/03/15,High,Regular Air,32,32,Matthew Berman,Corporate,United States,West,Oregon,Grants Pass,97526,Canon P1-DHIII Palm Printing Calculator,Technology,Office Machines,Medium Box,0.4
20,12,20,0.09,125.99,7.69,209.997,8,783.55,89202,20/01/15,22/01/15,Medium,Express Air,32,32,Matthew Berman,Corporate,United States,West,Oregon,Grants Pass,97526,StarTAC 3000,Technology,Telephones and Communication,Small Box,0.59
21,12,21,0.06,205.99,8.99,3568.096,22,3838.14,89203,12/03/15,19/03/15,Low,Regular Air,32,32,Matthew Berman,Corporate,United States,West,Oregon,Grants Pass,97526,TimeportP7382,Technology,Telephones and Communication,Small Box,0.56
22,13,22,0.03,4.24,5.41,-84.4376,13,58.68,89201,15/06/15,17/06/15,Not Specified,Regular Air,33,33,Ricky Hensley,Corporate,United States,West,Oregon,Gresham,97030,Storex DuraTech Recycled Plastic Frosted Binders,Office Supplies,Binders and Binder Accessories,Small Box,0.35
23,13,23,0.04,2.94,0.7,24.312,18,53.1,89201,15/06/15,16/06/15,Not Specified,Regular Air,33,33,Ricky Hensley,Corporate,United States,West,Oregon,Gresham,97030,Newell 338,Office Supplies,Pens & Art Supplies,Wrap Bag,0.58
24,14,24,0.0,99.99,19.99,25.91382,6,647.07,91454,10/05/15,11/05/15,High,Regular Air,43,43,Theodore Moran,Consumer,United States,West,Washington,Redmond,98052,AT&T 2230 Dual Handset Phone With Caller ID/Call Waiting,Technology,Office Machines,Small Box,0.52
25,15,25,0.0,115.99,2.5,162.666,6,627.04,88426,10/03/15,10/03/15,Not Specified,Regular Air,52,52,Lorraine Kelly,Corporate,United States,West,Washington,Puyallup,98373,6160,Technology,Telephones and Communication,Small Box,0.57
26,16,26,0.07,3502.14,8.73,-6923.5992,1,3267.55,88425,28/01/15,30/01/15,Critical,Delivery Truck,53,53,Sidney Russell Austin,Corporate,United States,West,Washington,Redmond,98052,Okidata Pacemark 4410N Wide Format Dot Matrix Printer,Technology,Office Machines,Jumbo Box,0.57
27,16,27,0.02,5.98,5.79,-67.49,17,110.19,88426,10/03/15,11/03/15,Not Specified,Regular Air,53,53,Sidney Russell Austin,Corporate,United States,West,Washington,Redmond,98052,Xerox 1903,Office Supplies,Paper,Small Box,0.36
28,17,28,0.06,3.8,1.49,19.6282,20,73.55,88075,20/04/15,21/04/15,Medium,Regular Air,56,56,Randall Montgomery,Consumer,United States,East,New York,Tonawanda,14150,Durable Pressboard Binders,Office Supplies,Binders and Binder Accessories,Small Box,0.38
28,17,29,0.06,1.76,0.7,-1.6524,17,29.57,88075,20/04/15,21/04/15,Medium,Regular Air,56,56,Randall Montgomery,Consumer,United States,East,New York,Tonawanda,14150,Newell 310,Office Supplies,Pens & Art Supplies,Wrap Bag,0.56
29,18,30,0.02,5.98,5.15,2.14,3,22.85,87407,9/05/15,11/05/15,High,Regular Air,62,62,Pam Gilbert,Corporate,United States,Central,Texas,Round Rock,78664,Xerox 193,Office Supplies,Paper,Small Box,0.36
30,18,31,0.04,29.14,4.86,349.4091,17,506.39,87408,12/06/15,14/06/15,High,Regular Air,62,62,Pam Gilbert,Corporate,United States,Central,Texas,Round Rock,78664,"Snap-A-Way® Black Print Carbonless Speed Message, No Reply Area, Duplicate",Office Supplies,Paper,Wrap Bag,0.38
31,19,32,0.0,3.69,0.5,-37.5291,1,4.0,87406,2/03/15,4/03/15,Not Specified,Regular Air,64,64,Lynn Morrow,Small Business,United States,South,Virginia,Salem,24153,Avery 501,Office Supplies,Labels,Small Box,0.38
32,19,33,0.02,175.99,4.99,101.49,4,589.8,87406,2/03/15,2/03/15,Not Specified,Express Air,64,64,Lynn Morrow,Small Business,United States,South,Virginia,Salem,24153,5165,Technology,Telephones and Communication,Small Box,0.59
33,20,34,0.05,155.06,7.07,845.664,8,1225.6,87946,2/01/15,9/01/15,Low,Regular Air,67,67,Ellen McCormick,Corporate,United States,West,California,Napa,94559,"Dual Level, Single-Width Filing Carts",Office Supplies,Storage & Organization,Small Box,0.59
34,21,35,0.0,291.73,48.8,-308.928,4,1239.06,37537,2/01/15,2/01/15,Low,Delivery Truck,68,68,Scott Bunn,Corporate,United States,East,New York,New York City,10177,Hon 4070 Series Pagoda™ Armless Upholstered Stacking Chairs,Furniture,Chairs & Chairmats,Jumbo Drum,0.56
35,21,36,0.07,100.98,45.0,-1679.76,43,4083.19,37537,2/01/15,4/01/15,Low,Delivery Truck,68,68,Scott Bunn,Corporate,United States,East,New York,New York City,10177,Hon Valutask™ Swivel Chairs,Furniture,Chairs & Chairmats,Jumbo Drum,0.69
36,21,34,0.05,155.06,7.07,575.396,32,4902.38,37537,2/01/15,9/01/15,Low,Regular Air,68,68,Scott Bunn,Corporate,United States,East,New York,New York City,10177,"Dual Level, Single-Width Filing Carts",Office Supplies,Storage & Organization,Small Box,0.59
37,21,37,0.09,122.99,70.2,-2426.55,49,5718.85,55713,2/02/15,4/02/15,High,Delivery Truck,68,68,Scott Bunn,Corporate,United States,East,New York,New York City,10177,"Global High-Back Leather Tilter, Burgundy",Furniture,Chairs & Chairmats,Jumbo Drum,0.74
38,22,37,0.09,122.99,70.2,-2426.55,12,1400.53,87947,2/02/15,4/02/15,High,Delivery Truck,70,70,Annette Boone,Corporate,United States,East,Vermont,Burlington,5401,"Global High-Back Leather Tilter, Burgundy",Furniture,Chairs & Chairmats,Jumbo Drum,0.74
39,23,38,0.04,296.18,54.12,-715.778206,6,1821.89,87365,15/03/15,15/03/15,High,Delivery Truck,83,83,Edgar Stone,Corporate,United States,East,Ohio,Canton,44708,Hon 94000 Series Round Tables,Furniture,Tables,Jumbo Box,0.76
40,24,39,0.0,8.09,7.96,-144.56,11,90.98,87364,2/02/15,3/02/15,Not Specified,Regular Air,84,84,Helen Stein,Consumer,United States,East,Ohio,Cincinnati,45231,"6"" Cubicle Wall Clock, Black",Furniture,Office Furnishings,Small Box,0.49
41,25,40,0.08,896.99,19.99,7402.32,13,10728.0,87366,30/03/15,2/04/15,High,Regular Air,84,84,Helen Stein,Corporate,United States,East,Ohio,Cincinnati,45231,GBC DocuBind TL300 Electric Binding System,Office Supplies,Binders and Binder Accessories,Small Box,0.38
42,26,41,0.05,161.55,19.99,1892.424,19,3127.69,90596,3/06/15,8/06/15,Low,Regular Air,87,87,Norman Shields,Corporate,United States,West,California,Vacaville,95687,Fellowes Super Stor/Drawer® Files,Office Supplies,Storage & Organization,Small Box,0.66
43,26,42,0.09,4.91,0.5,28.8558,9,41.82,90597,22/03/15,23/03/15,High,Regular Air,87,87,Norman Shields,Corporate,United States,West,California,Vacaville,95687,Avery 493,Office Supplies,Labels,Small Box,0.36
44,26,38,0.01,296.18,54.12,173.48,9,2875.72,90597,22/03/15,25/03/15,High,Delivery Truck,87,87,Norman Shields,Corporate,United States,West,California,Vacaville,95687,Hon 94000 Series Round Tables,Furniture,Tables,Jumbo Box,0.76
45,27,43,0.07,19.84,4.1,117.852,9,170.8,87175,17/05/15,18/05/15,High,Regular Air,91,91,Wallace Werner,Home Office,United States,West,California,Vallejo,94591,Prismacolor Color Pencil Set,Office Supplies,Pens & Art Supplies,Wrap Bag,0.44
46,27,44,0.05,5.18,2.04,34.0104,10,53.54,87176,18/02/15,20/02/15,Medium,Regular Air,91,91,Wallace Werner,Home Office,United States,West,California,Vallejo,94591,Array® Memo Cubes,Office Supplies,Paper,Wrap Bag,0.36
47,28,45,0.06,175.99,8.99,2031.507,23,3363.53,87177,4/03/15,6/03/15,Medium,Regular Air,91,91,Wallace Werner,Corporate,United States,West,California,Vallejo,94591,2180,Technology,Telephones and Communication,Small Box,0.57
48,29,46,0.07,8.34,1.43,-190.68,16,132.08,87175,17/05/15,19/05/15,High,Regular Air,92,92,Victoria Baker Hoover,Home Office,United States,South,Louisiana,Terrytown,70056,"REDIFORM Incoming/Outgoing Call Register, 11"" X 8 1/2"", 100 Messages",Office Supplies,Paper,Wrap Bag,0.35
49,29,47,0.09,4.98,6.07,325.398,9,45.34,87175,17/05/15,18/05/15,High,Regular Air,92,92,Victoria Baker Hoover,Home Office,United States,South,Louisiana,Terrytown,70056,Xerox 1897,Office Supplies,Paper,Small Box,0.36
50,30,48,0.04,12.98,3.14,22.818,16,216.04,87178,7/06/15,9/06/15,Medium,Express Air,92,92,Victoria Baker Hoover,Corporate,United States,South,Louisiana,Terrytown,70056,"Acme® 8"" Straight Scissors",Office Supplies,"Scissors, Rulers and Trimmers",Small Pack,0.6
51,31,49,0.04,160.98,30.0,116.1,37,6276.34,44231,3/05/15,5/05/15,Not Specified,Delivery Truck,94,94,Eddie House Mueller,Home Office,United States,Central,Illinois,Chicago,60601,Office Star - Mid Back Dual function Ergonomic High Back Chair with 2-Way Adjustable Arms,Furniture,Chairs & Chairmats,Jumbo Drum,0.62
52,31,50,0.01,17.98,4.0,-87.96,146,2664.4,44231,3/05/15,5/05/15,Not Specified,Regular Air,94,94,Eddie House Mueller,Home Office,United States,Central,Illinois,Chicago,60601,"Belkin 107-key enhanced keyboard, USB/PS/2 interface",Technology,Computer Peripherals,Small Box,0.79
53,32,49,0.04,160.98,30.0,255.42,9,1526.68,87306,3/05/15,5/05/15,Not Specified,Delivery Truck,97,97,Max McKenna,Home Office,United States,Central,Kansas,Manhattan,66502,Office Star - Mid Back Dual function Ergonomic High Back Chair with 2-Way Adjustable Arms,Furniture,Chairs & Chairmats,Jumbo Drum,0.62
54,32,51,0.06,115.99,8.99,685.6146,20,1952.56,87306,3/05/15,4/05/15,Not Specified,Regular Air,97,97,Max McKenna,Home Office,United States,Central,Kansas,Manhattan,66502,5185,Technology,Telephones and Communication,Small Box,0.58
55,33,52,0.1,19.98,4.0,-16.2,16,303.59,88205,22/06/15,24/06/15,Medium,Regular Air,101,101,Claudia Boyle,Consumer,United States,East,Maine,Biddeford,4005,Belkin 105-Key Black Keyboard,Technology,Computer Peripherals,Small Box,0.68
56,34,53,0.04,300.98,54.92,2023.75,31,9459.94,42599,6/04/15,7/04/15,Medium,Delivery Truck,102,102,Caroline Johnston,Consumer,United States,East,Massachusetts,Boston,2129,"Atlantic Metals Mobile 5-Shelf Bookcases, Custom Colors",Furniture,Bookcases,Jumbo Box,0.55
57,34,52,0.1,19.98,4.0,-20.25,65,1233.32,3397,22/06/15,24/06/15,Medium,Regular Air,102,102,Caroline Johnston,Consumer,United States,East,Massachusetts,Boston,2129,Belkin 105-Key Black Keyboard,Technology,Computer Peripherals,Small Box,0.68
58,34,54,0.09,2.88,1.49,-3.381,17,47.31,3397,22/06/15,23/06/15,Medium,Regular Air,102,102,Caroline Johnston,Consumer,United States,East,Massachusetts,Boston,2129,Avery Durable Binders,Office Supplies,Binders and Binder Accessories,Small Box,0.36
59,35,53,0.04,300.98,54.92,1684.4763,8,2441.27,88204,6/04/15,7/04/15,Medium,Delivery Truck,107,107,Lois Hamilton,Consumer,United States,East,New Hampshire,Dover,3820,"Atlantic Metals Mobile 5-Shelf Bookcases, Custom Colors",Furniture,Bookcases,Jumbo Box,0.55
60,36,54,0.09,2.88,1.49,-2.7048,4,11.13,88205,22/06/15,23/06/15,Medium,Regular Air,109,109,Tom McFarland,Consumer,United States,East,New Jersey,Lodi,7644,Avery Durable Binders,Office Supplies,Binders and Binder Accessories,Small Box,0.36
61,37,55,0.03,4.26,1.2,18.658,7,29.5,89583,3/01/15,4/01/15,High,Regular Air,114,114,Ron Newton,Home Office,United States,West,Oregon,Lake Oswego,97035,"Dixon Prang® Watercolor Pencils, 10-Color Set with Brush",Office Supplies,Pens & Art Supplies,Wrap Bag,0.44
62,37,42,0.01,4.91,0.5,40.2477,12,58.33,89584,4/04/15,6/04/15,Medium,Regular Air,114,114,Ron Newton,Home Office,United States,West,Oregon,Lake Oswego,97035,Avery 493,Office Supplies,Labels,Small Box,0.36
63,37,56,0.09,4.0,1.3,14.0898,5,20.42,89584,4/04/15,6/04/15,Medium,Express Air,114,114,Ron Newton,Home Office,United States,West,Oregon,Lake Oswego,97035,EcoTones® Memo Sheets,Office Supplies,Paper,Wrap Bag,0.37
64,38,57,0.07,2.12,1.99,-55.84,12,26.07,89585,9/04/15,11/04/15,Low,Regular Air,115,115,Dwight M Carr,Home Office,United States,West,Oregon,Mcminnville,97128,Fuji Slim Jewel Case CD-R,Technology,Computer Peripherals,Small Pack,0.55
65,39,55,0.03,4.26,1.2,9.82,29,122.23,7909,3/01/15,4/01/15,High,Regular Air,117,117,Linda Weiss,Home Office,United States,West,Washington,Seattle,98103,"Dixon Prang® Watercolor Pencils, 10-Color Set with Brush",Office Supplies,Pens & Art Supplies,Wrap Bag,0.44
66,39,42,0.01,4.91,0.5,112.06,47,228.46,13959,4/04/15,6/04/15,Medium,Regular Air,117,117,Linda Weiss,Home Office,United States,West,Washington,Seattle,98103,Avery 493,Office Supplies,Labels,Small Box,0.36
67,39,56,0.09,4.0,1.3,16.79,19,77.61,13959,4/04/15,6/04/15,Medium,Express Air,117,117,Linda Weiss,Home Office,United States,West,Washington,Seattle,98103,EcoTones® Memo Sheets,Office Supplies,Paper,Wrap Bag,0.37
68,39,57,0.07,2.12,1.99,-55.84,46,99.94,58914,9/04/15,11/04/15,Low,Regular Air,117,117,Linda Weiss,Home Office,United States,West,Washington,Seattle,98103,Fuji Slim Jewel Case CD-R,Technology,Computer Peripherals,Small Pack,0.55
69,40,58,0.05,6.3,0.5,41.2965,10,59.85,86520,12/01/15,13/01/15,High,Regular Air,120,120,Helen H Murphy,Corporate,United States,West,Utah,Layton,84041,Avery 51,Office Supplies,Labels,Small Box,0.39
70,40,59,0.09,205.99,3.0,1179.0237,10,1708.73,86520,12/01/15,14/01/15,High,Express Air,120,120,Helen H Murphy,Corporate,United States,West,Utah,Layton,84041,6185,Technology,Telephones and Communication,Small Box,0.58
71,41,60,0.06,8.57,6.14,105.678,11,94.97,90669,9/04/15,10/04/15,Critical,Regular Air,123,123,Shawn Stern,Home Office,United States,South,Virginia,Tysons Corner,22102,Acme® Office Executive Series Stainless Steel Trimmers,Office Supplies,"Scissors, Rulers and Trimmers",Small Pack,0.59
72,42,61,0.02,1.74,4.08,-37.39,5,10.23,86693,27/01/15,28/01/15,Not Specified,Regular Air,129,129,Kara Allison,Small Business,United States,Central,Illinois,Alton,62002,"Eldon Regeneration Recycled Desk Accessories, Smoke",Furniture,Office Furnishings,Small Pack,0.53
73,42,62,0.07,15.74,1.39,149.8887,14,217.23,86694,25/05/15,26/05/15,Not Specified,Regular Air,129,129,Kara Allison,Small Business,United States,Central,Illinois,Alton,62002,"#10-4 1/8"" x 9 1/2"" Premium Diagonal Seam Envelopes",Office Supplies,Envelopes,Small Box,0.4
74,43,63,0.04,18.97,9.54,3.04,5,101.74,88534,16/05/15,17/05/15,Critical,Regular Air,136,136,Dale Gillespie,Small Business,United States,West,California,Petaluma,94952,Xerox 1939,Office Supplies,Paper,Small Box,0.37
74,43,64,0.09,10.98,3.37,2.706,8,84.52,88534,16/05/15,17/05/15,Critical,Regular Air,136,136,Dale Gillespie,Small Business,United States,West,California,Petaluma,94952,Fiskars® Softgrip Scissors,Office Supplies,"Scissors, Rulers and Trimmers",Small Pack,0.57
75,44,65,0.03,22.84,11.54,91.956,13,312.59,91087,2/06/15,3/06/15,Critical,Regular Air,142,142,Brooke Weeks Taylor,Small Business,United States,East,Connecticut,Ansonia,6401,Xerox 1964,Office Supplies,Paper,Small Box,0.39
76,45,64,0.05,10.98,3.37,-2.544,6,64.4,91087,2/06/15,3/06/15,Critical,Regular Air,144,144,Marguerite Moss,Small Business,United States,East,Massachusetts,Yarmouth,2664,Fiskars® Softgrip Scissors,Office Supplies,"Scissors, Rulers and Trimmers",Small Pack,0.57
77,46,66,0.06,7.04,2.17,2.4852,2,14.65,91086,15/01/15,17/01/15,Medium,Regular Air,145,145,Rhonda Ivey,Small Business,United States,East,Pennsylvania,West Mifflin,15122,"Wirebound Message Books, 2 7/8"" x 5"", 3 Forms per Page",Office Supplies,Paper,Wrap Bag,0.38
78,47,67,0.07,154.13,69.0,-634.7341,3,453.62,91089,16/03/15,16/03/15,Low,Express Air,145,145,Rhonda Ivey,Home Office,United States,East,Pennsylvania,West Mifflin,15122,Laminate Occasional Tables,Furniture,Tables,Large Box,0.68
79,48,68,0.01,45.98,4.8,133.5771,4,193.59,91088,12/03/15,13/03/15,Not Specified,Regular Air,146,146,Yvonne Fox,Small Business,United States,Central,Texas,Watauga,76148,Tenex B1-RE Series Chair Mats for Low Pile Carpets,Furniture,Office Furnishings,Wrap Bag,0.68
80,49,69,0.06,180.98,26.2,251.4084,5,929.57,91090,23/04/15,24/04/15,Medium,Delivery Truck,146,146,Yvonne Fox,Corporate,United States,Central,Texas,Watauga,76148,Global Ergonomic Managers Chair,Furniture,Chairs & Chairmats,Jumbo Drum,0.59
81,50,70,0.09,32.98,5.5,-20.258,2,62.46,89521,22/01/15,23/01/15,Critical,Regular Air,151,151,Geoffrey Zhu,Home Office,United States,South,Tennessee,Kingsport,37664,PC Concepts 116 Key Quantum 3000 Keyboard,Technology,Computer Peripherals,Small Box,0.75
82,50,71,0.09,5.98,2.5,13.896,5,28.11,89523,20/04/15,22/04/15,High,Regular Air,151,151,Geoffrey Zhu,Home Office,United States,South,Tennessee,Kingsport,37664,Wausau Papers Astrobrights® Colored Envelopes,Office Supplies,Envelopes,Small Box,0.36
83,51,72,0.09,2.88,0.7,-172.718,2,5.5,89520,15/01/15,16/01/15,Critical,Regular Air,152,152,Kent Kerr,Consumer,United States,South,Tennessee,Knoxville,37918,Newell 335,Office Supplies,Pens & Art Supplies,Wrap Bag,0.56
84,52,73,0.01,79.52,48.2,-40.684,8,667.84,89522,19/04/15,26/04/15,Low,Regular Air,152,152,Kent Kerr,Home Office,United States,South,Tennessee,Knoxville,37918,Eldon Cleatmat Plus™ Chair Mats for High Pile Carpets,Furniture,Office Furnishings,Medium Box,0.74
85,51,74,0.01,65.99,8.99,97.86,5,292.23,89524,29/03/15,1/04/15,High,Regular Air,152,152,Kent Kerr,Consumer,United States,South,Tennessee,Knoxville,37918,StarTAC Analog,Technology,Telephones and Communication,Small Box,0.6
86,53,75,0.1,39.98,4.0,360.24,21,772.56,89525,18/06/15,22/06/15,Low,Regular Air,152,152,Kent Kerr,Small Business,United States,South,Tennessee,Knoxville,37918,Microsoft Natural Keyboard Elite,Technology,Computer Peripherals,Small Box,0.7
87,54,76,0.01,95.99,4.9,713.88,13,1050.08,87671,14/05/15,15/05/15,Critical,Regular Air,156,156,Diana Xu,Corporate,United States,West,Colorado,Fort Collins,80525,T60,Technology,Telephones and Communication,Small Box,0.56
88,54,77,0.03,10.89,4.5,-18.64,3,33.82,87672,25/01/15,26/01/15,High,Regular Air,156,156,Diana Xu,Corporate,United States,West,Colorado,Fort Collins,80525,Belkin 6 Outlet Metallic Surge Strip,Office Supplies,Appliances,Small Box,0.59
89,55,78,0.05,100.98,35.84,-111.4,7,715.55,89961,2/01/15,4/01/15,Medium,Delivery Truck,164,164,Robin Kramer Vaughn,Home Office,United States,West,Washington,Richland,99352,"Bush Westfield Collection Bookcases, Fully Assembled",Furniture,Bookcases,Jumbo Box,0.62
90,55,79,0.02,4.98,5.49,-77.03,9,45.63,89961,2/01/15,3/01/15,Medium,Regular Air,164,164,Robin Kramer Vaughn,Home Office,United States,West,Washington,Richland,99352,Xerox 1952,Office Supplies,Paper,Small Box,0.38
91,56,80,0.08,399.98,12.06,28.5141,5,1839.91,89426,11/01/15,18/01/15,Low,Delivery Truck,166,166,Vicki Hauser,Consumer,United States,South,Tennessee,Lebanon,37087,Okidata ML320 Series Turbo Dot Matrix Printers,Technology,Office Machines,Jumbo Box,0.56
92,57,81,0.08,43.22,16.71,280.27458,3,130.62,87463,3/01/15,5/01/15,Low,Regular Air,169,169,Janice Cole,Corporate,United States,South,Louisiana,Baton Rouge,70802,"Fellowes Mobile Numeric Keypad, Graphite",Technology,Computer Peripherals,Small Box,0.66
93,57,82,0.05,574.74,24.49,-112.4263,12,6945.16,87463,3/01/15,10/01/15,Low,Regular Air,169,169,Janice Cole,Corporate,United States,South,Louisiana,Baton Rouge,70802,Polycom ViaVideo™ Desktop Video Communications Unit,Technology,Office Machines,Large Box,0.37
94,57,83,0.04,10.14,2.27,24.924,3,30.94,87463,3/01/15,7/01/15,Low,Regular Air,169,169,Janice Cole,Corporate,United States,South,Louisiana,Baton Rouge,70802,"Staples Wirebound Steno Books, 6"" x 9"", 12/Pack",Office Supplies,Paper,Wrap Bag,0.36
95,58,84,0.05,1.88,1.49,-2.9095,1,3.42,87464,13/04/15,15/04/15,Critical,Regular Air,171,171,Christina Matthews,Corporate,United States,East,New Jersey,Fort Lee,7024,Staples® General Use 3-Ring Binders,Office Supplies,Binders and Binder Accessories,Small Box,0.37
96,59,85,0.02,49.99,19.99,-76.89,18,901.81,38087,21/02/15,21/02/15,Critical,Regular Air,181,181,Wesley Waller,Small Business,United States,West,California,San Francisco,94122,Zoom V.92 USB External Faxmodem,Technology,Computer Peripherals,Small Box,0.41
97,60,16,0.07,1.68,1.57,-35.75,116,186.59,3585,22/05/15,23/05/15,High,Regular Air,181,181,Wesley Waller,Corporate,United States,West,California,San Francisco,94122,Newell 323,Office Supplies,Pens & Art Supplies,Wrap Bag,0.59
98,61,85,0.02,49.99,19.99,-76.89,5,250.5,88360,21/02/15,21/02/15,Critical,Regular Air,184,184,Phillip Holmes,Small Business,United States,East,Massachusetts,Arlington,2474,Zoom V.92 USB External Faxmodem,Technology,Computer Peripherals,Small Box,0.41
99,62,86,0.07,10.06,2.06,152.6556,23,221.24,88361,22/05/15,22/05/15,High,Regular Air,188,188,Alex Harrell,Corporate,United States,Central,Texas,Gainesville,76240,Riverleaf Stik-Withit® Designer Note Cubes®,Office Supplies,Paper,Wrap Bag,0.39
100,62,16,0.07,1.68,1.57,7.15,29,46.65,88361,22/05/15,23/05/15,High,Regular Air,188,188,Alex Harrell,Corporate,United States,Central,Texas,Gainesville,76240,Newell 323,Office Supplies,Pens & Art Supplies,Wrap Bag,0.59
101,63,87,0.1,58.1,1.49,113.6499,3,164.71,89092,12/02/15,13/02/15,High,Regular Air,190,190,Lloyd Norris,Corporate,United States,Central,Illinois,Arlington Heights,60004,Avery Arch Ring Binders,Office Supplies,Binders and Binder Accessories,Small Box,0.38
102,64,88,0.01,80.48,4.5,-35.4744,1,79.68,89092,12/02/15,15/02/15,High,Regular Air,191,191,Gerald Kearney,Corporate,United States,Central,Illinois,Aurora,60505,APC 7 Outlet Network SurgeArrest Surge Protector,Office Supplies,Appliances,Small Box,0.55
103,64,28,0.05,3.8,1.49,14.467,14,53.26,89093,9/04/15,11/04/15,Not Specified,Regular Air,191,191,Gerald Kearney,Corporate,United States,Central,Illinois,Aurora,60505,Durable Pressboard Binders,Office Supplies,Binders and Binder Accessories,Small Box,0.38
104,64,89,0.09,30.73,4.0,-99.9864,7,203.49,89093,9/04/15,9/04/15,Not Specified,Regular Air,191,191,Gerald Kearney,Corporate,United States,Central,Illinois,Aurora,60505,Fellowes 17-key keypad for PS/2 interface,Technology,Computer Peripherals,Small Box,0.75
105,64,90,0.0,125.99,8.08,1348.59672,22,2356.01,89093,9/04/15,10/04/15,Not Specified,Regular Air,191,191,Gerald Kearney,Corporate,United States,Central,Illinois,Aurora,60505,StarTAC ST7762,Technology,Telephones and Communication,Small Box,0.57
106,65,91,0.0,213.45,14.7,-560.81418,1,224.12,90430,3/01/15,5/01/15,Not Specified,Delivery Truck,193,193,Danny Hong,Corporate,United States,West,Utah,Layton,84041,Panasonic KX-P2130 Dot Matrix Printer,Technology,Office Machines,Jumbo Drum,0.59
107,65,92,0.07,6.54,5.27,-66.0445,21,140.3,90432,30/03/15,1/04/15,Medium,Regular Air,193,193,Danny Hong,Corporate,United States,West,Utah,Layton,84041,Wilson Jones® Four-Pocket Poly Binders,Office Supplies,Binders and Binder Accessories,Small Box,0.36
108,66,93,0.02,6.48,9.17,-105.6852,4,28.2,90431,10/01/15,11/01/15,Not Specified,Regular Air,194,194,Tammy Goldman,Corporate,United States,West,Utah,Lehi,84043,Xerox 1996,Office Supplies,Paper,Small Box,0.37
109,66,94,0.09,3.29,1.35,15.66,23,71.55,90432,30/03/15,1/04/15,Medium,Regular Air,194,194,Tammy Goldman,Corporate,United States,West,Utah,Lehi,84043,Acco® Hot Clips™ Clips to Go,Office Supplies,Rubber Bands,Wrap Bag,0.4
110,67,41,0.0,161.55,19.99,1167.158,19,3108.98,88921,2/04/15,4/04/15,Critical,Regular Air,197,197,Samantha Weaver,Small Business,United States,Central,Kansas,Overland Park,66212,Fellowes Super Stor/Drawer® Files,Office Supplies,Storage & Organization,Small Box,0.66
111,68,41,0.0,161.55,19.99,1014.92,77,12599.55,51072,2/04/15,4/04/15,Critical,Regular Air,198,198,Leroy Blanchard,Small Business,United States,Central,Michigan,Detroit,48138,Fellowes Super Stor/Drawer® Files,Office Supplies,Storage & Organization,Small Box,0.66
112,69,95,0.09,12.28,4.86,1.73,3,34.65,88971,27/04/15,28/04/15,Not Specified,Regular Air,202,202,Max Small,Corporate,United States,Central,Oklahoma,Bartlesville,74006,Xerox 1933,Office Supplies,Paper,Small Box,0.38
113,69,96,0.03,7.37,5.53,-133.7,11,85.79,88972,16/01/15,18/01/15,High,Regular Air,202,202,Max Small,Corporate,United States,Central,Oklahoma,Bartlesville,74006,"Imation 3.5"" Unformatted DS/HD Diskettes, 10/Box",Technology,Computer Peripherals,Small Pack,0.69
114,70,97,0.05,1.86,2.58,-66.62,9,17.61,85965,17/01/15,21/01/15,Low,Regular Air,210,210,Floyd Dale,Home Office,United States,East,New York,Troy,12180,"Super Bands, 12/Pack",Office Supplies,Rubber Bands,Wrap Bag,0.82
115,70,98,0.09,5.4,7.78,-21.48775,4,27.3,85966,2/06/15,2/06/15,Medium,Express Air,210,210,Floyd Dale,Home Office,United States,East,New York,Troy,12180,3M Organizer Strips,Office Supplies,Binders and Binder Accessories,Small Box,0.37
116,70,99,0.02,20.28,6.68,44.6775,3,64.75,85966,2/06/15,2/06/15,Medium,Regular Air,210,210,Floyd Dale,Home Office,United States,East,New York,Troy,12180,"Seth Thomas 8 1/2"" Cubicle Clock",Furniture,Office Furnishings,Small Box,0.53
117,70,100,0.0,11.55,2.36,23.595,5,62.98,85966,2/06/15,3/06/15,Medium,Regular Air,210,210,Floyd Dale,Home Office,United States,East,New York,Troy,12180,Newell 309,Office Supplies,Pens & Art Supplies,Wrap Bag,0.55
118,71,86,0.01,10.06,2.06,7.59,2,21.2,85964,6/01/15,8/01/15,Medium,Regular Air,211,211,Anna Wood,Consumer,United States,East,New York,Utica,13501,Riverleaf Stik-Withit® Designer Note Cubes®,Office Supplies,Paper,Wrap Bag,0.39
118,71,101,0.0,65.99,5.92,-107.987,3,173.32,85964,6/01/15,8/01/15,Medium,Regular Air,211,211,Anna Wood,Consumer,United States,East,New York,Utica,13501,252,Technology,Telephones and Communication,Small Box,0.55
119,72,102,0.05,2.08,2.56,-36.25,20,42.29,85966,2/06/15,3/06/15,Medium,Regular Air,211,211,Anna Wood,Home Office,United States,East,New York,Utica,13501,Kleencut® Forged Office Shears by Acme United Corporation,Office Supplies,"Scissors, Rulers and Trimmers",Small Pack,0.55
120,73,103,0.05,119.99,56.14,-102.5121,6,730.37,88048,9/06/15,11/06/15,Medium,Delivery Truck,218,218,Frances Saunders,Consumer,United States,West,Utah,Murray,84107,Hewlett-Packard 2600DN Business Color Inkjet Printer,Technology,Office Machines,Jumbo Box,0.39
121,74,104,0.03,60.89,32.41,36.354,7,450.49,88527,2/04/15,3/04/15,Medium,Delivery Truck,228,228,Colleen Andrews,Small Business,United States,South,North Carolina,Mint Hill,28227,"Global Push Button Manager's Chair, Indigo",Furniture,Chairs & Chairmats,Jumbo Drum,0.56
122,75,105,0.07,5.81,8.49,-243.2365,10,58.8,90237,20/02/15,22/02/15,Medium,Regular Air,233,233,Michele Bullard,Small Business,United States,Central,Illinois,Orland Park,60462,Fellowes Black Plastic Comb Bindings,Office Supplies,Binders and Binder Accessories,Small Box,0.39
123,75,106,0.04,9.65,6.22,-53.62,12,120.47,90237,20/02/15,21/02/15,Medium,Regular Air,233,233,Michele Bullard,Small Business,United States,Central,Illinois,Orland Park,60462,"Eldon Expressions™ Desk Accessory, Wood Pencil Holder, Oak",Furniture,Office Furnishings,Small Box,0.55
124,76,107,0.06,279.81,23.19,1103.9724,6,1599.96,90236,5/02/15,6/02/15,Critical,Delivery Truck,234,234,Don Cameron,Small Business,United States,Central,Iowa,Newton,50208,Sanyo 2.5 Cubic Foot Mid-Size Office Refrigerators,Office Supplies,Appliances,Jumbo Drum,0.59
125,76,108,0.03,28.53,1.49,136.3371,7,197.59,90238,27/03/15,29/03/15,High,Regular Air,234,234,Don Cameron,Small Business,United States,Central,Iowa,Newton,50208,Lock-Up Easel 'Spel-Binder',Office Supplies,Binders and Binder Accessories,Small Box,0.38
125,76,109,0.01,15.28,1.99,-12.46,2,33.04,90238,27/03/15,29/03/15,High,Regular Air,234,234,Don Cameron,Small Business,United States,Central,Iowa,Newton,50208,"Memorex 4.7GB DVD+R, 3/Pack",Technology,Computer Peripherals,Small Pack,0.42
126,76,110,0.06,3.34,7.49,-175.86,8,27.45,90239,28/04/15,30/04/15,Low,Express Air,234,234,Don Cameron,Small Business,United States,Central,Iowa,Newton,50208,"Eldon Spacemaker® Box, Quick-Snap Lid, Clear",Office Supplies,Pens & Art Supplies,Wrap Bag,0.54
127,77,111,0.0,442.14,14.7,3294.8259,10,4775.11,86621,22/02/15,22/02/15,Not Specified,Delivery Truck,236,236,Shawn McIntyre,Corporate,United States,West,Colorado,Louisville,80027,Okidata ML390 Turbo Dot Matrix Printers,Technology,Office Machines,Jumbo Drum,0.56
128,78,112,0.1,19.98,5.77,35.09,3,57.41,90479,20/04/15,20/04/15,Medium,Express Air,240,240,Gilbert Scarborough,Small Business,United States,West,Colorado,Fountain,80817,Xerox Blank Computer Paper,Office Supplies,Paper,Small Box,0.38
129,79,113,0.06,259.71,66.67,785.63,11,2809.87,90479,20/04/15,21/04/15,Medium,Delivery Truck,241,241,Amy Ellis Holder,Small Business,United States,West,Colorado,Grand Junction,81503,"Bevis Round Bullnose 29"" High Table Top",Furniture,Tables,Jumbo Box,0.61
130,79,114,0.01,5.94,9.92,-256.519,13,79.93,90480,26/05/15,2/06/15,Low,Regular Air,241,241,Amy Ellis Holder,Small Business,United States,West,Colorado,Grand Junction,81503,Storex Dura Pro™ Binders,Office Supplies,Binders and Binder Accessories,Small Box,0.38
131,79,115,0.02,125.99,3.0,398.358,8,873.18,90480,26/05/15,26/05/15,Low,Regular Air,241,241,Amy Ellis Holder,Small Business,United States,West,Colorado,Grand Junction,81503,270c,Technology,Telephones and Communication,Small Box,0.59
132,80,116,0.02,146.05,80.2,-101.192,5,798.69,89139,23/02/15,23/02/15,Medium,Delivery Truck,247,247,Marshall Brandt Briggs,Corporate,United States,South,Tennessee,Maryville,37804,BPI Conference Tables,Furniture,Tables,Jumbo Box,0.71
133,80,101,0.06,65.99,5.92,-3.332,14,792.11,89139,23/02/15,24/02/15,Medium,Regular Air,247,247,Marshall Brandt Briggs,Corporate,United States,South,Tennessee,Maryville,37804,252,Technology,Telephones and Communication,Small Box,0.55
134,80,117,0.09,2.88,0.99,-145.082,10,28.73,89140,21/03/15,23/03/15,Medium,Regular Air,247,247,Marshall Brandt Briggs,Corporate,United States,South,Tennessee,Maryville,37804,Avery 514,Office Supplies,Labels,Small Box,0.36
135,81,118,0.02,2.58,1.3,1.108,39,109.74,87214,28/05/15,29/05/15,Critical,Express Air,250,250,Brenda Nelson Blanchard,Corporate,United States,Central,Minnesota,Richfield,55423,DIXON Oriole® Pencils,Office Supplies,Pens & Art Supplies,Wrap Bag,0.59
136,81,119,0.02,65.99,3.9,1061.379,27,1543.55,87214,28/05/15,29/05/15,Critical,Regular Air,250,250,Brenda Nelson Blanchard,Corporate,United States,Central,Minnesota,Richfield,55423,StarTAC Series,Technology,Telephones and Communication,Small Box,0.55
137,82,120,0.1,280.98,35.67,-53.745,5,1332.82,86268,10/06/15,11/06/15,Medium,Delivery Truck,254,254,Brett Hawkins,Home Office,United States,West,Colorado,Highlands Ranch,80126,Global Adaptabilities™ Conference Tables,Furniture,Tables,Jumbo Box,0.66
138,83,121,0.03,8.34,2.64,0.684,4,34.64,86267,31/01/15,2/02/15,Critical,Regular Air,256,256,Irene Li,Home Office,United States,East,Pennsylvania,Hanover,17331,Acme® Elite Stainless Steel Scissors,Office Supplies,"Scissors, Rulers and Trimmers",Small Pack,0.59
139,84,122,0.05,17.48,1.99,-127.008,3,52.47,85858,2/01/15,4/01/15,Medium,Regular Air,258,258,Allan Shields,Consumer,United States,South,Florida,Seminole,33772,"Maxell Pro 80 Minute CD-R, 10/Pack",Technology,Computer Peripherals,Small Pack,0.45
140,85,123,0.09,2.88,0.7,5.7532,10,26.38,85857,19/01/15,19/01/15,Low,Regular Air,259,259,Edward Pugh,Consumer,United States,West,New Mexico,Santa Fe,87505,Newell 340,Office Supplies,Pens & Art Supplies,Wrap Bag,0.56
141,86,124,0.05,31.76,45.51,-2177.986096,9,304.34,86297,21/01/15,23/01/15,High,Delivery Truck,263,263,Carlos Hess,Small Business,United States,East,Ohio,Cleveland Heights,44106,Hon iLevel™ Computer Training Table,Furniture,Tables,Jumbo Box,0.65
142,87,125,0.0,73.98,12.14,326.25,17,1300.81,90593,18/05/15,20/05/15,Not Specified,Express Air,266,266,Ross Frederick,Corporate,United States,Central,Texas,San Antonio,78207,Keytronic 105-Key Spanish Keyboard,Technology,Computer Peripherals,Small Box,0.67
143,87,126,0.08,6.48,7.03,8.932,10,67.86,90594,15/05/15,16/05/15,Medium,Regular Air,266,266,Ross Frederick,Corporate,United States,Central,Texas,San Antonio,78207,Xerox 214,Office Supplies,Paper,Small Box,0.37
143,87,127,0.01,20.34,35.0,229.638,33,747.28,90594,15/05/15,16/05/15,Medium,Regular Air,266,266,Ross Frederick,Corporate,United States,Central,Texas,San Antonio,78207,Tennsco Commercial Shelving,Office Supplies,Storage & Organization,Large Box,0.84
144,88,128,0.02,5.58,5.3,-22.48,3,18.67,88941,7/04/15,12/04/15,Low,Regular Air,268,268,James Beck,Home Office,United States,West,Arizona,Flagstaff,86001,Staples Brown Kraft Recycled Clasp Envelopes,Office Supplies,Envelopes,Small Box,0.35
145,88,129,0.03,40.89,18.98,78.98,5,210.77,88941,7/04/15,14/04/15,Low,Regular Air,268,268,James Beck,Home Office,United States,West,Arizona,Flagstaff,86001,Eldon Executive Woodline II Cherry Finish Desk Accessories,Furniture,Office Furnishings,Small Box,0.57
146,89,9,0.09,35.94,6.66,144.2928,6,209.12,88942,5/06/15,10/06/15,Low,Regular Air,269,269,Calvin Boyette,Home Office,United States,West,Arizona,Gilbert,85234,"Tyvek ® Top-Opening Peel & Seel ® Envelopes, Gray",Office Supplies,Envelopes,Small Box,0.4
147,89,130,0.0,170.98,13.99,888.1473,7,1287.17,88942,5/06/15,12/06/15,Low,Regular Air,269,269,Calvin Boyette,Home Office,United States,West,Arizona,Gilbert,85234,Tenex Antistatic Computer Chair Mats,Furniture,Office Furnishings,Medium Box,0.75
148,89,131,0.09,4.98,7.44,-46.005,9,46.17,88942,5/06/15,7/06/15,Low,Regular Air,269,269,Calvin Boyette,Home Office,United States,West,Arizona,Gilbert,85234,Xerox 1922,Office Supplies,Paper,Small Box,0.36
149,90,132,0.1,80.97,30.06,128.0253,12,899.81,88940,30/03/15,31/03/15,Medium,Delivery Truck,271,271,Sam Rouse,Small Business,United States,South,Georgia,Forest Park,30297,Hewlett-Packard Deskjet 940 REFURBISHED Color Inkjet Printer,Technology,Office Machines,Jumbo Box,0.4
150,91,128,0.02,5.58,5.3,-29.8984,11,68.46,5509,7/04/15,12/04/15,Low,Regular Air,272,272,Eleanor Swain,Home Office,United States,South,North Carolina,Charlotte,28204,Staples Brown Kraft Recycled Clasp Envelopes,Office Supplies,Envelopes,Small Box,0.35
151,91,129,0.03,40.89,18.98,52.9166,21,885.23,5509,7/04/15,14/04/15,Low,Regular Air,272,272,Eleanor Swain,Home Office,United States,South,North Carolina,Charlotte,28204,Eldon Executive Woodline II Cherry Finish Desk Accessories,Furniture,Office Furnishings,Small Box,0.57
152,91,9,0.09,35.94,6.66,72.1858,24,836.47,36069,5/06/15,10/06/15,Low,Regular Air,272,272,Eleanor Swain,Home Office,United States,South,North Carolina,Charlotte,28204,"Tyvek ® Top-Opening Peel & Seel ® Envelopes, Gray",Office Supplies,Envelopes,Small Box,0.4
153,91,131,0.09,4.98,7.44,-122.3733,37,189.83,36069,5/06/15,7/06/15,Low,Regular Air,272,272,Eleanor Swain,Home Office,United States,South,North Carolina,Charlotte,28204,Xerox 1922,Office Supplies,Paper,Small Box,0.36
154,92,133,0.09,15.28,10.91,-51.75,4,61.52,89292,24/01/15,25/01/15,Not Specified,Regular Air,275,275,Roger Blalock Cassidy,Corporate,United States,East,Connecticut,Fairfield,6824,Recycled Premium Regency Composition Covers,Office Supplies,Binders and Binder Accessories,Small Box,0.36
155,93,134,0.04,1.98,0.7,-1.0,3,8.3,89291,21/05/15,22/05/15,Critical,Express Air,276,276,Lucille Rankin,Corporate,United States,East,Connecticut,Newington,6111,"Brites Rubber Bands, 1 1/2 oz. Box",Office Supplies,Rubber Bands,Wrap Bag,0.83
156,94,135,0.03,55.99,5.0,-221.254,9,416.95,89291,21/05/15,22/05/15,Critical,Regular Air,282,282,Vickie Andrews,Corporate,United States,East,New Jersey,Belleville,7109,Accessory36,Technology,Telephones and Communication,Small Pack,0.83
157,95,16,0.1,1.68,1.57,-11.57,11,18.71,89293,17/06/15,18/06/15,High,Regular Air,283,283,Pauline Boyette,Corporate,United States,East,New Jersey,Newark,7101,Newell 323,Office Supplies,Pens & Art Supplies,Wrap Bag,0.59
158,96,136,0.0,4.13,5.34,-61.87,9,40.95,89761,17/06/15,21/06/15,Low,Regular Air,286,286,Virginia Gay,Small Business,United States,Central,Kansas,Shawnee,66203,ACCOHIDE® Binder by Acco,Office Supplies,Binders and Binder Accessories,Small Box,0.38
159,96,137,0.1,130.98,54.74,-530.24,9,1155.73,89761,17/06/15,21/06/15,Low,Delivery Truck,286,286,Virginia Gay,Small Business,United States,Central,Kansas,Shawnee,66203,"O'Sullivan Elevations Bookcase, Cherry Finish",Furniture,Bookcases,Jumbo Box,0.69
160,97,138,0.09,28.48,1.99,132.687,7,192.3,89762,16/01/15,19/01/15,Critical,Regular Air,288,288,Patricia Cole Blair,Small Business,United States,Central,Kansas,Wichita,67212,"Memorex 4.7GB DVD+RW, 3/Pack",Technology,Computer Peripherals,Small Pack,0.4
161,97,139,0.08,65.99,4.99,496.89,14,748.1,89762,16/01/15,18/01/15,Critical,Express Air,288,288,Patricia Cole Blair,Small Business,United States,Central,Kansas,Wichita,67212,MicroTAC 650,Technology,Telephones and Communication,Small Box,0.58
162,98,140,0.04,4.98,4.62,-135.16,20,102.54,90837,25/03/15,26/03/15,Not Specified,Regular Air,290,290,Sara O'Connor,Small Business,United States,West,Colorado,Loveland,80538,"Imation 3.5"", DISKETTE 44766 HGHLD3.52HD/FM, 10/Pack",Technology,Computer Peripherals,Small Pack,0.64
163,99,141,0.01,8.33,1.99,15.8952,8,70.16,87057,14/02/15,15/02/15,High,Regular Air,306,306,Thomas McAllister,Small Business,United States,East,Maryland,Pikesville,21208,"80 Minute Slim Jewel Case CD-R , 10/Pack - Staples",Technology,Computer Peripherals,Small Pack,0.52
164,99,142,0.04,85.99,0.99,855.9933,17,1240.57,87057,14/02/15,16/02/15,High,Regular Air,306,306,Thomas McAllister,Small Business,United States,East,Maryland,Pikesville,21208,Accessory34,Technology,Telephones and Communication,Wrap Bag,0.55
165,100,141,0.01,8.33,1.99,10.74,32,280.62,37760,14/02/15,15/02/15,High,Regular Air,308,308,Glen Caldwell,Small Business,United States,West,Washington,Seattle,98115,"80 Minute Slim Jewel Case CD-R , 10/Pack - Staples",Technology,Computer Peripherals,Small Pack,0.52
166,101,143,0.04,1637.53,24.49,-1759.58,2,3206.94,89166,20/03/15,22/03/15,Medium,Regular Air,314,314,Ruby Gibbons,Corporate,United States,Central,Illinois,Forest Park,60130,High Speed Automatic Electric Letter Opener,Office Supplies,"Scissors, Rulers and Trimmers",Medium Box,0.81
167,102,52,0.01,19.98,4.0,-72.23,2,43.08,89166,20/03/15,20/03/15,Medium,Regular Air,315,315,Benjamin Kaufman,Corporate,United States,East,Massachusetts,Belchertown,1007,Belkin 105-Key Black Keyboard,Technology,Computer Peripherals,Small Box,0.68
168,103,144,0.09,7.38,5.21,-27.16,9,66.55,86041,17/06/15,18/06/15,Not Specified,Regular Air,317,317,Katherine Kearney,Corporate,United States,West,California,Lemon Grove,91945,"Eldon® Expressions™ Wood Desk Accessories, Oak",Furniture,Office Furnishings,Small Box,0.56
168,103,30,0.04,5.98,5.15,-52.344,17,103.49,86041,17/06/15,18/06/15,Not Specified,Regular Air,317,317,Katherine Kearney,Corporate,United States,West,California,Lemon Grove,91945,Xerox 193,Office Supplies,Paper,Small Box,0.36
168,103,145,0.04,15.42,10.68,-119.936,12,192.18,86041,17/06/15,18/06/15,Not Specified,Regular Air,317,317,Katherine Kearney,Corporate,United States,West,California,Lemon Grove,91945,"Decoflex Hanging Personal Folder File, Blue",Office Supplies,Storage & Organization,Small Box,0.58
169,104,141,0.04,8.33,1.99,9.9268,11,89.76,91057,4/04/15,9/04/15,Low,Regular Air,321,321,Arthur Lowe Nash,Consumer,United States,East,Maryland,Potomac,20854,"80 Minute Slim Jewel Case CD-R , 10/Pack - Staples",Technology,Computer Peripherals,Small Pack,0.52
170,105,146,0.06,7.99,5.03,-29.172,4,28.46,90973,9/06/15,10/06/15,Not Specified,Regular Air,326,326,Brenda May,Consumer,United States,Central,Illinois,Batavia,60510,Bell Sonecor JB700 Caller ID,Technology,Telephones and Communication,Medium Box,0.6
171,106,38,0.06,296.18,54.12,-715.778206,5,1170.21,89726,14/04/15,15/04/15,Medium,Delivery Truck,329,329,Faye Dyer,Home Office,United States,East,Maine,Sanford,4073,Hon 94000 Series Round Tables,Furniture,Tables,Jumbo Box,0.76
172,107,147,0.01,29.1,4.0,-22.82,8,243.32,89726,14/04/15,16/04/15,Medium,Express Air,331,331,Bradley Pollock,Home Office,United States,East,New Hampshire,Goffstown,3045,Acco Keyboard-In-A-Box®,Technology,Computer Peripherals,Small Box,0.78
173,108,148,0.06,276.2,24.49,2639.4708,14,3825.32,87277,4/05/15,5/05/15,Critical,Regular Air,335,335,Curtis O'Connell,Corporate,United States,West,Oregon,Medford,97504,SAFCO Arco Folding Chair,Furniture,Chairs & Chairmats,Large Box,
174,108,149,0.09,6.28,5.29,-5.2,1,8.53,87277,4/05/15,4/05/15,Critical,Regular Air,335,335,Curtis O'Connell,Corporate,United States,West,Oregon,Medford,97504,"Eldon® 200 Class™ Desk Accessories, Burgundy",Furniture,Office Furnishings,Small Box,0.43
175,109,150,0.08,7.77,9.23,-83.65,5,40.3,90583,17/03/15,18/03/15,Medium,Regular Air,339,339,Bobby Clements,Corporate,United States,East,Ohio,Columbus,43229,Hoover Commercial Soft Guard Upright Vacuum And Disposable Filtration Bags,Office Supplies,Appliances,Small Box,0.58
176,109,151,0.07,7.59,4.0,24.39,15,111.88,90583,17/03/15,19/03/15,Medium,Regular Air,339,339,Bobby Clements,Corporate,United States,East,Ohio,Columbus,43229,"Master Giant Foot® Doorstop, Safety Yellow",Furniture,Office Furnishings,Wrap Bag,0.42
177,110,152,0.01,3.26,1.86,-4.6683,20,73.97,3332,4/05/15,6/05/15,Critical,Regular Air,342,342,Jacqueline Noble,Corporate,United States,South,Florida,Miami,33181,"Avery Hi-Liter GlideStik Fluorescent Highlighter, Yellow Ink",Office Supplies,Pens & Art Supplies,Wrap Bag,0.41
178,111,153,0.03,15.23,27.75,11.65095,7,111.86,88151,31/01/15,1/02/15,Critical,Delivery Truck,343,343,Lynn Epstein,Corporate,United States,East,Maine,Bangor,4401,Anderson Hickey Conga Table Tops & Accessories,Furniture,Tables,Jumbo Box,0.76
179,112,152,0.01,3.26,1.86,0.702,5,18.49,88152,4/05/15,6/05/15,Critical,Regular Air,344,344,Rosemary English,Corporate,United States,East,Maine,Portland,4101,"Avery Hi-Liter GlideStik Fluorescent Highlighter, Yellow Ink",Office Supplies,Pens & Art Supplies,Wrap Bag,0.41
180,113,121,0.0,8.34,2.64,5.8625,23,212.89,17446,9/06/15,11/06/15,Critical,Express Air,349,349,Kim Weiss,Home Office,United States,South,Florida,Miami,33132,Acme® Elite Stainless Steel Scissors,Office Supplies,"Scissors, Rulers and Trimmers",Small Pack,0.59
181,113,154,0.04,99.23,8.99,1916.6757,54,5555.6,11527,2/01/15,4/01/15,Medium,Regular Air,349,349,Kim Weiss,Home Office,United States,South,Florida,Miami,33132,"GE 48"" Fluorescent Tube, Cool White Energy Saver, 34 Watts, 30/Box",Furniture,Office Furnishings,Small Pack,0.35
182,114,121,0.0,8.34,2.64,10.5,6,55.54,88685,9/06/15,11/06/15,Critical,Express Air,351,351,Juanita Coley Knox,Home Office,United States,East,New York,Watertown,13601,Acme® Elite Stainless Steel Scissors,Office Supplies,"Scissors, Rulers and Trimmers",Small Pack,0.59
183,114,154,0.04,99.23,8.99,993.8346,14,1440.34,88686,2/01/15,4/01/15,Medium,Regular Air,351,351,Juanita Coley Knox,Home Office,United States,East,New York,Watertown,13601,"GE 48"" Fluorescent Tube, Cool White Energy Saver, 34 Watts, 30/Box",Furniture,Office Furnishings,Small Pack,0.35
184,115,155,0.08,4.89,4.93,-165.45,17,84.76,89647,14/05/15,14/05/15,Low,Express Air,353,353,Bonnie Chambers,Home Office,United States,West,Arizona,Glendale,85301,"Maxell 3.5"" DS/HD IBM-Formatted Diskettes, 10/Pack",Technology,Computer Peripherals,Small Pack,0.66
185,115,156,0.07,6.68,6.92,-141.12,16,104.84,89647,14/05/15,21/05/15,Low,Regular Air,353,353,Bonnie Chambers,Home Office,United States,West,Arizona,Glendale,85301,Xerox 1898,Office Supplies,Paper,Small Box,0.37
186,116,157,0.07,124.49,51.94,1074.44,14,1714.93,91131,24/05/15,25/05/15,Critical,Delivery Truck,357,357,Barbara McNamara,Corporate,United States,West,Arizona,Kingman,86401,Bevis 36 x 72 Conference Tables,Furniture,Tables,Jumbo Box,0.63
187,117,158,0.04,125.99,8.99,-627.82192,1,107.95,91130,9/01/15,16/01/15,Low,Regular Air,358,358,Chris F Brandt,Corporate,United States,East,Pennsylvania,King of Prussia,19406,M70,Technology,Telephones and Communication,Small Box,0.59
188,118,159,0.05,328.14,91.05,411.5172,6,1967.98,87347,17/01/15,19/01/15,Medium,Delivery Truck,366,366,Patrick Rosenthal,Small Business,United States,East,Rhode Island,Cranston,2910,"Sanyo Counter Height Refrigerator with Crisper, 3.6 Cubic Foot, Stainless Steel/Black",Office Supplies,Appliances,Jumbo Drum,0.57
189,119,160,0.09,19.23,6.15,211.232,21,394.1,90292,11/04/15,13/04/15,Low,Express Air,369,369,Troy Moon,Corporate,United States,West,California,Oakland,94601,"Executive Impressions 13"" Clairmont Wall Clock",Furniture,Office Furnishings,Small Pack,0.44
190,120,161,0.02,20.99,4.81,49.788,15,266.39,90291,27/05/15,29/05/15,Not Specified,Regular Air,370,370,Sam Oh,Corporate,United States,East,Maine,Lewiston,4240,1726 Digital Answering Machine,Technology,Telephones and Communication,Medium Box,0.58
191,121,98,0.05,5.4,7.78,-132.6295,9,51.82,90291,27/05/15,29/05/15,Not Specified,Express Air,371,371,Roberta Mullins Peters,Corporate,United States,East,Massachusetts,Everett,2149,3M Organizer Strips,Office Supplies,Binders and Binder Accessories,Small Box,0.37
192,122,162,0.02,200.98,55.96,-163.63,45,9539.6,24193,14/03/15,16/03/15,Not Specified,Delivery Truck,373,373,Jeanne Werner,Small Business,United States,Central,Michigan,Detroit,48234,O'Sullivan Living Dimensions 3-Shelf Bookcases,Furniture,Bookcases,Jumbo Box,0.75
193,122,163,0.02,4.28,5.17,-63.87,24,109.86,24193,14/03/15,15/03/15,Not Specified,Regular Air,373,373,Jeanne Werner,Small Business,United States,Central,Michigan,Detroit,48234,Xerox 1971,Office Supplies,Paper,Small Box,0.4
194,122,164,0.04,85.99,0.99,-175.175,19,1426.51,24193,14/03/15,16/03/15,Not Specified,Regular Air,373,373,Jeanne Werner,Small Business,United States,Central,Michigan,Detroit,48234,Accessory4,Technology,Telephones and Communication,Wrap Bag,0.85
195,123,162,0.02,200.98,55.96,-224.9478,11,2331.9,90917,14/03/15,16/03/15,Not Specified,Delivery Truck,375,375,Sandra Sharma,Small Business,United States,South,Tennessee,Morristown,37814,O'Sullivan Living Dimensions 3-Shelf Bookcases,Furniture,Bookcases,Jumbo Box,0.75
196,123,163,0.02,4.28,5.17,196.8,6,27.47,90917,14/03/15,15/03/15,Not Specified,Regular Air,375,375,Sandra Sharma,Small Business,United States,South,Tennessee,Morristown,37814,Xerox 1971,Office Supplies,Paper,Small Box,0.4
197,124,165,0.03,25.98,5.37,250.0376,17,460.87,89579,17/04/15,17/04/15,Medium,Regular Air,377,377,Sylvia Bush,Consumer,United States,Central,Illinois,Batavia,60510,3M Office Air Cleaner,Office Supplies,Appliances,Medium Box,0.5
198,125,166,0.07,415.88,11.37,-539.59,1,394.51,88929,1/05/15,1/05/15,Not Specified,Regular Air,381,381,Danielle Watts,Corporate,United States,Central,Illinois,Bloomington,61701,Deluxe Rollaway Locking File with Drawer,Office Supplies,Storage & Organization,Small Box,0.57
199,126,167,0.06,5.34,5.63,-82.823,7,38.65,88928,19/03/15,19/03/15,Critical,Regular Air,383,383,Renee Alston,Corporate,United States,East,Pennsylvania,Drexel Hill,19026,"Pressboard Data Binder, Crimson, 12"" X 8 1/2""",Office Supplies,Binders and Binder Accessories,Small Box,0.39
200,126,168,0.07,65.99,5.26,107.082,5,279.83,88928,19/03/15,21/03/15,Critical,Express Air,383,383,Renee Alston,Corporate,United States,East,Pennsylvania,Drexel Hill,19026,8860,Technology,Telephones and Communication,Small Box,0.56
201,127,169,0.1,8.88,6.28,-27.28375,15,126.9,90339,12/06/15,14/06/15,High,Express Air,387,387,Angela Howe,Corporate,United States,Central,Nebraska,Grand Island,68801,GBC Instant Index™ System for Binding Systems,Office Supplies,Binders and Binder Accessories,Small Box,0.35
202,128,170,0.03,5.28,5.66,-51.5592,4,22.82,90337,3/01/15,5/01/15,Critical,Regular Air,388,388,Roger Schwartz,Corporate,United States,Central,Nebraska,Kearney,68847,Xerox 4200 Series MultiUse Premium Copy Paper (20Lb. and 84 Bright),Office Supplies,Paper,Small Box,0.4
203,128,171,0.01,110.99,2.5,-263.56572,2,188.66,90337,3/01/15,6/01/15,Critical,Regular Air,388,388,Roger Schwartz,Corporate,United States,Central,Nebraska,Kearney,68847,T18,Technology,Telephones and Communication,Small Box,0.57
204,129,49,0.03,160.98,30.0,1273.2087,11,1845.23,90338,6/02/15,10/02/15,Low,Delivery Truck,389,389,Joel Buckley,Corporate,United States,Central,Nebraska,Lincoln,68502,Office Star - Mid Back Dual function Ergonomic High Back Chair with 2-Way Adjustable Arms,Furniture,Chairs & Chairmats,Jumbo Drum,0.62
205,130,172,0.02,34.98,7.53,-159.68,1,37.16,86383,5/03/15,7/03/15,Medium,Regular Air,392,392,Erica R Fuller,Corporate,United States,Central,Missouri,Clayton,63105,Fellowes EZ Multi-Media Keyboard,Technology,Computer Peripherals,Small Box,0.76
206,130,173,0.01,19.99,11.17,27.91,2,43.65,86383,5/03/15,8/03/15,Medium,Regular Air,392,392,Erica R Fuller,Corporate,United States,Central,Missouri,Clayton,63105,Telescoping Adjustable Floor Lamp,Furniture,Office Furnishings,Large Box,0.6
207,131,174,0.07,9.71,9.45,-81.77,3,31.44,86382,15/02/15,22/02/15,Low,Regular Air,393,393,Shawn Combs,Corporate,United States,East,New York,Auburn,13021,Filing/Storage Totes and Swivel Casters,Office Supplies,Storage & Organization,Small Box,0.6
208,132,175,0.04,15.98,4.0,-19.208,4,64.59,86384,18/06/15,19/06/15,Critical,Regular Air,395,395,Monica McCormick,Corporate,United States,South,North Carolina,Albemarle,28001,Logitech Access Keyboard,Technology,Computer Peripherals,Small Box,0.37
209,132,176,0.06,22.84,5.47,7.44,20,461.94,86384,18/06/15,20/06/15,Critical,Regular Air,395,395,Monica McCormick,Corporate,United States,South,North Carolina,Albemarle,28001,Xerox 1929,Office Supplies,Paper,Small Box,0.39
210,133,67,0.1,154.13,69.0,-372.485971,8,1216.32,89319,2/02/15,3/02/15,Critical,Regular Air,397,397,Denise Carver,Corporate,United States,East,Ohio,Cuyahoga Falls,44221,Laminate Occasional Tables,Furniture,Tables,Large Box,0.68
211,134,177,0.05,63.94,14.48,1372.6308,31,1989.32,89320,23/05/15,25/05/15,Medium,Regular Air,398,398,Bruce Stark,Corporate,United States,East,Ohio,Dayton,45406,"Howard Miller 16"" Diameter Gallery Wall Clock",Furniture,Office Furnishings,Small Box,0.46
212,135,178,0.03,4.98,0.8,50.2044,15,72.76,87804,21/05/15,22/05/15,High,Regular Air,406,406,June Frank Hammond,Small Business,United States,East,New Jersey,South Vineland,8360,Rediform S.O.S. Phone Message Books,Office Supplies,Paper,Wrap Bag,0.36
213,136,179,0.07,29.17,6.27,236.2371,14,400.47,89639,2/05/15,6/05/15,Low,Regular Air,408,408,Calvin Parsons Walter,Corporate,United States,Central,Texas,San Juan,78589,Binding Machine Supplies,Office Supplies,Binders and Binder Accessories,Small Box,0.37
214,137,180,0.05,178.47,19.99,943.0,9,1531.31,87905,4/05/15,7/05/15,High,Express Air,411,411,Carolyn Proctor,Consumer,United States,West,California,Oakland,94601,"Hot File® 7-Pocket, Floor Stand",Office Supplies,Storage & Organization,Small Box,0.55
215,138,181,0.09,999.99,13.99,-2531.4825,1,919.09,87700,6/02/15,8/02/15,Critical,Regular Air,421,421,Scott Feldman,Small Business,United States,East,New Jersey,Elizabeth,7201,"Polycom Soundstation EX Audio-Conferencing Telephone, Black",Technology,Office Machines,Medium Box,0.36
216,139,109,0.02,15.28,1.99,163.1574,15,236.46,88479,15/01/15,16/01/15,High,Regular Air,428,428,Ernest Barber,Corporate,United States,West,Nevada,Carson City,89701,"Memorex 4.7GB DVD+R, 3/Pack",Technology,Computer Peripherals,Small Pack,0.42
216,139,182,0.0,85.99,3.3,-302.225,1,73.82,88479,15/01/15,16/01/15,High,Regular Air,428,428,Ernest Barber,Corporate,United States,West,Nevada,Carson City,89701,Accessory20,Technology,Telephones and Communication,Small Pack,0.37
217,139,183,0.05,10.98,4.8,90.62,22,243.11,88480,3/03/15,5/03/15,Not Specified,Regular Air,428,428,Ernest Barber,Corporate,United States,West,Nevada,Carson City,89701,"Manila Recycled Extra-Heavyweight Clasp Envelopes, 6"" x 9""",Office Supplies,Envelopes,Small Box,0.36
218,140,90,0.05,125.99,8.08,427.1184,9,952.26,90695,22/06/15,27/06/15,Low,Regular Air,437,437,Alice Berger McIntyre,Small Business,United States,East,Massachusetts,Lunenburg,1462,StarTAC ST7762,Technology,Telephones and Communication,Small Box,0.57
219,141,151,0.0,7.59,4.0,86.438,43,355.92,88085,25/05/15,28/05/15,Critical,Regular Air,444,444,Thelma Abrams,Small Business,United States,Central,Illinois,Urbana,61801,"Master Giant Foot® Doorstop, Safety Yellow",Furniture,Office Furnishings,Wrap Bag,0.42
220,142,184,0.03,48.04,19.99,-4.46,2,101.71,88083,11/04/15,13/04/15,Not Specified,Regular Air,445,445,Judy Barrett,Small Business,United States,Central,Nebraska,Norfolk,68701,14-7/8 x 11 Blue Bar Computer Printout Paper,Office Supplies,Paper,Small Box,0.37
221,142,162,0.09,200.98,55.96,-512.872,9,1766.68,88084,23/06/15,24/06/15,High,Delivery Truck,445,445,Judy Barrett,Small Business,United States,Central,Nebraska,Norfolk,68701,O'Sullivan Living Dimensions 3-Shelf Bookcases,Furniture,Bookcases,Jumbo Box,0.75
222,142,185,0.09,2.78,0.97,-3.784,11,29.02,88084,23/06/15,24/06/15,High,Regular Air,445,445,Judy Barrett,Small Business,United States,Central,Nebraska,Norfolk,68701,Newell 333,Office Supplies,Pens & Art Supplies,Wrap Bag,0.59
223,143,186,0.04,130.98,30.0,-82.904,1,159.51,90449,25/06/15,28/06/15,Not Specified,Delivery Truck,447,447,Valerie Moon,Corporate,United States,Central,Minnesota,Roseville,55113,"Office Star - Contemporary Task Swivel chair with 2-way adjustable arms, Plum",Furniture,Chairs & Chairmats,Jumbo Drum,0.78
224,143,187,0.05,200.99,4.2,1268.8065,11,1838.85,90449,25/06/15,25/06/15,Not Specified,Regular Air,447,447,Valerie Moon,Corporate,United States,Central,Minnesota,Roseville,55113,2160i,Technology,Telephones and Communication,Small Box,0.59
225,144,188,0.03,15.99,11.28,-53.2962,2,35.48,86010,10/04/15,11/04/15,High,Regular Air,451,451,Joyce Murray,Home Office,United States,West,California,Los Altos,94024,"210 Trimline Phone, White",Technology,Office Machines,Medium Box,0.38
226,144,189,0.04,37.7,2.99,299.6739,12,434.31,86012,27/05/15,28/05/15,Critical,Regular Air,451,451,Joyce Murray,Home Office,United States,West,California,Los Altos,94024,Vinyl Sectional Post Binders,Office Supplies,Binders and Binder Accessories,Small Box,0.35
227,144,169,0.01,8.88,6.28,-15.456,2,19.86,86013,5/01/15,10/01/15,Low,Regular Air,451,451,Joyce Murray,Home Office,United States,West,California,Los Altos,94024,GBC Instant Index™ System for Binding Systems,Office Supplies,Binders and Binder Accessories,Small Box,0.35
228,144,117,0.06,2.88,0.99,16.0494,8,23.26,86013,5/01/15,14/01/15,Low,Regular Air,451,451,Joyce Murray,Home Office,United States,West,California,Los Altos,94024,Avery 514,Office Supplies,Labels,Small Box,0.36
229,145,135,0.01,55.99,5.0,-235.895,1,51.83,86012,27/05/15,28/05/15,Critical,Regular Air,452,452,Leslie Rowland,Home Office,United States,West,California,Los Banos,93635,Accessory36,Technology,Telephones and Communication,Small Pack,0.83
230,146,190,0.03,29.34,7.87,-41.32,1,32.4,86011,8/05/15,10/05/15,Not Specified,Regular Air,453,453,George Terry,Corporate,United States,West,California,Los Gatos,95032,"Seth Thomas 14"" Putty-Colored Wall Clock",Furniture,Office Furnishings,Small Box,0.54
231,147,191,0.07,16.91,6.25,7.9,31,492.9,86014,23/05/15,30/05/15,Low,Regular Air,460,460,Anne Armstrong,Home Office,United States,East,New Jersey,Millville,8332,"Tenex Personal Self-Stacking Standard File Box, Black/Gray",Office Supplies,Storage & Organization,Small Box,0.58
232,148,192,0.07,165.2,19.99,521.69,7,1081.54,88061,14/01/15,16/01/15,Low,Regular Air,463,463,Debbie Stevenson,Small Business,United States,West,California,West Hollywood,90069,Economy Rollaway Files,Office Supplies,Storage & Organization,Small Box,0.59
233,149,193,0.08,297.64,14.7,496.7968,5,1132.84,88060,11/01/15,11/01/15,Not Specified,Delivery Truck,466,466,Marc Nash,Small Business,United States,East,Massachusetts,Bellingham,2019,Panasonic KX-P3200 Dot Matrix Printer,Technology,Office Machines,Jumbo Drum,0.57
234,150,194,0.02,12.99,14.37,-556.8096,11,143.63,88060,11/01/15,12/01/15,Not Specified,Regular Air,467,467,Maria Thomas,Small Business,United States,East,Massachusetts,Beverly,1915,"Tensor ""Hersey Kiss"" Styled Floor Lamp",Furniture,Office Furnishings,Large Box,0.73
235,151,195,0.06,14.42,6.75,-27.7388,5,73.04,88060,11/01/15,12/01/15,Not Specified,Regular Air,468,468,Craig Bennett,Small Business,United States,East,Massachusetts,Hanson,2341,Holmes Odor Grabber,Office Supplies,Appliances,Medium Box,0.52
236,152,17,0.05,4.14,6.6,-128.6872,7,33.35,88060,11/01/15,13/01/15,Not Specified,Express Air,469,469,Marion Bowling,Small Business,United States,East,New Jersey,Hawthorne,7506,Eldon Image Series Black Desk Accessories,Furniture,Office Furnishings,Small Box,0.49
237,153,196,0.03,11.34,5.01,23.2028,5,60.24,88060,11/01/15,11/01/15,Not Specified,Regular Air,470,470,Tony Doyle,Small Business,United States,East,New Jersey,Trenton,8601,Xerox 188,Office Supplies,Paper,Small Box,0.36
238,154,197,0.07,179.99,19.99,-568.5351,4,718.03,3138,8/02/15,8/02/15,Not Specified,Express Air,471,471,Ross Simpson,Consumer,United States,South,Georgia,Atlanta,30318,Motorola SB4200 Cable Modem,Technology,Computer Peripherals,Small Box,0.48
239,155,197,0.07,179.99,19.99,-427.47,1,179.51,88023,8/02/15,8/02/15,Not Specified,Express Air,472,472,Donna Craven,Consumer,United States,East,Maryland,Randallstown,21133,Motorola SB4200 Cable Modem,Technology,Computer Peripherals,Small Box,0.48
240,156,198,0.03,11.97,4.98,-18.19,6,73.18,90353,27/01/15,28/01/15,Critical,Regular Air,483,483,Edgar McKenzie,Corporate,United States,Central,Illinois,Oswego,60543,Staples 6 Outlet Surge,Office Supplies,Appliances,Small Box,0.58
241,156,199,0.06,3.36,6.27,-24.05754,2,8.82,90354,23/04/15,24/04/15,Not Specified,Regular Air,483,483,Edgar McKenzie,Corporate,United States,Central,Illinois,Oswego,60543,Cardinal Poly Pocket Divider Pockets for Ring Binders,Office Supplies,Binders and Binder Accessories,Small Box,0.4
242,156,200,0.07,699.99,24.49,2583.56148,9,5976.09,90354,23/04/15,25/04/15,Not Specified,Regular Air,483,483,Edgar McKenzie,Corporate,United States,Central,Illinois,Oswego,60543,Canon PC1060 Personal Laser Copier,Technology,Copiers and Fax,Large Box,0.41
243,157,201,0.05,2.88,0.5,6.0513,3,8.77,91062,18/03/15,20/03/15,Not Specified,Regular Air,485,485,Edward Leonard,Corporate,United States,West,California,Fresno,93727,Avery 49,Office Supplies,Labels,Small Box,0.36
244,158,199,0.1,3.36,6.27,-67.0565,5,20.87,91063,18/05/15,19/05/15,Medium,Express Air,487,487,Molly Vincent,Corporate,United States,East,Maine,Sanford,4073,Cardinal Poly Pocket Divider Pockets for Ring Binders,Office Supplies,Binders and Binder Accessories,Small Box,0.4
245,159,95,0.07,12.28,4.86,-7.94,2,25.7,91063,18/05/15,20/05/15,Medium,Regular Air,488,488,Ronnie Creech,Corporate,United States,East,Maine,South Portland,4106,Xerox 1933,Office Supplies,Paper,Small Box,0.38
246,160,202,0.09,20.99,0.99,122.292,14,229.57,91063,18/05/15,18/05/15,Medium,Regular Air,489,489,Eileen Cheek,Corporate,United States,East,Massachusetts,Norwood,2062,Accessory25,Technology,Telephones and Communication,Wrap Bag,0.57
247,161,203,0.08,2.94,0.96,-2.12,23,66.7,8353,15/05/15,17/05/15,Medium,Regular Air,491,491,Toni Swanson,Consumer,United States,East,New York,New York City,10154,Newell 343,Office Supplies,Pens & Art Supplies,Wrap Bag,0.58
248,161,47,0.01,4.98,6.07,-69.07,41,217.0,10464,10/02/15,11/02/15,Critical,Regular Air,491,491,Toni Swanson,Consumer,United States,East,New York,New York City,10154,Xerox 1897,Office Supplies,Paper,Small Box,0.36
249,161,204,0.02,1360.14,14.7,2028.12,22,31670.6,6562,20/06/15,22/06/15,Critical,Delivery Truck,491,491,Toni Swanson,Consumer,United States,East,New York,New York City,10154,Okidata ML395C Color Dot Matrix Printer,Technology,Office Machines,Jumbo Drum,0.59
250,161,205,0.02,9.06,9.86,-63.51,24,239.82,42852,20/06/15,22/06/15,Not Specified,Regular Air,491,491,Toni Swanson,Consumer,United States,East,New York,New York City,10154,Southworth 25% Cotton Linen-Finish Paper & Envelopes,Office Supplies,Paper,Small Box,0.4
251,162,206,0.02,6.48,6.6,-92.05,10,66.71,88906,20/01/15,22/01/15,Not Specified,Regular Air,493,493,Douglas Buck,Consumer,United States,West,Washington,Seatac,98158,Xerox 21,Office Supplies,Paper,Small Box,0.37
252,162,207,0.04,17.15,4.96,6.11,5,87.16,88906,20/01/15,21/01/15,Not Specified,Regular Air,493,493,Douglas Buck,Consumer,United States,West,Washington,Seatac,98158,Advantus Rolling Storage Box,Office Supplies,Storage & Organization,Small Box,0.58
253,163,208,0.06,8.32,2.38,-36.63,12,101.26,88905,15/05/15,17/05/15,Medium,Regular Air,494,494,Jimmy Alston Holder,Consumer,United States,West,Washington,Seattle,98115,"Imation 3.5 IBM Formatted Diskettes, 10/Box",Technology,Computer Peripherals,Small Pack,0.74
253,163,203,0.08,2.94,0.96,-2.12,6,17.4,88905,15/05/15,17/05/15,Medium,Regular Air,494,494,Jimmy Alston Holder,Consumer,United States,West,Washington,Seattle,98115,Newell 343,Office Supplies,Pens & Art Supplies,Wrap Bag,0.58
254,163,47,0.01,4.98,6.07,-35.9164,10,52.93,88907,10/02/15,11/02/15,Critical,Regular Air,494,494,Jimmy Alston Holder,Consumer,United States,West,Washington,Seattle,98115,Xerox 1897,Office Supplies,Paper,Small Box,0.36
255,163,204,0.02,1360.14,14.7,3042.18,6,8637.44,88908,20/06/15,22/06/15,Critical,Delivery Truck,494,494,Jimmy Alston Holder,Consumer,United States,West,Washington,Seattle,98115,Okidata ML395C Color Dot Matrix Printer,Technology,Office Machines,Jumbo Drum,0.59
256,163,205,0.02,9.06,9.86,-31.755,6,59.95,88908,20/06/15,22/06/15,Not Specified,Regular Air,494,494,Jimmy Alston Holder,Consumer,United States,West,Washington,Seattle,98115,Southworth 25% Cotton Linen-Finish Paper & Envelopes,Office Supplies,Paper,Small Box,0.4
257,164,209,0.07,152.48,6.5,171.8388,35,5062.49,90706,14/05/15,16/05/15,Critical,Regular Air,497,497,Steve McKee,Small Business,United States,South,Tennessee,Murfreesboro,37130,Adesso Programmable 142-Key Keyboard,Technology,Computer Peripherals,Small Box,0.74
258,165,210,0.01,55.98,4.86,32.9409,11,646.97,87357,18/04/15,20/04/15,Critical,Express Air,507,507,Carol Saunders,Corporate,United States,South,Kentucky,Bowling Green,42104,Xerox 1908,Office Supplies,Paper,Small Box,0.36
259,165,211,0.04,65.99,8.99,131.334,17,946.29,87357,18/04/15,19/04/15,Critical,Regular Air,507,507,Carol Saunders,Corporate,United States,South,Kentucky,Bowling Green,42104,Talkabout T8367,Technology,Telephones and Communication,Small Box,0.56
260,166,212,0.01,20.98,53.03,-282.0818,5,123.0,87356,23/02/15,23/02/15,High,Delivery Truck,508,508,Cameron Owens,Corporate,United States,South,Kentucky,Covington,41011,"Tennsco Lockers, Gray",Office Supplies,Storage & Organization,Jumbo Drum,0.78
261,166,213,0.01,128.24,12.65,140.1354,4,554.08,87357,18/04/15,21/04/15,Critical,Regular Air,508,508,Cameron Owens,Corporate,United States,South,Kentucky,Covington,41011,SAFCO Folding Chair Trolley,Furniture,Chairs & Chairmats,Medium Box,
262,167,214,0.02,48.04,5.09,105.2526,3,152.54,90058,13/01/15,13/01/15,Low,Regular Air,510,510,Gregory Rao,Corporate,United States,West,California,Manteca,95336,Xerox 1910,Office Supplies,Paper,Small Box,0.37
263,167,215,0.03,6.37,5.19,-29.0927,14,89.79,90059,1/02/15,2/02/15,Critical,Regular Air,510,510,Gregory Rao,Corporate,United States,West,California,Manteca,95336,"C-Line Peel & Stick Add-On Filing Pockets, 8-3/4 x 5-1/8, 10/Pack",Office Supplies,Binders and Binder Accessories,Small Box,0.38
264,168,216,0.07,12.64,4.98,113.415,16,199.76,90867,5/06/15,12/06/15,Low,Regular Air,518,518,Mark Ritchie,Home Office,United States,Central,Missouri,Clayton,63105,Nu-Dell Executive Frame,Furniture,Office Furnishings,Small Pack,0.48
265,169,217,0.02,150.98,13.99,26.1,3,480.37,89327,22/06/15,24/06/15,Medium,Express Air,522,522,Aaron Riggs,Small Business,United States,West,Oregon,Redmond,97756,Canon MP41DH Printing Calculator,Technology,Office Machines,Medium Box,0.38
266,169,218,0.1,5.43,0.95,-2.58,1,5.76,89327,22/06/15,24/06/15,Medium,Regular Air,522,522,Aaron Riggs,Small Business,United States,West,Oregon,Redmond,97756,"Wirebound Message Book, 4 per Page",Office Supplies,Paper,Wrap Bag,0.36
267,169,219,0.01,179.29,29.21,2800.12,21,3112.13,89327,22/06/15,23/06/15,Medium,Delivery Truck,522,522,Aaron Riggs,Small Business,United States,West,Oregon,Redmond,97756,"Bevis Round Conference Table Top, X-Base",Furniture,Tables,Jumbo Box,0.74
268,170,220,0.03,1270.99,19.99,363.552,2,2589.01,91127,20/01/15,22/01/15,Not Specified,Regular Air,524,524,Gina McKnight,Consumer,United States,South,Tennessee,Farragut,37922,Fellowes PB500 Electric Punch Plastic Comb Binding Machine with Manual Bind,Office Supplies,Binders and Binder Accessories,Small Box,0.35
269,170,221,0.07,2036.48,14.7,-11.536,1,1893.93,91127,20/01/15,22/01/15,Not Specified,Delivery Truck,524,524,Gina McKnight,Consumer,United States,South,Tennessee,Farragut,37922,Lexmark 4227 Plus Dot Matrix Printer,Technology,Office Machines,Jumbo Drum,0.55
270,171,19,0.09,17.98,8.51,-6.612,12,211.13,90026,25/05/15,27/05/15,High,Regular Air,526,526,April Hu,Home Office,United States,West,Arizona,Mesa,85204,Canon P1-DHIII Palm Printing Calculator,Technology,Office Machines,Medium Box,0.4
271,171,84,0.0,1.88,1.49,-15.5595,13,25.39,90027,17/01/15,18/01/15,Not Specified,Regular Air,526,526,April Hu,Home Office,United States,West,Arizona,Mesa,85204,Staples® General Use 3-Ring Binders,Office Supplies,Binders and Binder Accessories,Small Box,0.37
271,171,222,0.06,5.78,5.67,-108.19,15,87.27,90027,17/01/15,18/01/15,Not Specified,Regular Air,526,526,April Hu,Home Office,United States,West,Arizona,Mesa,85204,Xerox 1978,Office Supplies,Paper,Small Box,0.36
272,172,223,0.0,15.99,13.18,46.488,23,403.25,88511,21/04/15,25/04/15,Low,Regular Air,535,535,Jill Clements,Corporate,United States,South,Virginia,Montclair,22025,"GBC Pre-Punched Binding Paper, Plastic, White, 8-1/2"" x 11""",Office Supplies,Binders and Binder Accessories,Small Box,0.37
273,173,224,0.05,59.78,10.29,159.5297,7,414.49,91174,14/05/15,15/05/15,Medium,Regular Air,539,539,Alice Coley,Small Business,United States,Central,Illinois,Urbana,61801,GBC Recycled Regency Composition Covers,Office Supplies,Binders and Binder Accessories,Small Box,0.39
274,174,225,0.08,20.99,1.25,15.3714,28,469.69,91174,14/05/15,16/05/15,Medium,Regular Air,540,540,Ruth Lamm,Small Business,United States,Central,Illinois,Vernon Hills,60061,Accessory29,Technology,Telephones and Communication,Small Pack,0.83
275,174,226,0.05,204.1,13.99,5924.1123,41,8585.67,91175,23/05/15,25/05/15,Medium,Regular Air,540,540,Ruth Lamm,Small Business,United States,Central,Illinois,Vernon Hills,60061,"Soundgear Copyboard Conference Phone, Optional Battery",Technology,Office Machines,Medium Box,0.37
276,175,227,0.03,13.73,6.85,39.5853,4,57.37,86250,14/06/15,15/06/15,Not Specified,Express Air,547,547,Henry Ball,Corporate,United States,East,West Virginia,Morgantown,26501,DAX Wood Document Frame.,Furniture,Office Furnishings,Wrap Bag,0.54
277,176,228,0.02,7.1,6.05,-66.378,9,66.32,90908,20/01/15,20/01/15,Not Specified,Regular Air,549,549,Dennis Boykin Townsend,Corporate,United States,West,New Mexico,Roswell,88201,"Wilson Jones Hanging View Binder, White, 1""",Office Supplies,Binders and Binder Accessories,Small Box,0.39
278,177,16,0.05,1.68,1.57,-33.34,11,18.75,90909,30/01/15,31/01/15,High,Regular Air,550,550,Edna Monroe Talley,Corporate,United States,Central,Texas,Seguin,78155,Newell 323,Office Supplies,Pens & Art Supplies,Wrap Bag,0.59
279,177,229,0.1,218.75,69.64,-201.276,1,188.51,90909,30/01/15,1/02/15,High,Delivery Truck,550,550,Edna Monroe Talley,Corporate,United States,Central,Texas,Seguin,78155,BoxOffice By Design Rectangular and Half-Moon Meeting Room Tables,Furniture,Tables,Jumbo Box,0.77
280,177,230,0.06,549.99,49.0,4637.4072,13,6720.88,90910,12/06/15,13/06/15,Medium,Delivery Truck,550,550,Edna Monroe Talley,Corporate,United States,Central,Texas,Seguin,78155,Sharp 1540cs Digital Laser Copier,Technology,Copiers and Fax,Jumbo Drum,0.35
281,177,231,0.08,115.99,5.99,-239.5415,1,102.21,90910,12/06/15,13/06/15,Medium,Express Air,550,550,Edna Monroe Talley,Corporate,United States,Central,Texas,Seguin,78155,2160,Technology,Telephones and Communication,Small Box,0.57
282,178,232,0.0,15.04,1.97,21.5142,2,31.18,90909,30/01/15,1/02/15,High,Regular Air,551,551,Peggy Chan,Corporate,United States,Central,Texas,Sherman,75090,White GlueTop Scratch Pads,Office Supplies,Paper,Wrap Bag,0.39
283,179,233,0.0,6.88,2.0,34.068,36,267.53,17155,28/01/15,29/01/15,Medium,Express Air,553,553,Kristine Connolly,Home Office,United States,West,California,Los Angeles,90008,"Adams Phone Message Book, 200 Message Capacity, 8 1/16” x 11”",Office Supplies,Paper,Wrap Bag,0.39
284,180,221,0.07,2036.48,14.7,4073.25,25,43046.2,2433,21/02/15,21/02/15,Not Specified,Delivery Truck,553,553,Kristine Connolly,Corporate,United States,West,California,Los Angeles,90008,Lexmark 4227 Plus Dot Matrix Printer,Technology,Office Machines,Jumbo Drum,0.55
285,180,131,0.01,4.98,7.44,-179.592,63,330.21,8165,15/04/15,24/04/15,Low,Regular Air,553,553,Kristine Connolly,Corporate,United States,West,California,Los Angeles,90008,Xerox 1922,Office Supplies,Paper,Small Box,0.36
286,180,157,0.08,124.49,51.94,-500.38,56,6831.37,359,18/06/15,19/06/15,Medium,Delivery Truck,553,553,Kristine Connolly,Corporate,United States,West,California,Los Angeles,90008,Bevis 36 x 72 Conference Tables,Furniture,Tables,Jumbo Box,0.63
287,181,221,0.07,2036.48,14.7,6028.41,6,10331.09,86190,21/02/15,21/02/15,Not Specified,Delivery Truck,555,555,Walter Young,Corporate,United States,West,Utah,Pleasant Grove,84062,Lexmark 4227 Plus Dot Matrix Printer,Technology,Office Machines,Jumbo Drum,0.55
288,181,131,0.01,4.98,7.44,-161.6328,16,83.86,86191,15/04/15,24/04/15,Low,Regular Air,555,555,Walter Young,Corporate,United States,West,Utah,Pleasant Grove,84062,Xerox 1922,Office Supplies,Paper,Small Box,0.36
289,181,157,0.08,124.49,51.94,-250.19,14,1707.84,86192,18/06/15,19/06/15,Medium,Delivery Truck,555,555,Walter Young,Corporate,United States,West,Utah,Pleasant Grove,84062,Bevis 36 x 72 Conference Tables,Furniture,Tables,Jumbo Box,0.63
290,182,233,0.0,6.88,2.0,46.1472,9,66.88,86189,28/01/15,29/01/15,Medium,Express Air,556,556,Kristina Sanders,Home Office,United States,West,Utah,Provo,84604,"Adams Phone Message Book, 200 Message Capacity, 8 1/16” x 11”",Office Supplies,Paper,Wrap Bag,0.39
291,182,234,0.03,32.48,35.0,-1116.3348,8,274.91,86189,28/01/15,28/01/15,Medium,Express Air,556,556,Kristina Sanders,Home Office,United States,West,Utah,Provo,84604,Fellowes Neat Ideas® Storage Cubes,Office Supplies,Storage & Organization,Large Box,0.81
292,183,235,0.02,280.98,57.0,1141.794,4,1128.74,88879,4/03/15,5/03/15,Critical,Delivery Truck,568,568,Peter McConnell,Consumer,United States,South,Mississippi,Columbus,39701,Hon 2090 “Pillow Soft” Series Mid Back Swivel/Tilt Chairs,Furniture,Chairs & Chairmats,Jumbo Drum,0.78
293,183,236,0.09,70.97,3.5,-99.568,12,805.99,88880,15/04/15,15/04/15,Not Specified,Regular Air,568,568,Peter McConnell,Consumer,United States,South,Mississippi,Columbus,39701,Tripp Lite Isotel 8 Ultra 8 Outlet Metal Surge,Office Supplies,Appliances,Small Box,0.59
294,183,237,0.08,67.28,19.99,224.8506,16,1066.54,88882,1/04/15,3/04/15,Medium,Express Air,568,568,Peter McConnell,Consumer,United States,South,Mississippi,Columbus,39701,Catalog Binders with Expanding Posts,Office Supplies,Binders and Binder Accessories,Small Box,0.4
295,184,146,0.06,7.99,5.03,-122.133,10,65.74,88881,13/01/15,13/01/15,Low,Regular Air,570,570,Katharine Bass,Consumer,United States,West,Nevada,Henderson,89015,Bell Sonecor JB700 Caller ID,Technology,Telephones and Communication,Medium Box,0.6
296,185,238,0.05,4.13,5.04,-12.1555,1,5.84,86555,13/03/15,14/03/15,Critical,Regular Air,573,573,Vanessa Winstead,Home Office,United States,Central,Illinois,Pekin,61554,"ACCOHIDE® 3-Ring Binder, Blue, 1""",Office Supplies,Binders and Binder Accessories,Small Box,0.38
297,186,166,0.08,415.88,11.37,-269.0844,1,405.57,86556,26/02/15,27/02/15,High,Regular Air,573,573,Vanessa Winstead,Corporate,United States,Central,Illinois,Pekin,61554,Deluxe Rollaway Locking File with Drawer,Office Supplies,Storage & Organization,Small Box,0.57
298,187,239,0.06,4.48,49.0,-566.0,4,32.6,88645,13/01/15,17/01/15,Low,Regular Air,576,576,Gordon Lyon,Corporate,United States,West,California,Pomona,91767,Hoover Portapower™ Portable Vacuum,Office Supplies,Appliances,Large Box,0.6
299,188,240,0.03,162.93,19.99,293.14,3,515.88,88644,13/05/15,14/05/15,Medium,Regular Air,578,578,Evan K Bullard,Corporate,United States,East,Connecticut,Naugatuck,6770,Multimedia Mailers,Office Supplies,Envelopes,Small Box,0.39
300,189,241,0.01,11.58,5.72,-6.61,2,25.06,88644,13/05/15,15/05/15,Medium,Regular Air,579,579,Marlene Abrams,Corporate,United States,East,Connecticut,Seymour,6478,"Peel & Seel® Recycled Catalog Envelopes, Brown",Office Supplies,Envelopes,Small Box,0.35
301,190,242,0.01,55.99,5.0,-57.541,12,578.24,88644,13/05/15,14/05/15,Medium,Regular Air,580,580,Kathryn Patrick,Corporate,United States,East,Maine,Auburn,4210,Accessory6,Technology,Telephones and Communication,Small Pack,0.8
302,191,243,0.04,15.51,17.78,-266.22,7,116.93,88646,21/01/15,23/01/15,Not Specified,Regular Air,584,584,Timothy Currie,Corporate,United States,East,Massachusetts,Woburn,1801,"Tenex File Box, Personal Filing Tote with Lid, Black",Office Supplies,Storage & Organization,Small Box,0.59
303,192,244,0.06,13.9,7.59,-67.59,12,170.45,88644,13/05/15,14/05/15,Medium,Regular Air,585,585,William Larson,Corporate,United States,East,New Hampshire,Concord,3301,"Acme Hot Forged Carbon Steel Scissors with Nickel-Plated Handles, 3 7/8"" Cut, 8""L",Office Supplies,"Scissors, Rulers and Trimmers",Small Pack,0.56
304,193,245,0.08,30.53,19.99,-239.8656,10,285.87,86307,17/01/15,17/01/15,Critical,Regular Air,592,592,Eva Silverman,Small Business,United States,Central,Illinois,Wilmette,60091,"Avery 4027 File Folder Labels for Dot Matrix Printers, 5000 Labels per Box, White",Office Supplies,Labels,Small Box,0.39
305,194,16,0.01,1.68,1.57,-53.444,12,20.37,86307,17/01/15,19/01/15,Critical,Regular Air,593,593,Joel Huffman,Small Business,United States,Central,Illinois,Woodridge,60517,Newell 323,Office Supplies,Pens & Art Supplies,Wrap Bag,0.59
306,195,246,0.09,13.79,8.78,-22.12,1,17.44,86309,15/03/15,17/03/15,Critical,Regular Air,594,594,Charlie Moore,Consumer,United States,Central,Indiana,Anderson,46016,9-3/4 Diameter Round Wall Clock,Furniture,Office Furnishings,Small Box,0.43
307,195,247,0.04,39.48,1.99,484.8492,18,702.68,86311,19/06/15,22/06/15,Critical,Regular Air,594,594,Charlie Moore,Consumer,United States,Central,Indiana,Anderson,46016,"80 Minute CD-R Spindle, 100/Pack - Staples",Technology,Computer Peripherals,Small Pack,0.54
308,195,248,0.04,3.7,1.61,18.0,18,67.24,86311,19/06/15,20/06/15,Critical,Regular Air,594,594,Charlie Moore,Consumer,United States,Central,Indiana,Anderson,46016,3M Hangers With Command Adhesive,Furniture,Office Furnishings,Wrap Bag,0.44
309,196,28,0.03,3.8,1.49,15.2745,6,24.27,86308,15/02/15,17/02/15,Critical,Regular Air,596,596,Doris Fitzpatrick,Consumer,United States,Central,Indiana,Carmel,46032,Durable Pressboard Binders,Office Supplies,Binders and Binder Accessories,Small Box,0.38
309,196,249,0.07,7.98,1.25,26.5857,5,38.53,86308,15/02/15,17/02/15,Critical,Regular Air,596,596,Doris Fitzpatrick,Consumer,United States,Central,Indiana,Carmel,46032,"Adams Telephone Message Book w/Frequently-Called Numbers Space, 400 Messages per Book",Office Supplies,Paper,Wrap Bag,0.35
310,196,250,0.07,417.4,75.23,-575.352,12,4910.72,86308,15/02/15,16/02/15,Critical,Delivery Truck,596,596,Doris Fitzpatrick,Consumer,United States,Central,Indiana,Carmel,46032,Bretford “Just In Time” Height-Adjustable Multi-Task Work Tables,Furniture,Tables,Jumbo Box,0.79
311,197,251,0.1,6.48,5.9,-51.635,19,116.8,86310,10/06/15,10/06/15,Not Specified,Regular Air,597,597,Alexandra Wise,Small Business,United States,Central,Indiana,Columbus,47201,Xerox 1976,Office Supplies,Paper,Small Box,0.37
312,198,252,0.06,6.48,7.37,-75.44,5,32.39,87579,13/03/15,14/03/15,Medium,Regular Air,600,600,Vickie Morse,Corporate,United States,East,Maryland,Reisterstown,21136,Xerox 210,Office Supplies,Paper,Small Box,0.37
313,199,253,0.02,35.99,5.0,-120.934,7,227.79,87020,3/02/15,5/02/15,Not Specified,Regular Air,603,603,Gretchen Ball,Home Office,United States,West,Colorado,Pueblo,81001,Accessory27,Technology,Telephones and Communication,Small Box,0.85
314,200,67,0.09,154.13,69.0,-1763.7477,38,5679.59,28647,14/03/15,15/03/15,Critical,Express Air,604,604,Lindsay P Ashley,Corporate,United States,West,California,Los Angeles,90045,Laminate Occasional Tables,Furniture,Tables,Large Box,0.68
315,201,84,0.03,1.88,1.49,-15.0995,52,102.32,34882,24/01/15,25/01/15,Critical,Regular Air,604,604,Lindsay P Ashley,Home Office,United States,West,California,Los Angeles,90045,Staples® General Use 3-Ring Binders,Office Supplies,Binders and Binder Accessories,Small Box,0.37
316,202,67,0.09,154.13,69.0,-1763.7477,10,1494.63,91144,14/03/15,15/03/15,Critical,Express Air,605,605,Alison Peters Wooten,Corporate,United States,East,New York,West Islip,11795,Laminate Occasional Tables,Furniture,Tables,Large Box,0.68
317,203,254,0.02,15.57,1.39,23.5428,3,46.23,88198,29/04/15,30/04/15,Not Specified,Regular Air,617,617,Brett Schultz,Consumer,United States,West,Colorado,Pueblo,81001,Park Ridge™ Embossed Executive Business Envelopes,Office Supplies,Envelopes,Small Box,0.38
317,203,255,0.02,20.89,11.52,-276.1128,13,279.28,88198,29/04/15,30/04/15,Not Specified,Regular Air,617,617,Brett Schultz,Consumer,United States,West,Colorado,Pueblo,81001,"Iris® 3-Drawer Stacking Bin, Black",Office Supplies,Storage & Organization,Small Box,0.83
318,204,50,0.06,17.98,4.0,-78.13,4,70.06,88197,24/03/15,25/03/15,Critical,Regular Air,618,618,Robert Cowan,Consumer,United States,West,Colorado,Pueblo West,81007,"Belkin 107-key enhanced keyboard, USB/PS/2 interface",Technology,Computer Peripherals,Small Box,0.79
319,204,256,0.06,5.38,5.24,-64.67094,14,81.82,88198,29/04/15,30/04/15,Not Specified,Express Air,618,618,Robert Cowan,Consumer,United States,West,Colorado,Pueblo West,81007,"Acco PRESSTEX® Data Binder with Storage Hooks, Dark Blue, 14 7/8"" X 11""",Office Supplies,Binders and Binder Accessories,Small Box,0.36
320,204,257,0.03,7.35,5.96,-11.1132,1,13.16,88198,29/04/15,30/04/15,Not Specified,Regular Air,618,618,Robert Cowan,Consumer,United States,West,Colorado,Pueblo West,81007,"1/4 Fold Party Design Invitations & White Envelopes, 24 8-1/2"" X 11"" Cards, 25 Env./Pack",Office Supplies,Paper,Small Box,0.38
321,205,258,0.03,14.2,5.3,107.02,14,205.98,88196,7/01/15,8/01/15,Critical,Regular Air,619,619,Howard Rogers,Consumer,United States,Central,Michigan,Southgate,48195,Coloredge Poster Frame,Furniture,Office Furnishings,Wrap Bag,0.46
322,206,233,0.1,6.88,2.0,18.42,5,31.46,91432,26/02/15,27/02/15,Medium,Regular Air,621,621,Heather Stern,Home Office,United States,East,Connecticut,Newington,6111,"Adams Phone Message Book, 200 Message Capacity, 8 1/16” x 11”",Office Supplies,Paper,Wrap Bag,0.39
323,207,259,0.06,195.99,8.99,349.47,6,948.97,91432,26/02/15,28/02/15,Medium,Regular Air,622,622,Hazel Khan,Home Office,United States,East,Maine,Auburn,4210,T28 WORLD,Technology,Telephones and Communication,Small Box,0.6
324,208,260,0.05,6.48,8.4,-226.3464,21,136.99,91433,1/04/15,3/04/15,High,Regular Air,623,623,Jenny Petty,Home Office,United States,East,New Hampshire,Manchester,3101,Xerox 212,Office Supplies,Paper,Small Box,0.37
325,209,242,0.05,55.99,5.0,-281.17584,2,99.36,91433,1/04/15,1/04/15,High,Regular Air,624,624,Terry Klein,Home Office,United States,East,Vermont,Rutland,5701,Accessory6,Technology,Telephones and Communication,Small Pack,0.8
326,210,261,0.02,419.19,19.99,6610.2,22,9580.0,90469,21/04/15,22/04/15,Medium,Regular Air,627,627,Scott McKenna,Corporate,United States,East,Ohio,Steubenville,43952,Smead Adjustable Mobile File Trolley with Lockable Top,Office Supplies,Storage & Organization,Small Box,0.58
327,211,262,0.01,2.08,5.33,-103.7124,12,28.32,89284,5/04/15,5/04/15,High,Regular Air,635,635,Juan Justice,Corporate,United States,Central,Minnesota,Saint Paul,55106,Eldon® Wave Desk Accessories,Furniture,Office Furnishings,Small Box,0.43
328,211,263,0.03,370.98,99.0,-124.2864,6,2309.49,89284,5/04/15,6/04/15,High,Delivery Truck,635,635,Juan Justice,Corporate,United States,Central,Minnesota,Saint Paul,55106,"Sauder Facets Collection Locker/File Cabinet, Sky Alder Finish",Office Supplies,Storage & Organization,Jumbo Drum,0.65
329,212,264,0.06,160.98,35.02,-229.68,8,1232.01,87953,20/03/15,24/03/15,Low,Delivery Truck,637,637,Christopher Bryant,Consumer,United States,West,California,Santa Clara,95051,Rush Hierlooms Collection Rich Wood Bookcases,Furniture,Bookcases,Jumbo Box,0.72
330,213,265,0.06,65.99,8.8,288.09,9,506.38,87954,30/04/15,1/05/15,Critical,Express Air,638,638,Brooke Shepherd,Consumer,United States,West,California,Santa Cruz,95062,6120,Technology,Telephones and Communication,Small Box,0.58
331,213,266,0.0,195.99,4.2,719.4768,6,1042.72,87954,30/04/15,2/05/15,Critical,Express Air,638,638,Brooke Shepherd,Consumer,United States,West,California,Santa Cruz,95062,KH 688,Technology,Telephones and Communication,Small Box,0.57
332,214,267,0.0,236.97,59.24,1192.04,9,1769.91,87952,14/02/15,15/02/15,Not Specified,Delivery Truck,639,639,Lois Rowland,Consumer,United States,West,California,Santa Maria,93454,Chromcraft Rectangular Conference Tables,Furniture,Tables,Jumbo Box,0.61
333,215,267,0.0,236.97,59.24,1192.04,34,6686.34,56452,14/02/15,15/02/15,Not Specified,Delivery Truck,640,640,Neal Wolfe,Consumer,United States,West,Washington,Seattle,98119,Chromcraft Rectangular Conference Tables,Furniture,Tables,Jumbo Box,0.61
334,215,264,0.06,160.98,35.02,-229.68,30,4620.05,11077,20/03/15,24/03/15,Low,Delivery Truck,640,640,Neal Wolfe,Consumer,United States,West,Washington,Seattle,98119,Rush Hierlooms Collection Rich Wood Bookcases,Furniture,Bookcases,Jumbo Box,0.72
335,215,265,0.06,65.99,8.8,288.09,34,1912.98,45380,30/04/15,1/05/15,Critical,Express Air,640,640,Neal Wolfe,Consumer,United States,West,Washington,Seattle,98119,6120,Technology,Telephones and Communication,Small Box,0.58
336,215,266,0.0,195.99,4.2,1030.509,24,4170.87,45380,30/04/15,2/05/15,Critical,Express Air,640,640,Neal Wolfe,Consumer,United States,West,Washington,Seattle,98119,KH 688,Technology,Telephones and Communication,Small Box,0.57
337,216,268,0.03,51.75,19.99,261.444,16,818.81,90735,17/06/15,22/06/15,Low,Regular Air,646,646,Robin High,Corporate,United States,Central,Minnesota,Shakopee,55379,"Howard Miller 13-3/4"" Diameter Brushed Chrome Round Wall Clock",Furniture,Office Furnishings,Small Box,0.55
338,217,269,0.02,25.38,8.99,-10.36,1,34.11,91365,21/06/15,22/06/15,Not Specified,Regular Air,648,648,Steve O'Brien,Home Office,United States,Central,Illinois,Bolingbrook,60440,"Executive Impressions 13"" Chairman Wall Clock",Furniture,Office Furnishings,Small Pack,0.5
339,218,270,0.02,3.78,0.71,106.7499,40,154.71,91366,29/05/15,30/05/15,Medium,Regular Air,649,649,Roger Meyer,Home Office,United States,Central,Illinois,Buffalo Grove,60089,Staples Bulldog Clip,Office Supplies,Rubber Bands,Wrap Bag,0.39
340,219,223,0.08,15.99,13.18,-246.92616,12,192.33,91575,7/01/15,8/01/15,High,Regular Air,651,651,Leah Clapp,Consumer,United States,West,Nevada,Las Vegas,89115,"GBC Pre-Punched Binding Paper, Plastic, White, 8-1/2"" x 11""",Office Supplies,Binders and Binder Accessories,Small Box,0.37
341,219,271,0.04,880.98,44.55,4233.2588,8,6901.25,91576,15/02/15,19/02/15,Low,Delivery Truck,651,651,Leah Clapp,Consumer,United States,West,Nevada,Las Vegas,89115,"Riverside Palais Royal Lawyers Bookcase, Royale Cherry Finish",Furniture,Bookcases,Jumbo Box,0.62
342,219,272,0.07,13.4,4.95,102.7686,11,148.94,91576,15/02/15,20/02/15,Low,Regular Air,651,651,Leah Clapp,Consumer,United States,West,Nevada,Las Vegas,89115,Electrix 20W Halogen Replacement Bulb for Zoom-In Desk Lamp,Furniture,Office Furnishings,Small Pack,0.37
343,219,188,0.01,15.99,11.28,-36.671544,12,200.68,91576,15/02/15,22/02/15,Low,Regular Air,651,651,Leah Clapp,Consumer,United States,West,Nevada,Las Vegas,89115,"210 Trimline Phone, White",Technology,Office Machines,Medium Box,0.38
344,220,273,0.0,2.78,1.49,20.6448,9,29.92,91213,16/04/15,17/04/15,Not Specified,Express Air,653,653,Ann Katz,Consumer,United States,West,California,Rancho Cucamonga,91730,Wilson Jones Suede Grain Vinyl Binders,Office Supplies,Binders and Binder Accessories,Small Box,0.36
345,221,274,0.1,18.97,9.03,-24.2048,1,19.73,91212,19/01/15,21/01/15,Critical,Regular Air,657,657,Derek McCormick,Consumer,United States,East,Massachusetts,Oxford,1540,Computer Printout Paper with Letter-Trim Perforations,Office Supplies,Paper,Small Box,0.37
346,222,103,0.0,119.99,56.14,-126.05778,5,615.54,91212,19/01/15,20/01/15,Critical,Delivery Truck,659,659,Marjorie Arthur,Consumer,United States,East,Vermont,South Burlington,5403,Hewlett-Packard 2600DN Business Color Inkjet Printer,Technology,Office Machines,Jumbo Box,0.39
347,223,275,0.02,14.58,7.4,10.802,17,261.34,90922,29/05/15,1/06/15,Critical,Regular Air,663,663,Hilda Bennett,Home Office,United States,East,Ohio,Steubenville,43952,DAX Clear Channel Poster Frame,Furniture,Office Furnishings,Small Box,0.48
348,224,276,0.04,22.72,8.99,-678.496,9,202.41,88677,16/01/15,20/01/15,Low,Regular Air,665,665,Miriam Mueller,Corporate,United States,South,Tennessee,Murfreesboro,37130,"Executive Impressions 14"" Two-Color Numerals Wall Clock",Furniture,Office Furnishings,Small Pack,0.44
349,224,186,0.02,130.98,30.0,90.762,6,793.39,88678,18/04/15,19/04/15,Critical,Delivery Truck,665,665,Miriam Mueller,Corporate,United States,South,Tennessee,Murfreesboro,37130,"Office Star - Contemporary Task Swivel chair with 2-way adjustable arms, Plum",Furniture,Chairs & Chairmats,Jumbo Drum,0.78
350,225,277,0.02,4.57,5.42,-352.814,11,54.04,88679,22/04/15,26/04/15,Low,Regular Air,666,666,Emily Sims,Corporate,United States,South,Tennessee,Nashville,37211,Newell® 3-Hole Punched Plastic Slotted Magazine Holders for Binders,Office Supplies,Binders and Binder Accessories,Small Box,0.37
351,226,276,0.04,22.72,8.99,70.028,37,832.14,22147,16/01/15,20/01/15,Low,Regular Air,667,667,Allison Kirby,Corporate,United States,Central,Texas,Dallas,75203,"Executive Impressions 14"" Two-Color Numerals Wall Clock",Furniture,Office Furnishings,Small Pack,0.44
352,226,277,0.02,4.57,5.42,-124.2805,45,221.06,48257,22/04/15,26/04/15,Low,Regular Air,667,667,Allison Kirby,Corporate,United States,Central,Texas,Dallas,75203,Newell® 3-Hole Punched Plastic Slotted Magazine Holders for Binders,Office Supplies,Binders and Binder Accessories,Small Box,0.37
353,227,278,0.09,2.89,0.5,40.4823,22,58.67,88475,20/03/15,22/03/15,Medium,Regular Air,669,669,Amy Shea,Home Office,United States,Central,Iowa,Ottumwa,52501,Avery 498,Office Supplies,Labels,Small Box,0.38
354,227,279,0.02,48.91,5.81,32.86,2,101.06,88475,20/03/15,21/03/15,Medium,Regular Air,669,669,Amy Shea,Home Office,United States,Central,Iowa,Ottumwa,52501,Xerox 1891,Office Supplies,Paper,Small Box,0.38
355,228,38,0.08,296.18,54.12,-187.222,5,1429.81,88474,5/03/15,12/03/15,Low,Delivery Truck,670,670,Lewis Baldwin,Home Office,United States,South,Virginia,Montclair,22025,Hon 94000 Series Round Tables,Furniture,Tables,Jumbo Box,0.76
356,229,280,0.07,2.88,1.01,9.59,12,34.97,88173,5/02/15,9/02/15,Low,Regular Air,672,672,Brian Leach,Small Business,United States,Central,Iowa,Newton,50208,"Sanford Colorific Colored Pencils, 12/Box",Office Supplies,Pens & Art Supplies,Wrap Bag,0.55
357,229,281,0.1,195.99,3.99,-655.424,2,308.86,88173,5/02/15,12/02/15,Low,Regular Air,672,672,Brian Leach,Small Business,United States,Central,Iowa,Newton,50208,R380,Technology,Telephones and Communication,Small Box,0.58
358,230,41,0.06,161.55,19.99,-7.58,3,485.01,88174,2/01/15,3/01/15,Critical,Regular Air,674,674,Albert Frost,Small Business,United States,Central,Missouri,Raytown,64133,Fellowes Super Stor/Drawer® Files,Office Supplies,Storage & Organization,Small Box,0.66
359,231,145,0.04,15.42,10.68,-109.704,5,81.14,88889,22/04/15,23/04/15,Medium,Express Air,678,678,Edward McKenzie,Corporate,United States,South,Virginia,Rose Hill,24281,"Decoflex Hanging Personal Folder File, Blue",Office Supplies,Storage & Organization,Small Box,0.58
360,232,282,0.01,3.95,5.13,-19.93,2,10.11,88890,4/03/15,5/03/15,Medium,Regular Air,679,679,Katie Dougherty,Corporate,United States,West,Washington,Spanaway,98387,"Hoover Replacement Belts For Soft Guard™ & Commercial Ltweight Upright Vacs, 2/Pk",Office Supplies,Appliances,Small Box,0.59
360,232,283,0.02,367.99,19.99,4568.6073,17,6621.17,88890,4/03/15,5/03/15,Medium,Regular Air,679,679,Katie Dougherty,Corporate,United States,West,Washington,Spanaway,98387,Ibico Ibimaster 300 Manual Binding System,Office Supplies,Binders and Binder Accessories,Small Box,0.4
361,233,76,0.04,95.99,4.9,-258.225,3,253.78,88890,4/03/15,6/03/15,Medium,Regular Air,680,680,Laurence Poe,Corporate,United States,West,Washington,Spokane,99207,T60,Technology,Telephones and Communication,Small Box,0.56
362,234,284,0.06,17.67,8.99,38.06,4,69.96,87765,7/04/15,8/04/15,Medium,Express Air,683,683,Seth Merrill,Small Business,United States,Central,Nebraska,Papillion,68046,"Executive Impressions 12"" Wall Clock",Furniture,Office Furnishings,Small Pack,0.47
363,235,285,0.07,279.48,35.0,-207.28,10,2716.09,88503,16/05/15,16/05/15,Critical,Regular Air,688,688,Ashley Reese,Small Business,United States,Central,Missouri,Saint Louis,63116,"Tennsco Snap-Together Open Shelving Units, Starter Sets and Add-On Units",Office Supplies,Storage & Organization,Large Box,0.8
364,235,286,0.06,4.18,2.99,-12.719,5,21.34,88504,6/03/15,8/03/15,Low,Regular Air,688,688,Ashley Reese,Small Business,United States,Central,Missouri,Saint Louis,63116,Avery® Durable Slant Ring Binders With Label Holder,Office Supplies,Binders and Binder Accessories,Small Box,0.37
365,236,287,0.07,1.7,1.99,-51.42,10,17.42,88502,4/02/15,5/02/15,Medium,Regular Air,689,689,Tommy Honeycutt,Small Business,United States,Central,Missouri,Saint Peters,63376,BASF Silver 74 Minute CD-R,Technology,Computer Peripherals,Small Pack,0.51
366,237,288,0.09,6.48,6.35,-88.6,8,49.81,89915,21/03/15,22/03/15,High,Regular Air,691,691,Alicia Curtis,Home Office,United States,West,Washington,Tacoma,98408,Xerox 200,Office Supplies,Paper,Small Box,0.37
367,238,289,0.02,500.98,41.44,2568.4629,7,3722.41,87811,25/03/15,25/03/15,Low,Delivery Truck,693,693,Richard McClure,Small Business,United States,West,Colorado,Thornton,80229,DMI Eclipse Executive Suite Bookcases,Furniture,Bookcases,Jumbo Box,0.66
368,238,290,0.09,5.34,2.99,9.486,17,95.1,87812,8/03/15,15/03/15,Low,Express Air,693,693,Richard McClure,Small Business,United States,West,Colorado,Thornton,80229,Wilson Jones 14 Line Acrylic Coated Pressboard Data Binders,Office Supplies,Binders and Binder Accessories,Small Box,0.38
369,238,291,0.07,140.98,53.48,-263.65,5,734.74,87812,8/03/15,15/03/15,Low,Delivery Truck,693,693,Richard McClure,Small Business,United States,West,Colorado,Thornton,80229,"Bush Heritage Pine Collection 5-Shelf Bookcase, Albany Pine Finish, *Special Order",Furniture,Bookcases,Jumbo Box,0.65
370,238,292,0.06,205.99,5.26,890.181,11,1882.87,87812,8/03/15,15/03/15,Low,Regular Air,693,693,Richard McClure,Small Business,United States,West,Colorado,Thornton,80229,i470,Technology,Telephones and Communication,Small Box,0.56
371,238,293,0.0,230.98,23.78,6095.8602,36,8834.58,87813,5/05/15,7/05/15,High,Delivery Truck,693,693,Richard McClure,Small Business,United States,West,Colorado,Thornton,80229,"Bush® Cubix Conference Tables, Fully Assembled",Furniture,Tables,Jumbo Box,0.6
372,239,294,0.06,8.12,2.83,-82.83,10,78.54,89847,27/03/15,28/03/15,Medium,Regular Air,696,696,Johnny Reid,Corporate,United States,Central,Indiana,Crown Point,46307,"Imation Neon Mac Format Diskettes, 10/Pack",Technology,Computer Peripherals,Small Pack,0.77
372,239,295,0.05,51.65,18.45,25.04,12,605.1,89847,27/03/15,28/03/15,Medium,Regular Air,696,696,Johnny Reid,Corporate,United States,Central,Indiana,Crown Point,46307,"Deflect-o EconoMat Nonstudded, No Bevel Mat",Furniture,Office Furnishings,Medium Box,0.65
373,239,296,0.1,40.48,19.99,-580.32,9,355.84,89848,7/04/15,9/04/15,Low,Regular Air,696,696,Johnny Reid,Corporate,United States,Central,Indiana,Crown Point,46307,Keytronic Designer 104- Key Black Keyboard,Technology,Computer Peripherals,Small Box,0.77
374,240,45,0.1,175.99,8.99,928.9608,10,1346.32,89847,27/03/15,28/03/15,Medium,Regular Air,697,697,Adam G Sawyer,Corporate,United States,Central,Indiana,East Chicago,46312,2180,Technology,Telephones and Communication,Small Box,0.57
375,240,297,0.08,14.81,13.32,-131.6172,20,292.18,89849,7/02/15,9/02/15,Critical,Regular Air,697,697,Adam G Sawyer,Corporate,United States,Central,Indiana,East Chicago,46312,"Holmes Replacement Filter for HEPA Air Cleaner, Large Room",Office Supplies,Appliances,Small Box,0.43
376,241,294,0.06,8.12,2.83,-82.83,41,322.03,32869,27/03/15,28/03/15,Medium,Regular Air,698,698,Nelson Hensley,Corporate,United States,West,Washington,Seattle,98105,"Imation Neon Mac Format Diskettes, 10/Pack",Technology,Computer Peripherals,Small Pack,0.77
376,241,295,0.05,51.65,18.45,25.04,49,2470.84,32869,27/03/15,28/03/15,Medium,Regular Air,698,698,Nelson Hensley,Corporate,United States,West,Washington,Seattle,98105,"Deflect-o EconoMat Nonstudded, No Bevel Mat",Furniture,Office Furnishings,Medium Box,0.65
376,241,45,0.1,175.99,8.99,930.987,39,5250.66,32869,27/03/15,28/03/15,Medium,Regular Air,698,698,Nelson Hensley,Corporate,United States,West,Washington,Seattle,98105,2180,Technology,Telephones and Communication,Small Box,0.57
377,241,296,0.1,40.48,19.99,-580.32,36,1423.35,8994,7/04/15,9/04/15,Low,Regular Air,698,698,Nelson Hensley,Corporate,United States,West,Washington,Seattle,98105,Keytronic Designer 104- Key Black Keyboard,Technology,Computer Peripherals,Small Box,0.77
378,241,297,0.08,14.81,13.32,-253.11,79,1154.12,53410,7/02/15,9/02/15,Critical,Regular Air,698,698,Nelson Hensley,Corporate,United States,West,Washington,Seattle,98105,"Holmes Replacement Filter for HEPA Air Cleaner, Large Room",Office Supplies,Appliances,Small Box,0.43
379,242,298,0.03,5.28,5.61,-16.67,5,32.5,44517,23/04/15,24/04/15,Medium,Regular Air,699,699,Jenny Gold,Consumer,United States,West,California,Los Angeles,90041,Xerox 1954,Office Supplies,Paper,Small Box,0.4
380,242,299,0.02,6.47,1.22,40.2,30,193.95,55392,6/06/15,7/06/15,Critical,Regular Air,699,699,Jenny Gold,Consumer,United States,West,California,Los Angeles,90041,"Staples Pen Style Liquid Stix; Assorted (yellow, pink, green, blue, orange), 5/Pack",Office Supplies,Pens & Art Supplies,Wrap Bag,0.4
381,242,1,0.07,2.84,0.93,3.21,59,158.8,55392,6/06/15,8/06/15,Critical,Regular Air,699,699,Jenny Gold,Consumer,United States,West,California,Los Angeles,90041,SANFORD Liquid Accent™ Tank-Style Highlighters,Office Supplies,Pens & Art Supplies,Wrap Bag,0.54
382,242,300,0.01,7.89,2.82,38.7,32,274.26,36647,30/06/15,1/07/15,High,Regular Air,699,699,Jenny Gold,Consumer,United States,West,California,Los Angeles,90041,"Staples Vinyl Coated Paper Clips, 800/Box",Office Supplies,Rubber Bands,Wrap Bag,0.4
382,242,301,0.09,3.68,1.32,-21.91,24,83.16,36647,30/06/15,1/07/15,High,Regular Air,699,699,Jenny Gold,Consumer,United States,West,California,Los Angeles,90041,"*Staples* vLetter Openers, 2/Pack",Office Supplies,"Scissors, Rulers and Trimmers",Wrap Bag,0.83
383,242,174,0.1,9.71,9.45,-119.77,27,261.93,36647,30/06/15,3/07/15,High,Regular Air,699,699,Jenny Gold,Consumer,United States,West,California,Los Angeles,90041,Filing/Storage Totes and Swivel Casters,Office Supplies,Storage & Organization,Small Box,0.6
384,242,302,0.07,5.02,5.14,-168.72,42,210.1,32420,29/01/15,31/01/15,Medium,Regular Air,699,699,Jenny Gold,Consumer,United States,West,California,Los Angeles,90041,"Imation 3.5, DISKETTE 44766 HGHLD3.52HD/FM, 10/Pack",Technology,Computer Peripherals,Small Pack,0.79
385,242,235,0.07,280.98,57.0,-439.62,23,6499.87,32420,29/01/15,31/01/15,Medium,Delivery Truck,699,699,Jenny Gold,Consumer,United States,West,California,Los Angeles,90041,Hon 2090 “Pillow Soft” Series Mid Back Swivel/Tilt Chairs,Furniture,Chairs & Chairmats,Jumbo Drum,0.78
386,242,55,0.1,4.26,1.2,15.42,88,351.56,3042,20/05/15,21/05/15,Medium,Regular Air,699,699,Jenny Gold,Consumer,United States,West,California,Los Angeles,90041,"Dixon Prang® Watercolor Pencils, 10-Color Set with Brush",Office Supplies,Pens & Art Supplies,Wrap Bag,0.44
387,243,55,0.1,4.26,1.2,33.924,22,87.89,87980,20/05/15,21/05/15,Medium,Regular Air,700,700,Joseph Grossman,Consumer,United States,West,California,Santa Maria,93454,"Dixon Prang® Watercolor Pencils, 10-Color Set with Brush",Office Supplies,Pens & Art Supplies,Wrap Bag,0.44
388,244,298,0.03,5.28,5.61,-16.67,1,6.5,87977,23/04/15,24/04/15,Medium,Regular Air,702,702,Kelly O'Connor,Consumer,United States,West,California,Santa Rosa,95404,Xerox 1954,Office Supplies,Paper,Small Box,0.4
389,244,300,0.01,7.89,2.82,46.44,8,68.56,87979,30/06/15,1/07/15,High,Regular Air,702,702,Kelly O'Connor,Consumer,United States,West,California,Santa Rosa,95404,"Staples Vinyl Coated Paper Clips, 800/Box",Office Supplies,Rubber Bands,Wrap Bag,0.4
389,244,301,0.09,3.68,1.32,-17.528,6,20.79,87979,30/06/15,1/07/15,High,Regular Air,702,702,Kelly O'Connor,Consumer,United States,West,California,Santa Rosa,95404,"*Staples* vLetter Openers, 2/Pack",Office Supplies,"Scissors, Rulers and Trimmers",Wrap Bag,0.83
390,244,174,0.1,9.71,9.45,-95.816,7,67.91,87979,30/06/15,3/07/15,High,Regular Air,702,702,Kelly O'Connor,Consumer,United States,West,California,Santa Rosa,95404,Filing/Storage Totes and Swivel Casters,Office Supplies,Storage & Organization,Small Box,0.6
391,245,1,0.07,2.84,0.93,3.852,15,40.37,87978,6/06/15,8/06/15,Critical,Regular Air,711,711,Pam Anthony,Consumer,United States,East,Massachusetts,Winthrop,2152,SANFORD Liquid Accent™ Tank-Style Highlighters,Office Supplies,Pens & Art Supplies,Wrap Bag,0.54
392,246,303,0.0,8.5,1.99,71.7356,14,122.25,89344,28/02/15,2/03/15,Not Specified,Regular Air,719,719,Stephen Lam,Corporate,United States,West,Nevada,Pahrump,89041,Hewlett-Packard 4.7GB DVD+R Discs,Technology,Computer Peripherals,Small Pack,0.49
392,246,304,0.03,95.43,19.99,-79.3208,2,206.09,89344,28/02/15,2/03/15,Not Specified,Regular Air,719,719,Stephen Lam,Corporate,United States,West,Nevada,Pahrump,89041,Fellowes Stor/Drawer® Steel Plus™ Storage Drawers,Office Supplies,Storage & Organization,Small Box,0.79
393,247,305,0.04,10.64,5.16,24.096,6,66.9,91053,24/06/15,25/06/15,Not Specified,Regular Air,721,721,Melvin Duke,Corporate,United States,Central,Indiana,Frankfort,46041,"Eldon Expressions Punched Metal & Wood Desk Accessories, Pewter & Cherry",Furniture,Office Furnishings,Small Box,0.57
394,247,306,0.03,2.78,1.34,6.972,15,43.13,91053,24/06/15,26/06/15,Not Specified,Express Air,721,721,Melvin Duke,Corporate,United States,Central,Indiana,Frankfort,46041,Prang Drawing Pencil Set,Office Supplies,Pens & Art Supplies,Wrap Bag,0.45
395,247,307,0.01,7.28,11.15,-24.246,1,11.21,91054,11/04/15,13/04/15,Medium,Regular Air,721,721,Melvin Duke,Corporate,United States,Central,Indiana,Frankfort,46041,"Array® Parchment Paper, Assorted Colors",Office Supplies,Paper,Small Box,0.37
396,248,308,0.09,125.99,8.99,-605.374,1,100.38,90359,15/03/15,16/03/15,Medium,Regular Air,724,724,Beverly Cooke Brooks,Consumer,United States,East,Connecticut,Stratford,6614,SC7868i,Technology,Telephones and Communication,Small Box,0.55
397,249,50,0.1,17.98,4.0,-99.55,4,66.32,90359,15/03/15,16/03/15,Medium,Regular Air,727,727,Lindsay Link,Consumer,United States,East,Maine,Lewiston,4240,"Belkin 107-key enhanced keyboard, USB/PS/2 interface",Technology,Computer Peripherals,Small Box,0.79
398,250,309,0.09,101.41,35.0,-801.1548,12,1178.32,90362,26/04/15,27/04/15,High,Regular Air,731,731,June Herbert,Consumer,United States,East,Massachusetts,Burlington,1803,Tennsco Regal Shelving Units,Office Supplies,Storage & Organization,Large Box,0.82
399,251,310,0.06,350.98,30.0,797.856,6,2016.32,90361,15/06/15,17/06/15,Not Specified,Delivery Truck,736,736,Meredith Walters,Consumer,United States,East,New Hampshire,Salem,3079,Office Star - Professional Matrix Back Chair with 2-to-1 Synchro Tilt and Mesh Fabric Seat,Furniture,Chairs & Chairmats,Jumbo Drum,0.61
400,252,311,0.02,48.04,5.79,422.4525,12,612.25,90360,7/06/15,14/06/15,Low,Regular Air,737,737,Danny Vaughn,Consumer,United States,East,New Jersey,Bloomfield,7003,Xerox 1937,Office Supplies,Paper,Small Box,0.37
401,253,312,0.02,70.98,46.74,-178.216,4,313.63,90361,15/06/15,16/06/15,Not Specified,Delivery Truck,738,738,Peggy Rowe,Consumer,United States,East,New Jersey,Cranford,7016,"Hon Metal Bookcases, Putty",Furniture,Bookcases,Jumbo Box,0.56
402,254,313,0.04,27.48,4.0,-26.656,15,397.17,90361,15/06/15,17/06/15,Not Specified,Regular Air,741,741,Stacey Hale,Consumer,United States,East,New Jersey,Summit,7901,Belkin MediaBoard 104- Keyboard,Technology,Computer Peripherals,Small Box,0.75
403,255,314,0.02,59.98,3.99,-54.622,1,63.48,87725,28/01/15,6/02/15,Low,Regular Air,744,744,Joy Maxwell,Corporate,United States,West,Arizona,Oro Valley,85737,Belkin 8 Outlet SurgeMaster II Gold Surge Protector,Office Supplies,Appliances,Small Box,0.57
404,255,315,0.03,5.18,5.74,-126.81418,9,47.64,87725,28/01/15,1/02/15,Low,Regular Air,744,744,Joy Maxwell,Corporate,United States,West,Arizona,Oro Valley,85737,Wilson Jones Impact Binders,Office Supplies,Binders and Binder Accessories,Small Box,0.36
405,256,103,0.03,119.99,56.14,1400.1,13,1545.58,87726,17/01/15,19/01/15,Medium,Delivery Truck,744,744,Joy Maxwell,Consumer,United States,West,Arizona,Oro Valley,85737,Hewlett-Packard 2600DN Business Color Inkjet Printer,Technology,Office Machines,Jumbo Box,0.39
406,256,308,0.09,125.99,8.99,916.6806,20,2104.99,87727,25/05/15,2/06/15,Low,Regular Air,744,744,Joy Maxwell,Consumer,United States,West,Arizona,Oro Valley,85737,SC7868i,Technology,Telephones and Communication,Small Box,0.55
407,257,316,0.05,115.79,1.99,67.6,3,353.1,87726,17/01/15,19/01/15,Medium,Regular Air,745,745,Mary Page,Consumer,United States,West,Arizona,Peoria,85345,"Verbatim DVD-R, 4.7GB, Spindle, WE, Blank, Ink Jet/Thermal, 20/Spindle",Technology,Computer Peripherals,Small Pack,0.49
408,258,317,0.09,27.75,19.99,-224.644,10,257.52,91200,12/01/15,13/01/15,Not Specified,Regular Air,750,750,Jordan Wilkinson,Corporate,United States,South,Kentucky,Florence,41042,Fellowes Super Stor/Drawer®,Office Supplies,Storage & Organization,Small Box,0.67
409,259,137,0.06,130.98,54.74,14.76,3,411.64,91201,27/02/15,6/03/15,Low,Delivery Truck,751,751,David Wrenn,Corporate,United States,South,Kentucky,Georgetown,40324,"O'Sullivan Elevations Bookcase, Cherry Finish",Furniture,Bookcases,Jumbo Box,0.69
410,260,318,0.06,2.61,0.5,10.85,1,17.59,90438,11/03/15,11/03/15,Critical,Express Air,753,753,Elisabeth Massey,Corporate,United States,West,Arizona,Prescott,86301,Avery 479,Office Supplies,Labels,Small Box,0.39
411,260,319,0.01,6.35,1.02,97.6626,22,141.54,90438,11/03/15,13/03/15,Critical,Regular Air,753,753,Elisabeth Massey,Corporate,United States,West,Arizona,Prescott,86301,"Telephone Message Books with Fax/Mobile Section, 5 1/2"" x 3 3/16""",Office Supplies,Paper,Wrap Bag,0.39
412,261,229,0.06,218.75,69.64,-453.2,4,905.4,90437,4/06/15,5/06/15,High,Delivery Truck,754,754,Helen Lyons,Corporate,United States,West,Arizona,Prescott Valley,86314,BoxOffice By Design Rectangular and Half-Moon Meeting Room Tables,Furniture,Tables,Jumbo Box,0.77
413,262,320,0.06,119.99,14.0,-207.679788,2,243.86,90439,12/04/15,19/04/15,Low,Delivery Truck,754,754,Helen Lyons,Consumer,United States,West,Arizona,Prescott Valley,86314,Epson C82 Color Inkjet Printer,Technology,Office Machines,Jumbo Drum,0.36
414,263,321,0.03,37.94,5.08,-7.5244,1,39.97,90258,11/02/15,13/02/15,Not Specified,Regular Air,757,757,Neil Hogan,Home Office,United States,West,Oregon,Tualatin,97062,"Snap-A-Way® Black Print Carbonless Ruled Speed Letter, Triplicate",Office Supplies,Paper,Wrap Bag,0.38
415,264,322,0.0,20.99,3.3,-92.961,5,92.96,86639,29/05/15,5/06/15,Low,Regular Air,759,759,Bernice F Day,Small Business,United States,Central,Illinois,Quincy,62301,Accessory39,Technology,Telephones and Communication,Small Pack,0.81
416,265,323,0.0,125.99,8.99,613.89576,12,1362.2,87525,27/04/15,29/04/15,Not Specified,Regular Air,762,762,Stuart Holloway,Small Business,United States,West,Washington,Vancouver,98661,5170i,Technology,Telephones and Communication,Small Box,0.57
417,266,324,0.1,31.78,1.99,232.2816,11,336.64,86279,30/01/15,1/02/15,Critical,Regular Air,767,767,Jeffrey Mueller,Corporate,United States,Central,Illinois,Rock Island,61201,"Memorex 4.7GB DVD-RAM, 3/Pack",Technology,Computer Peripherals,Small Pack,0.42
418,267,89,0.08,30.73,4.0,-45.07,14,429.33,88667,19/03/15,19/03/15,Critical,Regular Air,770,770,Geraldine Puckett,Small Business,United States,West,Oregon,Tualatin,97062,Fellowes 17-key keypad for PS/2 interface,Technology,Computer Peripherals,Small Box,0.75
419,268,325,0.05,14.56,3.5,-8.53,3,44.66,88667,19/03/15,21/03/15,Critical,Regular Air,771,771,Deborah Paul,Small Business,United States,West,Oregon,West Linn,97068,Acco 6 Outlet Guardian Premium Surge Suppressor,Office Supplies,Appliances,Small Box,0.58
419,268,326,0.0,299.99,11.64,285.95,5,1619.95,88667,19/03/15,21/03/15,Critical,Regular Air,771,771,Deborah Paul,Small Business,United States,West,Oregon,West Linn,97068,Brother DCP1000 Digital 3 in 1 Multifunction Machine,Technology,Copiers and Fax,Large Box,0.5
420,269,150,0.08,7.77,9.23,-209.25,7,56.44,88666,14/01/15,16/01/15,Critical,Regular Air,772,772,Jean Webster,Small Business,United States,East,Pennsylvania,Allentown,18103,Hoover Commercial Soft Guard Upright Vacuum And Disposable Filtration Bags,Office Supplies,Appliances,Small Box,0.58
421,269,63,0.1,18.97,9.54,-9.1636,3,56.73,88666,14/01/15,16/01/15,Critical,Express Air,772,772,Jean Webster,Small Business,United States,East,Pennsylvania,Allentown,18103,Xerox 1939,Office Supplies,Paper,Small Box,0.37
422,269,327,0.02,4.06,6.89,12.706,12,64.41,88668,17/05/15,21/05/15,Low,Express Air,772,772,Jean Webster,Small Business,United States,East,Pennsylvania,Allentown,18103,Eureka Disposable Bags for Sanitaire® Vibra Groomer I® Upright Vac,Office Supplies,Appliances,Small Box,0.6
423,269,328,0.07,9.49,5.76,7.71516,37,344.57,88668,17/05/15,21/05/15,Low,Regular Air,772,772,Jean Webster,Small Business,United States,East,Pennsylvania,Allentown,18103,"Sharp EL501VB Scientific Calculator, Battery Operated, 10-Digit Display, Hard Case",Technology,Office Machines,Medium Box,0.39
424,270,329,0.04,34.76,5.49,192.5169,8,279.01,90962,29/04/15,30/04/15,High,Regular Air,782,782,Sarah N Becker,Small Business,United States,West,California,Whittier,90604,Home/Office Personal File Carts,Office Supplies,Storage & Organization,Small Box,0.6
425,271,78,0.02,100.98,35.84,-134.912,6,614.99,90961,6/01/15,6/01/15,Low,Delivery Truck,783,783,Carlos Byrd,Small Business,United States,East,Connecticut,Bristol,6010,"Bush Westfield Collection Bookcases, Fully Assembled",Furniture,Bookcases,Jumbo Box,0.62
426,272,330,0.0,8.34,4.82,-5.05,9,76.23,91513,6/04/15,7/04/15,Medium,Regular Air,786,786,Jason Bray,Home Office,United States,West,California,Mission Viejo,92691,Southworth 25% Cotton Antique Laid Paper & Envelopes,Office Supplies,Paper,Small Box,0.4
427,273,331,0.09,6.48,9.68,-204.16,16,99.92,88753,21/06/15,22/06/15,Not Specified,Regular Air,792,792,Holly Pate,Corporate,United States,Central,Oklahoma,Mustang,73064,Xerox 1993,Office Supplies,Paper,Small Box,0.36
428,274,332,0.06,8.6,6.19,-46.115,9,79.4,86867,11/03/15,12/03/15,Not Specified,Regular Air,796,796,Amanda Conner,Corporate,United States,Central,Nebraska,Papillion,68046,Avery Printable Repositionable Plastic Tabs,Office Supplies,Binders and Binder Accessories,Small Box,0.38
429,274,195,0.1,14.42,6.75,-20.104,1,15.49,86869,19/06/15,22/06/15,Not Specified,Regular Air,796,796,Amanda Conner,Corporate,United States,Central,Nebraska,Papillion,68046,Holmes Odor Grabber,Office Supplies,Appliances,Medium Box,0.52
430,275,333,0.04,9.11,2.25,-3.496,2,18.59,86868,1/06/15,4/06/15,Not Specified,Regular Air,797,797,Eileen Riddle,Corporate,United States,West,Utah,Roy,84067,Dixon Ticonderoga Core-Lock Colored Pencils,Office Supplies,Pens & Art Supplies,Wrap Bag,0.52
431,275,334,0.07,64.65,35.0,-717.072,13,834.08,86868,1/06/15,3/06/15,Not Specified,Regular Air,797,797,Eileen Riddle,Corporate,United States,West,Utah,Roy,84067,Space Solutions Commercial Steel Shelving,Office Supplies,Storage & Organization,Large Box,0.8
432,275,335,0.09,6.48,6.86,-62.23,8,50.88,86870,6/03/15,8/03/15,Low,Regular Air,797,797,Eileen Riddle,Corporate,United States,West,Utah,Roy,84067,Xerox 204,Office Supplies,Paper,Small Box,0.37
433,276,336,0.01,150.98,30.0,131.382,6,958.46,89909,6/01/15,8/01/15,Not Specified,Delivery Truck,799,799,Lee McKenna Gregory,Consumer,United States,South,South Carolina,Hilton Head Island,29915,Novimex Swivel Fabric Task Chair,Furniture,Chairs & Chairmats,Jumbo Drum,0.74
434,276,337,0.01,28.28,13.99,-89.292,12,368.84,89909,6/01/15,8/01/15,Not Specified,Express Air,799,799,Lee McKenna Gregory,Consumer,United States,South,South Carolina,Hilton Head Island,29915,Eldon Portable Mobile Manager,Office Supplies,Storage & Organization,Medium Box,0.58
435,276,338,0.03,35.99,1.1,-211.036,1,30.86,89909,6/01/15,7/01/15,Not Specified,Regular Air,799,799,Lee McKenna Gregory,Consumer,United States,South,South Carolina,Hilton Head Island,29915,Accessory35,Technology,Telephones and Communication,Small Box,0.55
436,277,339,0.04,50.98,6.5,-13.28,11,568.25,89910,28/03/15,3/04/15,Low,Regular Air,800,800,Cheryl Guthrie,Consumer,United States,West,Utah,Roy,84067,Microsoft Natural Multimedia Keyboard,Technology,Computer Peripherals,Small Box,0.73
437,277,340,0.02,6.48,5.14,-48.68,19,126.66,89910,28/03/15,30/03/15,Low,Regular Air,800,800,Cheryl Guthrie,Consumer,United States,West,Utah,Roy,84067,Xerox 23,Office Supplies,Paper,Small Box,0.37
438,278,253,0.03,35.99,5.0,-184.548,3,93.82,90048,29/04/15,30/04/15,Medium,Regular Air,803,803,Marianne Goldstein,Small Business,United States,South,Florida,New Smyrna Beach,32168,Accessory27,Technology,Telephones and Communication,Small Box,0.85
439,279,341,0.06,179.99,13.99,1220.03784,54,8332.91,40547,9/01/15,11/01/15,Critical,Express Air,806,806,Judy Singer,Small Business,United States,South,Florida,Miami,33132,VTech VT20-2481 2.4GHz Two-Line Phone System w/Answering Machine,Technology,Telephones and Communication,Medium Box,0.57
440,280,342,0.09,5.84,0.83,-2.87,1,5.9,90244,21/05/15,25/05/15,Low,Regular Air,820,820,Catherine Mullins,Small Business,United States,West,Washington,Walla Walla,99362,Avery Hi-Liter® Smear-Safe Highlighters,Office Supplies,Pens & Art Supplies,Wrap Bag,0.49
441,281,343,0.04,6.24,5.22,4.3809,13,80.23,89257,12/01/15,17/01/15,Low,Regular Air,823,823,Christian Albright,Small Business,United States,South,Tennessee,Smyrna,37167,Eldon Expressions Mahogany Wood Desk Collection,Furniture,Office Furnishings,Small Box,0.6
442,282,344,0.09,260.98,41.91,-100.744,8,2044.9,89257,12/01/15,19/01/15,Low,Delivery Truck,824,824,Joann Moser,Small Business,United States,South,Tennessee,Spring Hill,37174,"Atlantic Metals Mobile 3-Shelf Bookcases, Custom Colors",Furniture,Bookcases,Jumbo Box,0.59
443,283,198,0.0,11.97,4.98,3.384,4,53.3,89258,21/05/15,24/05/15,Critical,Regular Air,825,825,Marvin Hunt,Home Office,United States,Central,Texas,Abilene,79605,Staples 6 Outlet Surge,Office Supplies,Appliances,Small Box,0.58
444,284,345,0.01,6.98,1.6,0.346,3,21.93,89259,25/05/15,26/05/15,Medium,Regular Air,827,827,Sheryl Marsh,Home Office,United States,Central,Texas,Amarillo,79109,"Adams Phone Message Book, Professional, 400 Message Capacity, 5 3/6” x 11”",Office Supplies,Paper,Wrap Bag,0.38
445,285,44,0.01,5.18,2.04,-17.654,5,28.46,90271,22/02/15,24/02/15,Not Specified,Regular Air,829,829,Monica Law Thompson,Corporate,United States,South,Arkansas,Texarkana,71854,Array® Memo Cubes,Office Supplies,Paper,Wrap Bag,0.36
446,286,195,0.01,14.42,6.75,-13.826,6,89.91,90270,24/01/15,24/01/15,High,Regular Air,830,830,Douglas Sutton,Corporate,United States,West,Colorado,Wheat Ridge,80033,Holmes Odor Grabber,Office Supplies,Appliances,Medium Box,0.52
447,287,346,0.0,11.66,8.99,-203.67,11,138.51,89770,9/01/15,11/01/15,High,Express Air,833,833,Gerald Love,Corporate,United States,West,California,Gilroy,95020,Boston 16765 Mini Stand Up Battery Pencil Sharpener,Office Supplies,Pens & Art Supplies,Small Pack,0.59
448,288,347,0.07,6.08,0.91,19.57,7,41.96,88569,7/03/15,8/03/15,Not Specified,Regular Air,850,850,Jesse Hutchinson,Corporate,United States,West,California,Goleta,93117,Zebra Zazzle Fluorescent Highlighters,Office Supplies,Pens & Art Supplies,Wrap Bag,0.51
449,289,348,0.1,50.98,22.24,98.12,6,300.63,88568,25/02/15,27/02/15,Low,Regular Air,851,851,Helen H Heller,Corporate,United States,West,California,Hacienda Heights,91745,"Dana Fluorescent Magnifying Lamp, White, 36""",Furniture,Office Furnishings,Large Box,0.55
450,289,349,0.08,19.9,5.29,107.11,13,240.46,88569,7/03/15,9/03/15,Not Specified,Regular Air,851,851,Helen H Heller,Corporate,United States,West,California,Hacienda Heights,91745,"Holmes Cool Mist Humidifier for the Whole House with 8-Gallon Output per Day, Extended Life Filter",Office Supplies,Appliances,Medium Box,0.4
450,289,199,0.02,3.36,6.27,-216.154,21,74.08,88569,7/03/15,9/03/15,Not Specified,Regular Air,851,851,Helen H Heller,Corporate,United States,West,California,Hacienda Heights,91745,Cardinal Poly Pocket Divider Pockets for Ring Binders,Office Supplies,Binders and Binder Accessories,Small Box,0.4
451,289,350,0.06,1.26,0.7,-6.6096,4,5.28,88571,30/04/15,30/04/15,Critical,Regular Air,851,851,Helen H Heller,Corporate,United States,West,California,Hacienda Heights,91745,Bagged Rubber Bands,Office Supplies,Rubber Bands,Wrap Bag,0.81
452,290,22,0.05,4.24,5.41,-89.217,12,50.83,88570,16/03/15,18/03/15,High,Regular Air,853,853,Leah Davenport,Small Business,United States,West,California,Hesperia,92345,Storex DuraTech Recycled Plastic Frosted Binders,Office Supplies,Binders and Binder Accessories,Small Box,0.35
453,291,29,0.06,1.76,0.7,1.2236,22,39.26,88571,30/04/15,2/05/15,Critical,Regular Air,854,854,Karen Hendricks,Corporate,United States,East,Connecticut,Branford,6405,Newell 310,Office Supplies,Pens & Art Supplies,Wrap Bag,0.56
454,292,351,0.02,24.98,8.79,4.3148,23,606.51,88571,30/04/15,1/05/15,Critical,Regular Air,855,855,Jacob Lanier,Corporate,United States,East,Connecticut,Danbury,6810,2300 Heavy-Duty Transfer File Systems by Perma,Office Supplies,Storage & Organization,Small Box,0.66
455,293,352,0.05,35.99,5.99,-125.83296,2,64.89,88571,30/04/15,2/05/15,Critical,Express Air,858,858,Arthur Brady,Corporate,United States,East,Maine,Lewiston,4240,Accessory41,Technology,Telephones and Communication,Wrap Bag,0.38
456,294,258,0.03,14.2,5.3,122.21,18,267.2,90674,27/05/15,28/05/15,Critical,Regular Air,865,865,Dana Burgess,Corporate,United States,Central,Indiana,East Chicago,46312,Coloredge Poster Frame,Furniture,Office Furnishings,Wrap Bag,0.46
457,294,353,0.04,6.48,5.16,-11.1332,12,86.79,90675,26/02/15,2/03/15,Low,Express Air,865,865,Dana Burgess,Corporate,United States,Central,Indiana,East Chicago,46312,Xerox 1985,Office Supplies,Paper,Small Box,0.37
458,295,354,0.04,29.18,8.55,201.7353,10,292.37,91194,25/02/15,27/02/15,Not Specified,Express Air,868,868,Sharon Ellis,Corporate,United States,Central,Minnesota,Shoreview,55126,"Deflect-o SuperTray™ Unbreakable Stackable Tray, Letter, Black",Furniture,Office Furnishings,Small Box,0.42
459,295,355,0.0,80.98,35.0,-684.78,8,682.79,91194,25/02/15,27/02/15,Not Specified,Regular Air,868,868,Sharon Ellis,Corporate,United States,Central,Minnesota,Shoreview,55126,"Carina 42""Hx23 3/4""W Media Storage Unit",Office Supplies,Storage & Organization,Large Box,0.83
460,295,356,0.06,6.48,8.88,-237.47,20,125.77,91195,6/03/15,7/03/15,Critical,Regular Air,868,868,Sharon Ellis,Corporate,United States,Central,Minnesota,Shoreview,55126,Xerox 224,Office Supplies,Paper,Small Box,0.37
461,295,357,0.09,349.45,60.0,-2946.051,12,3918.98,91195,6/03/15,7/03/15,Critical,Delivery Truck,868,868,Sharon Ellis,Corporate,United States,Central,Minnesota,Shoreview,55126,"SAFCO PlanMaster Heigh-Adjustable Drafting Table Base, 43w x 30d x 30-37h, Black",Furniture,Tables,Jumbo Drum,
462,296,258,0.03,14.2,5.3,21.5556,2,31.24,90577,15/03/15,17/03/15,Not Specified,Regular Air,871,871,Sandy Ellington,Home Office,United States,West,Nevada,Reno,89502,Coloredge Poster Frame,Furniture,Office Furnishings,Wrap Bag,0.46
463,296,114,0.01,5.94,9.92,-239.315,12,74.77,90578,20/05/15,23/05/15,Not Specified,Regular Air,871,871,Sandy Ellington,Home Office,United States,West,Nevada,Reno,89502,Storex Dura Pro™ Binders,Office Supplies,Binders and Binder Accessories,Small Box,0.38
464,296,358,0.0,6.48,5.11,-33.31,18,127.81,90578,20/05/15,22/05/15,Not Specified,Regular Air,871,871,Sandy Ellington,Home Office,United States,West,Nevada,Reno,89502,Xerox 231,Office Supplies,Paper,Small Box,0.37
465,297,359,0.04,4.37,5.15,-74.4796,18,78.59,89059,21/02/15,22/02/15,High,Regular Air,875,875,Erika Fink,Small Business,United States,West,Utah,Salt Lake City,84106,"Eureka Sanitaire ® Multi-Pro Heavy-Duty Upright, Disposable Bags",Office Supplies,Appliances,Small Box,0.59
466,297,360,0.09,155.99,8.99,-232.22056,4,497.11,89059,21/02/15,23/02/15,High,Regular Air,875,875,Erika Fink,Small Business,United States,West,Utah,Salt Lake City,84106,CF 688,Technology,Telephones and Communication,Small Box,0.58
467,298,361,0.07,5.68,1.39,18.6438,5,27.02,86153,25/03/15,27/03/15,Critical,Regular Air,880,880,Ellen Beck,Small Business,United States,West,Arizona,Scottsdale,85254,Staples Standard Envelopes,Office Supplies,Envelopes,Small Box,0.38
467,298,65,0.06,22.84,11.54,-31.24,1,27.67,86153,25/03/15,27/03/15,Critical,Regular Air,880,880,Ellen Beck,Small Business,United States,West,Arizona,Scottsdale,85254,Xerox 1964,Office Supplies,Paper,Small Box,0.39
468,299,362,0.06,25.98,14.36,55.888,41,1033.56,89537,24/05/15,25/05/15,Critical,Delivery Truck,885,885,Malcolm Robertson,Corporate,United States,Central,Texas,Amarillo,79109,"Global Stack Chair without Arms, Black",Furniture,Chairs & Chairmats,Jumbo Drum,0.6
469,300,363,0.08,1.81,0.75,1.3224,11,19.97,89536,5/01/15,6/01/15,Critical,Regular Air,890,890,Billie Fowler,Consumer,United States,Central,Texas,Bedford,76021,"Metal Folding Chairs, Beige, 4/Carton",Furniture,Chairs & Chairmats,Jumbo Drum,0.58
470,300,364,0.04,125.99,5.26,455.4207,6,660.03,89536,5/01/15,5/01/15,Critical,Regular Air,890,890,Billie Fowler,Consumer,United States,Central,Texas,Bedford,76021,232,Technology,Telephones and Communication,Small Box,0.55
471,301,365,0.01,8.34,0.96,29.332,24,199.12,14596,10/01/15,12/01/15,Critical,Regular Air,894,894,Gail Rankin Cole,Corporate,United States,East,District of Columbia,Washington,20024,Document Clip Frames,Furniture,Office Furnishings,Wrap Bag,0.43
472,301,366,0.06,3.28,3.97,-86.0,19,63.14,14596,10/01/15,11/01/15,Critical,Regular Air,894,894,Gail Rankin Cole,Corporate,United States,East,District of Columbia,Washington,20024,Newell 337,Office Supplies,Pens & Art Supplies,Wrap Bag,0.56
473,301,367,0.02,1.14,0.7,-0.49,38,44.85,38529,2/02/15,2/02/15,Low,Regular Air,894,894,Gail Rankin Cole,Corporate,United States,East,District of Columbia,Washington,20024,OIC Thumb-Tacks,Office Supplies,Rubber Bands,Wrap Bag,0.38
474,302,365,0.01,8.34,0.96,34.3482,6,49.78,90166,10/01/15,12/01/15,Critical,Regular Air,896,896,Jennifer Siegel,Corporate,United States,Central,Texas,Denton,76201,Document Clip Frames,Furniture,Office Furnishings,Wrap Bag,0.43
475,302,366,0.06,3.28,3.97,-66.65,5,16.62,90166,10/01/15,11/01/15,Critical,Regular Air,896,896,Jennifer Siegel,Corporate,United States,Central,Texas,Denton,76201,Newell 337,Office Supplies,Pens & Art Supplies,Wrap Bag,0.56
476,302,368,0.06,47.98,3.61,35.955,11,517.68,90167,20/06/15,22/06/15,Critical,Regular Air,896,896,Jennifer Siegel,Corporate,United States,Central,Texas,Denton,76201,"DS/HD IBM Formatted Diskettes, 200/Pack - Staples",Technology,Computer Peripherals,Small Pack,0.71
477,303,369,0.04,90.97,28.0,-173.0952,6,573.31,33635,12/01/15,13/01/15,High,Delivery Truck,898,898,Harriet Hodges,Small Business,United States,East,New York,New York City,10039,Lexmark Z55se Color Inkjet Printer,Technology,Office Machines,Jumbo Drum,0.38
478,303,127,0.07,20.34,35.0,-96.16,5,140.23,33635,12/01/15,13/01/15,High,Regular Air,898,898,Harriet Hodges,Small Business,United States,East,New York,New York City,10039,Tennsco Commercial Shelving,Office Supplies,Storage & Organization,Large Box,0.84
479,303,370,0.02,12.53,0.49,263.4,47,594.44,9606,27/01/15,27/01/15,Not Specified,Regular Air,898,898,Harriet Hodges,Small Business,United States,East,New York,New York City,10039,Round Specialty Laser Printer Labels,Office Supplies,Labels,Small Box,0.38
480,303,44,0.07,5.18,2.04,37.31,44,228.5,9606,27/01/15,29/01/15,Not Specified,Express Air,898,898,Harriet Hodges,Small Business,United States,East,New York,New York City,10039,Array® Memo Cubes,Office Supplies,Paper,Wrap Bag,0.36
481,304,369,0.04,90.97,28.0,-173.0952,2,191.1,86263,12/01/15,13/01/15,High,Delivery Truck,899,899,Jordan Berry,Small Business,United States,East,Pennsylvania,Altoona,16602,Lexmark Z55se Color Inkjet Printer,Technology,Office Machines,Jumbo Drum,0.38
482,304,127,0.07,20.34,35.0,-96.16,1,28.05,86263,12/01/15,13/01/15,High,Regular Air,899,899,Jordan Berry,Small Business,United States,East,Pennsylvania,Altoona,16602,Tennsco Commercial Shelving,Office Supplies,Storage & Organization,Large Box,0.84
483,304,370,0.02,12.53,0.49,104.7213,12,151.77,86264,27/01/15,27/01/15,Not Specified,Regular Air,899,899,Jordan Berry,Small Business,United States,East,Pennsylvania,Altoona,16602,Round Specialty Laser Printer Labels,Office Supplies,Labels,Small Box,0.38
484,304,44,0.07,5.18,2.04,37.31,11,57.13,86264,27/01/15,29/01/15,Not Specified,Express Air,899,899,Jordan Berry,Small Business,United States,East,Pennsylvania,Altoona,16602,Array® Memo Cubes,Office Supplies,Paper,Wrap Bag,0.36
485,305,371,0.0,5.98,1.49,80.6748,18,116.92,90806,12/03/15,14/03/15,Not Specified,Regular Air,903,903,Francis Spivey,Consumer,United States,East,Massachusetts,Wilmington,1887,Avery Hanging File Binders,Office Supplies,Binders and Binder Accessories,Small Box,0.39
486,306,352,0.09,35.99,5.99,114.3165,5,151.6,86459,26/02/15,27/02/15,Critical,Regular Air,907,907,Rachel Casey,Home Office,United States,South,Kentucky,Henderson,42420,Accessory41,Technology,Telephones and Communication,Wrap Bag,0.38
487,306,372,0.09,2.6,2.4,1107.408,12,31.73,86460,17/06/15,19/06/15,Medium,Regular Air,907,907,Rachel Casey,Home Office,United States,South,Kentucky,Henderson,42420,12 Colored Short Pencils,Office Supplies,Pens & Art Supplies,Wrap Bag,0.58
488,307,298,0.0,5.28,5.61,-149.212,15,85.26,90187,14/05/15,14/05/15,Critical,Regular Air,910,910,Carla Hauser,Corporate,United States,South,Arkansas,Texarkana,71854,Xerox 1954,Office Supplies,Paper,Small Box,0.4
489,308,373,0.05,7.64,5.83,-21.018,2,16.6,90185,31/01/15,2/02/15,Not Specified,Regular Air,911,911,Marsha P Joyner,Corporate,United States,East,West Virginia,Wheeling,26003,"Rediform Wirebound ""Phone Memo"" Message Book, 11 x 5-3/4",Office Supplies,Paper,Wrap Bag,0.36
490,308,374,0.04,218.75,69.64,-655.529875,10,2285.41,90185,31/01/15,1/02/15,Not Specified,Delivery Truck,911,911,Marsha P Joyner,Corporate,United States,East,West Virginia,Wheeling,26003,BoxOffice By Design Rectangular and Half-Moon Meeting Room Tables,Furniture,Tables,Jumbo Box,0.72
491,308,375,0.01,59.76,9.71,354.3288,8,513.52,90186,4/04/15,6/04/15,High,Regular Air,911,911,Marsha P Joyner,Corporate,United States,East,West Virginia,Wheeling,26003,"Advantus 10-Drawer Portable Organizer, Chrome Metal Frame, Smoke Drawers",Office Supplies,Storage & Organization,Small Box,0.57
492,309,310,0.06,350.98,30.0,-489.4156,1,346.52,86356,4/01/15,5/01/15,High,Delivery Truck,915,915,Carol Sherrill,Home Office,United States,Central,Texas,Bryan,77803,Office Star - Professional Matrix Back Chair with 2-to-1 Synchro Tilt and Mesh Fabric Seat,Furniture,Chairs & Chairmats,Jumbo Drum,0.61
493,310,41,0.05,161.55,19.99,35.31,3,499.31,86357,4/01/15,11/01/15,Low,Regular Air,916,916,Marion Wilcox,Corporate,United States,Central,Texas,Burleson,76028,Fellowes Super Stor/Drawer® Files,Office Supplies,Storage & Organization,Small Box,0.66
494,311,376,0.05,35.51,6.31,6.11,2,73.1,90492,12/04/15,14/04/15,High,Regular Air,918,918,Kerry Jernigan,Consumer,United States,West,California,Rancho Cucamonga,91730,Steel Personal Filing/Posting Tote,Office Supplies,Storage & Organization,Small Box,0.58
495,312,377,0.09,58.14,36.61,187.412,39,2115.06,90493,20/05/15,21/05/15,Critical,Delivery Truck,918,918,Kerry Jernigan,Corporate,United States,West,California,Rancho Cucamonga,91730,O'Sullivan 3-Shelf Heavy-Duty Bookcases,Furniture,Bookcases,Jumbo Box,0.61
496,313,121,0.1,8.34,2.64,-6.34,6,47.95,90492,12/04/15,12/04/15,High,Regular Air,919,919,Tracy Livingston,Consumer,United States,West,California,Redding,96003,Acme® Elite Stainless Steel Scissors,Office Supplies,"Scissors, Rulers and Trimmers",Small Pack,0.59
497,314,175,0.1,15.98,4.0,92.7222,9,134.38,90491,27/03/15,1/04/15,Low,Regular Air,920,920,Jessie Kelly,Corporate,United States,West,California,Redlands,92374,Logitech Access Keyboard,Technology,Computer Peripherals,Small Box,0.37
498,315,378,0.03,8.04,8.94,-160.2755,9,76.77,90492,12/04/15,14/04/15,High,Regular Air,920,920,Jessie Kelly,Consumer,United States,West,California,Redlands,92374,"Fellowes Twister Kit, Gray/Clear, 3/pkg",Office Supplies,Binders and Binder Accessories,Small Box,0.4
499,316,379,0.01,65.99,8.99,396.972,14,782.0,87135,20/05/15,21/05/15,Not Specified,Express Air,922,922,Dolores Abrams,Small Business,United States,West,California,Rancho Cucamonga,91730,5180,Technology,Telephones and Communication,Small Box,0.56
500,317,380,0.03,2.18,1.38,-7.04,7,15.73,87134,6/04/15,6/04/15,Critical,Regular Air,925,925,Ruth Dudley,Small Business,United States,East,Maine,Augusta,4330,Advantus Push Pins,Office Supplies,Rubber Bands,Wrap Bag,0.44
501,318,381,0.01,170.98,35.89,538.52,10,1719.07,87134,6/04/15,8/04/15,Critical,Delivery Truck,929,929,Calvin Conway,Small Business,United States,East,New Jersey,Old Bridge,8857,"Rush Hierlooms Collection 1"" Thick Stackable Bookcases",Furniture,Bookcases,Jumbo Box,0.66
502,319,382,0.05,6.04,2.14,-4.14,1,8.41,90588,17/02/15,19/02/15,Critical,Express Air,936,936,Robyn Garner,Corporate,United States,West,California,Redlands,92374,"Adams Telephone Message Books, 5 1/4” x 11”",Office Supplies,Paper,Wrap Bag,0.38
503,319,383,0.05,5.98,5.46,-31.885,17,104.95,90589,27/06/15,27/06/15,Not Specified,Regular Air,936,936,Robyn Garner,Corporate,United States,West,California,Redlands,92374,Xerox 1983,Office Supplies,Paper,Small Box,0.36
504,320,384,0.01,65.99,3.99,-95.2105,3,166.59,90589,27/06/15,28/06/15,Not Specified,Regular Air,937,937,Kelly Shaw,Corporate,United States,West,California,Redondo Beach,90278,StarTAC 7760,Technology,Telephones and Communication,Small Box,0.59
505,321,78,0.09,100.98,35.84,-193.58,4,396.19,90844,14/04/15,19/04/15,Low,Delivery Truck,940,940,Albert Maxwell,Home Office,United States,East,Connecticut,New Milford,6776,"Bush Westfield Collection Bookcases, Fully Assembled",Furniture,Bookcases,Jumbo Box,0.62
506,322,385,0.03,31.74,12.62,-4.301,3,98.7,86567,6/03/15,6/03/15,Not Specified,Regular Air,945,945,Stephanie Sun Perry,Home Office,United States,West,California,Saratoga,95070,GBC Wire Binding Strips,Office Supplies,Binders and Binder Accessories,Small Box,0.37
507,323,386,0.09,90.98,56.2,-1570.32,20,1782.44,86566,1/03/15,2/03/15,Critical,Express Air,946,946,Denise Parks,Home Office,United States,East,Maine,Auburn,4210,Eldon ClusterMat Chair Mat with Cordless Antistatic Protection,Furniture,Office Furnishings,Medium Box,0.74
508,324,258,0.08,14.2,5.3,27.23,5,72.11,86565,11/01/15,13/01/15,Critical,Express Air,947,947,Dorothy Buchanan,Home Office,United States,East,New Jersey,Bayonne,7002,Coloredge Poster Frame,Furniture,Office Furnishings,Wrap Bag,0.46
509,325,387,0.06,40.98,2.99,-19.0992,3,124.81,9285,2/01/15,4/01/15,Critical ,Regular Air,949,949,Ernest Oh,Consumer,United States,West,California,Los Angeles,90049,"Avery Trapezoid Ring Binder, 3"" Capacity, Black, 1040 sheets",Office Supplies,Binders and Binder Accessories,Small Box,0.36
510,325,214,0.02,48.04,5.09,373.67,18,881.32,8257,22/03/15,26/03/15,Low,Regular Air,949,949,Ernest Oh,Consumer,United States,West,California,Los Angeles,90049,Xerox 1910,Office Supplies,Paper,Small Box,0.37
511,326,387,0.06,40.98,2.99,-14.80188,1,41.6,89083,2/01/15,4/01/15,Critical,Regular Air,950,950,Jane Shah,Consumer,United States,Central,Minnesota,Prior Lake,55372,"Avery Trapezoid Ring Binder, 3"" Capacity, Black, 1040 sheets",Office Supplies,Binders and Binder Accessories,Small Box,0.36
512,326,388,0.05,1500.97,29.7,-2561.3235,1,1497.22,89084,22/03/15,22/03/15,Low,Delivery Truck,950,950,Jane Shah,Consumer,United States,Central,Minnesota,Prior Lake,55372,Epson DFX5000+ Dot Matrix Printer,Technology,Office Machines,Jumbo Drum,0.57
513,326,214,0.02,48.04,5.09,168.9189,5,244.81,89084,22/03/15,26/03/15,Low,Regular Air,950,950,Jane Shah,Consumer,United States,Central,Minnesota,Prior Lake,55372,Xerox 1910,Office Supplies,Paper,Small Box,0.37
514,326,389,0.03,4.28,1.6,-6.2,1,4.55,89084,22/03/15,29/03/15,Low,Regular Air,950,950,Jane Shah,Consumer,United States,Central,Minnesota,Prior Lake,55372,Newell 320,Office Supplies,Pens & Art Supplies,Wrap Bag,0.58
515,327,390,0.1,7.31,0.49,19.0647,4,27.63,90771,12/02/15,21/02/15,Low,Regular Air,954,954,Tony Chandler,Small Business,United States,Central,Texas,Highland Village,75067,Self-Adhesive Address Labels for Typewriters by Universal,Office Supplies,Labels,Small Box,0.38
516,327,391,0.08,6.7,1.56,10.56,5,31.21,90771,12/02/15,12/02/15,Low,Regular Air,954,954,Tony Chandler,Small Business,United States,Central,Texas,Highland Village,75067,Turquoise Lead Holder with Pocket Clip,Office Supplies,Pens & Art Supplies,Wrap Bag,0.52
517,328,392,0.01,145.45,17.85,837.6807,8,1214.03,91581,22/03/15,23/03/15,Not Specified,Delivery Truck,959,959,Sally House,Corporate,United States,Central,Texas,Burleson,76028,Panasonic KX-P1150 Dot Matrix Printer,Technology,Office Machines,Jumbo Drum,0.56
518,329,203,0.03,2.94,0.96,-4.2,1,3.51,89401,4/02/15,8/02/15,Low,Regular Air,960,960,Phillip Chappell,Home Office,United States,West,California,Redondo Beach,90278,Newell 343,Office Supplies,Pens & Art Supplies,Wrap Bag,0.58
519,330,157,0.05,124.49,51.94,-44.1636,1,120.12,89402,24/02/15,24/02/15,Not Specified,Delivery Truck,961,961,Benjamin Chan,Home Office,United States,West,California,Redwood City,94061,Bevis 36 x 72 Conference Tables,Furniture,Tables,Jumbo Box,0.63
520,331,203,0.03,2.94,0.96,-4.2,2,7.01,17636,4/02/15,8/02/15,Low,Regular Air,962,962,Yvonne Clarke,Home Office,United States,Central,Illinois,Chicago,60610,Newell 343,Office Supplies,Pens & Art Supplies,Wrap Bag,0.58
521,332,381,0.0,170.98,35.89,-102.662,8,1452.18,86173,20/04/15,21/04/15,Medium,Delivery Truck,970,970,Lynn Payne,Consumer,United States,South,Virginia,Rose Hill,24281,"Rush Hierlooms Collection 1"" Thick Stackable Bookcases",Furniture,Bookcases,Jumbo Box,0.66
522,333,393,0.03,284.98,69.55,-116.584,2,619.38,87259,28/02/15,5/03/15,Low,Delivery Truck,972,972,Gregory Holden,Corporate,United States,West,California,Riverside,92503,Global Commerce™ Series High-Back Swivel/Tilt Chairs,Furniture,Chairs & Chairmats,Jumbo Drum,0.6
523,333,194,0.0,12.99,14.37,12.8961,1,18.69,87259,28/02/15,28/02/15,Low,Regular Air,972,972,Gregory Holden,Corporate,United States,West,California,Riverside,92503,"Tensor ""Hersey Kiss"" Styled Floor Lamp",Furniture,Office Furnishings,Large Box,0.73
524,334,394,0.1,2.22,5.0,-21.3192,3,8.8,87260,4/04/15,9/04/15,Low,Regular Air,975,975,Francis Evans,Corporate,United States,East,Massachusetts,Boston,2108,Hoover Replacement Belt for Commercial Guardsman Heavy-Duty Upright Vacuum,Office Supplies,Appliances,Small Box,0.55
525,335,395,0.0,37.76,12.9,93.8468,12,477.2,87258,5/02/15,6/02/15,Medium,Regular Air,980,980,Howard Burnett,Corporate,United States,East,Vermont,South Burlington,5403,"Companion Letter/Legal File, Black",Office Supplies,Storage & Organization,Small Box,0.57
526,336,396,0.09,300.97,7.18,17.772,10,2848.38,90201,27/04/15,27/04/15,Low,Regular Air,983,983,Sue Drake,Corporate,United States,South,Arkansas,Searcy,72143,Gyration Ultra Professional Cordless Optical Suite,Technology,Computer Peripherals,Small Box,0.48
527,337,163,0.05,4.28,5.17,-104.57,9,38.58,89432,19/02/15,19/02/15,High,Regular Air,993,993,Gail Currin,Small Business,United States,West,California,Oxnard,93030,Xerox 1971,Office Supplies,Paper,Small Box,0.4
528,338,397,0.1,400.98,76.37,-969.048366,2,810.47,89433,14/03/15,15/03/15,High,Delivery Truck,994,994,Neal Weber,Small Business,United States,East,Maine,Sanford,4073,Bretford CR8500 Series Meeting Room Furniture,Furniture,Tables,Jumbo Box,0.6
529,339,373,0.09,7.64,5.83,4.032,9,72.83,89434,10/05/15,15/05/15,Low,Regular Air,995,995,Lloyd Spencer,Small Business,United States,East,Maine,West Scarborough,4070,"Rediform Wirebound ""Phone Memo"" Message Book, 11 x 5-3/4",Office Supplies,Paper,Wrap Bag,0.36
530,340,398,0.08,67.84,0.99,-23.6344,1,63.66,89431,24/01/15,29/01/15,Low,Regular Air,997,997,Phillip Pollard,Small Business,United States,East,New Jersey,Bayonne,7002,Fellowes Command Center 5-outlet power strip,Office Supplies,Appliances,Small Box,0.58
531,341,399,0.08,45.19,1.99,-71.83,3,127.22,89433,14/03/15,15/03/15,High,Regular Air,999,999,Rita Barton,Small Business,United States,East,New Jersey,Ridgewood,7450,"Verbatim DVD-RAM, 9.4GB, Rewritable, Type 1, DS, DataLife Plus",Technology,Computer Peripherals,Small Pack,0.55
532,342,400,0.03,33.98,19.99,-0.74,12,432.44,89433,14/03/15,15/03/15,High,Regular Air,1000,1000,Lynn Bell,Small Business,United States,East,Vermont,Bennington,5201,"Linden® 12"" Wall Clock With Oak Frame",Furniture,Office Furnishings,Small Box,0.55
533,343,83,0.06,10.14,2.27,-3.88,1,12.18,90043,4/03/15,4/03/15,Low,Regular Air,1005,1005,Lloyd Dickson,Small Business,United States,Central,Illinois,Buffalo Grove,60089,"Staples Wirebound Steno Books, 6"" x 9"", 12/Pack",Office Supplies,Paper,Wrap Bag,0.36
534,343,401,0.02,40.99,17.48,551.0928,23,950.43,90044,27/02/15,28/02/15,High,Regular Air,1005,1005,Lloyd Dickson,Small Business,United States,Central,Illinois,Buffalo Grove,60089,Xerox 1893,Office Supplies,Paper,Small Box,0.36
535,344,402,0.01,3.15,0.49,17.5053,8,25.37,88371,25/05/15,27/05/15,High,Regular Air,1008,1008,Priscilla Frank,Home Office,United States,East,Maine,Gorham,4038,Self-Adhesive Removable Labels,Office Supplies,Labels,Small Box,0.37
536,345,403,0.1,550.98,45.7,818.546175,14,6963.67,88372,19/06/15,21/06/15,High,Delivery Truck,1009,1009,Kristin George,Corporate,United States,East,Maine,Saco,4072,Chromcraft Bull-Nose Wood Oval Conference Tables & Bases,Furniture,Tables,Jumbo Box,0.71
537,346,138,0.09,28.48,1.99,-17.15,6,160.17,88387,1/03/15,2/03/15,Critical,Regular Air,1014,1014,Theresa Winters,Home Office,United States,South,Arkansas,Bryant,72022,"Memorex 4.7GB DVD+RW, 3/Pack",Technology,Computer Peripherals,Small Pack,0.4
538,346,262,0.0,2.08,5.33,-29.54,3,7.47,88387,1/03/15,3/03/15,Critical,Regular Air,1014,1014,Theresa Winters,Home Office,United States,South,Arkansas,Bryant,72022,Eldon® Wave Desk Accessories,Furniture,Office Furnishings,Small Box,0.43
539,346,404,0.06,45.99,4.99,-329.784,10,370.81,88387,1/03/15,2/03/15,Critical,Express Air,1014,1014,Theresa Winters,Home Office,United States,South,Arkansas,Bryant,72022,KF 788,Technology,Telephones and Communication,Small Box,0.56
540,346,405,0.08,10.91,2.99,-2.1,11,119.99,88388,5/03/15,6/03/15,Not Specified,Regular Air,1014,1014,Theresa Winters,Home Office,United States,South,Arkansas,Bryant,72022,Heavy-Duty E-Z-D® Binders,Office Supplies,Binders and Binder Accessories,Small Box,0.38
541,347,406,0.0,43.98,8.99,829.467,14,650.7,88390,18/03/15,18/03/15,Medium,Regular Air,1015,1015,Beverly Cameron,Home Office,United States,South,North Carolina,Apex,27502,Boston 1645 Deluxe Heavier-Duty Electric Pencil Sharpener,Office Supplies,Pens & Art Supplies,Small Pack,0.58
542,348,407,0.02,6.48,7.86,111.222,1,11.41,88389,12/06/15,13/06/15,High,Express Air,1016,1016,Francis Sherrill,Home Office,United States,South,North Carolina,Asheville,28806,Xerox 213,Office Supplies,Paper,Small Box,0.37
543,349,408,0.05,35.89,14.72,22.866,19,680.39,88391,8/04/15,9/04/15,Medium,Regular Air,1018,1018,Meredith Humphrey,Home Office,United States,South,North Carolina,Cary,27511,Jet-Pak Recycled Peel 'N' Seal Padded Mailers,Office Supplies,Envelopes,Small Box,0.4
544,349,409,0.0,11.48,5.43,115.728,6,75.52,88391,8/04/15,8/04/15,Medium,Regular Air,1018,1018,Meredith Humphrey,Home Office,United States,South,North Carolina,Cary,27511,Personal Creations™ Ink Jet Cards and Labels,Office Supplies,Paper,Small Box,0.36
545,350,410,0.09,517.48,16.63,909.36,5,2354.54,88632,7/03/15,7/03/15,Critical,Delivery Truck,1020,1020,Julie Porter,Small Business,United States,Central,Kansas,Pittsburg,66762,Panasonic KX-P3626 Dot Matrix Printer,Technology,Office Machines,Jumbo Box,0.59
546,350,238,0.07,4.13,5.04,-76.4244,20,79.06,88634,6/02/15,7/02/15,Critical,Regular Air,1020,1020,Julie Porter,Small Business,United States,Central,Kansas,Pittsburg,66762,"ACCOHIDE® 3-Ring Binder, Blue, 1""",Office Supplies,Binders and Binder Accessories,Small Box,0.38
547,350,411,0.0,4.48,2.5,8.732,14,65.14,88634,6/02/15,8/02/15,Critical,Regular Air,1020,1020,Julie Porter,Small Business,United States,Central,Kansas,Pittsburg,66762,Ampad #10 Peel & Seel® Holiday Envelopes,Office Supplies,Envelopes,Small Box,0.37
548,351,412,0.02,39.06,10.55,442.0899,16,640.71,88633,15/05/15,15/05/15,Critical,Regular Air,1023,1023,Glen Newman,Small Business,United States,East,Pennsylvania,Wilkinsburg,15221,Ibico Recycled Linen-Style Covers,Office Supplies,Binders and Binder Accessories,Small Box,0.37
549,351,189,0.1,37.7,2.99,455.124,18,659.6,88633,15/05/15,16/05/15,Critical,Regular Air,1023,1023,Glen Newman,Small Business,United States,East,Pennsylvania,Wilkinsburg,15221,Vinyl Sectional Post Binders,Office Supplies,Binders and Binder Accessories,Small Box,0.35
550,352,413,0.08,65.99,5.92,624.40164,22,1137.6,89005,7/02/15,7/02/15,Not Specified,Regular Air,1026,1026,Eugene Kerr,Small Business,United States,East,New York,Central Islip,11722,i500plus,Technology,Telephones and Communication,Small Box,0.58
551,352,414,0.1,5.98,3.85,18.922,26,151.55,89008,29/05/15,30/05/15,High,Regular Air,1026,1026,Eugene Kerr,Small Business,United States,East,New York,Central Islip,11722,"Imation 3.5"" IBM-Formatted Diskettes, 10/Pack",Technology,Computer Peripherals,Small Pack,0.68
552,352,415,0.07,2.61,0.5,39.3507,22,57.03,89008,29/05/15,1/06/15,High,Regular Air,1026,1026,Eugene Kerr,Small Business,United States,East,New York,Central Islip,11722,Avery 494,Office Supplies,Labels,Small Box,0.39
553,353,416,0.1,73.98,4.0,-229.87,5,347.23,89004,12/03/15,13/03/15,High,Regular Air,1027,1027,Brian Bennett,Small Business,United States,East,New York,Cheektowaga,14225,Keytronic French Keyboard,Technology,Computer Peripherals,Small Box,0.79
553,353,417,0.05,51.98,10.17,329.9787,9,478.23,89004,12/03/15,13/03/15,High,Regular Air,1027,1027,Brian Bennett,Small Business,United States,East,New York,Cheektowaga,14225,Canon MP25DIII Desktop Whisper-Quiet Printing Calculator,Technology,Office Machines,Medium Box,0.37
554,354,418,0.07,7.08,2.35,30.49,13,93.82,89006,29/03/15,30/03/15,Medium,Express Air,1028,1028,Marguerite Rodgers,Small Business,United States,East,New York,Commack,11725,SANFORD Major Accent™ Highlighters,Office Supplies,Pens & Art Supplies,Wrap Bag,0.47
555,354,419,0.05,83.1,6.13,1152.5277,20,1670.33,89007,8/05/15,9/05/15,Not Specified,Express Air,1028,1028,Marguerite Rodgers,Small Business,United States,East,New York,Commack,11725,"Micro Innovations Micro Digital Wireless Keyboard and Mouse, Gray",Technology,Computer Peripherals,Small Box,0.45
556,355,420,0.07,125.99,2.5,-604.406,1,100.59,90710,13/03/15,13/03/15,Critical,Regular Air,1035,1035,Kent Burton,Home Office,United States,East,Ohio,Delaware,43015,i2000,Technology,Telephones and Communication,Small Box,0.6
557,356,421,0.03,99.99,19.99,293.66,6,598.38,90710,13/03/15,14/03/15,Critical,Regular Air,1036,1036,Jessica Huffman,Home Office,United States,East,Ohio,Dublin,43017,US Robotics 56K V.92 External Faxmodem,Technology,Computer Peripherals,Small Box,0.52
558,357,373,0.1,7.64,5.83,-403.1874,5,39.36,90641,16/06/15,17/06/15,Critical,Regular Air,1038,1038,Jon Hale,Corporate,United States,South,Florida,Belle Glade,33430,"Rediform Wirebound ""Phone Memo"" Message Book, 11 x 5-3/4",Office Supplies,Paper,Wrap Bag,0.36
559,358,422,0.06,55.94,4.0,-13.77,6,322.77,87846,17/04/15,18/04/15,Critical,Regular Air,1041,1041,Mildred Chase,Small Business,United States,West,California,Woodland,95695,"Fellowes Smart Design 104-Key Enhanced Keyboard, PS/2 Adapter, Platinum",Technology,Computer Peripherals,Small Box,0.74
560,358,423,0.07,6.3,0.5,44.9121,11,65.09,87846,17/04/15,17/04/15,Critical,Regular Air,1041,1041,Mildred Chase,Small Business,United States,West,California,Woodland,95695,Avery 48,Office Supplies,Labels,Small Box,0.39
561,359,195,0.0,14.42,6.75,9.33,6,98.96,87847,16/05/15,17/05/15,Critical,Express Air,1042,1042,Jerome Burch,Small Business,United States,West,California,Yuba City,95991,Holmes Odor Grabber,Office Supplies,Appliances,Medium Box,0.52
562,360,424,0.02,209.84,21.21,2593.14,62,13546.94,28001,14/06/15,14/06/15,Critical,Regular Air,1044,1044,Erin Ballard,Home Office,United States,West,California,Los Angeles,90004,Luxo Professional Fluorescent Magnifier Lamp with Clamp-Mount Base,Furniture,Office Furnishings,Large Box,0.59
563,360,425,0.01,194.3,11.54,1162.76,32,6401.65,28001,14/06/15,16/06/15,Critical,Regular Air,1044,1044,Erin Ballard,Home Office,United States,West,California,Los Angeles,90004,Electrix Halogen Magnifier Lamp,Furniture,Office Furnishings,Large Box,0.59
564,360,426,0.0,6.68,5.66,-76.94,90,617.4,47813,27/02/15,28/02/15,High,Regular Air,1044,1044,Erin Ballard,Home Office,United States,West,California,Los Angeles,90004,Xerox 1923,Office Supplies,Paper,Small Box,0.37
565,361,426,0.0,6.68,5.66,-40.0088,23,157.78,89389,27/02/15,28/02/15,High,Regular Air,1047,1047,Gayle Pearson,Home Office,United States,East,Massachusetts,Boston,2109,Xerox 1923,Office Supplies,Paper,Small Box,0.37
566,362,427,0.03,5.44,7.46,-51.704,4,26.31,90069,25/05/15,27/05/15,Not Specified,Express Air,1054,1054,Keith R Atkinson,Corporate,United States,West,Arizona,Surprise,85374,Wilson Jones Custom Binder Spines & Labels,Office Supplies,Binders and Binder Accessories,Small Box,0.36
567,362,428,0.08,26.38,5.58,144.7482,8,209.78,90069,25/05/15,26/05/15,Not Specified,Regular Air,1054,1054,Keith R Atkinson,Corporate,United States,West,Arizona,Surprise,85374,Xerox 1883,Office Supplies,Paper,Small Box,0.39
568,362,429,0.06,20.99,2.5,-112.189,1,17.83,90069,25/05/15,27/05/15,Not Specified,Regular Air,1054,1054,Keith R Atkinson,Corporate,United States,West,Arizona,Surprise,85374,Accessory37,Technology,Telephones and Communication,Wrap Bag,0.81
569,363,430,0.09,138.75,52.42,-445.9717763,23,2527.79,58628,24/03/15,25/03/15,Medium,Delivery Truck,1060,1060,Gene Gilliam,Small Business,United States,South,Georgia,Atlanta,30318,Balt Split Level Computer Training Table,Furniture,Tables,Jumbo Box,0.74
570,363,58,0.07,6.3,0.5,4.1674,20,121.87,57061,30/05/15,30/05/15,Low,Regular Air,1060,1060,Gene Gilliam,Small Business,United States,South,Georgia,Atlanta,30318,Avery 51,Office Supplies,Labels,Small Box,0.39
571,364,430,0.09,138.75,52.42,-335.317125,6,659.42,91354,24/03/15,25/03/15,Medium,Delivery Truck,1062,1062,Willie Robinson,Small Business,United States,East,New York,Coram,11727,Balt Split Level Computer Training Table,Furniture,Tables,Jumbo Box,0.74
572,364,431,0.04,22.38,15.1,16.0218,18,403.53,91355,30/05/15,7/06/15,Low,Regular Air,1062,1062,Willie Robinson,Small Business,United States,East,New York,Coram,11727,"Avery Flip-Chart Easel Binder, Black",Office Supplies,Binders and Binder Accessories,Small Box,0.38
573,364,432,0.06,17.78,5.03,38.0673,3,55.17,91355,30/05/15,2/06/15,Low,Regular Air,1062,1062,Willie Robinson,Small Business,United States,East,New York,Coram,11727,"Seth Thomas 13 1/2"" Wall Clock",Furniture,Office Furnishings,Small Box,0.54
574,365,223,0.01,15.99,13.18,-99.43544,23,377.44,88899,18/02/15,20/02/15,Critical,Regular Air,1065,1065,Vicki Bond,Corporate,United States,Central,Illinois,Burbank,60459,"GBC Pre-Punched Binding Paper, Plastic, White, 8-1/2"" x 11""",Office Supplies,Binders and Binder Accessories,Small Box,0.37
575,366,433,0.04,22.84,16.87,-97.28,12,286.4,87109,16/03/15,16/03/15,Low,Regular Air,1068,1068,Erik Barr,Home Office,United States,Central,Illinois,Calumet City,60409,Xerox 1982,Office Supplies,Paper,Small Box,0.39
576,367,434,0.02,15.94,5.45,139.612,41,664.34,87110,14/05/15,15/05/15,Medium,Regular Air,1069,1069,Pam Bennett,Home Office,United States,Central,Illinois,Carbondale,62901,Boston 16701 Slimline Battery Pencil Sharpener,Office Supplies,Pens & Art Supplies,Small Pack,0.55
577,368,435,0.01,150.89,60.2,-505.76,3,473.53,89631,27/03/15,30/03/15,Not Specified,Delivery Truck,1072,1072,Marion Owens,Corporate,United States,East,Pennsylvania,Bethlehem,18018,"Global Leather & Oak Executive Chair, Burgundy",Furniture,Chairs & Chairmats,Jumbo Drum,0.77
578,369,160,0.04,19.23,6.15,152.4348,11,220.92,86422,9/03/15,10/03/15,High,Regular Air,1075,1075,Theodore Tyson,Home Office,United States,Central,Illinois,Romeoville,60441,"Executive Impressions 13"" Clairmont Wall Clock",Furniture,Office Furnishings,Small Pack,0.44
579,370,244,0.08,13.9,7.59,9.862,14,196.41,88461,8/05/15,9/05/15,Not Specified,Regular Air,1080,1080,Colleen Fletcher,Corporate,United States,Central,Illinois,Saint Charles,60174,"Acme Hot Forged Carbon Steel Scissors with Nickel-Plated Handles, 3 7/8"" Cut, 8""L",Office Supplies,"Scissors, Rulers and Trimmers",Small Pack,0.56
580,371,135,0.07,55.99,5.0,-232.991,1,54.08,88460,31/03/15,2/04/15,Not Specified,Express Air,1083,1083,Hazel Dale,Corporate,United States,Central,Illinois,Springfield,62701,Accessory36,Technology,Telephones and Communication,Small Pack,0.83
581,372,373,0.05,7.64,5.83,-40.2752,6,47.18,86122,5/01/15,6/01/15,Not Specified,Regular Air,1085,1085,Ted Dunlap,Home Office,United States,East,New York,Deer Park,11729,"Rediform Wirebound ""Phone Memo"" Message Book, 11 x 5-3/4",Office Supplies,Paper,Wrap Bag,0.36
582,372,205,0.04,9.06,9.86,-53.25,3,30.87,86123,24/04/15,25/04/15,High,Regular Air,1085,1085,Ted Dunlap,Home Office,United States,East,New York,Deer Park,11729,Southworth 25% Cotton Linen-Finish Paper & Envelopes,Office Supplies,Paper,Small Box,0.4
583,373,436,0.06,30.42,8.65,-159.25,10,309.05,86124,13/05/15,15/05/15,Not Specified,Regular Air,1085,1085,Ted Dunlap,Corporate,United States,East,New York,Deer Park,11729,"Fellowes Internet Keyboard, Platinum",Technology,Computer Peripherals,Small Box,0.74
584,373,321,0.02,37.94,5.08,206.517,8,299.3,86124,13/05/15,14/05/15,Not Specified,Regular Air,1085,1085,Ted Dunlap,Corporate,United States,East,New York,Deer Park,11729,"Snap-A-Way® Black Print Carbonless Ruled Speed Letter, Triplicate",Office Supplies,Paper,Wrap Bag,0.38
585,374,437,0.04,14.27,7.27,2.125,3,45.24,86123,24/04/15,25/04/15,High,Regular Air,1086,1086,Leon Peele,Home Office,United States,East,New York,Dix Hills,11746,"GBC Laser Imprintable Binding System Covers, Desert Sand",Office Supplies,Binders and Binder Accessories,Small Box,0.38
586,375,438,0.02,15.14,4.53,5.884,3,51.02,91488,5/05/15,6/05/15,Medium,Regular Air,1101,1101,Kimberly McCarthy,Small Business,United States,West,California,Oxnard,93030,Eldon® Gobal File Keepers,Office Supplies,Storage & Organization,Small Box,0.81
587,376,159,0.05,328.14,91.05,772.04,7,2291.39,90977,10/04/15,11/04/15,Not Specified,Delivery Truck,1103,1103,Sidney Bowling,Home Office,United States,Central,Nebraska,Omaha,68046,"Sanyo Counter Height Refrigerator with Crisper, 3.6 Cubic Foot, Stainless Steel/Black",Office Supplies,Appliances,Jumbo Drum,0.57
588,377,159,0.05,328.14,91.05,772.04,29,9492.92,27456,10/04/15,11/04/15,Not Specified,Delivery Truck,1104,1104,Timothy Ross,Home Office,United States,East,New York,New York City,10282,"Sanyo Counter Height Refrigerator with Crisper, 3.6 Cubic Foot, Stainless Steel/Black",Office Supplies,Appliances,Jumbo Drum,0.57
589,378,319,0.04,6.35,1.02,81.91,52,318.47,20261,20/05/15,23/05/15,Medium,Regular Air,1106,1106,Maxine Collier Grady,Small Business,United States,Central,Texas,Dallas,75220,"Telephone Message Books with Fax/Mobile Section, 5 1/2"" x 3 3/16""",Office Supplies,Paper,Wrap Bag,0.39
590,378,439,0.01,9.31,3.98,-10.9,61,586.96,646,21/05/15,22/05/15,High,Regular Air,1106,1106,Maxine Collier Grady,Small Business,United States,Central,Texas,Dallas,75220,Acme® Forged Steel Scissors with Black Enamel Handles,Office Supplies,"Scissors, Rulers and Trimmers",Small Pack,0.56
591,379,440,0.08,140.81,24.49,1232.79,81,11272.77,45824,6/06/15,8/06/15,Not Specified,Regular Air,1106,1106,Maxine Collier Grady,Consumer,United States,Central,Texas,Dallas,75220,Hon Olson Stacker Stools,Furniture,Chairs & Chairmats,Large Box,0.57
592,380,439,0.01,9.31,3.98,2.18,15,144.33,86411,21/05/15,22/05/15,High,Regular Air,1107,1107,Joanna Keith,Small Business,United States,Central,Texas,Lake Jackson,77566,Acme® Forged Steel Scissors with Black Enamel Handles,Office Supplies,"Scissors, Rulers and Trimmers",Small Pack,0.56
593,381,385,0.09,31.74,12.62,67.1075,9,270.55,86409,20/05/15,20/05/15,Medium,Express Air,1108,1108,Dwight Bishop,Small Business,United States,Central,Texas,Lancaster,75146,GBC Wire Binding Strips,Office Supplies,Binders and Binder Accessories,Small Box,0.37
594,381,319,0.04,6.35,1.02,54.9378,13,79.62,86409,20/05/15,23/05/15,Medium,Regular Air,1108,1108,Dwight Bishop,Small Business,United States,Central,Texas,Lancaster,75146,"Telephone Message Books with Fax/Mobile Section, 5 1/2"" x 3 3/16""",Office Supplies,Paper,Wrap Bag,0.39
595,381,211,0.02,65.99,8.99,168.237,8,479.79,86409,20/05/15,21/05/15,Medium,Express Air,1108,1108,Dwight Bishop,Small Business,United States,Central,Texas,Lancaster,75146,Talkabout T8367,Technology,Telephones and Communication,Small Box,0.56
596,382,441,0.08,8.37,10.16,-169.232,13,108.99,86410,29/06/15,29/06/15,Medium,Regular Air,1109,1109,Dennis Welch,Consumer,United States,Central,Texas,Laredo,78041,Westinghouse Clip-On Gooseneck Lamps,Furniture,Office Furnishings,Large Box,0.59
597,383,53,0.03,300.98,54.92,1272.5808,12,3527.82,90832,2/04/15,4/04/15,Not Specified,Delivery Truck,1112,1112,Luis Kerr,Corporate,United States,West,California,Yucaipa,92399,"Atlantic Metals Mobile 5-Shelf Bookcases, Custom Colors",Furniture,Bookcases,Jumbo Box,0.55
597,383,442,0.02,2550.14,29.7,-5390.738892,2,4698.21,90832,2/04/15,4/04/15,Not Specified,Delivery Truck,1112,1112,Luis Kerr,Corporate,United States,West,California,Yucaipa,92399,Epson DFX-8500 Dot Matrix Printer,Technology,Office Machines,Jumbo Drum,0.57
598,384,278,0.01,2.89,0.5,29.7252,14,43.08,90833,6/04/15,7/04/15,Critical,Regular Air,1113,1113,Julia Reynolds,Corporate,United States,West,Colorado,Arvada,80004,Avery 498,Office Supplies,Labels,Small Box,0.38
599,384,242,0.0,55.99,5.0,-187.11,5,258.93,90833,6/04/15,8/04/15,Critical,Regular Air,1113,1113,Julia Reynolds,Corporate,United States,West,Colorado,Arvada,80004,Accessory6,Technology,Telephones and Communication,Small Pack,0.8
600,385,334,0.06,64.65,35.0,-139.2872,4,277.6,86768,5/02/15,6/02/15,Not Specified,Regular Air,1117,1117,Samantha Koch,Home Office,United States,West,Arizona,Tucson,85705,Space Solutions Commercial Steel Shelving,Office Supplies,Storage & Organization,Large Box,0.8
601,386,443,0.04,19.98,8.68,108.0,8,168.04,86767,7/02/15,14/02/15,Low,Regular Air,1121,1121,Tonya Proctor,Consumer,United States,West,California,Temecula,92592,Southworth 25% Cotton Premium Laser Paper and Envelopes,Office Supplies,Paper,Small Box,0.37
602,386,444,0.08,125.99,7.69,377.154,7,703.46,86767,7/02/15,9/02/15,Low,Regular Air,1121,1121,Tonya Proctor,Consumer,United States,West,California,Temecula,92592,Timeport L7089,Technology,Telephones and Communication,Small Box,0.58
603,387,445,0.03,7.3,7.72,-127.052,14,103.61,87015,15/03/15,18/03/15,High,Regular Air,1123,1123,Peggy Lanier,Small Business,United States,West,California,Roseville,95661,"Angle-D Binders with Locking Rings, Label Holders",Office Supplies,Binders and Binder Accessories,Small Box,0.38
604,387,33,0.09,175.99,4.99,2169.7464,22,3144.56,87016,20/06/15,22/06/15,High,Regular Air,1123,1123,Peggy Lanier,Small Business,United States,West,California,Roseville,95661,5165,Technology,Telephones and Communication,Small Box,0.59
605,388,264,0.09,160.98,35.02,-229.93,18,2653.02,87016,20/06/15,21/06/15,High,Delivery Truck,1124,1124,Randy Jiang,Small Business,United States,East,Connecticut,Norwich,6360,Rush Hierlooms Collection Rich Wood Bookcases,Furniture,Bookcases,Jumbo Box,0.72
606,389,327,0.02,4.06,6.89,-93.7352,16,66.81,87221,24/02/15,26/02/15,Medium,Regular Air,1127,1127,Ray Grady,Consumer,United States,Central,Texas,Eagle Pass,78852,Eureka Disposable Bags for Sanitaire® Vibra Groomer I® Upright Vac,Office Supplies,Appliances,Small Box,0.6
607,389,446,0.04,4.71,0.7,4.53,19,90.52,87222,22/06/15,26/06/15,Low,Regular Air,1127,1127,Ray Grady,Consumer,United States,Central,Texas,Eagle Pass,78852,Plymouth Boxed Rubber Bands by Plymouth,Office Supplies,Rubber Bands,Wrap Bag,0.8
608,390,447,0.06,4.2,2.26,9.78,13,55.97,87222,22/06/15,27/06/15,Low,Regular Air,1128,1128,Kurt O'Connor,Consumer,United States,Central,Texas,Edinburg,78539,"Important Message Pads, 50 4-1/4 x 5-1/2 Forms per Pad",Office Supplies,Paper,Wrap Bag,0.36
609,391,332,0.04,8.6,6.19,-63.8135,37,311.66,32037,16/02/15,23/02/15,Low,Regular Air,1129,1129,Pam Patton,Home Office,United States,East,Massachusetts,Boston,2118,Avery Printable Repositionable Plastic Tabs,Office Supplies,Binders and Binder Accessories,Small Box,0.38
610,391,448,0.07,699.99,24.49,325.29,15,9862.51,32037,16/02/15,20/02/15,Low,Regular Air,1129,1129,Pam Patton,Home Office,United States,East,Massachusetts,Boston,2118,Canon Imageclass D680 Copier / Fax,Technology,Copiers and Fax,Large Box,0.54
611,392,449,0.05,5.78,7.64,-116.05,29,177.41,49125,29/03/15,31/03/15,Not Specified,Express Air,1129,1129,Pam Patton,Corporate,United States,East,Massachusetts,Boston,2118,HP Office Recycled Paper (20Lb. and 87 Bright),Office Supplies,Paper,Small Box,0.36
612,391,450,0.02,7.64,1.39,117.38,52,406.91,13735,21/05/15,23/05/15,Medium,Regular Air,1129,1129,Pam Patton,Home Office,United States,East,Massachusetts,Boston,2118,"#10- 4 1/8"" x 9 1/2"" Security-Tint Envelopes",Office Supplies,Envelopes,Small Box,0.36
613,392,451,0.03,30.98,6.5,-144.2,44,1332.09,39430,13/06/15,17/06/15,Low,Regular Air,1129,1129,Pam Patton,Corporate,United States,East,Massachusetts,Boston,2118,Logitech Internet Navigator Keyboard,Technology,Computer Peripherals,Small Box,0.79
614,391,47,0.02,4.98,6.07,-46.92,19,105.5,57794,26/01/15,28/01/15,Low,Regular Air,1129,1129,Pam Patton,Home Office,United States,East,Massachusetts,Boston,2118,Xerox 1897,Office Supplies,Paper,Small Box,0.36
615,393,450,0.02,7.64,1.39,70.1937,13,101.73,88103,21/05/15,23/05/15,Medium,Regular Air,1131,1131,Benjamin Strauss,Home Office,United States,Central,Texas,El Paso,79907,"#10- 4 1/8"" x 9 1/2"" Security-Tint Envelopes",Office Supplies,Envelopes,Small Box,0.36
616,394,215,0.06,6.37,5.19,-48.2195,6,37.7,88101,10/02/15,11/02/15,Medium,Regular Air,1132,1132,Michael Robbins,Corporate,United States,Central,Texas,Euless,76039,"C-Line Peel & Stick Add-On Filing Pockets, 8-3/4 x 5-1/8, 10/Pack",Office Supplies,Binders and Binder Accessories,Small Box,0.38
617,395,332,0.04,8.6,6.19,-63.8135,9,75.81,88102,16/02/15,23/02/15,Low,Regular Air,1132,1132,Michael Robbins,Home Office,United States,Central,Texas,Euless,76039,Avery Printable Repositionable Plastic Tabs,Office Supplies,Binders and Binder Accessories,Small Box,0.38
618,395,448,0.07,699.99,24.49,325.29,4,2630.0,88102,16/02/15,20/02/15,Low,Regular Air,1132,1132,Michael Robbins,Home Office,United States,Central,Texas,Euless,76039,Canon Imageclass D680 Copier / Fax,Technology,Copiers and Fax,Large Box,0.54
619,394,451,0.03,30.98,6.5,-115.36,11,333.02,88104,13/06/15,17/06/15,Low,Regular Air,1132,1132,Michael Robbins,Corporate,United States,Central,Texas,Euless,76039,Logitech Internet Navigator Keyboard,Technology,Computer Peripherals,Small Box,0.79
620,396,47,0.02,4.98,6.07,-46.92,5,27.76,88105,26/01/15,28/01/15,Low,Regular Air,1133,1133,Marjorie Owens,Home Office,United States,Central,Texas,Farmers Branch,75234,Xerox 1897,Office Supplies,Paper,Small Box,0.36
621,397,452,0.09,270.97,28.06,2660.1432,15,3855.28,87940,2/01/15,4/01/15,High,Delivery Truck,1136,1136,Carmen McPherson,Consumer,United States,Central,Illinois,Carol Stream,60188,Epson LQ-570e Dot Matrix Printer,Technology,Office Machines,Jumbo Drum,0.56
622,398,49,0.02,160.98,30.0,-51.116,1,192.49,86574,16/02/15,19/02/15,Medium,Delivery Truck,1138,1138,Malcolm Floyd,Home Office,United States,Central,Texas,The Colony,75056,Office Star - Mid Back Dual function Ergonomic High Back Chair with 2-Way Adjustable Arms,Furniture,Chairs & Chairmats,Jumbo Drum,0.62
623,399,453,0.05,363.25,19.99,1766.7795,7,2560.55,86573,4/01/15,6/01/15,Medium,Regular Air,1142,1142,Russell Chan,Home Office,United States,Central,Texas,Waco,76706,Hoover WindTunnel™ Plus Canister Vacuum,Office Supplies,Appliances,Small Box,0.57
624,399,63,0.01,18.97,9.54,85.875,11,227.67,86575,6/06/15,9/06/15,Medium,Regular Air,1142,1142,Russell Chan,Home Office,United States,Central,Texas,Waco,76706,Xerox 1939,Office Supplies,Paper,Small Box,0.37
625,400,151,0.05,7.59,4.0,6.0927,1,8.83,91344,9/06/15,9/06/15,Low,Regular Air,1151,1151,Edna Huang,Corporate,United States,East,Massachusetts,South Hadley,1075,"Master Giant Foot® Doorstop, Safety Yellow",Furniture,Office Furnishings,Wrap Bag,0.42
626,401,454,0.09,9.11,2.15,20.2996,4,34.41,90853,2/01/15,4/01/15,Critical,Express Air,1155,1155,Alex Nicholson,Consumer,United States,West,California,Montebello,90640,"Black Print Carbonless Snap-Off® Rapid Letter, 8 1/2"" x 7""",Office Supplies,Paper,Wrap Bag,0.4
627,401,232,0.08,15.04,1.97,108.5163,11,157.27,90853,2/01/15,2/01/15,Critical,Regular Air,1155,1155,Alex Nicholson,Consumer,United States,West,California,Montebello,90640,White GlueTop Scratch Pads,Office Supplies,Paper,Wrap Bag,0.39
628,402,45,0.06,175.99,8.99,48.47148,7,1013.84,90855,14/02/15,15/02/15,High,Regular Air,1156,1156,Edith Forbes,Consumer,United States,East,Massachusetts,Tewksbury,1876,2180,Technology,Telephones and Communication,Small Box,0.57
629,403,78,0.04,100.98,35.84,-152.76,1,110.75,90854,20/05/15,21/05/15,High,Delivery Truck,1159,1159,Arlene Weeks,Consumer,United States,East,New Jersey,Union City,7086,"Bush Westfield Collection Bookcases, Fully Assembled",Furniture,Bookcases,Jumbo Box,0.62
630,404,455,0.09,9.78,1.39,125.2074,19,181.46,87520,2/06/15,3/06/15,Not Specified,Regular Air,1170,1170,Jessie Houston,Consumer,United States,East,Delaware,Newark,19711,"Staples #10 Laser & Inkjet Envelopes, 4 1/8"" x 9 1/2"", 100/Box",Office Supplies,Envelopes,Small Box,0.39
631,404,456,0.0,200.99,8.08,281.5344,6,1076.3,87520,2/06/15,4/06/15,Not Specified,Regular Air,1170,1170,Jessie Houston,Consumer,United States,East,Delaware,Newark,19711,5125,Technology,Telephones and Communication,Small Box,0.59
632,405,239,0.03,4.48,49.0,64.266,2,21.46,89787,9/04/15,11/04/15,High,Regular Air,1178,1178,Sandy Hunt,Consumer,United States,South,Florida,Altamonte Springs,32701,Hoover Portapower™ Portable Vacuum,Office Supplies,Appliances,Large Box,0.6
633,405,457,0.06,350.99,39.0,-302.6156,10,3506.78,89787,9/04/15,11/04/15,High,Delivery Truck,1178,1178,Sandy Hunt,Consumer,United States,South,Florida,Altamonte Springs,32701,Global Leather Executive Chair,Furniture,Chairs & Chairmats,Jumbo Drum,0.55
634,405,458,0.09,40.98,6.5,5.6916,7,267.69,89787,9/04/15,11/04/15,High,Express Air,1178,1178,Sandy Hunt,Consumer,United States,South,Florida,Altamonte Springs,32701,Targus USB Numeric Keypad,Technology,Computer Peripherals,Small Box,0.74
635,405,357,0.09,349.45,60.0,-369.11,7,2307.26,89787,9/04/15,10/04/15,High,Delivery Truck,1178,1178,Sandy Hunt,Consumer,United States,South,Florida,Altamonte Springs,32701,"SAFCO PlanMaster Heigh-Adjustable Drafting Table Base, 43w x 30d x 30-37h, Black",Furniture,Tables,Jumbo Drum,
636,406,415,0.07,2.61,0.5,27.0135,15,39.15,86913,23/05/15,23/05/15,High,Regular Air,1182,1182,Jesse Williamson,Home Office,United States,West,Utah,Spanish Fork,84660,Avery 494,Office Supplies,Labels,Small Box,0.39
637,407,459,0.04,35.99,3.3,184.1955,9,266.95,86914,29/06/15,29/06/15,Not Specified,Regular Air,1183,1183,Becky O'Brien,Home Office,United States,West,Utah,Springville,84663,Accessory9,Technology,Telephones and Communication,Small Pack,0.39
638,408,460,0.0,6783.02,24.49,4.11,3,20552.55,85938,21/03/15,22/03/15,Medium,Regular Air,1185,1185,Lee Xu,Consumer,United States,South,Alabama,Madison,35756,Polycom ViewStation™ ISDN Videoconferencing Unit,Technology,Office Machines,Large Box,0.39
639,408,461,0.08,11.7,6.96,28.566,8,87.8,85940,10/04/15,13/04/15,Not Specified,Regular Air,1185,1185,Lee Xu,Consumer,United States,South,Alabama,Madison,35756,Harmony HEPA Quiet Air Purifiers,Office Supplies,Appliances,Medium Box,0.5
640,409,462,0.07,400.97,48.26,2581.5591,10,3741.39,85939,9/04/15,10/04/15,Critical,Delivery Truck,1186,1186,Glenda Herbert,Consumer,United States,West,California,Huntington Beach,92646,Hewlett-Packard Deskjet 1220Cse Color Inkjet Printer,Technology,Office Machines,Jumbo Box,0.36
641,410,77,0.06,10.89,4.5,-25.112,14,149.32,87584,17/06/15,22/06/15,Low,Regular Air,1189,1189,Dwight Stephenson,Consumer,United States,West,California,Huntington Beach,92646,Belkin 6 Outlet Metallic Surge Strip,Office Supplies,Appliances,Small Box,0.59
641,410,305,0.03,10.64,5.16,17.376,16,177.01,87584,17/06/15,22/06/15,Low,Regular Air,1189,1189,Dwight Stephenson,Consumer,United States,West,California,Huntington Beach,92646,"Eldon Expressions Punched Metal & Wood Desk Accessories, Pewter & Cherry",Furniture,Office Furnishings,Small Box,0.57
642,410,463,0.03,7.96,4.95,24.2604,4,35.16,87584,17/06/15,19/06/15,Low,Regular Air,1189,1189,Dwight Stephenson,Consumer,United States,West,California,Huntington Beach,92646,Staples Plastic Wall Frames,Furniture,Office Furnishings,Small Box,0.41
643,411,108,0.03,28.53,1.49,59.4405,3,88.84,87587,28/06/15,1/07/15,Low,Regular Air,1191,1191,John Morse,Small Business,United States,East,Connecticut,New Britain,6050,Lock-Up Easel 'Spel-Binder',Office Supplies,Binders and Binder Accessories,Small Box,0.38
644,412,305,0.03,10.64,5.16,14.48,63,696.96,5984,17/06/15,22/06/15,Low,Regular Air,1193,1193,Louis Parrish,Consumer,United States,East,District of Columbia,Washington,20016,"Eldon Expressions Punched Metal & Wood Desk Accessories, Pewter & Cherry",Furniture,Office Furnishings,Small Box,0.57
645,412,463,0.03,7.96,4.95,22.25,17,149.41,5984,17/06/15,19/06/15,Low,Regular Air,1193,1193,Louis Parrish,Consumer,United States,East,District of Columbia,Washington,20016,Staples Plastic Wall Frames,Furniture,Office Furnishings,Small Box,0.41
646,412,464,0.05,52.4,16.11,592.5265,85,4556.63,29350,25/02/15,27/02/15,High,Regular Air,1193,1193,Louis Parrish,Consumer,United States,East,District of Columbia,Washington,20016,Ibico Laser Imprintable Binding System Covers,Office Supplies,Binders and Binder Accessories,Small Box,0.39
647,412,465,0.05,36.55,13.89,232.8,83,2948.61,29350,25/02/15,26/02/15,High,Express Air,1193,1193,Louis Parrish,Consumer,United States,East,District of Columbia,Washington,20016,"Dixon Ticonderoga Core-Lock Colored Pencils, 48-Color Set",Office Supplies,Pens & Art Supplies,Wrap Bag,0.41
648,413,371,0.03,5.98,1.49,38.08,85,517.85,38852,1/05/15,3/05/15,Not Specified,Regular Air,1193,1193,Louis Parrish,Small Business,United States,East,District of Columbia,Washington,20016,Avery Hanging File Binders,Office Supplies,Binders and Binder Accessories,Small Box,0.39
649,413,85,0.09,49.99,19.99,-17.03,48,2373.32,11206,28/06/15,30/06/15,Low,Regular Air,1193,1193,Louis Parrish,Small Business,United States,East,District of Columbia,Washington,20016,Zoom V.92 USB External Faxmodem,Technology,Computer Peripherals,Small Box,0.41
650,413,108,0.03,28.53,1.49,39.627,11,325.73,11206,28/06/15,1/07/15,Low,Regular Air,1193,1193,Louis Parrish,Small Business,United States,East,District of Columbia,Washington,20016,Lock-Up Easel 'Spel-Binder',Office Supplies,Binders and Binder Accessories,Small Box,0.38
651,414,371,0.03,5.98,1.49,20.496,21,127.94,87586,1/05/15,3/05/15,Not Specified,Regular Air,1194,1194,Sidney Brewer,Small Business,United States,South,Florida,Immokalee,34142,Avery Hanging File Binders,Office Supplies,Binders and Binder Accessories,Small Box,0.39
652,415,466,0.08,355.98,58.92,103.83,4,1350.94,87583,18/03/15,20/03/15,High,Delivery Truck,1197,1197,Grace McNeill Hunt,Small Business,United States,East,Massachusetts,Sudbury,1776,Hon 4700 Series Mobuis™ Mid-Back Task Chairs with Adjustable Arms,Furniture,Chairs & Chairmats,Jumbo Drum,0.64
653,416,438,0.1,15.14,4.53,-24.8976,5,75.17,87585,25/02/15,28/02/15,High,Regular Air,1199,1199,Edward Lamm,Consumer,United States,East,New Hampshire,Nashua,3060,Eldon® Gobal File Keepers,Office Supplies,Storage & Organization,Small Box,0.81
654,417,464,0.05,52.4,16.11,776.7744,21,1125.76,87585,25/02/15,27/02/15,High,Regular Air,1200,1200,Beth English,Consumer,United States,East,New Jersey,Elmwood Park,7407,Ibico Laser Imprintable Binding System Covers,Office Supplies,Binders and Binder Accessories,Small Box,0.39
655,418,465,0.05,36.55,13.89,344.544,21,746.03,87585,25/02/15,26/02/15,High,Express Air,1202,1202,Faye Wolf,Consumer,United States,East,New Jersey,South Orange,7079,"Dixon Ticonderoga Core-Lock Colored Pencils, 48-Color Set",Office Supplies,Pens & Art Supplies,Wrap Bag,0.41
656,419,85,0.09,49.99,19.99,-8.515,12,593.33,87587,28/06/15,30/06/15,Low,Regular Air,1203,1203,Judy Merritt,Small Business,United States,East,Rhode Island,Cranston,2920,Zoom V.92 USB External Faxmodem,Technology,Computer Peripherals,Small Box,0.41
657,420,467,0.01,3.08,0.5,9.0045,4,13.05,88598,1/02/15,6/02/15,Low,Regular Air,1211,1211,Debra Proctor,Corporate,United States,Central,Indiana,Fort Wayne,46806,Avery 497,Office Supplies,Labels,Small Box,0.37
658,421,468,0.08,4.91,4.97,-99.7625,12,58.95,88600,15/01/15,16/01/15,High,Regular Air,1212,1212,Eileen Fletcher,Corporate,United States,Central,Indiana,Gary,46404,"Pressboard Covers with Storage Hooks, 9 1/2"" x 11"", Light Blue",Office Supplies,Binders and Binder Accessories,Small Box,0.38
658,421,469,0.01,3499.99,24.49,-3061.82,1,3672.89,88600,15/01/15,16/01/15,High,Regular Air,1212,1212,Eileen Fletcher,Corporate,United States,Central,Indiana,Gary,46404,Canon imageCLASS 2200 Advanced Copier,Technology,Copiers and Fax,Large Box,0.37
659,422,470,0.07,29.89,1.99,258.6189,13,374.81,88599,4/02/15,9/02/15,Low,Express Air,1213,1213,Jeremy Pratt,Corporate,United States,Central,Indiana,Granger,46530,"Verbatim DVD-RAM, 5.2GB, Rewritable, Type 1, DS",Technology,Computer Peripherals,Small Pack,0.5
660,422,330,0.03,8.34,4.82,-6.71,5,43.27,88599,4/02/15,8/02/15,Low,Regular Air,1213,1213,Jeremy Pratt,Corporate,United States,Central,Indiana,Granger,46530,Southworth 25% Cotton Antique Laid Paper & Envelopes,Office Supplies,Paper,Small Box,0.4
661,422,471,0.03,5.84,1.2,-0.01,2,11.74,88600,15/01/15,17/01/15,High,Regular Air,1213,1213,Jeremy Pratt,Corporate,United States,Central,Indiana,Granger,46530,Newell 312,Office Supplies,Pens & Art Supplies,Wrap Bag,0.55
662,423,186,0.09,130.98,30.0,-421.76,41,5258.94,54595,28/04/15,1/05/15,Medium,Delivery Truck,1217,1217,Billy Perry Browning,Small Business,United States,East,Massachusetts,Boston,2112,"Office Star - Contemporary Task Swivel chair with 2-way adjustable arms, Plum",Furniture,Chairs & Chairmats,Jumbo Drum,0.78
663,424,121,0.02,8.34,2.64,6.79,8,66.74,90800,28/04/15,30/04/15,Medium,Regular Air,1226,1226,Ken Cash,Small Business,United States,East,Rhode Island,Pawtucket,2861,Acme® Elite Stainless Steel Scissors,Office Supplies,"Scissors, Rulers and Trimmers",Small Pack,0.59
664,425,186,0.09,130.98,30.0,-421.76,10,1282.67,90800,28/04/15,1/05/15,Medium,Delivery Truck,1227,1227,Elsie Hwang,Small Business,United States,East,Vermont,South Burlington,5403,"Office Star - Contemporary Task Swivel chair with 2-way adjustable arms, Plum",Furniture,Chairs & Chairmats,Jumbo Drum,0.78
665,426,228,0.0,7.1,6.05,-60.145,28,208.83,55874,16/02/15,17/02/15,Medium,Regular Air,1228,1228,Hazel Jennings,Small Business,United States,East,Pennsylvania,Philadelphia,19140,"Wilson Jones Hanging View Binder, White, 1""",Office Supplies,Binders and Binder Accessories,Small Box,0.39
666,426,140,0.01,4.98,4.62,-111.72,41,228.3,55874,16/02/15,18/02/15,Medium,Express Air,1228,1228,Hazel Jennings,Small Business,United States,East,Pennsylvania,Philadelphia,19140,"Imation 3.5"", DISKETTE 44766 HGHLD3.52HD/FM, 10/Pack",Technology,Computer Peripherals,Small Pack,0.64
667,426,361,0.06,5.68,1.39,33.01,24,129.53,55874,16/02/15,16/02/15,Medium,Regular Air,1228,1228,Hazel Jennings,Small Business,United States,East,Pennsylvania,Philadelphia,19140,Staples Standard Envelopes,Office Supplies,Envelopes,Small Box,0.38
668,427,140,0.01,4.98,4.62,-111.72,10,55.68,90378,16/02/15,18/02/15,Medium,Express Air,1229,1229,Patrick Byrne,Small Business,United States,Central,Texas,Sulphur Springs,75482,"Imation 3.5"", DISKETTE 44766 HGHLD3.52HD/FM, 10/Pack",Technology,Computer Peripherals,Small Pack,0.64
669,428,472,0.1,120.98,9.07,297.45716,5,568.24,89375,9/04/15,11/04/15,Critical,Express Air,1233,1233,Gary Hester,Consumer,United States,Central,Texas,Flower Mound,75028,GBC VeloBinder Electric Binding Machine,Office Supplies,Binders and Binder Accessories,Small Box,0.35
669,428,209,0.02,152.48,6.5,-564.6024,1,162.91,89375,9/04/15,11/04/15,Critical,Express Air,1233,1233,Gary Hester,Consumer,United States,Central,Texas,Flower Mound,75028,Adesso Programmable 142-Key Keyboard,Technology,Computer Peripherals,Small Box,0.74
670,428,421,0.09,99.99,19.99,-161.475,1,97.65,89376,4/06/15,6/06/15,High,Regular Air,1233,1233,Gary Hester,Consumer,United States,Central,Texas,Flower Mound,75028,US Robotics 56K V.92 External Faxmodem,Technology,Computer Peripherals,Small Box,0.52
671,428,292,0.04,205.99,5.26,-0.814,6,1018.61,89376,4/06/15,5/06/15,High,Regular Air,1233,1233,Gary Hester,Consumer,United States,Central,Texas,Flower Mound,75028,i470,Technology,Telephones and Communication,Small Box,0.56
672,429,213,0.03,128.24,12.65,790.464,9,1145.6,86075,31/01/15,2/02/15,Medium,Regular Air,1237,1237,Eva Simpson,Corporate,United States,Central,Texas,Carrollton,75007,SAFCO Folding Chair Trolley,Furniture,Chairs & Chairmats,Medium Box,
673,429,144,0.02,7.38,5.21,7.74,3,24.52,86076,29/03/15,30/03/15,Not Specified,Regular Air,1237,1237,Eva Simpson,Corporate,United States,Central,Texas,Carrollton,75007,"Eldon® Expressions™ Wood Desk Accessories, Oak",Furniture,Office Furnishings,Small Box,0.56
674,429,473,0.05,300.98,13.99,3985.3089,20,5775.81,86077,25/05/15,26/05/15,Medium,Regular Air,1237,1237,Eva Simpson,Corporate,United States,Central,Texas,Carrollton,75007,Polycom VoiceStation 100,Technology,Office Machines,Medium Box,0.39
675,429,474,0.04,205.99,5.0,13.9568,11,1878.24,86077,25/05/15,26/05/15,Medium,Express Air,1237,1237,Eva Simpson,Corporate,United States,Central,Texas,Carrollton,75007,Phone 918,Technology,Telephones and Communication,Small Box,0.59
676,430,49,0.01,160.98,30.0,788.79,10,1634.67,86075,31/01/15,2/02/15,Medium,Delivery Truck,1238,1238,April Bowers,Corporate,United States,Central,Texas,Cedar Hill,75104,Office Star - Mid Back Dual function Ergonomic High Back Chair with 2-Way Adjustable Arms,Furniture,Chairs & Chairmats,Jumbo Drum,0.62
677,431,475,0.0,387.99,19.99,-70.14,23,9280.72,90880,16/03/15,17/03/15,Not Specified,Regular Air,1241,1241,Bradley Schroeder,Corporate,United States,South,Alabama,Auburn,36830,Fellowes PB300 Plastic Comb Binding Machine,Office Supplies,Binders and Binder Accessories,Small Box,0.38
678,432,476,0.06,200.97,15.59,531.618,7,1348.83,90881,25/03/15,25/03/15,Critical,Delivery Truck,1241,1241,Bradley Schroeder,Small Business,United States,South,Alabama,Auburn,36830,Hewlett-Packard Deskjet 6122 Color Inkjet Printer,Technology,Office Machines,Jumbo Drum,0.36
679,433,431,0.1,22.38,15.1,-107.5135,26,564.98,36452,5/04/15,6/04/15,High,Regular Air,1246,1246,Lois Hansen,Home Office,United States,East,New York,New York City,10009,"Avery Flip-Chart Easel Binder, Black",Office Supplies,Binders and Binder Accessories,Small Box,0.38
680,433,477,0.04,6.98,2.83,46.01,18,129.48,36452,5/04/15,7/04/15,High,Regular Air,1246,1246,Lois Hansen,Home Office,United States,East,New York,New York City,10009,G.E. Halogen Desk Lamp Bulbs,Furniture,Office Furnishings,Small Pack,0.37
681,433,478,0.03,256.99,11.25,1489.8,32,8216.28,46853,22/05/15,22/05/15,Low,Regular Air,1246,1246,Lois Hansen,Home Office,United States,East,New York,New York City,10009,Hayes Optima 56K V.90 Internal Voice Modem,Technology,Computer Peripherals,Small Box,0.51
682,434,431,0.1,22.38,15.1,-107.5135,7,152.11,91555,5/04/15,6/04/15,High,Regular Air,1247,1247,Henry O'Connell,Home Office,United States,Central,Texas,Leander,78641,"Avery Flip-Chart Easel Binder, Black",Office Supplies,Binders and Binder Accessories,Small Box,0.38
683,434,477,0.04,6.98,2.83,24.8193,5,35.97,91555,5/04/15,7/04/15,High,Regular Air,1247,1247,Henry O'Connell,Home Office,United States,Central,Texas,Leander,78641,G.E. Halogen Desk Lamp Bulbs,Furniture,Office Furnishings,Small Pack,0.37
684,435,479,0.0,3.89,7.01,-255.1689,21,85.64,87877,9/04/15,9/04/15,High,Regular Air,1250,1250,Kara Patton,Corporate,United States,Central,Illinois,Carpentersville,60110,Avery Binder Labels,Office Supplies,Binders and Binder Accessories,Small Box,0.37
685,435,480,0.09,120.98,30.0,74.0048,22,2508.15,87877,9/04/15,11/04/15,High,Delivery Truck,1250,1250,Kara Patton,Corporate,United States,Central,Illinois,Carpentersville,60110,Hon Every-Day® Chair Series Swivel Task Chairs,Furniture,Chairs & Chairmats,Jumbo Drum,0.64
686,435,481,0.1,30.98,5.76,109.4248,8,225.62,87877,9/04/15,10/04/15,High,Regular Air,1250,1250,Kara Patton,Corporate,United States,Central,Illinois,Carpentersville,60110,"IBM Multi-Purpose Copy Paper, 8 1/2 x 11"", Case",Office Supplies,Paper,Small Box,0.4
687,436,482,0.02,46.89,5.1,421.3485,13,610.65,89981,23/04/15,23/04/15,Low,Regular Air,1253,1253,Vickie Coates,Home Office,United States,Central,Texas,Cedar Park,78613,Bionaire Personal Warm Mist Humidifier/Vaporizer,Office Supplies,Appliances,Medium Box,0.46
688,436,483,0.05,140.98,36.09,-373.09,5,699.24,89981,23/04/15,25/04/15,Low,Delivery Truck,1253,1253,Vickie Coates,Home Office,United States,Central,Texas,Cedar Park,78613,"Sauder Forest Hills Library, Woodland Oak Finish",Furniture,Bookcases,Jumbo Box,0.77
688,436,484,0.1,212.6,110.2,-3465.072,12,2346.03,89981,23/04/15,25/04/15,Low,Delivery Truck,1253,1253,Vickie Coates,Home Office,United States,Central,Texas,Cedar Park,78613,Bush Advantage Collection® Round Conference Table,Furniture,Tables,Jumbo Box,0.73
689,437,485,0.04,2.08,1.49,-11.2815,16,33.77,89982,21/05/15,23/05/15,Medium,Regular Air,1254,1254,Anne Bland,Home Office,United States,Central,Texas,Channelview,77530,Economy Binders,Office Supplies,Binders and Binder Accessories,Small Box,0.36
690,437,486,0.06,80.98,35.0,-218.77,2,172.79,89983,12/03/15,13/03/15,Critical,Regular Air,1254,1254,Anne Bland,Home Office,United States,Central,Texas,Channelview,77530,Carina Double Wide Media Storage Towers in Natural & Black,Office Supplies,Storage & Organization,Large Box,0.81
691,437,487,0.06,3.95,2.0,-9.68,5,19.66,89984,24/03/15,25/03/15,Medium,Regular Air,1254,1254,Anne Bland,Home Office,United States,Central,Texas,Channelview,77530,Advantus Map Pennant Flags and Round Head Tacks,Office Supplies,Rubber Bands,Wrap Bag,0.53
692,438,488,0.01,115.99,56.14,-164.3952,5,604.35,86535,22/05/15,23/05/15,Medium,Delivery Truck,1257,1257,Ryan Foster,Home Office,United States,West,Colorado,Aurora,80013,Hewlett-Packard Deskjet 5550 Color Inkjet Printer,Technology,Office Machines,Jumbo Drum,0.4
693,438,489,0.04,2.52,1.92,-8.208,1,3.13,86536,24/04/15,24/04/15,Critical,Regular Air,1257,1257,Ryan Foster,Home Office,United States,West,Colorado,Aurora,80013,Letter Slitter,Office Supplies,"Scissors, Rulers and Trimmers",Wrap Bag,0.82
694,439,490,0.03,3.69,2.5,-2196.684,9,38.65,86534,20/04/15,20/04/15,High,Express Air,1259,1259,Keith Hobbs,Home Office,United States,South,Kentucky,Danville,40422,Colored Envelopes,Office Supplies,Envelopes,Small Box,0.39
695,440,491,0.02,73.98,14.52,43.538,5,378.23,89730,7/05/15,10/05/15,Critical,Regular Air,1261,1261,Vickie Gonzalez,Home Office,United States,West,Colorado,Broomfield,80020,Keytronic French Keyboard,Technology,Computer Peripherals,Small Box,0.65
696,441,492,0.05,5.28,6.26,-11.376,1,7.15,89729,11/06/15,12/06/15,Critical,Regular Air,1265,1265,Danielle Kramer,Home Office,United States,Central,Oklahoma,Altus,73521,Xerox 1928,Office Supplies,Paper,Small Box,0.4
697,442,493,0.01,13.99,7.51,533.742,2,29.85,89514,10/02/15,11/02/15,Critical,Regular Air,1267,1267,Rosemary Branch,Corporate,United States,South,Florida,Boca Raton,33433,Sharp EL500L Fraction Calculator,Technology,Office Machines,Medium Box,0.39
698,442,213,0.08,128.24,12.65,-379.344,3,366.44,89515,12/05/15,13/05/15,Not Specified,Regular Air,1267,1267,Rosemary Branch,Corporate,United States,South,Florida,Boca Raton,33433,SAFCO Folding Chair Trolley,Furniture,Chairs & Chairmats,Medium Box,
699,442,494,0.04,5.98,4.38,-1522.304,11,69.75,89515,12/05/15,14/05/15,Not Specified,Regular Air,1267,1267,Rosemary Branch,Corporate,United States,South,Florida,Boca Raton,33433,"Imation 3.5"" DS/HD IBM Formatted Diskettes, 10/Pack",Technology,Computer Peripherals,Small Pack,0.75
700,443,20,0.07,125.99,7.69,588.2457,8,852.53,88410,9/04/15,10/04/15,Medium,Regular Air,1271,1271,Joanne Church,Corporate,United States,West,California,La Mesa,91941,StarTAC 3000,Technology,Telephones and Communication,Small Box,0.59
701,443,495,0.1,34.23,5.02,151.5654,7,219.66,88411,1/05/15,6/05/15,Low,Regular Air,1271,1271,Joanne Church,Corporate,United States,West,California,La Mesa,91941,Hand-Finished Solid Wood Document Frame,Furniture,Office Furnishings,Small Box,0.55
702,444,496,0.07,40.98,7.47,54.9015,2,81.9,90114,1/03/15,2/03/15,Critical,Regular Air,1279,1279,Josephine Rao,Corporate,United States,Central,Indiana,Hammond,46324,"Wilson Jones Ledger-Size, Piano-Hinge Binder, 2"", Blue",Office Supplies,Binders and Binder Accessories,Small Box,0.37
703,444,111,0.0,442.14,14.7,501.51,5,2343.34,90115,5/03/15,5/03/15,Not Specified,Delivery Truck,1279,1279,Josephine Rao,Corporate,United States,Central,Indiana,Hammond,46324,Okidata ML390 Turbo Dot Matrix Printers,Technology,Office Machines,Jumbo Drum,0.56
704,445,496,0.07,40.98,7.47,54.9015,8,327.61,19042,1/03/15,2/03/15,Critical,Regular Air,1280,1280,Harold Albright,Corporate,United States,West,Washington,Seattle,98119,"Wilson Jones Ledger-Size, Piano-Hinge Binder, 2"", Blue",Office Supplies,Binders and Binder Accessories,Small Box,0.37
705,446,497,0.1,238.4,24.49,875.2844,8,1774.5,89112,24/01/15,26/01/15,Low,Regular Air,1281,1281,Pauline Denton,Small Business,United States,Central,Indiana,Vincennes,47591,Safco Contoured Stacking Chairs,Furniture,Chairs & Chairmats,Large Box,
706,446,498,0.03,199.99,24.49,727.7361,5,1054.69,89112,24/01/15,26/01/15,Low,Express Air,1281,1281,Pauline Denton,Small Business,United States,Central,Indiana,Vincennes,47591,Canon PC-428 Personal Copier,Technology,Copiers and Fax,Large Box,0.46
707,447,497,0.1,238.4,24.49,460.676,30,6654.39,29319,24/01/15,26/01/15,Low,Regular Air,1282,1282,Dana Sharpe,Small Business,United States,East,Pennsylvania,Philadelphia,19134,Safco Contoured Stacking Chairs,Furniture,Chairs & Chairmats,Large Box,
708,447,498,0.03,199.99,24.49,393.42,21,4429.69,29319,24/01/15,26/01/15,Low,Express Air,1282,1282,Dana Sharpe,Small Business,United States,East,Pennsylvania,Philadelphia,19134,Canon PC-428 Personal Copier,Technology,Copiers and Fax,Large Box,0.46
709,448,217,0.04,150.98,13.99,606.0546,6,878.34,90662,12/02/15,15/02/15,Not Specified,Regular Air,1298,1298,Herbert Beard,Home Office,United States,Central,Texas,Sulphur Springs,75482,Canon MP41DH Printing Calculator,Technology,Office Machines,Medium Box,0.38
710,448,499,0.04,176.19,11.87,320.1,4,676.57,90662,12/02/15,14/02/15,Not Specified,Regular Air,1298,1298,Herbert Beard,Home Office,United States,Central,Texas,Sulphur Springs,75482,Fellowes High-Stak® Drawer Files,Office Supplies,Storage & Organization,Small Box,0.62
711,449,247,0.03,39.48,1.99,317.0895,12,459.55,87003,19/02/15,21/02/15,High,Regular Air,1303,1303,Cindy Harvey,Consumer,United States,West,Utah,Tooele,84074,"80 Minute CD-R Spindle, 100/Pack - Staples",Technology,Computer Peripherals,Small Pack,0.54
712,449,500,0.01,65.99,5.31,250.36272,9,536.9,87005,19/02/15,26/02/15,Low,Regular Air,1303,1303,Cindy Harvey,Consumer,United States,West,Utah,Tooele,84074,3390,Technology,Telephones and Communication,Small Box,0.57
713,450,501,0.08,2.88,0.5,6.0306,3,8.74,87004,23/04/15,24/04/15,Medium,Regular Air,1304,1304,Sherri McIntosh,Consumer,United States,West,Utah,West Jordan,84084,Avery 507,Office Supplies,Labels,Small Box,0.39
714,451,502,0.04,62.18,10.84,125.8077,3,182.33,87002,17/02/15,19/02/15,High,Regular Air,1305,1305,Chris Pritchard,Consumer,United States,West,Utah,West Valley City,84120,Deflect-o Glass Clear Studded Chair Mats,Furniture,Office Furnishings,Medium Box,0.63
715,452,141,0.04,8.33,1.99,44.892,16,131.26,91451,30/06/15,7/07/15,Low,Regular Air,1307,1307,Teresa Hill,Small Business,United States,West,Oregon,Coos Bay,97420,"80 Minute Slim Jewel Case CD-R , 10/Pack - Staples",Technology,Computer Peripherals,Small Pack,0.52
716,453,290,0.04,5.34,2.99,3.451,45,240.6,22755,30/03/15,1/04/15,Medium,Regular Air,1314,1314,Keith Marsh,Home Office,United States,West,California,Los Angeles,90058,Wilson Jones 14 Line Acrylic Coated Pressboard Data Binders,Office Supplies,Binders and Binder Accessories,Small Box,0.38
716,453,242,0.06,55.99,5.0,-275.253,5,236.88,22755,30/03/15,1/04/15,Medium,Regular Air,1314,1314,Keith Marsh,Home Office,United States,West,California,Los Angeles,90058,Accessory6,Technology,Telephones and Communication,Small Pack,0.8
717,453,486,0.05,80.98,35.0,-746.44,34,2710.47,27013,5/01/15,9/01/15,Low,Regular Air,1314,1314,Keith Marsh,Home Office,United States,West,California,Los Angeles,90058,Carina Double Wide Media Storage Towers in Natural & Black,Office Supplies,Storage & Organization,Large Box,0.81
718,453,285,0.05,279.48,35.0,-274.95,31,8354.73,27013,5/01/15,5/01/15,Low,Regular Air,1314,1314,Keith Marsh,Home Office,United States,West,California,Los Angeles,90058,"Tennsco Snap-Together Open Shelving Units, Starter Sets and Add-On Units",Office Supplies,Storage & Organization,Large Box,0.8
719,454,503,0.0,4.91,5.68,-95.0475,9,48.3,87602,30/03/15,31/03/15,Medium,Regular Air,1315,1315,Adam Saunders Gray,Home Office,United States,West,Colorado,Colorado Springs,80906,"Acco Pressboard Covers with Storage Hooks, 14 7/8"" x 11"", Light Blue",Office Supplies,Binders and Binder Accessories,Small Box,0.36
720,455,290,0.04,5.34,2.99,3.451,11,58.81,87602,30/03/15,1/04/15,Medium,Regular Air,1316,1316,Marion Lindsey,Home Office,United States,West,Colorado,Commerce City,80022,Wilson Jones 14 Line Acrylic Coated Pressboard Data Binders,Office Supplies,Binders and Binder Accessories,Small Box,0.38
720,455,242,0.06,55.99,5.0,-275.253,1,47.38,87602,30/03/15,1/04/15,Medium,Regular Air,1316,1316,Marion Lindsey,Home Office,United States,West,Colorado,Commerce City,80022,Accessory6,Technology,Telephones and Communication,Small Pack,0.8
721,455,486,0.05,80.98,35.0,-746.44,8,637.76,87603,5/01/15,9/01/15,Low,Regular Air,1316,1316,Marion Lindsey,Home Office,United States,West,Colorado,Commerce City,80022,Carina Double Wide Media Storage Towers in Natural & Black,Office Supplies,Storage & Organization,Large Box,0.81
722,455,285,0.05,279.48,35.0,-274.95,8,2156.06,87603,5/01/15,5/01/15,Low,Regular Air,1316,1316,Marion Lindsey,Home Office,United States,West,Colorado,Commerce City,80022,"Tennsco Snap-Together Open Shelving Units, Starter Sets and Add-On Units",Office Supplies,Storage & Organization,Large Box,0.8
723,456,504,0.02,55.99,3.3,525.2004,16,761.16,91244,10/02/15,10/02/15,Low,Regular Air,1338,1338,Denise McIntosh,Home Office,United States,Central,Illinois,Chicago,60623,Accessory24,Technology,Telephones and Communication,Small Pack,0.59
724,457,431,0.0,22.38,15.1,-52.647,29,682.68,21636,10/02/15,17/02/15,Low,Express Air,1340,1340,Marie Bass,Home Office,United States,East,New York,New York City,10170,"Avery Flip-Chart Easel Binder, Black",Office Supplies,Binders and Binder Accessories,Small Box,0.38
725,457,505,0.07,5.98,4.69,-24.44,11,73.44,21636,10/02/15,15/02/15,Low,Regular Air,1340,1340,Marie Bass,Home Office,United States,East,New York,New York City,10170,"Perma STOR-ALL™ Hanging File Box, 13 1/8""W x 12 1/4""D x 10 1/2""H",Office Supplies,Storage & Organization,Small Box,0.68
726,457,504,0.02,55.99,3.3,366.507,63,2997.07,21636,10/02/15,10/02/15,Low,Regular Air,1340,1340,Marie Bass,Home Office,United States,East,New York,New York City,10170,Accessory24,Technology,Telephones and Communication,Small Pack,0.59
727,457,506,0.07,3.98,0.83,27.38,76,282.85,24455,6/06/15,9/06/15,Not Specified,Regular Air,1340,1340,Marie Bass,Home Office,United States,East,New York,New York City,10170,Fluorescent Highlighters by Dixon,Office Supplies,Pens & Art Supplies,Wrap Bag,0.51
728,458,505,0.07,5.98,4.69,-12.7088,3,20.03,91244,10/02/15,15/02/15,Low,Regular Air,1341,1341,Edward Bynum,Home Office,United States,East,Pennsylvania,Chambersburg,17201,"Perma STOR-ALL™ Hanging File Box, 13 1/8""W x 12 1/4""D x 10 1/2""H",Office Supplies,Storage & Organization,Small Box,0.68
729,458,507,0.0,20.89,1.99,-5.295,4,84.56,91245,6/06/15,8/06/15,Not Specified,Regular Air,1341,1341,Edward Bynum,Home Office,United States,East,Pennsylvania,Chambersburg,17201,"IBM 80 Minute CD-R Spindle, 50/Pack",Technology,Computer Peripherals,Small Pack,0.48
730,458,506,0.07,3.98,0.83,41.07,19,70.71,91245,6/06/15,9/06/15,Not Specified,Regular Air,1341,1341,Edward Bynum,Home Office,United States,East,Pennsylvania,Chambersburg,17201,Fluorescent Highlighters by Dixon,Office Supplies,Pens & Art Supplies,Wrap Bag,0.51
731,459,508,0.1,2.62,0.8,-94.4909,21,51.86,89686,30/04/15,6/05/15,Low,Regular Air,1347,1347,Vivian Goldstein,Home Office,United States,South,Florida,Brandon,33511,Staples Metal Binder Clips,Office Supplies,Rubber Bands,Wrap Bag,0.39
732,460,509,0.0,12.2,6.02,-172.298,4,56.24,88233,17/04/15,18/04/15,High,Express Air,1350,1350,Jackie Burke,Home Office,United States,South,Florida,Carol City,33055,Advantus Panel Wall Certificate Holder - 8.5x11,Furniture,Office Furnishings,Small Pack,0.43
733,461,510,0.1,110.99,8.99,3285.48,7,627.78,88232,27/01/15,29/01/15,Not Specified,Express Air,1351,1351,Janet McCullough,Home Office,United States,South,Florida,Coconut Creek,33063,LX 677,Technology,Telephones and Communication,Small Box,0.57
734,462,284,0.05,17.67,8.99,46.0368,16,283.44,88234,30/04/15,1/05/15,High,Regular Air,1352,1352,Vivian Clarke,Home Office,United States,East,Maryland,Camp Springs,20746,"Executive Impressions 12"" Wall Clock",Furniture,Office Furnishings,Small Pack,0.47
735,463,511,0.1,4.13,0.99,-1.0712,2,8.3,91209,11/02/15,11/02/15,High,Regular Air,1354,1354,Aaron Dillon,Consumer,United States,Central,Texas,Weatherford,76086,Avery 491,Office Supplies,Labels,Small Box,0.39
736,463,512,0.04,4.98,0.49,4.4104,2,10.04,91209,11/02/15,13/02/15,High,Regular Air,1354,1354,Aaron Dillon,Consumer,United States,Central,Texas,Weatherford,76086,Avery White Multi-Purpose Labels,Office Supplies,Labels,Small Box,0.39
737,464,444,0.03,125.99,7.69,500.958,9,981.65,88184,3/06/15,5/06/15,Medium,Regular Air,1357,1357,Marguerite Yu,Home Office,United States,Central,Texas,Weslaco,78596,Timeport L7089,Technology,Telephones and Communication,Small Box,0.58
738,464,513,0.07,119.99,16.8,1206.5961,15,1748.69,88185,28/06/15,30/06/15,High,Delivery Truck,1357,1357,Marguerite Yu,Home Office,United States,Central,Texas,Weslaco,78596,Epson C62 Color Inkjet Printer,Technology,Office Machines,Jumbo Box,0.35
739,465,514,0.03,14.34,5.0,82.3101,8,119.29,89595,26/01/15,27/01/15,High,Regular Air,1360,1360,Arlene Gibbons,Consumer,United States,Central,Iowa,Muscatine,52761,Nu-Dell Leatherette Frames,Furniture,Office Furnishings,Small Pack,0.49
740,466,278,0.01,2.89,0.5,1.2236,1,3.08,89595,26/01/15,28/01/15,High,Regular Air,1361,1361,Kristina Collier,Consumer,United States,Central,Michigan,Allen Park,48101,Avery 498,Office Supplies,Labels,Small Box,0.38
741,466,515,0.01,6.48,6.22,-15.6312,9,69.46,89596,10/02/15,11/02/15,Critical,Express Air,1361,1361,Kristina Collier,Consumer,United States,Central,Michigan,Allen Park,48101,Xerox 1894,Office Supplies,Paper,Small Box,0.37
742,466,182,0.03,85.99,3.3,790.5468,16,1145.72,89596,10/02/15,12/02/15,Critical,Regular Air,1361,1361,Kristina Collier,Consumer,United States,Central,Michigan,Allen Park,48101,Accessory20,Technology,Telephones and Communication,Small Pack,0.37
743,467,516,0.05,12.97,1.49,5.466,2,26.37,89993,4/02/15,6/02/15,Medium,Regular Air,1363,1363,Earl Roy,Consumer,United States,South,Florida,Casselberry,32707,"Mead 1st Gear 2"" Zipper Binder, Asst. Colors",Office Supplies,Binders and Binder Accessories,Small Box,0.35
743,467,517,0.06,5.81,3.37,-149.1182,9,53.44,89993,4/02/15,6/02/15,Medium,Regular Air,1363,1363,Earl Roy,Consumer,United States,South,Florida,Casselberry,32707,"Advantus Push Pins, Aluminum Head",Office Supplies,Rubber Bands,Wrap Bag,0.54
744,468,518,0.1,5.98,5.35,-90.26,10,57.34,89994,17/03/15,17/03/15,Not Specified,Regular Air,1364,1364,Chris Ford,Home Office,United States,East,Maryland,Camp Springs,20746,Xerox 1947,Office Supplies,Paper,Small Box,0.4
745,469,491,0.03,73.98,14.52,-326.2316,1,79.02,90513,7/01/15,10/01/15,Medium,Regular Air,1367,1367,James Hunter,Consumer,United States,Central,Texas,Lubbock,79424,Keytronic French Keyboard,Technology,Computer Peripherals,Small Box,0.65
746,470,519,0.09,4.55,1.49,16.898,6,25.45,90514,23/03/15,25/03/15,Medium,Regular Air,1368,1368,Patsy Harmon,Consumer,United States,Central,Texas,Lufkin,75901,Presstex Flexible Ring Binders,Office Supplies,Binders and Binder Accessories,Small Box,0.35
747,471,520,0.07,9.78,5.76,20.14,11,110.72,90514,23/03/15,25/03/15,Medium,Express Air,1369,1369,Joe D Dean,Consumer,United States,Central,Texas,Mansfield,76063,"Staples #10 Laser & Inkjet Envelopes, 4 1/8"" x 9 1/2"", 100/Box",Office Supplies,Envelopes,Small Box,0.35
748,472,521,0.06,44.01,3.5,-21.232,1,46.94,88212,7/06/15,8/06/15,Critical,Regular Air,1374,1374,Earl Buck,Home Office,United States,West,California,Stockton,95207,Acco Smartsocket® Color-Coded Six-Outlet AC Adapter Model Surge Protectors,Office Supplies,Appliances,Small Box,0.59
749,473,278,0.05,2.89,0.5,18.0642,9,26.18,88213,27/06/15,3/07/15,Low,Regular Air,1380,1380,Jeanne Walker,Home Office,United States,East,New Hampshire,Portsmouth,3801,Avery 498,Office Supplies,Labels,Small Box,0.38
750,474,522,0.03,2.23,4.57,-93.25,12,28.66,89406,1/05/15,2/05/15,Medium,Regular Air,1383,1383,Christina Hanna,Consumer,United States,West,Utah,West Valley City,84120,Eldon Pizzaz™ Desk Accessories,Furniture,Office Furnishings,Small Pack,0.41
751,475,523,0.07,11.29,5.03,-163.03,11,123.18,89407,30/06/15,2/07/15,Not Specified,Regular Air,1384,1384,George McLamb,Consumer,United States,South,Virginia,Alexandria,22304,X-Rack™ File for Hanging Folders,Office Supplies,Storage & Organization,Small Box,0.59
752,475,236,0.02,70.97,3.5,23.616,21,1533.59,89408,7/06/15,14/06/15,Low,Regular Air,1384,1384,George McLamb,Consumer,United States,South,Virginia,Alexandria,22304,Tripp Lite Isotel 8 Ultra 8 Outlet Metal Surge,Office Supplies,Appliances,Small Box,0.59
753,476,61,0.06,1.74,4.08,-11.0732,1,2.77,88726,25/01/15,26/01/15,Critical,Regular Air,1389,1389,Jean Khan,Corporate,United States,West,California,Menlo Park,94025,"Eldon Regeneration Recycled Desk Accessories, Smoke",Furniture,Office Furnishings,Small Pack,0.53
754,477,508,0.08,2.62,0.8,21.7695,12,31.55,88728,13/05/15,15/05/15,High,Express Air,1389,1389,Jean Khan,Small Business,United States,West,California,Menlo Park,94025,Staples Metal Binder Clips,Office Supplies,Rubber Bands,Wrap Bag,0.39
755,478,415,0.09,2.61,0.5,29.3802,17,42.58,88729,3/06/15,5/06/15,High,Regular Air,1389,1389,Jean Khan,Consumer,United States,West,California,Menlo Park,94025,Avery 494,Office Supplies,Labels,Small Box,0.39
756,479,524,0.1,8.17,1.69,100.2984,19,145.36,88731,16/05/15,16/05/15,Critical,Regular Air,1390,1390,Hazel Jones,Corporate,United States,West,California,Stockton,95207,"Wirebound Message Forms, Four 2 3/4 x 5 Forms per Page, Pink Paper",Office Supplies,Paper,Wrap Bag,0.38
757,479,171,0.03,110.99,2.5,2495.3988,38,3616.52,88731,16/05/15,18/05/15,Critical,Regular Air,1390,1390,Hazel Jones,Corporate,United States,West,California,Stockton,95207,T18,Technology,Telephones and Communication,Small Box,0.57
758,480,123,0.0,2.88,0.7,-0.11,1,7.96,88727,24/04/15,24/04/15,Not Specified,Express Air,1391,1391,Carolyn Greer,Consumer,United States,West,California,Sunnyvale,94086,Newell 340,Office Supplies,Pens & Art Supplies,Wrap Bag,0.56
759,481,525,0.07,12.28,6.13,15.236,33,389.59,88730,3/05/15,10/05/15,Low,Regular Air,1391,1391,Carolyn Greer,Small Business,United States,West,California,Sunnyvale,94086,Recycled Eldon Regeneration Jumbo File,Office Supplies,Storage & Organization,Small Box,0.57
760,482,332,0.0,8.6,6.19,-42.8536,48,447.89,37729,15/01/15,15/01/15,Not Specified,Regular Air,1402,1402,Wesley Tate,Corporate,United States,Central,Illinois,Chicago,60653,Avery Printable Repositionable Plastic Tabs,Office Supplies,Binders and Binder Accessories,Small Box,0.38
761,483,89,0.04,30.73,4.0,-20.79,48,1420.84,43079,21/01/15,22/01/15,Medium,Regular Air,1402,1402,Wesley Tate,Home Office,United States,Central,Illinois,Chicago,60653,Fellowes 17-key keypad for PS/2 interface,Technology,Computer Peripherals,Small Box,0.75
762,484,332,0.0,8.6,6.19,-33.21154,12,111.97,86144,15/01/15,15/01/15,Not Specified,Regular Air,1405,1405,Crystal Floyd,Corporate,United States,Central,Michigan,Battle Creek,49017,Avery Printable Repositionable Plastic Tabs,Office Supplies,Binders and Binder Accessories,Small Box,0.38
763,485,89,0.04,30.73,4.0,-20.79,12,355.21,86145,21/01/15,22/01/15,Medium,Regular Air,1405,1405,Crystal Floyd,Home Office,United States,Central,Michigan,Battle Creek,49017,Fellowes 17-key keypad for PS/2 interface,Technology,Computer Peripherals,Small Box,0.75
764,486,526,0.0,65.99,5.26,369.9987,9,536.23,87086,7/04/15,8/04/15,Medium,Regular Air,1410,1410,Charles Ward,Corporate,United States,West,California,Moreno Valley,92553,g520,Technology,Telephones and Communication,Small Box,0.59
765,487,527,0.08,3.38,0.85,20.4536,12,38.81,87087,2/02/15,4/02/15,Not Specified,Regular Air,1412,1412,Marc Ray,Corporate,United States,West,California,Mountain View,94043,Avery Hi-Liter® Fluorescent Desk Style Markers,Office Supplies,Pens & Art Supplies,Wrap Bag,0.48
766,488,526,0.0,65.99,5.26,542.25,36,2144.92,10277,7/04/15,8/04/15,Medium,Regular Air,1413,1413,Pamela Wiley,Corporate,United States,East,Massachusetts,Boston,2113,g520,Technology,Telephones and Communication,Small Box,0.59
767,488,528,0.02,16.48,1.99,69.61,27,484.56,45539,2/02/15,4/02/15,Not Specified,Express Air,1413,1413,Pamela Wiley,Corporate,United States,East,Massachusetts,Boston,2113,Maxell DVD-RAM Discs,Technology,Computer Peripherals,Small Pack,0.42
768,489,250,0.02,417.4,75.23,-634.8654,1,471.21,90538,6/05/15,7/05/15,Critical,Delivery Truck,1416,1416,Betsy Gibson,Small Business,United States,Central,Indiana,Indianapolis,46203,Bretford “Just In Time” Height-Adjustable Multi-Task Work Tables,Furniture,Tables,Jumbo Box,0.79
769,489,482,0.04,46.89,5.1,87.12,4,182.61,90540,25/06/15,27/06/15,High,Regular Air,1416,1416,Betsy Gibson,Small Business,United States,Central,Indiana,Indianapolis,46203,Bionaire Personal Warm Mist Humidifier/Vaporizer,Office Supplies,Appliances,Medium Box,0.46
770,490,529,0.07,4.84,0.71,25.2402,8,36.58,90539,1/01/15,3/01/15,Low,Regular Air,1418,1418,Rebecca Lindsey,Small Business,United States,Central,Indiana,Kokomo,46901,*Staples* Highlighting Markers,Office Supplies,Pens & Art Supplies,Wrap Bag,0.52
771,491,157,0.01,124.49,51.94,-94.674645,18,2376.12,90540,25/06/15,26/06/15,Not Specified,Delivery Truck,1419,1419,Brooke Lancaster,Small Business,United States,Central,Indiana,Lafayette,47905,Bevis 36 x 72 Conference Tables,Furniture,Tables,Jumbo Box,0.63
772,492,457,0.05,350.99,39.0,451.2804,3,1020.08,89448,12/01/15,14/01/15,Low,Delivery Truck,1424,1424,Robyn Zhou,Home Office,United States,West,Colorado,Englewood,80112,Global Leather Executive Chair,Furniture,Chairs & Chairmats,Jumbo Drum,0.55
773,492,530,0.0,8.74,1.39,44.988,7,65.2,89448,12/01/15,16/01/15,Low,Regular Air,1424,1424,Robyn Zhou,Home Office,United States,West,Colorado,Englewood,80112,"#10- 4 1/8"" x 9 1/2"" Recycled Envelopes",Office Supplies,Envelopes,Small Box,0.38
773,492,134,0.02,1.98,0.7,-20.7328,11,22.59,89448,12/01/15,16/01/15,Low,Regular Air,1424,1424,Robyn Zhou,Home Office,United States,West,Colorado,Englewood,80112,"Brites Rubber Bands, 1 1/2 oz. Box",Office Supplies,Rubber Bands,Wrap Bag,0.83
774,492,378,0.05,8.04,8.94,-164.3948,15,121.36,89449,20/06/15,22/06/15,Not Specified,Regular Air,1424,1424,Robyn Zhou,Home Office,United States,West,Colorado,Englewood,80112,"Fellowes Twister Kit, Gray/Clear, 3/pkg",Office Supplies,Binders and Binder Accessories,Small Box,0.4
775,493,221,0.04,2036.48,14.7,-4793.004,1,2013.67,89450,1/01/15,6/01/15,Low,Delivery Truck,1425,1425,Gregory Crane,Small Business,United States,West,Colorado,Fort Collins,80525,Lexmark 4227 Plus Dot Matrix Printer,Technology,Office Machines,Jumbo Drum,0.55
776,494,420,0.09,125.99,2.5,1258.7877,18,1824.33,90905,5/02/15,9/02/15,Low,Regular Air,1427,1427,Stacy Gould,Home Office,United States,Central,Michigan,Bay City,48708,i2000,Technology,Telephones and Communication,Small Box,0.6
777,495,455,0.05,9.78,1.39,74.2785,11,107.65,86826,5/03/15,6/03/15,Not Specified,Regular Air,1432,1432,Kerry Green,Corporate,United States,Central,Indiana,Indianapolis,46203,"Staples #10 Laser & Inkjet Envelopes, 4 1/8"" x 9 1/2"", 100/Box",Office Supplies,Envelopes,Small Box,0.39
778,495,183,0.07,10.98,4.8,52.92,16,165.21,86827,20/06/15,27/06/15,Low,Regular Air,1432,1432,Kerry Green,Corporate,United States,Central,Indiana,Indianapolis,46203,"Manila Recycled Extra-Heavyweight Clasp Envelopes, 6"" x 9""",Office Supplies,Envelopes,Small Box,0.36
779,496,366,0.02,3.28,3.97,-66.35,7,25.15,86826,5/03/15,6/03/15,Not Specified,Express Air,1433,1433,Frances Jackson,Corporate,United States,Central,Indiana,Jeffersonville,47130,Newell 337,Office Supplies,Pens & Art Supplies,Wrap Bag,0.56
780,496,531,0.07,300.98,64.73,1399.64,14,4285.56,86828,19/05/15,21/05/15,High,Delivery Truck,1433,1433,Frances Jackson,Corporate,United States,Central,Indiana,Jeffersonville,47130,"Global Leather and Oak Executive Chair, Black",Furniture,Chairs & Chairmats,Jumbo Drum,0.56
781,496,532,0.01,20.98,45.0,232.642,28,631.37,86828,19/05/15,19/05/15,High,Delivery Truck,1433,1433,Frances Jackson,Corporate,United States,Central,Indiana,Jeffersonville,47130,"Tennsco Lockers, Sand",Office Supplies,Storage & Organization,Jumbo Drum,0.61
782,497,355,0.01,80.98,35.0,-409.3736,3,267.83,90120,22/01/15,24/01/15,Critical,Regular Air,1438,1438,Jean Weiss Diaz,Corporate,United States,East,Ohio,Elyria,44035,"Carina 42""Hx23 3/4""W Media Storage Unit",Office Supplies,Storage & Organization,Large Box,0.83
783,498,515,0.05,6.48,6.22,-29.07,3,21.46,90121,28/04/15,29/04/15,Critical,Regular Air,1439,1439,Kyle Kaufman,Corporate,United States,East,Ohio,Euclid,44117,Xerox 1894,Office Supplies,Paper,Small Box,0.37
784,499,533,0.04,177.98,0.99,1909.8855,15,2767.95,89076,25/06/15,27/06/15,Not Specified,Regular Air,1442,1442,Rodney Field,Corporate,United States,Central,Missouri,Springfield,65807,Kensington 7 Outlet MasterPiece Power Center,Office Supplies,Appliances,Small Box,0.56
785,499,223,0.02,15.99,13.18,-76.9925,7,123.03,89077,30/01/15,3/02/15,Low,Express Air,1442,1442,Rodney Field,Corporate,United States,Central,Missouri,Springfield,65807,"GBC Pre-Punched Binding Paper, Plastic, White, 8-1/2"" x 11""",Office Supplies,Binders and Binder Accessories,Small Box,0.37
786,499,534,0.09,46.94,6.77,297.9696,10,431.84,89077,30/01/15,30/01/15,Low,Express Air,1442,1442,Rodney Field,Corporate,United States,Central,Missouri,Springfield,65807,"Howard Miller 13"" Diameter Goldtone Round Wall Clock",Furniture,Office Furnishings,Small Box,0.44
787,500,535,0.1,218.08,18.06,1318.83,12,2366.51,86735,24/05/15,25/05/15,Medium,Express Air,1450,1450,Veronica Peck,Consumer,United States,West,California,South Lake Tahoe,96150,"Lifetime Advantage™ Folding Chairs, 4/Carton",Furniture,Chairs & Chairmats,Large Box,0.57
788,501,142,0.05,85.99,0.99,36.216,4,291.64,86734,5/04/15,7/04/15,High,Regular Air,1459,1459,Steve Raynor,Consumer,United States,South,South Carolina,Taylors,29687,Accessory34,Technology,Telephones and Communication,Wrap Bag,0.55
789,502,536,0.05,12.95,4.98,134.16825,19,252.36,86397,2/06/15,4/06/15,High,Regular Air,1461,1461,Norman Adams,Consumer,United States,Central,Indiana,Lafayette,47905,GBC Binding covers,Office Supplies,Binders and Binder Accessories,Small Box,0.4
790,503,379,0.0,65.99,8.99,253.3032,10,575.07,91115,11/06/15,13/06/15,High,Regular Air,1466,1466,Wesley Reid,Small Business,United States,Central,Nebraska,Columbus,68601,5180,Technology,Telephones and Communication,Small Box,0.56
791,503,137,0.04,130.98,54.74,-723.784,14,1781.66,91116,12/06/15,12/06/15,Low,Delivery Truck,1466,1466,Wesley Reid,Small Business,United States,Central,Nebraska,Columbus,68601,"O'Sullivan Elevations Bookcase, Cherry Finish",Furniture,Bookcases,Jumbo Box,0.69
792,504,537,0.04,105.29,10.12,589.188,9,940.64,91116,12/06/15,16/06/15,Low,Regular Air,1469,1469,Vicki Zhu Daniels,Small Business,United States,West,Utah,Clearfield,84015,Eldon Antistatic Chair Mats for Low to Medium Pile Carpets,Furniture,Office Furnishings,Large Box,0.79
793,504,124,0.07,31.76,45.51,-1314.992,18,439.27,91116,12/06/15,14/06/15,Low,Delivery Truck,1469,1469,Vicki Zhu Daniels,Small Business,United States,West,Utah,Clearfield,84015,Hon iLevel™ Computer Training Table,Furniture,Tables,Jumbo Box,0.65
794,505,538,0.03,420.98,19.99,3043.0311,10,4410.19,87077,21/03/15,22/03/15,High,Regular Air,1471,1471,Danielle Daniel,Home Office,United States,East,Ohio,Westerville,43081,GBC DocuBind 200 Manual Binding Machine,Office Supplies,Binders and Binder Accessories,Small Box,0.35
795,506,451,0.02,30.98,6.5,-44.624,17,552.89,87078,30/06/15,1/07/15,Not Specified,Express Air,1472,1472,Tommy Ellis Ritchie,Home Office,United States,East,Ohio,Westlake,44145,Logitech Internet Navigator Keyboard,Technology,Computer Peripherals,Small Box,0.79
796,506,539,0.05,20.27,3.99,309.254,30,621.56,87079,25/05/15,26/05/15,Medium,Regular Air,1472,1472,Tommy Ellis Ritchie,Home Office,United States,East,Ohio,Westlake,44145,Fellowes Mighty 8 Compact Surge Protector,Office Supplies,Appliances,Small Box,0.57
797,507,540,0.04,9.78,1.99,61.2927,9,88.83,87076,21/01/15,22/01/15,Critical,Express Air,1473,1473,Paul Puckett,Home Office,United States,East,Ohio,Wooster,44691,"Memorex Slim 80 Minute CD-R, 10/Pack",Technology,Computer Peripherals,Small Pack,0.43
798,508,541,0.07,8.95,2.01,91.73,36,307.65,53953,27/03/15,28/03/15,Not Specified,Regular Air,1481,1481,Marvin MacDonald,Corporate,United States,West,California,Los Angeles,90049,"Recycled Desk Saver Line ""While You Were Out"" Book, 5 1/2"" X 4""",Office Supplies,Paper,Wrap Bag,0.39
799,509,541,0.07,8.95,2.01,53.0679,9,76.91,91362,27/03/15,28/03/15,Not Specified,Regular Air,1482,1482,Michael Tanner,Corporate,United States,Central,Michigan,Bay City,48708,"Recycled Desk Saver Line ""While You Were Out"" Book, 5 1/2"" X 4""",Office Supplies,Paper,Wrap Bag,0.39
800,509,106,0.05,9.65,6.22,-14.6432,15,151.34,91363,28/02/15,28/02/15,Not Specified,Regular Air,1482,1482,Michael Tanner,Corporate,United States,Central,Michigan,Bay City,48708,"Eldon Expressions™ Desk Accessory, Wood Pencil Holder, Oak",Furniture,Office Furnishings,Small Box,0.55
801,510,421,0.06,99.99,19.99,-127.56,3,290.24,91235,11/03/15,14/03/15,High,Regular Air,1484,1484,Alison Stewart,Home Office,United States,Central,Illinois,Des Plaines,60016,US Robotics 56K V.92 External Faxmodem,Technology,Computer Peripherals,Small Box,0.52
802,510,542,0.0,193.17,19.99,282.18,5,971.4,91235,11/03/15,12/03/15,High,Regular Air,1484,1484,Alison Stewart,Home Office,United States,Central,Illinois,Des Plaines,60016,Fellowes Staxonsteel® Drawer Files,Office Supplies,Storage & Organization,Small Box,0.71
803,510,322,0.08,20.99,3.3,-96.338,11,193.51,91235,11/03/15,11/03/15,High,Express Air,1484,1484,Alison Stewart,Home Office,United States,Central,Illinois,Des Plaines,60016,Accessory39,Technology,Telephones and Communication,Small Pack,0.81
804,511,543,0.04,11.5,7.19,-23.35788,14,157.81,91236,20/02/15,23/02/15,Not Specified,Regular Air,1485,1485,Wayne Sutherland,Home Office,United States,Central,Illinois,Downers Grove,60516,Ibico Covers for Plastic or Wire Binding Elements,Office Supplies,Binders and Binder Accessories,Small Box,0.4
805,511,544,0.02,15.7,11.25,-18.2416,1,19.44,91236,20/02/15,21/02/15,Not Specified,Regular Air,1485,1485,Wayne Sutherland,Home Office,United States,Central,Illinois,Downers Grove,60516,Hanging Personal Folder File,Office Supplies,Storage & Organization,Small Box,0.6
806,511,545,0.05,225.02,28.66,1428.9104,21,4636.63,91236,20/02/15,22/02/15,Not Specified,Delivery Truck,1485,1485,Wayne Sutherland,Home Office,United States,Central,Illinois,Downers Grove,60516,Tennsco Double-Tier Lockers,Office Supplies,Storage & Organization,Jumbo Drum,0.72
807,512,320,0.04,119.99,14.0,509.9583,6,739.07,88004,16/06/15,18/06/15,High,Delivery Truck,1492,1492,Don Beard,Corporate,United States,Central,Missouri,Ozark,65721,Epson C82 Color Inkjet Printer,Technology,Office Machines,Jumbo Drum,0.36
808,513,441,0.06,8.37,10.16,-255.65,18,157.64,85880,11/03/15,13/03/15,Critical,Regular Air,1494,1494,Kate Lehman,Corporate,United States,East,Maryland,Dundalk,21222,Westinghouse Clip-On Gooseneck Lamps,Furniture,Office Furnishings,Large Box,0.59
809,513,93,0.09,6.48,9.17,-76.54,6,42.16,85880,11/03/15,13/03/15,Critical,Express Air,1494,1494,Kate Lehman,Corporate,United States,East,Maryland,Dundalk,21222,Xerox 1996,Office Supplies,Paper,Small Box,0.37
810,514,149,0.09,6.28,5.29,-10.09,2,14.08,85880,11/03/15,12/03/15,Critical,Regular Air,1497,1497,Gloria Jacobs,Corporate,United States,East,New York,Elmira,14901,"Eldon® 200 Class™ Desk Accessories, Burgundy",Furniture,Office Furnishings,Small Box,0.43
811,514,438,0.03,15.14,4.53,-92.87,17,256.73,85880,11/03/15,13/03/15,Critical,Regular Air,1497,1497,Gloria Jacobs,Corporate,United States,East,New York,Elmira,14901,Eldon® Gobal File Keepers,Office Supplies,Storage & Organization,Small Box,0.81
812,515,546,0.05,2.16,6.05,-298.886,8,18.59,90731,4/02/15,5/02/15,Medium,Regular Air,1499,1499,Charlotte L Doyle,Home Office,United States,South,Florida,Coral Gables,33134,Peel & Stick Add-On Corner Pockets,Office Supplies,Binders and Binder Accessories,Small Box,0.37
812,515,206,0.03,6.48,6.6,-145.852,9,58.83,90731,4/02/15,5/02/15,Medium,Regular Air,1499,1499,Charlotte L Doyle,Home Office,United States,South,Florida,Coral Gables,33134,Xerox 21,Office Supplies,Paper,Small Box,0.37
813,515,116,0.08,146.05,80.2,-27.951,11,1557.66,90731,4/02/15,5/02/15,Medium,Delivery Truck,1499,1499,Charlotte L Doyle,Home Office,United States,South,Florida,Coral Gables,33134,BPI Conference Tables,Furniture,Tables,Jumbo Box,0.71
814,516,547,0.08,3.69,0.5,-3.6547,38,129.43,89193,7/05/15,10/05/15,Critical,Regular Air,1502,1502,Renee Huang,Small Business,United States,South,Florida,Coral Springs,33065,Avery 487,Office Supplies,Labels,Small Box,0.38
815,516,548,0.08,5.84,1.0,731.922,11,61.39,89194,29/06/15,3/07/15,Low,Express Air,1502,1502,Renee Huang,Small Business,United States,South,Florida,Coral Springs,33065,"Quartet Omega® Colored Chalk, 12/Pack",Office Supplies,Pens & Art Supplies,Wrap Bag,0.38
816,516,549,0.0,205.99,8.99,186.558,13,2435.52,89194,29/06/15,2/07/15,Low,Regular Air,1502,1502,Renee Huang,Small Business,United States,South,Florida,Coral Springs,33065,StarTAC 8000,Technology,Telephones and Communication,Small Box,0.6
817,517,164,0.0,85.99,0.99,-138.0368,6,464.86,86181,13/06/15,18/06/15,Low,Regular Air,1505,1505,Kay Schultz,Small Business,United States,Central,Texas,College Station,77840,Accessory4,Technology,Telephones and Communication,Wrap Bag,0.85
818,518,550,0.09,20.98,1.49,199.1823,14,288.67,90303,22/06/15,24/06/15,Critical,Regular Air,1511,1511,Joseph Dawson,Corporate,United States,Central,Indiana,Muncie,47302,Avery Legal 4-Ring Binder,Office Supplies,Binders and Binder Accessories,Small Box,0.35
819,519,551,0.06,55.48,4.85,711.0519,19,1030.51,89957,14/06/15,14/06/15,Critical,Regular Air,1519,1519,Randall Boykin,Consumer,United States,East,Maine,Auburn,4210,Xerox 1888,Office Supplies,Paper,Small Box,0.37
820,520,37,0.1,122.99,70.2,-899.675,17,2026.91,89957,14/06/15,15/06/15,Critical,Delivery Truck,1522,1522,Earl Watts,Consumer,United States,Central,Minnesota,Hopkins,55305,"Global High-Back Leather Tilter, Burgundy",Furniture,Chairs & Chairmats,Jumbo Drum,0.74
821,521,196,0.04,11.34,5.01,-189.224,10,115.53,86812,10/02/15,11/02/15,High,Regular Air,1526,1526,Larry Hall,Home Office,United States,South,Alabama,Birmingham,35211,Xerox 188,Office Supplies,Paper,Small Box,0.36
822,522,552,0.03,30.98,8.99,0.51,5,162.39,86813,9/01/15,11/01/15,Critical,Express Air,1527,1527,Neil Parker,Small Business,United States,South,Alabama,Decatur,35601,"Boston School Pro Electric Pencil Sharpener, 1670",Office Supplies,Pens & Art Supplies,Small Pack,0.58
823,523,168,0.03,65.99,5.26,-52.248,23,1316.03,86814,30/03/15,9/04/15,Low,Regular Air,1527,1527,Neil Parker,Home Office,United States,South,Alabama,Decatur,35601,8860,Technology,Telephones and Communication,Small Box,0.56
824,523,339,0.09,50.98,6.5,70.176,28,1395.41,86815,21/05/15,28/05/15,Low,Regular Air,1527,1527,Neil Parker,Home Office,United States,South,Alabama,Decatur,35601,Microsoft Natural Multimedia Keyboard,Technology,Computer Peripherals,Small Box,0.73
825,524,553,0.01,525.98,19.99,-161.924,9,4920.81,86813,9/01/15,11/01/15,Critical,Regular Air,1528,1528,Brad Stark,Small Business,United States,South,North Carolina,Eden,27288,GBC DocuBind 300 Electric Binding Machine,Office Supplies,Binders and Binder Accessories,Small Box,0.37
826,525,554,0.07,4.91,0.5,-157.696,6,28.22,88852,17/01/15,18/01/15,Critical,Regular Air,1531,1531,Jon Ayers,Consumer,United States,South,Florida,Palm Coast,32137,Avery 508,Office Supplies,Labels,Small Box,0.36
827,526,155,0.02,4.89,4.93,-56.446,14,74.01,91328,6/02/15,7/02/15,High,Regular Air,1533,1533,Nicole Reid,Corporate,United States,Central,Missouri,University City,63130,"Maxell 3.5"" DS/HD IBM-Formatted Diskettes, 10/Pack",Technology,Computer Peripherals,Small Pack,0.66
827,526,86,0.07,10.06,2.06,33.189,5,48.1,91328,6/02/15,7/02/15,High,Regular Air,1533,1533,Nicole Reid,Corporate,United States,Central,Missouri,University City,63130,Riverleaf Stik-Withit® Designer Note Cubes®,Office Supplies,Paper,Wrap Bag,0.39
828,527,555,0.0,599.99,24.49,-367.165,18,11015.82,88487,23/06/15,25/06/15,Low,Regular Air,1548,1548,John Bray,Corporate,United States,Central,Indiana,Richmond,47374,Canon Image Class D660 Copier,Technology,Copiers and Fax,Large Box,0.44
829,528,556,0.07,17.7,9.47,-243.544,18,300.67,87488,25/06/15,1/07/15,Low,Regular Air,1551,1551,Laurence Flowers,Consumer,United States,South,Mississippi,Biloxi,39530,Portfile® Personal File Boxes,Office Supplies,Storage & Organization,Small Box,0.59
830,529,557,0.01,348.21,40.19,-337.092,2,723.54,87486,1/01/15,4/01/15,Critical,Delivery Truck,1552,1552,Gary Koch,Small Business,United States,South,Mississippi,Clinton,39056,Bretford CR4500 Series Slim Rectangular Table,Furniture,Tables,Jumbo Box,0.62
831,530,558,0.03,12.28,6.35,68.676,7,87.53,87484,22/03/15,24/03/15,Not Specified,Regular Air,1553,1553,Tara Powers Underwood,Small Business,United States,South,Mississippi,Greenville,38701,Staples Premium Bright 1-Part Blank Computer Paper,Office Supplies,Paper,Small Box,0.38
832,531,559,0.04,10.98,3.99,481.032,15,172.22,87485,18/05/15,18/05/15,High,Regular Air,1554,1554,Joan Floyd,Small Business,United States,South,Mississippi,Gulfport,39503,Staples Surge Protector 6 outlet,Office Supplies,Appliances,Small Box,0.58
833,532,157,0.03,124.49,51.94,-4.018,7,894.88,87487,13/02/15,14/02/15,High,Delivery Truck,1554,1554,Joan Floyd,Consumer,United States,South,Mississippi,Gulfport,39503,Bevis 36 x 72 Conference Tables,Furniture,Tables,Jumbo Box,0.63
834,533,560,0.06,2.89,0.99,-2.0097,6,16.67,87425,1/06/15,3/06/15,Not Specified,Regular Air,1556,1556,Carol Wood,Consumer,United States,South,Virginia,Alexandria,22304,Avery 482,Office Supplies,Labels,Small Box,0.38
834,533,65,0.08,22.84,11.54,-477.372,9,195.16,87425,1/06/15,3/06/15,Not Specified,Regular Air,1556,1556,Carol Wood,Consumer,United States,South,Virginia,Alexandria,22304,Xerox 1964,Office Supplies,Paper,Small Box,0.39
835,534,561,0.09,60.98,49.0,-954.758,15,879.62,87426,25/03/15,2/04/15,Low,Regular Air,1557,1557,James Nicholson,Consumer,United States,South,Virginia,Annandale,22003,Euro Pro Shark Stick Mini Vacuum,Office Supplies,Appliances,Large Box,0.59
836,534,470,0.05,29.89,1.99,219.4734,12,361.19,87426,25/03/15,27/03/15,Low,Regular Air,1557,1557,James Nicholson,Consumer,United States,South,Virginia,Annandale,22003,"Verbatim DVD-RAM, 5.2GB, Rewritable, Type 1, DS",Technology,Computer Peripherals,Small Pack,0.5
837,535,562,0.1,226.67,28.16,-390.768,5,1088.26,87424,15/04/15,17/04/15,Critical,Delivery Truck,1559,1559,Zachary Maynard,Consumer,United States,South,Virginia,Blacksburg,24060,Hon GuestStacker Chair,Furniture,Chairs & Chairmats,Jumbo Drum,0.59
838,536,563,0.02,11.34,11.25,-155.21,9,105.75,88093,1/03/15,2/03/15,High,Regular Air,1561,1561,Edwin Coley,Corporate,United States,Central,Texas,Mansfield,76063,Staples 1 Part Blank Computer Paper,Office Supplies,Paper,Small Box,0.36
839,536,509,0.05,12.2,6.02,-6.642,5,63.93,88094,13/04/15,14/04/15,Critical,Regular Air,1561,1561,Edwin Coley,Corporate,United States,Central,Texas,Mansfield,76063,Advantus Panel Wall Certificate Holder - 8.5x11,Furniture,Office Furnishings,Small Pack,0.43
840,537,564,0.07,20.95,5.99,27.234,19,391.4,86966,9/02/15,10/02/15,Medium,Regular Air,1574,1574,Sherry Hurley,Consumer,United States,South,North Carolina,Fayetteville,28314,"Fellowes Basic 104-Key Keyboard, Platinum",Technology,Computer Peripherals,Small Box,0.65
841,538,241,0.1,11.58,6.97,-8.398,1,14.53,90934,16/02/15,20/02/15,Low,Regular Air,1580,1580,Ronnie Nolan,Corporate,United States,East,Maine,Waterville,4901,"Peel & Seel® Recycled Catalog Envelopes, Brown",Office Supplies,Envelopes,Small Box,0.35
842,539,565,0.03,19.04,6.38,83.7936,7,144.03,86668,4/04/15,4/04/15,Medium,Express Air,1590,1590,Lucille Buchanan,Corporate,United States,East,Ohio,Willoughby,44094,"Eldon Expressions™ Desk Accessory, Wood Photo Frame, Mahogany",Furniture,Office Furnishings,Small Box,0.56
843,540,566,0.02,5.53,6.98,-77.82372,8,48.81,86668,4/04/15,6/04/15,Medium,Regular Air,1593,1593,Ronald O'Neill,Corporate,United States,Central,Oklahoma,Bartlesville,74006,Avery Durable Poly Binders,Office Supplies,Binders and Binder Accessories,Small Box,0.39
844,541,2,0.01,500.98,26.0,5078.538,14,7360.2,90796,11/05/15,12/05/15,High,Delivery Truck,1595,1595,Chad Henson,Corporate,United States,East,West Virginia,Huntington,25705,Global Troy™ Executive Leather Low-Back Tilter,Furniture,Chairs & Chairmats,Jumbo Drum,0.6
845,541,567,0.08,9.77,6.02,23.276,9,89.06,90796,11/05/15,12/05/15,High,Regular Air,1595,1595,Chad Henson,Corporate,United States,East,West Virginia,Huntington,25705,DAX Solid Wood Frames,Furniture,Office Furnishings,Medium Box,0.48
846,541,568,0.09,3.28,0.98,17.754,42,134.97,90796,11/05/15,13/05/15,High,Regular Air,1595,1595,Chad Henson,Corporate,United States,East,West Virginia,Huntington,25705,Newell 329,Office Supplies,Pens & Art Supplies,Wrap Bag,0.59
847,542,454,0.1,9.11,2.15,-3.9312,2,17.42,89680,10/04/15,12/04/15,Critical,Regular Air,1602,1602,Frank Hess,Home Office,United States,East,Maryland,Waldorf,20601,"Black Print Carbonless Snap-Off® Rapid Letter, 8 1/2"" x 7""",Office Supplies,Paper,Wrap Bag,0.4
848,543,569,0.09,2.18,0.78,2.4548,9,19.12,89679,16/01/15,18/01/15,Critical,Regular Air,1603,1603,Alex Watkins,Small Business,United States,East,New York,Woodmere,11598,Stockwell Push Pins,Office Supplies,Rubber Bands,Wrap Bag,0.52
849,543,570,0.05,179.29,29.21,-537.2797773,1,186.64,89679,16/01/15,18/01/15,Critical,Delivery Truck,1603,1603,Alex Watkins,Small Business,United States,East,New York,Woodmere,11598,"Bevis Round Conference Table Top, X-Base",Furniture,Tables,Jumbo Box,0.76
850,544,571,0.05,1.98,4.77,-14.35982,1,3.53,87993,7/01/15,8/01/15,Medium,Regular Air,1606,1606,Don Rogers,Home Office,United States,East,New York,Franklin Square,11010,Avery Reinforcements for Hole-Punch Pages,Office Supplies,Binders and Binder Accessories,Small Box,0.4
851,544,200,0.07,699.99,24.49,-2870.2776,1,706.56,87993,7/01/15,8/01/15,Medium,Express Air,1606,1606,Don Rogers,Home Office,United States,East,New York,Franklin Square,11010,Canon PC1060 Personal Laser Copier,Technology,Copiers and Fax,Large Box,0.41
850,544,460,0.07,6783.02,24.49,77.9836,2,13121.07,87993,7/01/15,8/01/15,Medium,Regular Air,1606,1606,Don Rogers,Home Office,United States,East,New York,Franklin Square,11010,Polycom ViewStation™ ISDN Videoconferencing Unit,Technology,Office Machines,Large Box,0.39
852,545,572,0.01,15.16,15.09,-200.859,7,110.93,87994,15/04/15,15/04/15,Not Specified,Regular Air,1607,1607,Kathleen Huang Hall,Home Office,United States,East,New York,Freeport,11520,"GBC Clear Cover, 8-1/2 x 11, unpunched, 25 covers per pack",Office Supplies,Binders and Binder Accessories,Small Box,0.39
853,545,573,0.1,5.68,3.6,-33.2956,21,118.35,87995,6/02/15,10/02/15,Low,Express Air,1607,1607,Kathleen Huang Hall,Home Office,United States,East,New York,Freeport,11520,Acme® Preferred Stainless Steel Scissors,Office Supplies,"Scissors, Rulers and Trimmers",Small Pack,0.56
854,546,546,0.03,2.16,6.05,-90.5855,7,17.31,87824,11/05/15,12/05/15,High,Regular Air,1609,1609,Jerry Ennis,Consumer,United States,West,California,Sacramento,95823,Peel & Stick Add-On Corner Pockets,Office Supplies,Binders and Binder Accessories,Small Box,0.37
855,546,174,0.03,9.71,9.45,-36.9,2,23.56,87824,11/05/15,11/05/15,High,Regular Air,1609,1609,Jerry Ennis,Consumer,United States,West,California,Sacramento,95823,Filing/Storage Totes and Swivel Casters,Office Supplies,Storage & Organization,Small Box,0.6
856,547,574,0.06,40.97,1.99,341.1981,12,494.49,87823,8/04/15,12/04/15,Low,Regular Air,1614,1614,Wayne Lutz,Consumer,United States,East,Massachusetts,Hopkinton,1748,"TDK 4.7GB DVD-R Spindle, 15/Pack",Technology,Computer Peripherals,Small Pack,0.42
857,548,575,0.09,12.88,4.59,-175.13,13,158.13,90248,6/04/15,6/04/15,High,Regular Air,1618,1618,June Roberts,Consumer,United States,Central,Indiana,Highland,46322,Martin-Yale Premier Letter Opener,Office Supplies,"Scissors, Rulers and Trimmers",Wrap Bag,0.82
858,549,576,0.02,45.99,4.99,3.96,4,163.01,90248,6/04/15,7/04/15,High,Express Air,1620,1620,Gerald Petty,Consumer,United States,East,Pennsylvania,Lancaster,17602,600 Series Non-Flip,Technology,Telephones and Communication,Small Box,0.57
859,550,577,0.06,15.01,8.4,1.6169,22,333.04,87611,24/05/15,26/05/15,High,Regular Air,1623,1623,Patrick Adcock,Small Business,United States,Central,Indiana,Schererville,46375,"GBC Prepunched Paper, 19-Hole, for Binding Systems, 24-lb",Office Supplies,Binders and Binder Accessories,Small Box,0.39
859,550,296,0.09,40.48,19.99,65.394,12,472.44,87611,24/05/15,26/05/15,High,Regular Air,1623,1623,Patrick Adcock,Small Business,United States,Central,Indiana,Schererville,46375,Keytronic Designer 104- Key Black Keyboard,Technology,Computer Peripherals,Small Box,0.77
860,550,525,0.05,12.28,6.13,1.336,1,18.73,87611,24/05/15,25/05/15,High,Regular Air,1623,1623,Patrick Adcock,Small Business,United States,Central,Indiana,Schererville,46375,Recycled Eldon Regeneration Jumbo File,Office Supplies,Storage & Organization,Small Box,0.57
861,551,91,0.08,213.45,14.7,1674.7542,12,2427.18,90600,27/03/15,29/03/15,Medium,Delivery Truck,1625,1625,Molly Browning,Home Office,United States,East,New York,Glen Cove,11542,Panasonic KX-P2130 Dot Matrix Printer,Technology,Office Machines,Jumbo Drum,0.59
862,551,578,0.1,55.98,13.88,300.0465,8,434.85,90600,27/03/15,29/03/15,Medium,Regular Air,1625,1625,Molly Browning,Home Office,United States,East,New York,Glen Cove,11542,Xerox 1882,Office Supplies,Paper,Small Box,0.36
863,551,579,0.0,16.06,8.34,-28.09,1,19.16,90600,27/03/15,28/03/15,Medium,Regular Air,1625,1625,Molly Browning,Home Office,United States,East,New York,Glen Cove,11542,"Letter/Legal File Tote with Clear Snap-On Lid, Black Granite",Office Supplies,Storage & Organization,Small Box,0.59
864,551,580,0.0,209.37,69.0,-263.1119291,11,1959.88,90601,16/02/15,18/02/15,Medium,Regular Air,1625,1625,Molly Browning,Home Office,United States,East,New York,Glen Cove,11542,Hon 2111 Invitation™ Series Corner Table,Furniture,Tables,Large Box,0.79
865,552,581,0.06,43.57,16.36,-38.808,17,710.16,90602,28/05/15,30/05/15,High,Regular Air,1627,1627,Aaron Day,Corporate,United States,South,Tennessee,Greeneville,37743,"Trav-L-File Heavy-Duty Shuttle II, Black",Office Supplies,Storage & Organization,Small Box,0.55
866,553,39,0.08,8.09,7.96,15.984,6,48.25,90530,15/01/15,16/01/15,High,Express Air,1632,1632,Lori Wolfe,Home Office,United States,South,Mississippi,Hattiesburg,39401,"6"" Cubicle Wall Clock, Black",Furniture,Office Furnishings,Small Box,0.49
867,553,582,0.02,25.99,5.37,-88.158,9,243.24,90533,15/04/15,17/04/15,High,Regular Air,1632,1632,Lori Wolfe,Home Office,United States,South,Mississippi,Hattiesburg,39401,"BOSTON® Ranger® #55 Pencil Sharpener, Black",Office Supplies,Pens & Art Supplies,Small Box,0.56
868,554,414,0.03,5.98,3.85,-76.1068,6,38.54,90531,10/02/15,12/02/15,Not Specified,Regular Air,1633,1633,Gerald Raynor,Home Office,United States,South,Mississippi,Horn Lake,38637,"Imation 3.5"" IBM-Formatted Diskettes, 10/Pack",Technology,Computer Peripherals,Small Pack,0.68
869,555,583,0.08,100.97,14.0,-73.49412,15,1483.16,90532,9/04/15,10/04/15,Not Specified,Delivery Truck,1634,1634,Katherine W Epstein,Home Office,United States,South,Mississippi,Jackson,39212,Hewlett-Packard Deskjet 3820 Color Inkjet Printer,Technology,Office Machines,Jumbo Drum,0.37
870,556,488,0.08,115.99,56.14,-272.860884,5,562.93,89704,14/01/15,16/01/15,Critical,Delivery Truck,1636,1636,Sidney Greenberg,Home Office,United States,West,California,Salinas,93905,Hewlett-Packard Deskjet 5550 Color Inkjet Printer,Technology,Office Machines,Jumbo Drum,0.4
871,556,584,0.08,4.28,0.94,10.5792,7,29.18,89704,14/01/15,17/01/15,Critical,Regular Air,1636,1636,Sidney Greenberg,Home Office,United States,West,California,Salinas,93905,Newell 336,Office Supplies,Pens & Art Supplies,Wrap Bag,0.56
872,556,585,0.04,136.98,24.49,1127.5497,12,1634.13,89706,12/01/15,14/01/15,High,Express Air,1636,1636,Sidney Greenberg,Home Office,United States,West,California,Salinas,93905,"3M Polarizing Task Lamp with Clamp Arm, Light Gray",Furniture,Office Furnishings,Large Box,0.59
873,557,586,0.08,55.48,6.79,147.7566,4,214.14,89705,26/02/15,28/02/15,Critical,Regular Air,1639,1639,Marvin Rollins,Home Office,United States,East,Connecticut,Stamford,6901,"Eaton Premium Continuous-Feed Paper, 25% Cotton, Letter Size, White, 1000 Shts/Box",Office Supplies,Paper,Small Box,0.37
874,558,587,0.09,107.53,5.81,69.5451,1,100.79,87342,14/06/15,16/06/15,Low,Regular Air,1644,1644,Sam Woodward,Small Business,United States,Central,Texas,Friendswood,77546,"Tenex Contemporary Contur Chairmats for Low and Medium Pile Carpet, Computer, 39"" x 49""",Furniture,Office Furnishings,Medium Box,0.65
875,559,94,0.06,3.29,1.35,8.53,11,35.97,90932,15/03/15,17/03/15,Not Specified,Regular Air,1646,1646,Eugene Brewer Knox,Small Business,United States,East,New York,Bethpage,11714,Acco® Hot Clips™ Clips to Go,Office Supplies,Rubber Bands,Wrap Bag,0.4
876,560,482,0.08,46.89,5.1,507.633,17,735.7,91043,25/03/15,27/03/15,Critical,Regular Air,1648,1648,Nina Bowles,Corporate,United States,Central,Illinois,Woodstock,60098,Bionaire Personal Warm Mist Humidifier/Vaporizer,Office Supplies,Appliances,Medium Box,0.46
877,560,48,0.05,12.98,3.14,38.23,18,225.59,91043,25/03/15,25/03/15,Critical,Regular Air,1648,1648,Nina Bowles,Corporate,United States,Central,Illinois,Woodstock,60098,"Acme® 8"" Straight Scissors",Office Supplies,"Scissors, Rulers and Trimmers",Small Pack,0.6
878,561,588,0.03,48.58,3.99,100.1328,3,145.12,91041,24/02/15,26/02/15,Critical,Express Air,1649,1649,Roy Hardison,Corporate,United States,East,New York,Woodmere,11598,Belkin Premiere Surge Master II 8-outlet surge protector,Office Supplies,Appliances,Small Box,0.56
879,562,589,0.05,6.48,2.74,15.096,15,94.27,91042,9/05/15,9/05/15,High,Regular Air,1650,1650,Dan Lamm,Corporate,United States,South,North Carolina,Asheboro,27203,"Sony MFD2HD Formatted Diskettes, 10/Pack",Technology,Computer Peripherals,Small Pack,0.71
880,562,590,0.09,12.53,0.5,14.9124,7,82.21,91042,9/05/15,10/05/15,High,Regular Air,1650,1650,Dan Lamm,Corporate,United States,South,North Carolina,Asheboro,27203,Avery 485,Office Supplies,Labels,Small Box,0.38
881,562,591,0.08,65.99,8.99,-135.226,8,417.47,91042,9/05/15,11/05/15,High,Express Air,1650,1650,Dan Lamm,Corporate,United States,South,North Carolina,Asheboro,27203,i270,Technology,Telephones and Communication,Small Box,0.55
882,563,309,0.0,101.41,35.0,-457.73,10,1104.32,89885,24/01/15,25/01/15,Not Specified,Express Air,1653,1653,Charles Cline,Corporate,United States,West,California,Thousand Oaks,91360,Tennsco Regal Shelving Units,Office Supplies,Storage & Organization,Large Box,0.82
883,563,76,0.1,95.99,4.9,-268.664,2,149.8,89885,24/01/15,25/01/15,Not Specified,Regular Air,1653,1653,Charles Cline,Corporate,United States,West,California,Thousand Oaks,91360,T60,Technology,Telephones and Communication,Small Box,0.56
884,564,592,0.1,3.6,2.2,-8.28,2,6.97,90678,26/02/15,27/02/15,High,Regular Air,1665,1665,Elsie Pridgen,Consumer,United States,West,California,Laguna Hills,92653,"Telephone Message Books with Fax/Mobile Section, 4 1/4"" x 6""",Office Supplies,Paper,Wrap Bag,0.39
885,565,593,0.03,35.41,1.99,1912.422,10,367.52,86722,24/04/15,26/04/15,Low,Regular Air,1670,1670,Carolyn Bowling,Small Business,United States,South,Virginia,Blacksburg,24060,Imation DVD-RAM discs,Technology,Computer Peripherals,Small Pack,0.43
886,565,594,0.0,142.86,19.99,-739.326,11,1576.35,86722,24/04/15,3/05/15,Low,Regular Air,1670,1670,Carolyn Bowling,Small Business,United States,South,Virginia,Blacksburg,24060,Letter Size Cart,Office Supplies,Storage & Organization,Small Box,0.56
887,566,511,0.1,4.13,0.99,-40.53,13,52.16,86724,9/02/15,13/02/15,Low,Regular Air,1671,1671,Mitchell Ross,Small Business,United States,South,Virginia,Burke,22015,Avery 491,Office Supplies,Labels,Small Box,0.39
888,566,595,0.03,223.98,15.01,0.696,21,4881.84,86725,12/05/15,13/05/15,Critical,Regular Air,1671,1671,Mitchell Ross,Small Business,United States,South,Virginia,Burke,22015,GBC DocuBind TL200 Manual Binding Machine,Office Supplies,Binders and Binder Accessories,Small Box,0.38
889,567,393,0.02,284.98,69.55,15.528,3,926.3,86723,7/06/15,12/06/15,Low,Delivery Truck,1672,1672,Sidney Scarborough,Small Business,United States,South,Virginia,Charlottesville,22901,Global Commerce™ Series High-Back Swivel/Tilt Chairs,Furniture,Chairs & Chairmats,Jumbo Drum,0.6
890,567,15,0.08,55.48,14.3,-225.5638,17,942.53,86723,7/06/15,9/06/15,Low,Regular Air,1672,1672,Sidney Scarborough,Small Business,United States,South,Virginia,Charlottesville,22901,Xerox 194,Office Supplies,Paper,Small Box,0.37
891,568,227,0.07,13.73,6.85,-22.72,21,276.64,86646,20/03/15,21/03/15,Medium,Regular Air,1679,1679,Jeanne Nguyen,Consumer,United States,East,Ohio,Fairborn,45324,DAX Wood Document Frame.,Furniture,Office Furnishings,Wrap Bag,0.54
892,569,596,0.09,30.98,19.51,-163.53,18,514.62,86645,3/05/15,5/05/15,Low,Regular Air,1680,1680,Esther Whitaker,Consumer,United States,East,Ohio,Fairfield,45014,Staples Colored Interoffice Envelopes,Office Supplies,Envelopes,Small Box,0.36
892,569,597,0.03,49.34,10.25,554.77,17,817.32,86645,3/05/15,5/05/15,Low,Regular Air,1680,1680,Esther Whitaker,Consumer,United States,East,Ohio,Fairfield,45014,Electrix Fluorescent Magnifier Lamps & Weighted Base,Furniture,Office Furnishings,Large Box,0.57
893,570,598,0.04,6.28,5.41,-38.38,43,284.48,14115,14/02/15,16/02/15,Not Specified,Regular Air,1682,1682,Julie Edwards,Consumer,United States,Central,Illinois,Chicago,60611,Eldon® 200 Class™ Desk Accessories,Furniture,Office Furnishings,Small Box,0.53
894,570,599,0.08,4.98,4.7,-56.35,47,225.98,38080,14/03/15,15/03/15,Not Specified,Regular Air,1682,1682,Julie Edwards,Consumer,United States,Central,Illinois,Chicago,60611,Staples Copy Paper (20Lb. and 84 Bright),Office Supplies,Paper,Small Box,0.38
895,571,598,0.04,6.28,5.41,-19.9576,11,72.77,90612,14/02/15,16/02/15,Not Specified,Regular Air,1683,1683,Wesley Corbett,Consumer,United States,Central,Texas,Conroe,77301,Eldon® 200 Class™ Desk Accessories,Furniture,Office Furnishings,Small Box,0.53
896,571,599,0.08,4.98,4.7,-56.35,12,57.7,90613,14/03/15,15/03/15,Not Specified,Regular Air,1683,1683,Wesley Corbett,Consumer,United States,Central,Texas,Conroe,77301,Staples Copy Paper (20Lb. and 84 Bright),Office Supplies,Paper,Small Box,0.38
897,572,262,0.08,2.08,5.33,-129.01,9,19.67,86973,3/03/15,10/03/15,Low,Regular Air,1686,1686,Lynn O'Donnell,Corporate,United States,Central,Illinois,Elgin,60123,Eldon® Wave Desk Accessories,Furniture,Office Furnishings,Small Box,0.43
898,573,600,0.0,48.91,35.0,-628.38,10,514.79,91077,24/03/15,25/03/15,High,Regular Air,1689,1689,Larry Church,Corporate,United States,Central,Indiana,Highland,46322,Tennsco Industrial Shelving,Office Supplies,Storage & Organization,Large Box,0.83
899,574,601,0.05,115.99,5.26,616.5357,9,893.53,91076,24/01/15,28/01/15,Low,Regular Air,1690,1690,Neil Bailey,Corporate,United States,East,Pennsylvania,Harrisburg,17112,636,Technology,Telephones and Communication,Small Box,0.57
900,574,304,0.09,95.43,19.99,-143.235,22,2053.6,91078,1/06/15,2/06/15,Not Specified,Regular Air,1690,1690,Neil Bailey,Corporate,United States,East,Pennsylvania,Harrisburg,17112,Fellowes Stor/Drawer® Steel Plus™ Storage Drawers,Office Supplies,Storage & Organization,Small Box,0.79
901,575,602,0.0,6.84,8.37,-123.1816,5,37.89,90189,23/01/15,24/01/15,Not Specified,Regular Air,1692,1692,Rhonda Schroeder,Consumer,United States,Central,Kansas,Newton,67114,"Acme Design Line 8"" Stainless Steel Bent Scissors w/Champagne Handles, 3-1/8"" Cut",Office Supplies,"Scissors, Rulers and Trimmers",Small Pack,0.58
902,576,481,0.07,30.98,5.76,-28.798,11,343.79,90189,23/01/15,25/01/15,Not Specified,Regular Air,1693,1693,Melinda Thornton,Consumer,United States,South,Virginia,Reston,20190,"IBM Multi-Purpose Copy Paper, 8 1/2 x 11"", Case",Office Supplies,Paper,Small Box,0.4
903,576,603,0.01,15.67,1.39,-273.98,11,188.09,90190,11/05/15,11/05/15,Low,Express Air,1693,1693,Melinda Thornton,Consumer,United States,South,Virginia,Reston,20190,"#10 White Business Envelopes,4 1/8 x 9 1/2",Office Supplies,Envelopes,Small Box,0.38
904,577,604,0.0,13.43,5.5,-253.778,9,129.54,86338,16/01/15,17/01/15,Medium,Regular Air,1697,1697,Holly Osborne,Home Office,United States,South,Arkansas,Hot Springs,71901,"Fellowes Personal Hanging Folder Files, Navy",Office Supplies,Storage & Organization,Small Box,0.57
905,578,605,0.05,3.98,5.26,-152.5245,12,49.44,87345,25/03/15,29/03/15,Low,Regular Air,1699,1699,Joseph Hurst,Small Business,United States,East,Pennsylvania,Levittown,19057,Ibico Presentation Index for Binding Systems,Office Supplies,Binders and Binder Accessories,Small Box,0.38
906,578,606,0.01,6.48,5.4,-18.85,2,14.29,87345,25/03/15,25/03/15,Low,Regular Air,1699,1699,Joseph Hurst,Small Business,United States,East,Pennsylvania,Levittown,19057,Xerox 207,Office Supplies,Paper,Small Box,0.37
907,579,297,0.05,14.81,13.32,-220.052,3,45.28,90473,17/01/15,20/01/15,Medium,Regular Air,1702,1702,Sandra Berry,Home Office,United States,South,Mississippi,Meridian,39301,"Holmes Replacement Filter for HEPA Air Cleaner, Large Room",Office Supplies,Appliances,Small Box,0.43
908,579,447,0.05,4.2,2.26,20.39337,3,13.57,90473,17/01/15,19/01/15,Medium,Express Air,1702,1702,Sandra Berry,Home Office,United States,South,Mississippi,Meridian,39301,"Important Message Pads, 50 4-1/4 x 5-1/2 Forms per Pad",Office Supplies,Paper,Wrap Bag,0.36
909,580,361,0.05,5.68,1.39,38.2812,10,55.48,88781,17/01/15,18/01/15,Medium,Regular Air,1708,1708,Lillian Day,Small Business,United States,East,Ohio,Shaker Heights,44118,Staples Standard Envelopes,Office Supplies,Envelopes,Small Box,0.38
910,580,59,0.03,205.99,3.0,3670.3515,29,5319.35,88784,20/05/15,21/05/15,Not Specified,Regular Air,1708,1708,Lillian Day,Small Business,United States,East,Ohio,Shaker Heights,44118,6185,Technology,Telephones and Communication,Small Box,0.58
911,581,607,0.01,14.28,2.99,21.0035,2,30.44,88782,21/01/15,22/01/15,Not Specified,Regular Air,1709,1709,Dennis Bowen,Consumer,United States,East,Pennsylvania,Pottstown,19464,Avery Premier Heavy-Duty Binder with Round Locking Rings,Office Supplies,Binders and Binder Accessories,Small Box,0.39
912,582,304,0.04,95.43,19.99,13.536,33,3251.76,88783,10/05/15,12/05/15,Medium,Regular Air,1709,1709,Dennis Bowen,Small Business,United States,East,Pennsylvania,Pottstown,19464,Fellowes Stor/Drawer® Steel Plus™ Storage Drawers,Office Supplies,Storage & Organization,Small Box,0.79
913,583,151,0.07,7.59,4.0,-167.048,3,22.48,87747,16/03/15,18/03/15,Not Specified,Regular Air,1711,1711,Sharon Long,Corporate,United States,South,Georgia,Marietta,30062,"Master Giant Foot® Doorstop, Safety Yellow",Furniture,Office Furnishings,Wrap Bag,0.42
914,584,608,0.03,11.66,7.95,-31.094,22,267.32,87749,11/04/15,20/04/15,Low,Regular Air,1712,1712,Regina Langley,Corporate,United States,South,Georgia,Martinez,30907,"Hunt BOSTON® Vista® Battery-Operated Pencil Sharpener, Black",Office Supplies,Pens & Art Supplies,Small Pack,0.58
915,585,609,0.01,23.99,6.3,-6.202,11,284.39,87748,29/05/15,31/05/15,High,Regular Air,1713,1713,Rosemary Stark,Corporate,United States,South,Georgia,Newnan,30265,TI 36X Solar Scientific Calculator,Technology,Office Machines,Medium Box,0.38
916,586,531,0.01,300.98,64.73,-48.874,3,974.14,90621,8/03/15,15/03/15,Low,Delivery Truck,1718,1718,Kathy Shah,Consumer,United States,South,North Carolina,Garner,27529,"Global Leather and Oak Executive Chair, Black",Furniture,Chairs & Chairmats,Jumbo Drum,0.56
917,587,528,0.06,16.48,1.99,-144.592,8,128.13,90786,17/01/15,19/01/15,Medium,Regular Air,1719,1719,Russell W Melton,Corporate,United States,South,Alabama,Northport,35473,Maxell DVD-RAM Discs,Technology,Computer Peripherals,Small Pack,0.42
918,588,610,0.04,12.44,6.27,-258.566,37,464.94,90787,16/05/15,17/05/15,High,Regular Air,1721,1721,Jennifer Zimmerman,Corporate,United States,South,Arkansas,Jonesboro,72401,Eldon Simplefile® Box Office®,Office Supplies,Storage & Organization,Medium Box,0.57
919,589,611,0.1,49.99,19.99,13.508,46,2188.06,40101,31/01/15,5/02/15,Low,Express Air,1723,1723,Constance Flowers,Corporate,United States,West,California,San Diego,92037,US Robotics 56K V.92 Internal PCI Faxmodem,Technology,Computer Peripherals,Small Box,0.45
920,589,426,0.05,6.68,5.66,-66.48,46,320.93,44002,7/02/15,9/02/15,Medium,Regular Air,1723,1723,Constance Flowers,Corporate,United States,West,California,San Diego,92037,Xerox 1923,Office Supplies,Paper,Small Box,0.37
921,589,556,0.03,17.7,9.47,-52.33,14,261.85,44002,7/02/15,7/02/15,Medium,Regular Air,1723,1723,Constance Flowers,Corporate,United States,West,California,San Diego,92037,Portfile® Personal File Boxes,Office Supplies,Storage & Organization,Small Box,0.59
922,589,610,0.04,12.44,6.27,-59.06,146,1834.61,32710,16/05/15,17/05/15,High,Regular Air,1723,1723,Constance Flowers,Corporate,United States,West,California,San Diego,92037,Eldon Simplefile® Box Office®,Office Supplies,Storage & Organization,Medium Box,0.57
923,590,338,0.05,35.99,1.1,149.166,9,261.56,87193,7/05/15,9/05/15,High,Regular Air,1725,1725,Linda Blake,Corporate,United States,East,Ohio,Hilliard,43026,Accessory35,Technology,Telephones and Communication,Small Box,0.55
924,591,612,0.1,14.98,7.69,-76.9,8,114.81,87194,21/01/15,23/01/15,Not Specified,Express Air,1727,1727,Juanita Ballard,Small Business,United States,East,Ohio,Kent,44240,Super Decoflex Portable Personal File,Office Supplies,Storage & Organization,Small Box,0.57
925,592,586,0.04,55.48,6.79,376.8849,10,546.21,87195,22/02/15,24/02/15,High,Regular Air,1728,1728,Carrie Lewis,Corporate,United States,East,Ohio,Kettering,45429,"Eaton Premium Continuous-Feed Paper, 25% Cotton, Letter Size, White, 1000 Shts/Box",Office Supplies,Paper,Small Box,0.37
926,593,384,0.1,65.99,3.99,-88.6248,5,272.86,90653,7/04/15,9/04/15,High,Express Air,1730,1730,Kerry Wilkerson,Small Business,United States,West,Idaho,Moscow,83843,StarTAC 7760,Technology,Telephones and Communication,Small Box,0.59
927,594,561,0.02,60.98,49.0,-662.52,34,2119.54,3841,4/04/15,6/04/15,Not Specified,Regular Air,1733,1733,Nina Horne Kelly,Small Business,United States,East,District of Columbia,Washington,20012,Euro Pro Shark Stick Mini Vacuum,Office Supplies,Appliances,Large Box,0.59
927,594,220,0.02,1270.99,19.99,9228.2256,36,45737.33,3841,4/04/15,6/04/15,Not Specified,Regular Air,1733,1733,Nina Horne Kelly,Small Business,United States,East,District of Columbia,Washington,20012,Fellowes PB500 Electric Punch Plastic Comb Binding Machine with Manual Bind,Office Supplies,Binders and Binder Accessories,Small Box,0.35
928,594,613,0.02,30.98,17.08,-32.28,13,438.25,59937,28/06/15,29/06/15,High,Regular Air,1733,1733,Nina Horne Kelly,Small Business,United States,East,District of Columbia,Washington,20012,Xerox 197,Office Supplies,Paper,Small Box,0.4
929,595,561,0.02,60.98,49.0,-596.268,9,561.06,88443,4/04/15,6/04/15,Not Specified,Regular Air,1734,1734,Christopher Meadows,Small Business,United States,East,New York,Harrison,10528,Euro Pro Shark Stick Mini Vacuum,Office Supplies,Appliances,Large Box,0.59
929,595,220,0.02,1270.99,19.99,7889.6877,9,11434.33,88443,4/04/15,6/04/15,Not Specified,Regular Air,1734,1734,Christopher Meadows,Small Business,United States,East,New York,Harrison,10528,Fellowes PB500 Electric Punch Plastic Comb Binding Machine with Manual Bind,Office Supplies,Binders and Binder Accessories,Small Box,0.35
930,595,549,0.05,205.99,8.99,1545.80976,19,3229.24,88443,4/04/15,6/04/15,Not Specified,Express Air,1734,1734,Christopher Meadows,Small Business,United States,East,New York,Harrison,10528,StarTAC 8000,Technology,Telephones and Communication,Small Box,0.6
931,596,613,0.02,30.98,17.08,-16.14,3,101.13,88444,28/06/15,29/06/15,High,Regular Air,1735,1735,Eric West,Small Business,United States,East,New York,Hempstead,11550,Xerox 197,Office Supplies,Paper,Small Box,0.4
932,597,614,0.09,30.93,3.92,-130.424,16,451.83,85866,3/06/15,5/06/15,Not Specified,Regular Air,1737,1737,Danielle Myers,Corporate,United States,South,North Carolina,Garner,27529,"Advantus Employee of the Month Certificate Frame, 11 x 13-1/2",Furniture,Office Furnishings,Small Pack,0.44
933,597,615,0.03,1.68,0.7,-106.421,11,20.24,85866,3/06/15,5/06/15,Not Specified,Express Air,1737,1737,Danielle Myers,Corporate,United States,South,North Carolina,Garner,27529,Newell 308,Office Supplies,Pens & Art Supplies,Wrap Bag,0.6
934,598,33,0.08,175.99,4.99,-16476.838,10,1486.34,85865,28/03/15,28/03/15,Medium,Regular Air,1738,1738,Dean Solomon,Corporate,United States,South,North Carolina,Gastonia,28052,5165,Technology,Telephones and Communication,Small Box,0.59
935,598,616,0.04,35.44,19.99,-108.2725,11,406.26,85868,14/06/15,21/06/15,Low,Regular Air,1738,1738,Dean Solomon,Corporate,United States,South,North Carolina,Gastonia,28052,Xerox 1880,Office Supplies,Paper,Small Box,0.38
936,599,357,0.09,349.45,60.0,-90.748,17,5835.41,85867,3/05/15,4/05/15,High,Delivery Truck,1739,1739,Edna Pierce,Corporate,United States,South,North Carolina,Goldsboro,27534,"SAFCO PlanMaster Heigh-Adjustable Drafting Table Base, 43w x 30d x 30-37h, Black",Furniture,Tables,Jumbo Drum,
937,600,617,0.0,55.99,2.5,-121.05808,1,52.1,91025,12/02/15,14/02/15,Medium,Regular Air,1743,1743,Paige Jacobs,Consumer,United States,Central,Texas,Friendswood,77546,Accessory28,Technology,Telephones and Communication,Small Pack,0.83
938,601,618,0.02,4.13,6.89,-51.737,9,45.87,18561,9/01/15,10/01/15,Not Specified,Regular Air,1745,1745,Herbert Holden,Home Office,United States,South,Georgia,Atlanta,30305,"Avery 05222 Permanent Self-Adhesive File Folder Labels for Typewriters, on Rolls, White, 250/Roll",Office Supplies,Labels,Small Box,0.39
939,601,619,0.04,60.65,12.23,116.5063,4,256.77,13408,14/02/15,16/02/15,Low,Regular Air,1745,1745,Herbert Holden,Home Office,United States,South,Georgia,Atlanta,30305,"Tenex Traditional Chairmats for Medium Pile Carpet, Standard Lip, 36"" x 48""",Furniture,Office Furnishings,Medium Box,0.64
940,602,157,0.04,124.49,51.94,-247.55157,4,605.82,12224,12/06/15,14/06/15,High,Delivery Truck,1745,1745,Herbert Holden,Consumer,United States,South,Georgia,Atlanta,30305,Bevis 36 x 72 Conference Tables,Furniture,Tables,Jumbo Box,0.63
941,602,620,0.1,35.99,5.0,-277.20924,54,1569.0,12224,12/06/15,12/06/15,High,Regular Air,1745,1745,Herbert Holden,Consumer,United States,South,Georgia,Atlanta,30305,Accessory17,Technology,Telephones and Communication,Wrap Bag,0.82
942,603,157,0.04,124.49,51.94,-93.0645,1,151.46,87245,12/06/15,14/06/15,High,Delivery Truck,1748,1748,Helen Simpson,Consumer,United States,Central,Oklahoma,Enid,73703,Bevis 36 x 72 Conference Tables,Furniture,Tables,Jumbo Box,0.63
943,604,618,0.02,4.13,6.89,-48.236,2,10.19,87243,9/01/15,10/01/15,Not Specified,Regular Air,1749,1749,Sherri P Stephens,Home Office,United States,Central,Oklahoma,Lawton,73505,"Avery 05222 Permanent Self-Adhesive File Folder Labels for Typewriters, on Rolls, White, 250/Roll",Office Supplies,Labels,Small Box,0.39
944,604,619,0.04,60.65,12.23,44.2911,1,64.19,87244,14/02/15,16/02/15,Low,Regular Air,1749,1749,Sherri P Stephens,Home Office,United States,Central,Oklahoma,Lawton,73505,"Tenex Traditional Chairmats for Medium Pile Carpet, Standard Lip, 36"" x 48""",Furniture,Office Furnishings,Medium Box,0.64
945,605,303,0.04,8.5,1.99,43.2752,14,118.57,90178,27/02/15,28/02/15,Low,Regular Air,1754,1754,Nelson Hong,Consumer,United States,West,California,Torrance,90503,Hewlett-Packard 4.7GB DVD+R Discs,Technology,Computer Peripherals,Small Pack,0.49
946,605,621,0.1,15.99,9.4,-36.21462,5,79.47,90178,27/02/15,27/02/15,Low,Regular Air,1754,1754,Nelson Hong,Consumer,United States,West,California,Torrance,90503,"AT&T Black Trimline Phone, Model 210",Technology,Office Machines,Small Box,0.49
947,605,622,0.09,95.99,8.99,7.03296,8,627.28,90178,27/02/15,3/03/15,Low,Regular Air,1754,1754,Nelson Hong,Consumer,United States,West,California,Torrance,90503,600 Series Flip,Technology,Telephones and Communication,Small Box,0.57
948,606,623,0.0,115.99,5.92,-16.772,11,1160.42,89775,22/01/15,22/01/15,High,Regular Air,1764,1764,Michele Bradshaw,Consumer,United States,South,Florida,Dunedin,34698,8890,Technology,Telephones and Communication,Small Box,0.58
949,606,624,0.06,19.98,10.49,514.1772,5,103.37,89776,1/03/15,3/03/15,High,Regular Air,1764,1764,Michele Bradshaw,Consumer,United States,South,Florida,Dunedin,34698,12-1/2 Diameter Round Wall Clock,Furniture,Office Furnishings,Small Box,0.49
950,606,625,0.08,1.76,4.86,235.656,23,40.22,89776,1/03/15,2/03/15,High,Regular Air,1764,1764,Michele Bradshaw,Consumer,United States,South,Florida,Dunedin,34698,Regeneration Desk Collection,Furniture,Office Furnishings,Small Box,0.41
951,607,626,0.0,5.77,4.97,3.5581,8,52.43,89777,4/05/15,5/05/15,Not Specified,Regular Air,1765,1765,Ralph Woods Scott,Consumer,United States,Central,Missouri,Creve Coeur,63141,Avery Binding System Hidden Tab™ Executive Style Index Sets,Office Supplies,Binders and Binder Accessories,Small Box,0.35
952,608,339,0.01,50.98,6.5,5.3397,16,818.49,89211,26/03/15,27/03/15,Critical,Regular Air,1767,1767,Robert Rollins,Home Office,United States,South,Georgia,Newnan,30265,Microsoft Natural Multimedia Keyboard,Technology,Computer Peripherals,Small Box,0.73
953,609,561,0.07,60.98,49.0,-807.89,7,410.17,89106,6/03/15,7/03/15,Medium,Regular Air,1771,1771,Jeff Spivey,Home Office,United States,Central,Illinois,Freeport,61032,Euro Pro Shark Stick Mini Vacuum,Office Supplies,Appliances,Large Box,0.59
954,610,536,0.09,12.95,4.98,123.89175,21,269.54,89944,14/06/15,21/06/15,Low,Regular Air,1775,1775,Marlene Kirk,Consumer,United States,Central,Indiana,South Bend,46614,GBC Binding covers,Office Supplies,Binders and Binder Accessories,Small Box,0.4
955,611,222,0.08,5.78,5.67,-53.898,19,106.57,89941,4/02/15,5/02/15,Not Specified,Regular Air,1776,1776,Charlotte Patterson,Consumer,United States,Central,Indiana,Terre Haute,47802,Xerox 1978,Office Supplies,Paper,Small Box,0.36
956,612,218,0.07,5.43,0.95,26.5029,7,38.41,89939,22/04/15,26/04/15,Low,Regular Air,1777,1777,Miriam Greenberg,Consumer,United States,Central,Indiana,Valparaiso,46383,"Wirebound Message Book, 4 per Page",Office Supplies,Paper,Wrap Bag,0.36
957,612,86,0.02,10.06,2.06,90.6246,13,131.34,89940,3/01/15,8/01/15,Low,Regular Air,1777,1777,Miriam Greenberg,Consumer,United States,Central,Indiana,Valparaiso,46383,Riverleaf Stik-Withit® Designer Note Cubes®,Office Supplies,Paper,Wrap Bag,0.39
958,613,173,0.03,19.99,11.17,-20.8764,12,251.61,89942,2/04/15,3/04/15,Not Specified,Regular Air,1777,1777,Miriam Greenberg,Corporate,United States,Central,Indiana,Valparaiso,46383,Telescoping Adjustable Floor Lamp,Furniture,Office Furnishings,Large Box,0.6
959,614,493,0.06,13.99,7.51,6.48324,21,287.99,89943,10/05/15,12/05/15,High,Regular Air,1778,1778,Ray Oakley,Consumer,United States,Central,Indiana,West Lafayette,47906,Sharp EL500L Fraction Calculator,Technology,Office Machines,Medium Box,0.39
960,614,232,0.06,15.04,1.97,2.332,3,46.86,89943,10/05/15,10/05/15,High,Regular Air,1778,1778,Ray Oakley,Consumer,United States,Central,Indiana,West Lafayette,47906,White GlueTop Scratch Pads,Office Supplies,Paper,Wrap Bag,0.39
961,615,15,0.0,55.48,14.3,454.4478,11,658.62,89857,12/06/15,14/06/15,High,Regular Air,1781,1781,Jackie Capps,Corporate,United States,West,California,San Carlos,94070,Xerox 194,Office Supplies,Paper,Small Box,0.37
962,616,627,0.03,5.08,2.03,15.1524,4,21.96,89858,7/01/15,12/01/15,Low,Regular Air,1781,1781,Jackie Capps,Home Office,United States,West,California,San Carlos,94070,"Master Caster Door Stop, Brown",Furniture,Office Furnishings,Wrap Bag,0.51
963,617,628,0.03,3.28,3.97,-90.7556,7,24.57,89856,6/01/15,8/01/15,High,Regular Air,1782,1782,Lawrence Dennis,Home Office,United States,West,California,San Clemente,92672,Newell 342,Office Supplies,Pens & Art Supplies,Wrap Bag,0.56
964,618,21,0.04,205.99,8.99,960.984,6,1008.53,88256,21/01/15,22/01/15,Critical,Regular Air,1788,1788,Valerie Siegel,Consumer,United States,South,Georgia,Woodstock,30188,TimeportP7382,Technology,Telephones and Communication,Small Box,0.56
965,619,271,0.04,880.98,44.55,-13706.464,8,6968.9,87853,6/01/15,7/01/15,Critical,Delivery Truck,1793,1793,Derek Jernigan,Home Office,United States,Central,Illinois,Galesburg,61401,"Riverside Palais Royal Lawyers Bookcase, Royale Cherry Finish",Furniture,Bookcases,Jumbo Box,0.62
966,620,301,0.04,3.68,1.32,300.9258,11,41.29,91543,1/06/15,2/06/15,Critical,Regular Air,1802,1802,Jack Morse,Corporate,United States,South,Florida,Dunedin,34698,"*Staples* vLetter Openers, 2/Pack",Office Supplies,"Scissors, Rulers and Trimmers",Wrap Bag,0.83
967,621,294,0.01,8.12,2.83,-40.76,10,88.64,89251,17/03/15,18/03/15,Medium,Express Air,1808,1808,Joyce Knox,Home Office,United States,East,West Virginia,Parkersburg,26101,"Imation Neon Mac Format Diskettes, 10/Pack",Technology,Computer Peripherals,Small Pack,0.77
968,622,629,0.09,77.51,4.0,-986.524,17,1300.54,90524,23/05/15,25/05/15,Not Specified,Express Air,1814,1814,Albert Tyson,Home Office,United States,South,Mississippi,Olive Branch,38654,Micro Innovations Media Access Pro Keyboard,Technology,Computer Peripherals,Small Box,0.76
969,622,123,0.0,2.88,0.7,-141.666,13,38.06,90524,23/05/15,25/05/15,Not Specified,Regular Air,1814,1814,Albert Tyson,Home Office,United States,South,Mississippi,Olive Branch,38654,Newell 340,Office Supplies,Pens & Art Supplies,Wrap Bag,0.56
970,623,630,0.06,90.97,14.0,47.334,14,1263.35,90525,11/02/15,12/02/15,Medium,Delivery Truck,1815,1815,Marvin Yang,Home Office,United States,South,Mississippi,Pearl,39208,Lexmark Z54se Color Inkjet Printer,Technology,Office Machines,Jumbo Drum,0.36
971,624,631,0.01,10.48,2.89,60.5616,19,202.38,85990,5/02/15,7/02/15,Low,Regular Air,1816,1816,Danielle Schneider,Consumer,United States,Central,Michigan,Canton,48187,Staples Battery-Operated Desktop Pencil Sharpener,Office Supplies,Pens & Art Supplies,Small Pack,0.6
972,625,19,0.06,17.98,8.51,-47.243088,3,56.38,85991,15/04/15,17/04/15,Not Specified,Regular Air,1818,1818,Ian Hall,Consumer,United States,Central,Michigan,Dearborn,48126,Canon P1-DHIII Palm Printing Calculator,Technology,Office Machines,Medium Box,0.4
973,625,632,0.1,9.99,4.78,9.154,12,119.13,85991,15/04/15,18/04/15,Not Specified,Express Air,1818,1818,Ian Hall,Consumer,United States,Central,Michigan,Dearborn,48126,Xerox 1896,Office Supplies,Paper,Small Box,0.4
974,626,631,0.01,10.48,2.89,40.92,76,809.51,34435,5/02/15,7/02/15,Low,Regular Air,1821,1821,Vanessa Boyer,Consumer,United States,East,New York,New York City,10177,Staples Battery-Operated Desktop Pencil Sharpener,Office Supplies,Pens & Art Supplies,Small Pack,0.6
975,626,633,0.07,18.65,3.77,149.72,34,643.64,47108,15/04/15,16/04/15,Not Specified,Regular Air,1821,1821,Vanessa Boyer,Consumer,United States,East,New York,New York City,10177,3M Polarizing Light Filter Sleeves,Furniture,Office Furnishings,Small Pack,0.39
976,626,19,0.06,17.98,8.51,-52.49232,13,244.31,47108,15/04/15,17/04/15,Not Specified,Regular Air,1821,1821,Vanessa Boyer,Consumer,United States,East,New York,New York City,10177,Canon P1-DHIII Palm Printing Calculator,Technology,Office Machines,Medium Box,0.4
977,626,632,0.1,9.99,4.78,7.96,47,466.58,47108,15/04/15,18/04/15,Not Specified,Express Air,1821,1821,Vanessa Boyer,Consumer,United States,East,New York,New York City,10177,Xerox 1896,Office Supplies,Paper,Small Box,0.4
978,626,45,0.08,175.99,8.99,-459.0828,16,2290.69,47108,15/04/15,16/04/15,Not Specified,Express Air,1821,1821,Vanessa Boyer,Consumer,United States,East,New York,New York City,10177,2180,Technology,Telephones and Communication,Small Box,0.57
979,627,634,0.1,52.99,19.99,-517.17,7,337.59,86958,18/04/15,19/04/15,Medium,Express Air,1826,1826,Kate Peck,Corporate,United States,Central,Iowa,Bettendorf,52722,"Gould Plastics 9-Pocket Panel Bin, 18-3/8w x 5-1/4d x 20-1/2h, Black",Office Supplies,Storage & Organization,Small Box,0.81
980,627,635,0.0,9.27,4.39,-7.61,1,10.65,86959,12/05/15,14/05/15,Medium,Regular Air,1826,1826,Kate Peck,Corporate,United States,Central,Iowa,Bettendorf,52722,"Wirebound Message Books, Four 2 3/4"" x 5"" Forms per Page, 600 Sets per Book",Office Supplies,Paper,Wrap Bag,0.38
981,628,636,0.0,5.98,0.96,38.0397,9,55.13,86956,19/02/15,20/02/15,Not Specified,Regular Air,1827,1827,Vincent Hale,Corporate,United States,Central,Iowa,Burlington,52601,Newell 315,Office Supplies,Pens & Art Supplies,Wrap Bag,0.6
982,628,637,0.07,100.98,57.38,-429.86,2,215.32,86958,18/04/15,21/04/15,Medium,Delivery Truck,1827,1827,Vincent Hale,Corporate,United States,Central,Iowa,Burlington,52601,"Bush Westfield Collection Bookcases, Dark Cherry Finish, Fully Assembled",Furniture,Bookcases,Jumbo Box,0.78
983,628,142,0.03,85.99,0.99,264.1665,5,382.85,86958,18/04/15,20/04/15,Medium,Regular Air,1827,1827,Vincent Hale,Corporate,United States,Central,Iowa,Burlington,52601,Accessory34,Technology,Telephones and Communication,Wrap Bag,0.55
984,629,383,0.02,5.98,5.46,-47.12,7,44.8,86956,19/02/15,20/02/15,Not Specified,Regular Air,1828,1828,Stacey Lucas,Corporate,United States,Central,Iowa,Cedar Falls,50613,Xerox 1983,Office Supplies,Paper,Small Box,0.36
985,629,228,0.05,7.1,6.05,-101.246,14,100.99,86960,6/01/15,6/01/15,Low,Regular Air,1828,1828,Stacey Lucas,Corporate,United States,Central,Iowa,Cedar Falls,50613,"Wilson Jones Hanging View Binder, White, 1""",Office Supplies,Binders and Binder Accessories,Small Box,0.39
986,629,638,0.04,20.95,4.0,-1.88,7,142.06,86960,6/01/15,11/01/15,Low,Regular Air,1828,1828,Stacey Lucas,Corporate,United States,Central,Iowa,Cedar Falls,50613,"Fellowes Basic 104-Key Keyboard, Platinum",Technology,Computer Peripherals,Small Box,0.6
987,630,305,0.01,10.64,5.16,-11.69,5,58.52,86957,25/03/15,27/03/15,Critical,Express Air,1829,1829,Suzanne Cochran,Corporate,United States,Central,Iowa,Cedar Rapids,52402,"Eldon Expressions Punched Metal & Wood Desk Accessories, Pewter & Cherry",Furniture,Office Furnishings,Small Box,0.57
988,630,412,0.05,39.06,10.55,250.9806,9,363.74,86960,6/01/15,13/01/15,Low,Regular Air,1829,1829,Suzanne Cochran,Corporate,United States,Central,Iowa,Cedar Rapids,52402,Ibico Recycled Linen-Style Covers,Office Supplies,Binders and Binder Accessories,Small Box,0.37
989,630,639,0.04,3.52,6.83,-57.753,4,15.93,86960,6/01/15,15/01/15,Low,Regular Air,1829,1829,Suzanne Cochran,Corporate,United States,Central,Iowa,Cedar Rapids,52402,Self-Adhesive Ring Binder Labels,Office Supplies,Binders and Binder Accessories,Small Box,0.38
988,630,243,0.02,15.51,17.78,-47.97,1,21.28,86960,6/01/15,13/01/15,Low,Regular Air,1829,1829,Suzanne Cochran,Corporate,United States,Central,Iowa,Cedar Rapids,52402,"Tenex File Box, Personal Filing Tote with Lid, Black",Office Supplies,Storage & Organization,Small Box,0.59
990,631,360,0.01,155.99,8.99,-219.07908,5,675.83,86600,19/04/15,20/04/15,High,Express Air,1836,1836,Dwight Albright Huffman,Corporate,United States,West,California,San Francisco,94110,CF 688,Technology,Telephones and Communication,Small Box,0.58
991,632,383,0.01,5.98,5.46,-18.8784,4,28.0,86600,19/04/15,21/04/15,High,Regular Air,1837,1837,Herbert Williamson,Corporate,United States,West,California,San Gabriel,91776,Xerox 1983,Office Supplies,Paper,Small Box,0.36
992,633,387,0.07,40.98,2.99,369.2052,13,535.08,86599,30/03/15,1/04/15,Not Specified,Regular Air,1840,1840,Clifford Webb,Home Office,United States,East,Massachusetts,Townsend,1469,"Avery Trapezoid Ring Binder, 3"" Capacity, Black, 1040 sheets",Office Supplies,Binders and Binder Accessories,Small Box,0.36
993,634,338,0.09,35.99,1.1,19.35,8,222.71,89697,1/04/15,3/04/15,High,Regular Air,1849,1849,Michelle Steele,Consumer,United States,South,Alabama,Enterprise,36330,Accessory35,Technology,Telephones and Communication,Small Box,0.55
994,634,420,0.01,125.99,2.5,-967.834,2,220.52,89697,1/04/15,2/04/15,High,Regular Air,1849,1849,Michelle Steele,Consumer,United States,South,Alabama,Enterprise,36330,i2000,Technology,Telephones and Communication,Small Box,0.6
995,635,340,0.06,6.48,5.14,-28.45,10,68.34,86847,19/03/15,21/03/15,Not Specified,Express Air,1852,1852,Joy Kaplan McNeill,Home Office,United States,West,California,Carlsbad,92008,Xerox 23,Office Supplies,Paper,Small Box,0.37
996,636,89,0.02,30.73,4.0,72.78,16,522.22,86847,19/03/15,22/03/15,Not Specified,Regular Air,1854,1854,Erika Morgan,Home Office,United States,East,Connecticut,Seymour,6478,Fellowes 17-key keypad for PS/2 interface,Technology,Computer Peripherals,Small Box,0.75
997,637,371,0.09,5.98,1.49,13.2294,5,28.01,86846,15/06/15,17/06/15,Critical,Regular Air,1860,1860,Gina B Hess,Home Office,United States,East,Massachusetts,Webster,1570,Avery Hanging File Binders,Office Supplies,Binders and Binder Accessories,Small Box,0.39
998,638,39,0.08,8.09,7.96,-88.82,10,80.35,89209,3/05/15,4/05/15,Not Specified,Regular Air,1869,1869,Roberta Daniel,Consumer,United States,West,New Mexico,Alamogordo,88310,"6"" Cubicle Wall Clock, Black",Furniture,Office Furnishings,Small Box,0.49
999,639,640,0.03,90.48,19.99,15.354,1,99.69,90099,17/01/15,19/01/15,Medium,Regular Air,1873,1873,Lisa Kim,Corporate,United States,South,Florida,Palm Beach Gardens,33403,Tyvek® Side-Opening Peel & Seel® Expanding Envelopes,Office Supplies,Envelopes,Small Box,0.4
1000,639,641,0.06,22.84,8.18,-357.924,7,152.49,90099,17/01/15,17/01/15,Medium,Regular Air,1873,1873,Lisa Kim,Corporate,United States,South,Florida,Palm Beach Gardens,33403,Xerox 1991,Office Supplies,Paper,Small Box,0.39
1001,640,76,0.09,95.99,4.9,34.302,4,320.75,90899,29/01/15,31/01/15,Critical,Regular Air,1875,1875,Martin Kirk,Consumer,United States,South,Virginia,Chesapeake,23320,T60,Technology,Telephones and Communication,Small Box,0.56
1002,641,222,0.09,5.78,5.67,-7.96,1,11.35,87378,1/03/15,3/03/15,Not Specified,Regular Air,1882,1882,Anita Kent,Home Office,United States,East,New Jersey,Linden,7036,Xerox 1978,Office Supplies,Paper,Small Box,0.36
1003,642,642,0.05,535.64,14.7,4407.44,15,7029.1,87378,1/03/15,3/03/15,Not Specified,Delivery Truck,1885,1885,Jacob Hirsch,Home Office,United States,East,Rhode Island,Barrington,2806,Epson LQ-870 Dot Matrix Printer,Technology,Office Machines,Jumbo Drum,0.59
1004,643,643,0.09,78.8,35.0,-1025.0172,14,1059.38,90631,17/04/15,21/04/15,Low,Regular Air,1889,1889,Oscar Bowers,Home Office,United States,East,Ohio,Kettering,45429,Space Solutions™ Industrial Galvanized Steel Shelving.,Office Supplies,Storage & Organization,Large Box,0.83
1005,644,644,0.03,320.64,29.2,429.754356,7,2233.46,90630,5/04/15,7/04/15,Not Specified,Delivery Truck,1891,1891,Gretchen Levine,Home Office,United States,East,Ohio,Lima,45801,"Chromcraft 48"" x 96"" Racetrack Double Pedestal Table",Furniture,Tables,Jumbo Box,0.66
1006,645,69,0.03,180.98,26.2,588.54,5,928.92,91262,26/04/15,30/04/15,Low,Delivery Truck,1893,1893,Melanie Burgess,Consumer,United States,Central,Missouri,Webster Groves,63119,Global Ergonomic Managers Chair,Furniture,Chairs & Chairmats,Jumbo Drum,0.59
1007,646,531,0.0,300.98,164.73,2653.2915,12,3845.35,91261,24/02/15,25/02/15,Critical,Delivery Truck,1894,1894,Maureen Herbert Hood,Home Office,United States,Central,Wisconsin,Appleton,54915,"Global Leather and Oak Executive Chair, Black",Furniture,Chairs & Chairmats,Jumbo Drum,0.56
1008,646,203,0.09,2.94,0.96,-1.84,1,3.77,91261,24/02/15,26/02/15,Critical,Regular Air,1894,1894,Maureen Herbert Hood,Home Office,United States,Central,Wisconsin,Appleton,54915,Newell 343,Office Supplies,Pens & Art Supplies,Wrap Bag,0.58
1009,647,645,0.01,26.17,1.39,237.0426,13,343.54,91263,18/03/15,19/03/15,High,Regular Air,1894,1894,Maureen Herbert Hood,Consumer,United States,Central,Wisconsin,Appleton,54915,Quality Park Security Envelopes,Office Supplies,Envelopes,Small Box,0.38
1010,648,646,0.07,172.99,19.99,2502.6852,22,3627.08,86500,17/05/15,17/05/15,Low,Regular Air,1906,1906,Penny Tuttle,Corporate,United States,East,Ohio,Lima,45801,Ibico EB-19 Dual Function Manual Binding System,Office Supplies,Binders and Binder Accessories,Small Box,0.39
1011,649,450,0.09,7.64,1.39,0.688,1,8.34,86500,17/05/15,26/05/15,Low,Regular Air,1907,1907,Amy Hall,Corporate,United States,East,Ohio,Lorain,44052,"#10- 4 1/8"" x 9 1/2"" Security-Tint Envelopes",Office Supplies,Envelopes,Small Box,0.36
1012,650,179,0.02,29.17,6.27,36.906,2,63.32,91371,1/01/15,2/01/15,Not Specified,Regular Air,1910,1910,Sean Stephenson,Home Office,United States,South,Georgia,Peachtree City,30269,Binding Machine Supplies,Office Supplies,Binders and Binder Accessories,Small Box,0.37
1013,651,647,0.03,11.99,5.99,-216.0298,7,83.72,85893,27/02/15,28/02/15,Critical,Regular Air,1916,1916,Marcia Feldman,Home Office,United States,South,Arkansas,Little Rock,72209,TI 30X Scientific Calculator,Technology,Office Machines,Medium Box,0.36
1014,651,308,0.01,125.99,8.99,-45.472,9,1011.44,85895,16/04/15,18/04/15,High,Regular Air,1916,1916,Marcia Feldman,Home Office,United States,South,Arkansas,Little Rock,72209,SC7868i,Technology,Telephones and Communication,Small Box,0.55
1015,652,648,0.08,18.7,8.99,16.1364,7,132.23,85894,27/03/15,28/03/15,Medium,Regular Air,1917,1917,Tracy Buckley,Home Office,United States,South,Arkansas,North Little Rock,72113,"Executive Impressions 13-1/2"" Indoor/Outdoor Wall Clock",Furniture,Office Furnishings,Small Pack,0.47
1016,652,649,0.08,22.23,3.63,-29.61,10,210.33,85897,1/03/15,3/03/15,High,Regular Air,1917,1917,Tracy Buckley,Home Office,United States,South,Arkansas,North Little Rock,72113,"Executive Impressions 14"" Contract Wall Clock",Furniture,Office Furnishings,Small Pack,0.52
1017,653,650,0.1,10.44,5.75,125.724,17,168.04,85898,4/04/15,11/04/15,Low,Express Air,1918,1918,Hannah Tyson,Home Office,United States,South,Arkansas,Paragould,72450,"Avery® 3 1/2"" Diskette Storage Pages, 10/Pack",Office Supplies,Binders and Binder Accessories,Small Box,0.39
1018,654,259,0.0,195.99,8.99,114.882,5,882.93,85896,24/02/15,25/02/15,High,Regular Air,1919,1919,Nathan Jenkins,Home Office,United States,South,Arkansas,Pine Bluff,71603,T28 WORLD,Technology,Telephones and Communication,Small Box,0.6
1019,655,651,0.02,259.71,66.67,-14.448,8,1757.15,88579,6/02/15,6/02/15,High,Delivery Truck,1927,1927,Earl Alston,Home Office,United States,South,South Carolina,Greenville,29611,"Bevis Round Bullnose 29"" High Table Top",Furniture,Tables,Jumbo Box,0.65
1020,656,652,0.1,1889.99,19.99,-42.546,1,1786.04,88580,21/01/15,21/01/15,Not Specified,Regular Air,1928,1928,Gregory R Snow,Home Office,United States,South,South Carolina,Greer,29651,Ibico EPK-21 Electric Binding System,Office Supplies,Binders and Binder Accessories,Small Box,0.36
1021,657,7,0.06,3.58,1.63,14.0,10,34.76,86687,19/04/15,23/04/15,Low,Regular Air,1933,1933,William Crawford,Corporate,United States,Central,Texas,Garland,75043,"OIC Colored Binder Clips, Assorted Sizes",Office Supplies,Rubber Bands,Wrap Bag,0.36
1022,658,653,0.04,180.98,30.0,52.988,3,561.65,86688,30/05/15,30/05/15,Low,Delivery Truck,1934,1934,Scott Moore,Home Office,United States,Central,Texas,Georgetown,78626,Office Star - Ergonomic Mid Back Chair with 2-Way Adjustable Arms,Furniture,Chairs & Chairmats,Jumbo Drum,0.69
1023,659,654,0.01,42.98,4.62,285.4737,9,413.73,86686,8/04/15,10/04/15,Critical,Express Air,1935,1935,Diana Coble Hubbard,Corporate,United States,Central,Texas,Grand Prairie,75051,Belkin F9M820V08 8 Outlet Surge,Office Supplies,Appliances,Small Box,0.56
1024,660,655,0.06,3.25,49.0,10.508,2,55.6,86688,30/05/15,5/06/15,Low,Regular Air,1935,1935,Diana Coble Hubbard,Home Office,United States,Central,Texas,Grand Prairie,75051,"Bravo II™ Megaboss® 12-Amp Hard Body Upright, Replacement Belts, 2 Belts per Pack",Office Supplies,Appliances,Large Box,0.56
1025,660,656,0.01,110.98,13.99,1448.7309,19,2099.61,86688,30/05/15,4/06/15,Low,Regular Air,1935,1935,Diana Coble Hubbard,Home Office,United States,Central,Texas,Grand Prairie,75051,"Rubbermaid ClusterMat Chairmats, Mat Size- 66"" x 60"", Lip 20"" x 11"" -90 Degree Angle",Furniture,Office Furnishings,Medium Box,0.69
1026,660,487,0.05,3.95,2.0,1.004,23,96.6,86688,30/05/15,7/06/15,Low,Express Air,1935,1935,Diana Coble Hubbard,Home Office,United States,Central,Texas,Grand Prairie,75051,Advantus Map Pennant Flags and Round Head Tacks,Office Supplies,Rubber Bands,Wrap Bag,0.53
1027,661,657,0.1,152.48,4.0,-521.09,4,558.17,88870,22/03/15,23/03/15,Medium,Express Air,1938,1938,Franklin Spencer,Corporate,United States,Central,Kansas,Emporia,66801,Adesso Programmable 142-Key Keyboard,Technology,Computer Peripherals,Small Box,0.79
1028,662,602,0.08,6.84,8.37,-29.49,1,8.39,88870,22/03/15,24/03/15,Medium,Regular Air,1940,1940,Eileen McDonald,Corporate,United States,West,Utah,Draper,84020,"Acme Design Line 8"" Stainless Steel Bent Scissors w/Champagne Handles, 3-1/8"" Cut",Office Supplies,"Scissors, Rulers and Trimmers",Small Pack,0.58
1029,662,658,0.0,78.65,13.99,386.0067,7,559.43,88871,19/04/15,26/04/15,Low,Regular Air,1940,1940,Eileen McDonald,Corporate,United States,West,Utah,Draper,84020,Honeywell Quietcare HEPA Air Cleaner,Office Supplies,Appliances,Medium Box,0.52
1030,662,37,0.08,122.99,70.2,-1867.97,10,1216.52,88871,19/04/15,24/04/15,Low,Delivery Truck,1940,1940,Eileen McDonald,Corporate,United States,West,Utah,Draper,84020,"Global High-Back Leather Tilter, Burgundy",Furniture,Chairs & Chairmats,Jumbo Drum,0.74
1031,663,386,0.08,90.98,56.2,-1920.9336,12,1058.36,86331,26/01/15,28/01/15,Medium,Regular Air,1946,1946,Teresa Wallace,Consumer,United States,East,Pennsylvania,Mount Lebanon,15228,Eldon ClusterMat Chair Mat with Cordless Antistatic Protection,Furniture,Office Furnishings,Medium Box,0.74
1031,663,518,0.07,5.98,5.35,-37.1752,3,18.31,86331,26/01/15,28/01/15,Medium,Regular Air,1946,1946,Teresa Wallace,Consumer,United States,East,Pennsylvania,Mount Lebanon,15228,Xerox 1947,Office Supplies,Paper,Small Box,0.4
1032,664,659,0.05,424.21,110.2,-213.4028,12,4935.22,90415,1/02/15,5/02/15,Low,Delivery Truck,1949,1949,Dana Waller,Small Business,United States,West,Montana,Bozeman,59715,Bush Advantage Collection® Racetrack Conference Table,Furniture,Tables,Jumbo Box,0.67
1033,665,660,0.01,6.68,4.91,-15.48,7,51.03,90414,6/01/15,8/01/15,Not Specified,Regular Air,1950,1950,Leslie Shannon,Small Business,United States,West,Montana,Butte,59750,Xerox 1986,Office Supplies,Paper,Small Box,0.37
1034,666,458,0.09,40.98,6.5,-50.245,19,746.91,89820,19/06/15,21/06/15,High,Regular Air,1956,1956,Justin Frank,Consumer,United States,West,Colorado,Louisville,80027,Targus USB Numeric Keypad,Technology,Computer Peripherals,Small Box,0.74
1035,667,629,0.09,77.51,4.0,-387.1044,1,77.47,89818,7/04/15,9/04/15,High,Regular Air,1957,1957,Ted Crowder,Consumer,United States,Central,Missouri,University City,63130,Micro Innovations Media Access Pro Keyboard,Technology,Computer Peripherals,Small Box,0.76
1036,668,661,0.09,30.98,6.5,-55.97,7,204.34,89819,18/06/15,22/06/15,Low,Express Air,1958,1958,Vickie Martinez,Consumer,United States,West,Oregon,West Linn,97068,Belkin ErgoBoard™ Keyboard,Technology,Computer Peripherals,Small Box,0.64
1037,669,662,0.0,20.28,14.39,-66.2473,9,206.04,28225,22/01/15,22/01/15,Critical,Regular Air,1959,1959,Bonnie Matthews Rowland,Corporate,United States,South,Florida,Miami,33916,"Career Cubicle Clock, 8 1/4"", Black",Furniture,Office Furnishings,Small Box,0.47
1038,670,663,0.02,9.99,11.59,-171.1577,43,475.42,26342,18/04/15,27/04/15,Low,Regular Air,1959,1959,Bonnie Matthews Rowland,Home Office,United States,South,Florida,Miami,33916,Hammermill Color Copier Paper (28Lb. and 96 Bright),Office Supplies,Paper,Small Box,0.4
1039,670,311,0.02,48.04,5.79,624.239,74,3598.82,26342,18/04/15,23/04/15,Low,Regular Air,1959,1959,Bonnie Matthews Rowland,Home Office,United States,South,Florida,Miami,33916,Xerox 1937,Office Supplies,Paper,Small Box,0.37
1040,670,660,0.04,6.68,4.91,-14.3241,5,41.22,26342,18/04/15,25/04/15,Low,Regular Air,1959,1959,Bonnie Matthews Rowland,Home Office,United States,South,Florida,Miami,33916,Xerox 1986,Office Supplies,Paper,Small Box,0.37
1041,671,311,0.02,48.04,5.79,604.0191,18,875.39,88857,18/04/15,23/04/15,Low,Regular Air,1962,1962,Sean Burton,Home Office,United States,Central,Michigan,Saginaw,48601,Xerox 1937,Office Supplies,Paper,Small Box,0.37
1042,671,660,0.04,6.68,4.91,-11.6316,1,8.24,88857,18/04/15,25/04/15,Low,Regular Air,1962,1962,Sean Burton,Home Office,United States,Central,Michigan,Saginaw,48601,Xerox 1986,Office Supplies,Paper,Small Box,0.37
1043,672,658,0.01,78.65,13.99,442.3659,8,641.11,89456,18/03/15,19/03/15,Medium,Express Air,1967,1967,Carolyn Hoffman,Small Business,United States,Central,Iowa,Clinton,52732,Honeywell Quietcare HEPA Air Cleaner,Office Supplies,Appliances,Medium Box,0.52
1044,673,241,0.02,11.58,5.72,-259.756,3,35.48,91550,18/01/15,19/01/15,Medium,Regular Air,1971,1971,Marsha Roy,Corporate,United States,South,Mississippi,Tupelo,38801,"Peel & Seel® Recycled Catalog Envelopes, Brown",Office Supplies,Envelopes,Small Box,0.35
1045,674,457,0.05,350.99,39.0,1469.7276,6,2130.04,91550,18/01/15,20/01/15,Medium,Delivery Truck,1972,1972,Priscilla Brandon,Corporate,United States,East,Pennsylvania,Willow Grove,19090,Global Leather Executive Chair,Furniture,Chairs & Chairmats,Jumbo Drum,0.55
1046,674,621,0.04,15.99,9.4,-83.55306,5,82.8,91550,18/01/15,20/01/15,Medium,Express Air,1972,1972,Priscilla Brandon,Corporate,United States,East,Pennsylvania,Willow Grove,19090,"AT&T Black Trimline Phone, Model 210",Technology,Office Machines,Small Box,0.49
1047,675,664,0.09,20.48,6.32,-16.89,5,99.02,89040,20/05/15,21/05/15,Medium,Regular Air,1974,1974,Robert Brantley,Consumer,United States,Central,Michigan,Dearborn Heights,48127,Kensington 6 Outlet Guardian Standard Surge Protector,Office Supplies,Appliances,Small Box,0.58
1047,675,603,0.06,15.67,1.39,25.51,3,46.4,89040,20/05/15,21/05/15,Medium,Regular Air,1974,1974,Robert Brantley,Consumer,United States,Central,Michigan,Dearborn Heights,48127,"#10 White Business Envelopes,4 1/8 x 9 1/2",Office Supplies,Envelopes,Small Box,0.38
1048,676,312,0.05,70.98,46.74,-850.6524,8,551.51,89039,10/01/15,11/01/15,Critical,Delivery Truck,1976,1976,Sherri F Vogel,Consumer,United States,Central,Michigan,East Lansing,48823,"Hon Metal Bookcases, Putty",Furniture,Bookcases,Jumbo Box,0.56
1049,676,100,0.05,11.55,2.36,98.5251,12,142.79,89039,10/01/15,12/01/15,Critical,Regular Air,1976,1976,Sherri F Vogel,Consumer,United States,Central,Michigan,East Lansing,48823,Newell 309,Office Supplies,Pens & Art Supplies,Wrap Bag,0.55
1050,676,401,0.06,40.99,17.48,214.23,14,585.08,89041,23/03/15,25/03/15,Critical,Regular Air,1976,1976,Sherri F Vogel,Consumer,United States,Central,Michigan,East Lansing,48823,Xerox 1893,Office Supplies,Paper,Small Box,0.36
1051,677,322,0.05,20.99,3.3,21.8834,4,72.75,87757,5/05/15,6/05/15,Not Specified,Regular Air,1979,1979,Marianne Weiner Ennis,Corporate,United States,West,Colorado,Littleton,80122,Accessory39,Technology,Telephones and Communication,Small Pack,0.81
1052,678,96,0.1,7.37,5.53,290.202,38,269.33,91258,16/05/15,16/05/15,Not Specified,Regular Air,1984,1984,Lynne Wilcox,Consumer,United States,South,South Carolina,Hilton Head Island,29915,"Imation 3.5"" Unformatted DS/HD Diskettes, 10/Box",Technology,Computer Peripherals,Small Pack,0.69
1053,679,665,0.01,15.31,8.78,12.146,23,377.0,90888,6/05/15,7/05/15,Not Specified,Regular Air,1986,1986,Lynda Rosenthal,Home Office,United States,Central,Texas,Midland,79701,Eldon Jumbo ProFile™ Portable File Boxes Graphite/Black,Office Supplies,Storage & Organization,Small Box,0.57
1054,679,146,0.05,7.99,5.03,5.687,4,42.99,90888,6/05/15,8/05/15,Not Specified,Express Air,1986,1986,Lynda Rosenthal,Home Office,United States,Central,Texas,Midland,79701,Bell Sonecor JB700 Caller ID,Technology,Telephones and Communication,Medium Box,0.6
1055,680,666,0.05,20.98,21.2,-181.102,3,65.69,89999,3/01/15,4/01/15,High,Regular Air,1988,1988,Anna Burgess,Home Office,United States,West,Utah,Draper,84020,36X48 HARDFLOOR CHAIRMAT,Furniture,Office Furnishings,Medium Box,0.78
1056,681,466,0.04,355.98,58.92,882.93,8,2748.21,90000,21/01/15,22/01/15,Not Specified,Delivery Truck,1989,1989,David Weaver,Home Office,United States,West,Utah,Holladay,84117,Hon 4700 Series Mobuis™ Mid-Back Task Chairs with Adjustable Arms,Furniture,Chairs & Chairmats,Jumbo Drum,0.64
1057,681,443,0.09,19.98,8.68,6.6804,5,93.19,90000,21/01/15,22/01/15,Not Specified,Regular Air,1989,1989,David Weaver,Home Office,United States,West,Utah,Holladay,84117,Southworth 25% Cotton Premium Laser Paper and Envelopes,Office Supplies,Paper,Small Box,0.37
1058,682,661,0.01,30.98,6.5,46.29,11,363.37,90001,15/05/15,16/05/15,High,Regular Air,1989,1989,David Weaver,Corporate,United States,West,Utah,Holladay,84117,Belkin ErgoBoard™ Keyboard,Technology,Computer Peripherals,Small Box,0.64
1059,682,667,0.01,40.99,19.99,177.79,11,480.75,90001,15/05/15,18/05/15,High,Regular Air,1989,1989,David Weaver,Corporate,United States,West,Utah,Holladay,84117,"White Dual Perf Computer Printout Paper, 2700 Sheets, 1 Part, Heavyweight, 20 lbs., 14 7/8 x 11",Office Supplies,Paper,Small Box,0.36
1060,681,668,0.1,1.6,1.29,-14.9904,11,16.88,90003,30/04/15,30/04/15,Medium,Regular Air,1989,1989,David Weaver,Home Office,United States,West,Utah,Holladay,84117,Sanford Pocket Accent® Highlighters,Office Supplies,Pens & Art Supplies,Wrap Bag,0.42
1061,683,669,0.0,47.9,5.86,638.3811,18,925.19,90002,22/02/15,24/02/15,Medium,Regular Air,1991,1991,Paula Hubbard,Home Office,United States,West,Utah,Kearns,84118,Xerox 1938,Office Supplies,Paper,Small Box,0.37
1062,684,323,0.1,125.99,8.99,17.652,4,408.66,90333,25/01/15,28/01/15,Not Specified,Regular Air,1997,1997,Harriet Bowman,Consumer,United States,South,South Carolina,Hilton Head Island,29915,5170i,Technology,Telephones and Communication,Small Box,0.57
1063,684,528,0.01,16.48,1.99,739.674,7,122.93,90334,7/05/15,8/05/15,Medium,Regular Air,1997,1997,Harriet Bowman,Consumer,United States,South,South Carolina,Hilton Head Island,29915,Maxell DVD-RAM Discs,Technology,Computer Peripherals,Small Pack,0.42
1064,684,670,0.0,24.92,12.98,-23.156,1,32.66,90335,2/06/15,2/06/15,Low,Regular Air,1997,1997,Harriet Bowman,Consumer,United States,South,South Carolina,Hilton Head Island,29915,GBC Standard Therm-A-Bind Covers,Office Supplies,Binders and Binder Accessories,Small Box,0.39
1065,685,8,0.06,4.42,4.99,-10.435,3,14.85,90568,3/06/15,5/06/15,Not Specified,Regular Air,1998,1998,Judy Frazier,Corporate,United States,East,New York,East Massapequa,11758,Grip Seal Envelopes,Office Supplies,Envelopes,Small Box,0.38
1066,686,22,0.06,4.24,5.41,-78.91668,10,45.0,91277,17/04/15,19/04/15,Medium,Regular Air,2004,2004,James Dickinson Ball,Home Office,United States,West,Montana,Bozeman,59715,Storex DuraTech Recycled Plastic Frosted Binders,Office Supplies,Binders and Binder Accessories,Small Box,0.35
1066,686,460,0.04,6783.02,24.49,-13562.63741,1,6569.07,91277,17/04/15,19/04/15,Medium,Regular Air,2004,2004,James Dickinson Ball,Home Office,United States,West,Montana,Bozeman,59715,Polycom ViewStation™ ISDN Videoconferencing Unit,Technology,Office Machines,Large Box,0.39
1067,687,671,0.03,5.78,5.37,-63.35,15,88.22,88798,5/03/15,6/03/15,Not Specified,Regular Air,2006,2006,Cynthia Khan,Home Office,United States,West,Colorado,Durango,81301,Xerox 1950,Office Supplies,Paper,Small Box,0.36
1068,688,631,0.1,10.48,2.89,-8.904,4,40.29,86874,18/06/15,19/06/15,Medium,Regular Air,2016,2016,Wayne Bean,Corporate,United States,Central,Michigan,Southgate,48195,Staples Battery-Operated Desktop Pencil Sharpener,Office Supplies,Pens & Art Supplies,Small Pack,0.6
1069,689,247,0.07,39.48,1.99,88.72,4,151.27,88367,22/03/15,24/03/15,High,Regular Air,2014,2014,Cathy Simon,Home Office,United States,Central,Iowa,Council Bluffs,51503,"80 Minute CD-R Spindle, 100/Pack - Staples",Technology,Computer Peripherals,Small Pack,0.54
1069,689,42,0.0,4.91,0.5,7.2519,2,10.51,88367,22/03/15,24/03/15,High,Regular Air,2014,2014,Cathy Simon,Home Office,United States,Central,Iowa,Council Bluffs,51503,Avery 493,Office Supplies,Labels,Small Box,0.36
1070,689,672,0.06,6.48,7.49,-191.49,12,74.93,88368,4/04/15,4/04/15,Critical,Regular Air,2014,2014,Cathy Simon,Home Office,United States,Central,Iowa,Council Bluffs,51503,Xerox 220,Office Supplies,Paper,Small Box,0.37
1071,690,673,0.02,120.98,58.64,-1330.5,11,1370.99,86933,13/02/15,15/02/15,Critical,Delivery Truck,2020,2020,Erika Jordan,Home Office,United States,East,Pennsylvania,Plum,15239,O'Sullivan Living Dimensions 2-Shelf Bookcases,Furniture,Bookcases,Jumbo Box,0.75
1072,691,674,0.04,120.97,7.11,1320.5496,16,1913.84,91059,17/03/15,17/03/15,Critical,Regular Air,2030,2030,Lindsay O'Connell,Corporate,United States,Central,Texas,Greenville,75401,Canon BP1200DH 12-Digit Bubble Jet Printing Calculator,Technology,Office Machines,Medium Box,0.36
1073,691,675,0.0,195.99,4.2,1585.503,16,2692.12,91059,17/03/15,19/03/15,Critical,Regular Air,2030,2030,Lindsay O'Connell,Corporate,United States,Central,Texas,Greenville,75401,688,Technology,Telephones and Communication,Small Box,0.6
1074,691,210,0.03,55.98,4.86,526.0422,13,762.38,91060,18/03/15,20/03/15,Medium,Regular Air,2030,2030,Lindsay O'Connell,Corporate,United States,Central,Texas,Greenville,75401,Xerox 1908,Office Supplies,Paper,Small Box,0.36
1075,692,676,0.1,1.89,0.76,-40.432,20,36.72,87117,18/05/15,20/05/15,Critical,Regular Air,2035,2035,Jon Ward,Consumer,United States,South,Florida,Palm Beach Gardens,33403,Revere Boxed Rubber Bands by Revere,Office Supplies,Rubber Bands,Wrap Bag,0.83
1076,693,491,0.0,73.98,14.52,-88.61,4,305.71,89333,12/03/15,14/03/15,Not Specified,Regular Air,2037,2037,Lynda Herman,Small Business,United States,West,Montana,Bozeman,59715,Keytronic French Keyboard,Technology,Computer Peripherals,Small Box,0.65
1077,694,401,0.06,40.99,17.48,109.16,7,277.12,89334,21/04/15,21/04/15,High,Regular Air,2038,2038,Peter Adams,Small Business,United States,East,New York,Mount Vernon,10550,Xerox 1893,Office Supplies,Paper,Small Box,0.36
1078,695,429,0.09,20.99,2.5,-136.122,6,100.11,88692,24/06/15,1/07/15,Low,Regular Air,2044,2044,Jay Simon,Corporate,United States,South,Arkansas,Rogers,72756,Accessory37,Technology,Telephones and Communication,Wrap Bag,0.81
1079,696,677,0.04,4.28,5.68,-27.375,7,31.54,88219,12/06/15,14/06/15,Critical,Regular Air,2046,2046,Eileen Schwartz,Corporate,United States,Central,Kansas,Liberal,67901,Xerox 199,Office Supplies,Paper,Small Box,0.4
1080,696,678,0.06,376.13,85.63,-435.7575,13,4634.69,88219,12/06/15,14/06/15,Critical,Delivery Truck,2046,2046,Eileen Schwartz,Corporate,United States,Central,Kansas,Liberal,67901,Bretford Rectangular Conference Table Tops,Furniture,Tables,Jumbo Box,0.74
1081,696,659,0.06,424.21,110.2,682.53,17,7304.03,88219,12/06/15,13/06/15,Critical,Delivery Truck,2046,2046,Eileen Schwartz,Corporate,United States,Central,Kansas,Liberal,67901,Bush Advantage Collection® Racetrack Conference Table,Furniture,Tables,Jumbo Box,0.67
1079,696,259,0.06,195.99,8.99,-277.222,4,632.65,88219,12/06/15,14/06/15,Critical,Regular Air,2046,2046,Eileen Schwartz,Corporate,United States,Central,Kansas,Liberal,67901,T28 WORLD,Technology,Telephones and Communication,Small Box,0.6
1082,697,109,0.03,15.28,1.99,-266.686,19,290.98,88220,21/06/15,23/06/15,High,Regular Air,2049,2049,Kenneth Pollock,Corporate,United States,South,Virginia,Harrisonburg,22801,"Memorex 4.7GB DVD+R, 3/Pack",Technology,Computer Peripherals,Small Pack,0.42
1083,697,679,0.09,1.76,0.7,-12.278,13,21.77,88220,21/06/15,24/06/15,High,Regular Air,2049,2049,Kenneth Pollock,Corporate,United States,South,Virginia,Harrisonburg,22801,Newell 326,Office Supplies,Pens & Art Supplies,Wrap Bag,0.56
1084,698,324,0.07,31.78,1.99,265.1118,13,384.22,87234,19/02/15,21/02/15,Not Specified,Regular Air,2052,2052,Francis Kendall,Home Office,United States,West,New Mexico,Albuquerque,87105,"Memorex 4.7GB DVD-RAM, 3/Pack",Technology,Computer Peripherals,Small Pack,0.42
1085,698,71,0.0,5.98,2.5,9.5608,5,31.64,87234,19/02/15,20/02/15,Not Specified,Regular Air,2052,2052,Francis Kendall,Home Office,United States,West,New Mexico,Albuquerque,87105,Wausau Papers Astrobrights® Colored Envelopes,Office Supplies,Envelopes,Small Box,0.36
1086,698,338,0.1,35.99,1.1,390.0984,19,565.36,87234,19/02/15,20/02/15,Not Specified,Express Air,2052,2052,Francis Kendall,Home Office,United States,West,New Mexico,Albuquerque,87105,Accessory35,Technology,Telephones and Communication,Small Box,0.55
1087,699,383,0.07,5.98,5.46,46.65,5,32.76,88040,13/02/15,15/02/15,Medium,Regular Air,2058,2058,Louise Webster Sharma,Corporate,United States,South,North Carolina,Hickory,28601,Xerox 1983,Office Supplies,Paper,Small Box,0.36
1088,700,138,0.09,28.48,1.99,-1250.746,13,336.92,88039,17/01/15,18/01/15,Not Specified,Regular Air,2059,2059,Nathan Newton,Corporate,United States,South,North Carolina,High Point,27260,"Memorex 4.7GB DVD+RW, 3/Pack",Technology,Computer Peripherals,Small Pack,0.4
1089,700,680,0.1,9.85,4.82,374.904,12,114.91,88041,27/03/15,28/03/15,Critical,Regular Air,2059,2059,Nathan Newton,Corporate,United States,South,North Carolina,High Point,27260,Lumber Crayons,Office Supplies,Pens & Art Supplies,Wrap Bag,0.47
1089,700,444,0.04,125.99,7.69,-528.836,9,934.52,88041,27/03/15,28/03/15,Critical,Regular Air,2059,2059,Nathan Newton,Corporate,United States,South,North Carolina,High Point,27260,Timeport L7089,Technology,Telephones and Communication,Small Box,0.58
1090,701,681,0.02,240.98,60.2,-272.7132,1,260.66,87146,29/01/15,31/01/15,Medium,Delivery Truck,2061,2061,Marianne Carey,Corporate,United States,Central,Nebraska,North Platte,69101,"Atlantic Metals Mobile 2-Shelf Bookcases, Custom Colors",Furniture,Bookcases,Jumbo Box,0.56
1091,702,538,0.02,420.98,19.99,-162.694,10,4249.37,87146,29/01/15,1/02/15,Medium,Regular Air,2062,2062,Alfred Singh,Corporate,United States,South,Virginia,Mechanicsville,23111,GBC DocuBind 200 Manual Binding Machine,Office Supplies,Binders and Binder Accessories,Small Box,0.35
1092,702,35,0.04,291.73,48.8,-115.9039,22,6676.61,87148,26/06/15,30/06/15,Low,Delivery Truck,2062,2062,Alfred Singh,Corporate,United States,South,Virginia,Mechanicsville,23111,Hon 4070 Series Pagoda™ Armless Upholstered Stacking Chairs,Furniture,Chairs & Chairmats,Jumbo Drum,0.56
1093,703,396,0.06,300.97,7.18,-729.988,1,291.4,87147,8/05/15,8/05/15,Low,Regular Air,2063,2063,Todd D Norris,Corporate,United States,South,Virginia,Newport News,23602,Gyration Ultra Professional Cordless Optical Suite,Technology,Computer Peripherals,Small Box,0.48
1094,704,255,0.09,20.89,11.52,-133.546,7,146.5,85833,26/03/15,27/03/15,Medium,Regular Air,2066,2066,Claudia Webb,Home Office,United States,South,North Carolina,Indian Trail,28079,"Iris® 3-Drawer Stacking Bin, Black",Office Supplies,Storage & Organization,Small Box,0.83
1095,704,161,0.09,20.99,4.81,272.694,2,38.98,85834,31/03/15,1/04/15,Critical,Express Air,2066,2066,Claudia Webb,Home Office,United States,South,North Carolina,Indian Trail,28079,1726 Digital Answering Machine,Technology,Telephones and Communication,Medium Box,0.58
1096,705,22,0.1,4.24,5.41,-61.6,8,34.16,85835,19/04/15,23/04/15,Low,Regular Air,2066,2066,Claudia Webb,Corporate,United States,South,North Carolina,Indian Trail,28079,Storex DuraTech Recycled Plastic Frosted Binders,Office Supplies,Binders and Binder Accessories,Small Box,0.35
1097,706,458,0.1,40.98,6.5,66.852,3,120.34,88554,12/01/15,14/01/15,Medium,Regular Air,2069,2069,Elsie Boykin,Consumer,United States,South,Kentucky,Fort Thomas,41075,Targus USB Numeric Keypad,Technology,Computer Peripherals,Small Box,0.74
1098,707,352,0.07,35.99,5.99,17.8398,5,153.61,88558,16/05/15,20/05/15,Low,Regular Air,2070,2070,Kelly Collins,Corporate,United States,Central,Michigan,Eastpointe,48021,Accessory41,Technology,Telephones and Communication,Wrap Bag,0.38
1099,708,682,0.03,60.98,1.99,976.2672,23,1414.88,88555,1/02/15,1/02/15,Not Specified,Regular Air,2071,2071,Victor Cherry,Corporate,United States,Central,Michigan,Farmington Hills,48336,Imation 5.2GB DVD-RAM,Technology,Computer Peripherals,Small Pack,0.5
1100,708,683,0.04,3.08,0.99,23.2047,11,33.63,88555,1/02/15,2/02/15,Not Specified,Regular Air,2071,2071,Victor Cherry,Corporate,United States,Central,Michigan,Farmington Hills,48336,Avery 481,Office Supplies,Labels,Small Box,0.37
1101,708,413,0.08,65.99,5.92,183.843,20,1063.81,88558,16/05/15,23/05/15,Low,Express Air,2071,2071,Victor Cherry,Corporate,United States,Central,Michigan,Farmington Hills,48336,i500plus,Technology,Telephones and Communication,Small Box,0.58
1102,709,684,0.0,10.31,1.79,167.463,23,242.7,88555,1/02/15,3/02/15,Not Specified,Regular Air,2072,2072,Malcolm S Lanier,Corporate,United States,Central,Michigan,Flint,48505,"Speediset Carbonless Redi-Letter® 7"" x 8 1/2""",Office Supplies,Paper,Wrap Bag,0.38
1103,709,344,0.09,260.98,41.91,1307.2692,14,3377.06,88556,11/02/15,13/02/15,High,Delivery Truck,2072,2072,Malcolm S Lanier,Corporate,United States,Central,Michigan,Flint,48505,"Atlantic Metals Mobile 3-Shelf Bookcases, Custom Colors",Furniture,Bookcases,Jumbo Box,0.59
1104,709,685,0.01,10.52,7.94,-15.8184,11,123.93,88556,11/02/15,13/02/15,High,Regular Air,2072,2072,Malcolm S Lanier,Corporate,United States,Central,Michigan,Flint,48505,Ultra Door Pull Handle,Furniture,Office Furnishings,Small Pack,0.52
1105,709,686,0.02,5.98,7.5,-55.8324,14,93.96,88556,11/02/15,13/02/15,High,Express Air,2072,2072,Malcolm S Lanier,Corporate,United States,Central,Michigan,Flint,48505,Xerox 1920,Office Supplies,Paper,Small Box,0.4
1106,710,35,0.05,291.73,48.8,550.3808,6,1818.41,88557,7/04/15,9/04/15,Not Specified,Delivery Truck,2073,2073,Evan Kelley,Consumer,United States,Central,Michigan,Garden City,48135,Hon 4070 Series Pagoda™ Armless Upholstered Stacking Chairs,Furniture,Chairs & Chairmats,Jumbo Drum,0.56
1107,711,687,0.09,1.48,0.7,1.68,6,8.95,86092,3/01/15,5/01/15,Low,Regular Air,2081,2081,Matthew Conway,Corporate,United States,East,New York,Ithaca,14853,Binder Clips by OIC,Office Supplies,Rubber Bands,Wrap Bag,0.37
1108,712,688,0.06,38.06,4.5,450.4596,17,652.84,88348,30/06/15,6/07/15,Low,Regular Air,2089,2089,Annie Odom,Corporate,United States,East,New York,New City,10956,Fellowes Superior 10 Outlet Split Surge Protector,Office Supplies,Appliances,Small Box,0.56
1109,712,689,0.08,599.99,24.49,8798.1831,22,12750.99,88348,30/06/15,8/07/15,Low,Regular Air,2089,2089,Annie Odom,Corporate,United States,East,New York,New City,10956,Hewlett Packard LaserJet 3310 Copier,Technology,Copiers and Fax,Large Box,0.37
1110,712,690,0.1,3.98,2.97,-5.385,5,20.54,88348,30/06/15,4/07/15,Low,Express Air,2089,2089,Annie Odom,Corporate,United States,East,New York,New City,10956,Unpadded Memo Slips,Office Supplies,Paper,Wrap Bag,0.35
1111,713,691,0.08,400.98,42.52,3031.9724,20,7840.04,86629,5/02/15,6/02/15,Medium,Delivery Truck,2094,2094,Vernon Hirsch Singleton,Corporate,United States,West,California,Chico,95928,Bretford CR8500 Series Meeting Room Furniture,Furniture,Tables,Jumbo Box,0.71
1112,714,396,0.1,300.97,7.18,138.018,4,1094.33,87889,18/04/15,19/04/15,Medium,Regular Air,2097,2097,Patsy Shea,Home Office,United States,South,South Carolina,Hilton Head Island,29915,Gyration Ultra Professional Cordless Optical Suite,Technology,Computer Peripherals,Small Box,0.48
1113,715,692,0.06,39.89,3.04,38.874,10,389.97,87889,18/04/15,20/04/15,Medium,Regular Air,2098,2098,Tracy Dyer,Home Office,United States,South,South Carolina,Mount Pleasant,29464,Ultra Commercial Grade Dual Valve Door Closer,Furniture,Office Furnishings,Wrap Bag,0.53
1114,716,325,0.07,14.56,3.5,-45.528,6,84.59,87888,8/01/15,9/01/15,Not Specified,Regular Air,2099,2099,Nathan Fox,Home Office,United States,South,South Carolina,Myrtle Beach,29577,Acco 6 Outlet Guardian Premium Surge Suppressor,Office Supplies,Appliances,Small Box,0.58
1115,717,80,0.05,399.98,12.06,567.59,24,9666.72,39015,6/06/15,6/06/15,Medium,Delivery Truck,2107,2107,Leigh Burnette Hurley,Corporate,United States,Central,Illinois,Chicago,60601,Okidata ML320 Series Turbo Dot Matrix Printers,Technology,Office Machines,Jumbo Box,0.56
1116,717,693,0.07,6.48,5.74,-28.45,20,134.58,39015,6/06/15,6/06/15,Medium,Regular Air,2107,2107,Leigh Burnette Hurley,Corporate,United States,Central,Illinois,Chicago,60601,Xerox 1994,Office Supplies,Paper,Small Box,0.37
1117,718,693,0.07,6.48,5.74,-14.225,5,33.65,87862,6/06/15,6/06/15,Medium,Regular Air,2108,2108,Alfred Barber,Corporate,United States,Central,Missouri,Mehlville,63129,Xerox 1994,Office Supplies,Paper,Small Box,0.37
1118,719,694,0.08,6.68,1.5,-601.804,10,66.12,88403,26/03/15,28/03/15,Critical,Regular Air,2114,2114,Paige Mason,Corporate,United States,South,Virginia,Norfolk,23518,Sanford Liquid Accent Highlighters,Office Supplies,Pens & Art Supplies,Wrap Bag,0.48
1119,719,695,0.08,2.89,0.49,38.406,1,3.07,88404,23/04/15,23/04/15,Critical,Regular Air,2114,2114,Paige Mason,Corporate,United States,South,Virginia,Norfolk,23518,*Staples* Packaging Labels,Office Supplies,Labels,Small Box,0.38
1120,719,562,0.07,226.67,28.16,53.1144,1,255.83,88405,26/02/15,27/02/15,Critical,Delivery Truck,2114,2114,Paige Mason,Corporate,United States,South,Virginia,Norfolk,23518,Hon GuestStacker Chair,Furniture,Chairs & Chairmats,Jumbo Drum,0.59
1121,719,212,0.08,20.98,53.03,8.742,20,421.18,88405,26/02/15,28/02/15,Critical,Delivery Truck,2114,2114,Paige Mason,Corporate,United States,South,Virginia,Norfolk,23518,"Tennsco Lockers, Gray",Office Supplies,Storage & Organization,Jumbo Drum,0.78
1122,720,696,0.02,95.95,74.35,636.522,14,1377.46,88406,29/04/15,1/05/15,Medium,Delivery Truck,2115,2115,Jeffrey Lloyd,Corporate,United States,South,Virginia,Oakton,22124,Bevis Steel Folding Chairs,Furniture,Chairs & Chairmats,Jumbo Drum,0.57
1123,721,697,0.03,320.98,24.49,4554.4347,20,6600.63,90891,20/04/15,22/04/15,High,Regular Air,2117,2117,Jack Hatcher,Home Office,United States,Central,Texas,Greenville,75401,Hon Pagoda™ Stacking Chairs,Furniture,Chairs & Chairmats,Large Box,0.55
1124,721,698,0.06,125.99,8.8,618.19308,18,1811.99,90891,20/04/15,21/04/15,High,Regular Air,2117,2117,Jack Hatcher,Home Office,United States,Central,Texas,Greenville,75401,StarTAC 6500,Technology,Telephones and Communication,Small Box,0.59
1125,722,699,0.06,80.97,33.6,-15.1844,10,799.76,89664,1/02/15,3/02/15,Critical,Delivery Truck,2122,2122,Carolyn Fisher,Consumer,United States,South,Arkansas,Sherwood,72116,Lexmark Z25 Color Inkjet Printer,Technology,Office Machines,Jumbo Drum,0.37
1126,723,399,0.04,45.19,1.99,-61.194,13,609.09,89665,1/01/15,2/01/15,High,Regular Air,2124,2124,Paige Powers,Consumer,United States,South,Arkansas,West Memphis,72301,"Verbatim DVD-RAM, 9.4GB, Rewritable, Type 1, DS, DataLife Plus",Technology,Computer Peripherals,Small Pack,0.55
1127,724,157,0.03,124.49,51.94,18.174,21,2761.94,89666,26/03/15,27/03/15,High,Delivery Truck,2124,2124,Paige Powers,Corporate,United States,South,Arkansas,West Memphis,72301,Bevis 36 x 72 Conference Tables,Furniture,Tables,Jumbo Box,0.63
1128,725,700,0.1,5.98,5.14,-49.53,6,33.95,88418,18/03/15,20/03/15,Critical,Regular Air,2127,2127,Joyce Kern,Home Office,United States,Central,Michigan,Sterling Heights,48310,Xerox 1974,Office Supplies,Paper,Small Box,0.36
1129,726,701,0.09,150.98,66.27,-407.85,2,302.34,90079,3/01/15,4/01/15,High,Delivery Truck,2131,2131,Mary Hewitt,Home Office,United States,Central,Missouri,Gladstone,64118,Bush Mission Pointe Library,Furniture,Bookcases,Jumbo Box,0.65
1130,727,436,0.05,30.42,8.65,-191.2576,11,334.44,90078,10/01/15,14/01/15,Low,Express Air,2132,2132,Philip Hawkins,Home Office,United States,Central,Missouri,Hazelwood,63042,"Fellowes Internet Keyboard, Platinum",Technology,Computer Peripherals,Small Box,0.74
1131,728,702,0.01,28.99,8.59,196.52328,21,556.61,91583,6/02/15,7/02/15,High,Regular Air,2135,2135,Melvin Kendall,Home Office,United States,West,New Mexico,Clovis,88101,SouthWestern Bell FA970 Digital Answering Machine with Time/Day Stamp,Technology,Telephones and Communication,Medium Box,0.56
1132,729,345,0.0,6.98,1.6,-343.868,9,64.48,86002,31/01/15,2/02/15,Not Specified,Regular Air,2137,2137,Crystal Crabtree,Corporate,United States,South,Florida,West Palm Beach,33407,"Adams Phone Message Book, Professional, 400 Message Capacity, 5 3/6” x 11”",Office Supplies,Paper,Wrap Bag,0.38
1133,730,442,0.05,2550.14,29.7,-3971.0628,2,4845.27,86003,16/04/15,17/04/15,Critical,Delivery Truck,2139,2139,Jon Kendall,Corporate,United States,Central,Wisconsin,Watertown,53094,Epson DFX-8500 Dot Matrix Printer,Technology,Office Machines,Jumbo Drum,0.57
1134,731,427,0.01,5.44,7.46,-18.4782,3,19.68,87570,18/02/15,19/02/15,High,Regular Air,2141,2141,Molly Webster,Home Office,United States,West,Colorado,Durango,81301,Wilson Jones Custom Binder Spines & Labels,Office Supplies,Binders and Binder Accessories,Small Box,0.36
1135,731,230,0.02,549.99,49.0,-381.8412,18,9798.84,87570,18/02/15,20/02/15,High,Delivery Truck,2141,2141,Molly Webster,Home Office,United States,West,Colorado,Durango,81301,Sharp 1540cs Digital Laser Copier,Technology,Copiers and Fax,Jumbo Drum,0.35
1136,731,703,0.03,22.01,5.53,12.5504,7,154.11,87570,18/02/15,19/02/15,High,Express Air,2141,2141,Molly Webster,Home Office,United States,West,Colorado,Durango,81301,Boston 16801 Nautilus™ Battery Pencil Sharpener,Office Supplies,Pens & Art Supplies,Small Pack,0.59
1137,731,704,0.09,34.76,8.22,45.3324,7,242.97,87570,18/02/15,20/02/15,High,Regular Air,2141,2141,Molly Webster,Home Office,United States,West,Colorado,Durango,81301,"Multi-Use Personal File Cart and Caster Set, Three Stacking Bins",Office Supplies,Storage & Organization,Small Box,0.57
1138,732,207,0.08,17.15,4.96,33.66,12,200.61,87569,13/06/15,16/06/15,High,Regular Air,2143,2143,Lester Sawyer,Home Office,United States,South,Virginia,Fairfax,20151,Advantus Rolling Storage Box,Office Supplies,Storage & Organization,Small Box,0.58
1139,733,662,0.0,20.28,14.39,15.678,11,237.83,87072,10/02/15,12/02/15,Medium,Regular Air,2145,2145,Kerry Hardy,Corporate,United States,South,Florida,Fort Lauderdale,33311,"Career Cubicle Clock, 8 1/4"", Black",Furniture,Office Furnishings,Small Box,0.47
1140,734,127,0.05,20.34,35.0,52.776,2,53.02,87071,6/01/15,10/01/15,Low,Regular Air,2146,2146,Courtney Boyd,Corporate,United States,South,Virginia,Fairfax,20151,Tennsco Commercial Shelving,Office Supplies,Storage & Organization,Large Box,0.84
1141,735,705,0.08,243.98,43.32,-162.8244,1,248.84,90404,5/01/15,6/01/15,Not Specified,Delivery Truck,2151,2151,Melinda Rogers,Corporate,United States,Central,Iowa,Dubuque,52001,"Hon Deluxe Fabric Upholstered Stacking Chairs, Rounded Back",Furniture,Chairs & Chairmats,Jumbo Drum,0.55
1142,735,706,0.08,5.74,5.01,-6.93082,1,7.21,90405,9/02/15,11/02/15,High,Regular Air,2151,2151,Melinda Rogers,Corporate,United States,Central,Iowa,Dubuque,52001,Binder Posts,Office Supplies,Binders and Binder Accessories,Small Box,0.39
1143,736,707,0.05,55.5,52.2,-118.54,4,253.87,90385,16/03/15,16/03/15,Low,Regular Air,2157,2157,Tom Hoyle Honeycutt,Home Office,United States,Central,Michigan,Warren,48093,Eldon Cleatmat® Chair Mats for Medium Pile Carpets,Furniture,Office Furnishings,Medium Box,0.72
1144,736,111,0.05,442.14,14.7,2963.48,14,5880.46,90385,16/03/15,25/03/15,Low,Delivery Truck,2157,2157,Tom Hoyle Honeycutt,Home Office,United States,Central,Michigan,Warren,48093,Okidata ML390 Turbo Dot Matrix Printers,Technology,Office Machines,Jumbo Drum,0.56
1145,736,614,0.07,30.93,3.92,398.3025,19,577.25,90386,3/05/15,4/05/15,High,Regular Air,2157,2157,Tom Hoyle Honeycutt,Home Office,United States,Central,Michigan,Warren,48093,"Advantus Employee of the Month Certificate Frame, 11 x 13-1/2",Furniture,Office Furnishings,Small Pack,0.44
1146,736,708,0.05,297.48,18.06,709.852,14,4075.18,90386,3/05/15,4/05/15,High,Delivery Truck,2157,2157,Tom Hoyle Honeycutt,Home Office,United States,Central,Michigan,Warren,48093,Panasonic KX-P3200 Dot Matrix Printer,Technology,Office Machines,Jumbo Drum,0.6
1147,736,38,0.07,296.18,54.12,80.8092,6,1798.23,90386,3/05/15,5/05/15,High,Delivery Truck,2157,2157,Tom Hoyle Honeycutt,Home Office,United States,Central,Michigan,Warren,48093,Hon 94000 Series Round Tables,Furniture,Tables,Jumbo Box,0.76
1148,737,709,0.08,30.98,8.74,371.272,25,727.2,90387,20/05/15,21/05/15,Medium,Regular Air,2159,2159,Wesley Field,Corporate,United States,Central,Michigan,Westland,48185,Xerox 1979,Office Supplies,Paper,Small Box,0.4
1149,738,710,0.09,159.31,60.0,77.0008954,41,6173.42,90387,20/05/15,22/05/15,Medium,Delivery Truck,2162,2162,Brenda Jain,Corporate,United States,East,Pennsylvania,Sharon,16146,Hon Non-Folding Utility Tables,Furniture,Tables,Jumbo Drum,0.55
1150,738,135,0.06,55.99,5.0,27.9686,33,1553.7,90387,20/05/15,22/05/15,Medium,Regular Air,2162,2162,Brenda Jain,Corporate,United States,East,Pennsylvania,Sharon,16146,Accessory36,Technology,Telephones and Communication,Small Pack,0.83
1151,739,711,0.01,5.38,7.57,-66.77958,3,18.68,88794,9/01/15,10/01/15,Not Specified,Regular Air,2164,2164,Harry Sellers,Small Business,United States,West,California,Pasadena,91104,"Acco PRESSTEX® Data Binder with Storage Hooks, Dark Blue, 9 1/2"" X 11""",Office Supplies,Binders and Binder Accessories,Small Box,0.36
1152,739,366,0.05,3.28,3.97,-144.9188,11,36.3,88794,9/01/15,9/01/15,Not Specified,Regular Air,2164,2164,Harry Sellers,Small Business,United States,West,California,Pasadena,91104,Newell 337,Office Supplies,Pens & Art Supplies,Wrap Bag,0.56
1153,740,712,0.09,2.78,0.97,-5.0716,6,16.03,88794,9/01/15,11/01/15,Not Specified,Regular Air,2165,2165,Melanie Knight,Small Business,United States,East,Maine,Augusta,4330,Newell 339,Office Supplies,Pens & Art Supplies,Wrap Bag,0.59
1154,741,203,0.08,2.94,0.96,-1.18,9,25.35,89465,27/01/15,29/01/15,Medium,Regular Air,2178,2178,Judy Hall,Small Business,United States,East,Massachusetts,Worcester,1610,Newell 343,Office Supplies,Pens & Art Supplies,Wrap Bag,0.58
1155,742,687,0.0,1.48,0.7,-203.098,12,19.32,91571,15/06/15,17/06/15,Not Specified,Regular Air,2183,2183,Sheryl Reese,Home Office,United States,South,Kentucky,Owensboro,42301,Binder Clips by OIC,Office Supplies,Rubber Bands,Wrap Bag,0.37
1156,743,713,0.09,16.98,12.39,-48.57,5,86.8,89440,8/05/15,10/05/15,High,Regular Air,2187,2187,Joanne Spivey,Corporate,United States,Central,Missouri,Independence,64055,Brown Kraft Recycled Envelopes,Office Supplies,Envelopes,Small Box,0.35
1157,744,713,0.09,16.98,12.39,-48.57,22,381.91,7364,8/05/15,10/05/15,High,Regular Air,2189,2189,Frank Cross,Corporate,United States,East,New York,New York City,10177,Brown Kraft Recycled Envelopes,Office Supplies,Envelopes,Small Box,0.35
1158,745,714,0.05,16.98,7.78,-47.28,45,761.67,41636,14/02/15,16/02/15,Critical,Regular Air,2190,2190,Marvin Patrick,Home Office,United States,Central,Michigan,Detroit,48227,Stanley Bostitch Contemporary Electric Pencil Sharpeners,Office Supplies,Pens & Art Supplies,Small Pack,0.57
1158,745,715,0.03,115.99,4.23,722.241,49,5014.07,41636,14/02/15,16/02/15,Critical,Regular Air,2190,2190,Marvin Patrick,Home Office,United States,Central,Michigan,Detroit,48227,282,Technology,Telephones and Communication,Small Box,0.56
1159,746,714,0.05,16.98,7.78,-161.0,11,186.19,90685,14/02/15,16/02/15,Critical,Regular Air,2193,2193,Donald Melton,Home Office,United States,South,North Carolina,New Bern,28560,Stanley Bostitch Contemporary Electric Pencil Sharpeners,Office Supplies,Pens & Art Supplies,Small Pack,0.57
1159,746,715,0.03,115.99,4.23,848.3646,12,1227.94,90685,14/02/15,16/02/15,Critical,Regular Air,2193,2193,Donald Melton,Home Office,United States,South,North Carolina,New Bern,28560,282,Technology,Telephones and Communication,Small Box,0.56
1160,747,313,0.03,27.48,4.0,-88.8408,11,294.97,89175,7/04/15,8/04/15,Medium,Regular Air,2196,2196,Gene Heath Cross,Small Business,United States,East,New York,Jamestown,14701,Belkin MediaBoard 104- Keyboard,Technology,Computer Peripherals,Small Box,0.75
1160,747,197,0.1,179.99,19.99,1208.9904,14,2458.05,89175,7/04/15,8/04/15,Medium,Regular Air,2196,2196,Gene Heath Cross,Small Business,United States,East,New York,Jamestown,14701,Motorola SB4200 Cable Modem,Technology,Computer Peripherals,Small Box,0.48
1161,747,716,0.1,140.85,19.99,9.9912,19,2465.75,89175,7/04/15,9/04/15,Medium,Regular Air,2196,2196,Gene Heath Cross,Small Business,United States,East,New York,Jamestown,14701,"Fellowes Strictly Business® Drawer File, Letter/Legal Size",Office Supplies,Storage & Organization,Small Box,0.73
1162,748,717,0.08,100.97,7.18,126.225,7,650.25,89176,26/06/15,27/06/15,Critical,Regular Air,2197,2197,Karen O'Donnell,Small Business,United States,East,New York,Levittown,11756,Gyration Ultra Cordless Optical Suite,Technology,Computer Peripherals,Small Box,0.46
1162,748,272,0.0,13.4,4.95,187.7628,19,272.12,89176,26/06/15,27/06/15,Critical,Regular Air,2197,2197,Karen O'Donnell,Small Business,United States,East,New York,Levittown,11756,Electrix 20W Halogen Replacement Bulb for Zoom-In Desk Lamp,Furniture,Office Furnishings,Small Pack,0.37
1163,749,718,0.03,25.98,4.08,295.9065,16,428.85,89174,22/05/15,25/05/15,Not Specified,Regular Air,2198,2198,Lester Woodward Maynard,Small Business,United States,East,New York,Lindenhurst,11757,Boston 1799 Powerhouse™ Electric Pencil Sharpener,Office Supplies,Pens & Art Supplies,Small Pack,0.57
1164,749,212,0.1,20.98,53.03,-2111.36,16,342.54,89174,22/05/15,22/05/15,Not Specified,Delivery Truck,2198,2198,Lester Woodward Maynard,Small Business,United States,East,New York,Lindenhurst,11757,"Tennsco Lockers, Gray",Office Supplies,Storage & Organization,Jumbo Drum,0.78
1165,750,719,0.17,14.89,13.56,-9.13,1,27.96,86054,25/03/15,27/03/15,Critical,Regular Air,2201,2201,David Hoyle,Small Business,United States,Central,Minnesota,Bloomington,55420,Tensor Computer Mounted Lamp,Furniture,Office Furnishings,Large Box,0.58
1166,751,49,0.09,160.98,30.0,357.428,11,1635.38,86050,31/01/15,31/01/15,Low,Delivery Truck,2202,2202,Laurie Howe,Home Office,United States,Central,Minnesota,Brooklyn Center,55429,Office Star - Mid Back Dual function Ergonomic High Back Chair with 2-Way Adjustable Arms,Furniture,Chairs & Chairmats,Jumbo Drum,0.62
1167,751,58,0.09,6.3,0.5,40.3512,10,58.48,86050,31/01/15,31/01/15,Low,Regular Air,2202,2202,Laurie Howe,Home Office,United States,Central,Minnesota,Brooklyn Center,55429,Avery 51,Office Supplies,Labels,Small Box,0.39
1168,751,178,0.0,4.98,0.8,27.6345,8,40.05,86050,31/01/15,7/02/15,Low,Regular Air,2202,2202,Laurie Howe,Home Office,United States,Central,Minnesota,Brooklyn Center,55429,Rediform S.O.S. Phone Message Books,Office Supplies,Paper,Wrap Bag,0.36
1169,752,392,0.08,145.45,17.85,751.58,8,1117.66,86051,4/02/15,4/02/15,Low,Delivery Truck,2203,2203,Eddie Walker,Home Office,United States,Central,Minnesota,Brooklyn Park,55445,Panasonic KX-P1150 Dot Matrix Printer,Technology,Office Machines,Jumbo Drum,0.56
1170,752,80,0.03,399.98,12.06,-663.5142,2,807.0,86052,4/01/15,6/01/15,Critical,Delivery Truck,2203,2203,Eddie Walker,Home Office,United States,Central,Minnesota,Brooklyn Park,55445,Okidata ML320 Series Turbo Dot Matrix Printers,Technology,Office Machines,Jumbo Box,0.56
1171,753,363,0.07,33.94,19.19,-157.56,5,169.46,86051,4/02/15,8/02/15,Low,Delivery Truck,2204,2204,Oscar Ford,Home Office,United States,Central,Minnesota,Burnsville,55337,"Metal Folding Chairs, Beige, 4/Carton",Furniture,Chairs & Chairmats,Jumbo Drum,0.58
1172,754,38,0.04,296.18,154.12,-87.99804,20,5768.12,86053,10/02/15,11/02/15,Critical,Delivery Truck,2204,2204,Oscar Ford,Consumer,United States,Central,Minnesota,Burnsville,55337,Hon 94000 Series Round Tables,Furniture,Tables,Jumbo Box,0.76
1173,755,138,0.03,28.48,1.99,-35.2904,2,55.25,86258,5/01/15,6/01/15,High,Regular Air,2206,2206,Bobby Powell,Consumer,United States,Central,Iowa,Fort Dodge,50501,"Memorex 4.7GB DVD+RW, 3/Pack",Technology,Computer Peripherals,Small Pack,0.4
1174,755,720,0.01,205.99,5.99,-74.8836,3,551.22,86258,5/01/15,7/01/15,High,Regular Air,2206,2206,Bobby Powell,Consumer,United States,Central,Iowa,Fort Dodge,50501,3285,Technology,Telephones and Communication,Small Box,0.59
1175,756,345,0.06,6.98,1.6,-98.056,12,83.93,88030,22/01/15,29/01/15,Low,Regular Air,2209,2209,Sharon Thomas,Home Office,United States,South,Georgia,College Park,30337,"Adams Phone Message Book, Professional, 400 Message Capacity, 5 3/6” x 11”",Office Supplies,Paper,Wrap Bag,0.38
1176,757,721,0.08,95.99,35.0,-425.2084,2,193.88,88028,1/01/15,3/01/15,Not Specified,Express Air,2211,2211,Anita Hahn,Home Office,United States,East,Maryland,Bowie,20715,Safco Industrial Wire Shelving,Office Supplies,Storage & Organization,Large Box,
1177,758,498,0.09,199.99,24.49,631.33,5,990.25,88029,19/04/15,21/04/15,High,Express Air,2212,2212,Stacy Chang,Home Office,United States,East,Maryland,Catonsville,21228,Canon PC-428 Personal Copier,Technology,Copiers and Fax,Large Box,0.46
1178,759,366,0.07,3.28,3.97,-22.176,4,14.76,90314,23/06/15,23/06/15,Low,Regular Air,2215,2215,Christopher High,Corporate,United States,East,Ohio,Massillon,44646,Newell 337,Office Supplies,Pens & Art Supplies,Wrap Bag,0.56
1179,760,478,0.02,256.99,11.25,-214.104,3,808.44,90314,23/06/15,30/06/15,Low,Regular Air,2216,2216,Clara Kaplan,Corporate,United States,East,Ohio,Medina,44256,Hayes Optima 56K V.90 Internal Voice Modem,Technology,Computer Peripherals,Small Box,0.51
1180,760,340,0.01,6.48,5.14,-26.936,10,67.41,90314,23/06/15,25/06/15,Low,Regular Air,2216,2216,Clara Kaplan,Corporate,United States,East,Ohio,Medina,44256,Xerox 23,Office Supplies,Paper,Small Box,0.37
1181,761,258,0.09,14.2,5.3,-324.73,4,55.08,91036,28/02/15,1/03/15,Low,Regular Air,2220,2220,Jennifer Stanton,Consumer,United States,South,Florida,Winter Garden,34787,Coloredge Poster Frame,Furniture,Office Furnishings,Wrap Bag,0.46
1182,762,722,0.0,100.89,42.0,1500.12,15,1608.11,89970,21/02/15,22/02/15,Critical,Delivery Truck,2225,2225,Sean McKenna,Small Business,United States,West,New Mexico,Hobbs,88240,Office Star Flex Back Scooter Chair with Aluminum Finish Frame,Furniture,Chairs & Chairmats,Jumbo Drum,0.61
1183,763,604,0.01,13.43,5.5,-313.0218,7,99.75,89102,6/04/15,13/04/15,Low,Express Air,2240,2240,Maurice Kelly,Corporate,United States,South,Florida,Lakeland,33801,"Fellowes Personal Hanging Folder Files, Navy",Office Supplies,Storage & Organization,Small Box,0.57
1184,764,262,0.0,2.08,5.33,-192.5532,22,51.41,86699,13/04/15,20/04/15,Low,Regular Air,2250,2250,Alvin Hoover,Home Office,United States,East,Pennsylvania,State College,16801,Eldon® Wave Desk Accessories,Furniture,Office Furnishings,Small Box,0.43
1185,765,423,0.1,6.3,0.5,-464.282,12,68.72,89278,27/01/15,1/02/15,Low,Regular Air,2254,2254,Jeff Meadows,Corporate,United States,South,Kentucky,Paducah,42003,Avery 48,Office Supplies,Labels,Small Box,0.39
1186,765,723,0.1,48.91,5.97,156.7434,14,618.96,89279,28/04/15,30/04/15,High,Regular Air,2254,2254,Jeff Meadows,Corporate,United States,South,Kentucky,Paducah,42003,Xerox 1917,Office Supplies,Paper,Small Box,0.38
1187,765,383,0.08,5.98,5.46,110.118,13,77.54,89279,28/04/15,28/04/15,High,Regular Air,2254,2254,Jeff Meadows,Corporate,United States,South,Kentucky,Paducah,42003,Xerox 1983,Office Supplies,Paper,Small Box,0.36
1188,766,724,0.07,60.97,4.5,-42.588,6,361.72,87963,2/01/15,4/01/15,Critical,Express Air,2256,2256,Lloyd Levin,Corporate,United States,South,North Carolina,New Bern,28560,Tripp Lite Isotel 6 Outlet Surge Protector with Fax/Modem Protection,Office Supplies,Appliances,Small Box,0.56
1189,766,725,0.07,70.98,30.0,-222.95,20,1373.47,87964,24/03/15,26/03/15,Medium,Delivery Truck,2256,2256,Lloyd Levin,Corporate,United States,South,North Carolina,New Bern,28560,Novimex Turbo Task Chair,Furniture,Chairs & Chairmats,Jumbo Drum,0.73
1190,767,726,0.06,6.68,6.93,7.6245,14,91.92,87965,12/06/15,13/06/15,High,Regular Air,2257,2257,Bernard Thompson,Corporate,United States,South,North Carolina,Raleigh,27604,HP Office Paper (20Lb. and 87 Bright),Office Supplies,Paper,Small Box,0.37
1191,768,450,0.01,7.64,1.39,-1676.612,9,73.29,87962,9/03/15,13/03/15,Low,Express Air,2258,2258,Nicole Pope,Corporate,United States,South,North Carolina,Rocky Mount,27801,"#10- 4 1/8"" x 9 1/2"" Security-Tint Envelopes",Office Supplies,Envelopes,Small Box,0.36
1192,768,462,0.07,400.97,48.26,45.1278,8,2961.32,87962,9/03/15,13/03/15,Low,Delivery Truck,2258,2258,Nicole Pope,Corporate,United States,South,North Carolina,Rocky Mount,27801,Hewlett-Packard Deskjet 1220Cse Color Inkjet Printer,Technology,Office Machines,Jumbo Box,0.36
1193,769,512,0.02,4.98,0.49,-52.864,17,87.11,89601,15/02/15,16/02/15,Critical,Regular Air,2260,2260,Geoffrey H Wong,Corporate,United States,South,Georgia,Rome,30161,Avery White Multi-Purpose Labels,Office Supplies,Labels,Small Box,0.39
1193,769,727,0.01,20.99,0.99,45.378,9,170.46,89601,15/02/15,16/02/15,Critical,Regular Air,2260,2260,Geoffrey H Wong,Corporate,United States,South,Georgia,Rome,30161,Accessory15,Technology,Telephones and Communication,Small Pack,0.83
1194,769,512,0.08,4.98,0.49,4949.916,1,4.95,89602,21/04/15,22/04/15,High,Regular Air,2260,2260,Geoffrey H Wong,Corporate,United States,South,Georgia,Rome,30161,Avery White Multi-Purpose Labels,Office Supplies,Labels,Small Box,0.39
1195,769,320,0.09,119.99,14.0,1055.604,4,461.24,89602,21/04/15,23/04/15,High,Delivery Truck,2260,2260,Geoffrey H Wong,Corporate,United States,South,Georgia,Rome,30161,Epson C82 Color Inkjet Printer,Technology,Office Machines,Jumbo Drum,0.36
1196,770,728,0.09,207.48,0.99,359.83,3,577.75,86611,26/01/15,29/01/15,Not Specified,Regular Air,2264,2264,Helen Dickerson,Corporate,United States,Central,Missouri,Joplin,64804,Kensington 7 Outlet MasterPiece Power Center with Fax/Phone Line Protection,Office Supplies,Appliances,Small Box,0.55
1197,771,729,0.1,7.45,6.28,-69.874,8,59.4,86612,29/01/15,1/02/15,Critical,Regular Air,2265,2265,James Davenport,Corporate,United States,Central,Missouri,Kansas City,64130,"Acco Four Pocket Poly Ring Binder with Label Holder, Smoke, 1""",Office Supplies,Binders and Binder Accessories,Small Box,0.4
1198,771,407,0.01,6.48,7.86,-135.74,10,66.46,86612,29/01/15,31/01/15,Critical,Regular Air,2265,2265,James Davenport,Corporate,United States,Central,Missouri,Kansas City,64130,Xerox 213,Office Supplies,Paper,Small Box,0.37
1199,772,730,0.02,11.33,6.12,-14.52,3,35.35,86610,26/05/15,28/05/15,Critical,Regular Air,2266,2266,Brandon Beach,Corporate,United States,Central,Missouri,Kirkwood,63122,"Holmes Replacement Filter for HEPA Air Cleaner, Medium Room",Office Supplies,Appliances,Medium Box,0.42
1200,772,603,0.01,15.67,1.39,171.2649,16,248.21,86610,26/05/15,27/05/15,Critical,Regular Air,2266,2266,Brandon Beach,Corporate,United States,Central,Missouri,Kirkwood,63122,"#10 White Business Envelopes,4 1/8 x 9 1/2",Office Supplies,Envelopes,Small Box,0.38
1201,773,113,0.08,259.71,66.67,138.222,17,4086.5,89571,3/06/15,7/06/15,Low,Delivery Truck,2268,2268,Carlos Adkins,Small Business,United States,South,Florida,Land O Lakes,34639,"Bevis Round Bullnose 29"" High Table Top",Furniture,Tables,Jumbo Box,0.61
1202,774,664,0.01,20.48,6.32,711.2448,18,375.03,89572,6/02/15,8/02/15,Low,Regular Air,2270,2270,Kristine Holden,Small Business,United States,South,South Carolina,Mauldin,29662,Kensington 6 Outlet Guardian Standard Surge Protector,Office Supplies,Appliances,Small Box,0.58
1203,774,97,0.09,1.86,2.58,-1084.846963,12,22.11,89572,6/02/15,11/02/15,Low,Regular Air,2270,2270,Kristine Holden,Small Business,United States,South,South Carolina,Mauldin,29662,"Super Bands, 12/Pack",Office Supplies,Rubber Bands,Wrap Bag,0.82
1203,774,731,0.08,205.99,2.5,-156.772,17,2875.35,89572,6/02/15,11/02/15,Low,Regular Air,2270,2270,Kristine Holden,Small Business,United States,South,South Carolina,Mauldin,29662,V70,Technology,Telephones and Communication,Small Box,0.59
1204,775,732,0.08,15.73,7.42,-37.6,5,78.08,90110,16/03/15,18/03/15,High,Express Air,2272,2272,Brett Ingram,Corporate,United States,Central,Texas,Harker Heights,76543,Acme Galleria® Hot Forged Steel Scissors with Colored Handles,Office Supplies,"Scissors, Rulers and Trimmers",Small Pack,0.56
1205,776,733,0.04,120.98,3.99,1389.5772,17,2013.88,90109,5/05/15,5/05/15,Low,Regular Air,2273,2273,Debra Block,Corporate,United States,Central,Texas,Harlingen,78550,"Belkin 325VA UPS Surge Protector, 6'",Office Supplies,Appliances,Small Box,0.6
1205,776,135,0.02,55.99,5.0,-222.816,4,201.32,90109,5/05/15,5/05/15,Low,Regular Air,2273,2273,Debra Block,Corporate,United States,Central,Texas,Harlingen,78550,Accessory36,Technology,Telephones and Communication,Small Pack,0.83
1206,777,734,0.05,23.99,15.68,-133.71,12,298.51,90109,5/05/15,9/05/15,Low,Delivery Truck,2274,2274,Marlene Harrison,Corporate,United States,Central,Texas,Houston,77036,"Westinghouse Floor Lamp with Metal Mesh Shade, Black",Furniture,Office Furnishings,Jumbo Drum,0.62
1207,778,259,0.01,195.99,8.99,2653.7814,22,3846.06,91502,30/06/15,30/06/15,Not Specified,Regular Air,2276,2276,Dennis Block Richardson,Consumer,United States,East,New York,Niagara Falls,14304,T28 WORLD,Technology,Telephones and Communication,Small Box,0.6
1208,779,411,0.04,4.48,2.5,10.32,7,35.93,85949,22/06/15,26/06/15,Low,Express Air,2279,2279,Lucille McGee,Home Office,United States,East,Pennsylvania,Greensburg,15601,Ampad #10 Peel & Seel® Holiday Envelopes,Office Supplies,Envelopes,Small Box,0.37
1209,780,731,0.08,205.99,2.5,997.38144,10,1610.84,85948,27/01/15,28/01/15,Not Specified,Regular Air,2281,2281,Monica Harvey,Home Office,United States,Central,Wisconsin,Eau Claire,54703,V70,Technology,Telephones and Communication,Small Box,0.59
1210,781,27,0.04,5.98,5.79,-36.0308,14,86.12,85950,5/02/15,7/02/15,Medium,Regular Air,2282,2282,Jimmy Waters,Home Office,United States,Central,Wisconsin,Fitchburg,53713,Xerox 1903,Office Supplies,Paper,Small Box,0.36
1211,782,461,0.01,11.7,6.96,-28.954,6,76.87,85947,24/01/15,26/01/15,Medium,Regular Air,2283,2283,Nancy Holden,Home Office,United States,Central,Wisconsin,Franklin,53132,Harmony HEPA Quiet Air Purifiers,Office Supplies,Appliances,Medium Box,0.5
1212,783,556,0.02,17.7,9.47,-85.022,21,374.6,90148,13/03/15,15/03/15,Medium,Express Air,2285,2285,Arnold Floyd Blair,Corporate,United States,South,South Carolina,Rock Hill,29730,Portfile® Personal File Boxes,Office Supplies,Storage & Organization,Small Box,0.59
1213,784,42,0.0,4.91,0.5,99.198,12,61.87,90145,4/02/15,6/02/15,Medium,Regular Air,2286,2286,Larry Langston,Corporate,United States,South,South Carolina,Spartanburg,29301,Avery 493,Office Supplies,Labels,Small Box,0.36
1214,784,307,0.01,7.28,11.15,136.0314,6,48.88,90145,4/02/15,5/02/15,Medium,Regular Air,2286,2286,Larry Langston,Corporate,United States,South,South Carolina,Spartanburg,29301,"Array® Parchment Paper, Assorted Colors",Office Supplies,Paper,Small Box,0.37
1215,784,726,0.1,6.68,6.93,-100.072,3,21.56,90145,4/02/15,7/02/15,Medium,Regular Air,2286,2286,Larry Langston,Corporate,United States,South,South Carolina,Spartanburg,29301,HP Office Paper (20Lb. and 87 Bright),Office Supplies,Paper,Small Box,0.37
1216,785,274,0.01,18.97,9.03,-12.0267,8,164.67,90146,25/03/15,25/03/15,Not Specified,Regular Air,2287,2287,Samuel Newman,Corporate,United States,South,South Carolina,Summerville,29483,Computer Printout Paper with Letter-Trim Perforations,Office Supplies,Paper,Small Box,0.37
1217,785,95,0.03,12.28,4.86,122.508,6,72.74,90146,25/03/15,26/03/15,Not Specified,Regular Air,2287,2287,Samuel Newman,Corporate,United States,South,South Carolina,Summerville,29483,Xerox 1933,Office Supplies,Paper,Small Box,0.38
1218,785,18,0.05,34.99,7.73,-12.0267,12,418.75,90146,25/03/15,27/03/15,Not Specified,Express Air,2287,2287,Samuel Newman,Corporate,United States,South,South Carolina,Summerville,29483,Hunt Boston® Vacuum Mount KS Pencil Sharpener,Office Supplies,Pens & Art Supplies,Small Box,0.59
1219,785,735,0.1,54.1,19.99,34.068,9,469.59,90147,19/02/15,24/02/15,Low,Regular Air,2287,2287,Samuel Newman,Corporate,United States,South,South Carolina,Summerville,29483,Desktop 3-Pocket Hot File®,Office Supplies,Storage & Organization,Small Box,0.59
1220,786,151,0.01,7.59,4.0,2.97,17,136.25,88165,4/05/15,4/05/15,Critical,Regular Air,2289,2289,Ryan Herman,Home Office,United States,Central,Minnesota,Burnsville,55337,"Master Giant Foot® Doorstop, Safety Yellow",Furniture,Office Furnishings,Wrap Bag,0.42
1221,787,654,0.0,42.98,4.62,385.3029,12,558.41,88163,6/01/15,8/01/15,Not Specified,Regular Air,2290,2290,Glen Robertson,Home Office,United States,Central,Minnesota,Coon Rapids,55433,Belkin F9M820V08 8 Outlet Surge,Office Supplies,Appliances,Small Box,0.56
1221,787,736,0.03,21.78,5.94,187.2,13,290.22,88163,6/01/15,8/01/15,Not Specified,Regular Air,2290,2290,Glen Robertson,Home Office,United States,Central,Minnesota,Coon Rapids,55433,Holmes HEPA Air Purifier,Office Supplies,Appliances,Medium Box,0.5
1222,788,737,0.07,80.98,7.18,779.4723,15,1129.67,88164,4/02/15,6/02/15,Medium,Regular Air,2290,2290,Glen Robertson,Corporate,United States,Central,Minnesota,Coon Rapids,55433,Logitech Cordless Navigator Duo,Technology,Computer Peripherals,Small Box,0.48
1223,789,738,0.07,270.98,50.0,27.726,9,2439.37,87695,11/02/15,13/02/15,Critical,Delivery Truck,2302,2302,Beth Dolan,Corporate,United States,South,Florida,Panama City,32404,Global Enterprise Series Seating High-Back Swivel/Tilt Chairs,Furniture,Chairs & Chairmats,Jumbo Drum,0.77
1224,789,370,0.1,12.53,0.49,244.464,8,92.02,87696,3/01/15,4/01/15,High,Regular Air,2302,2302,Beth Dolan,Corporate,United States,South,Florida,Panama City,32404,Round Specialty Laser Printer Labels,Office Supplies,Labels,Small Box,0.38
1225,789,739,0.1,146.34,43.75,-473.578,2,283.55,87696,3/01/15,4/01/15,High,Delivery Truck,2302,2302,Beth Dolan,Corporate,United States,South,Florida,Panama City,32404,Bevis Round Conference Table Top & Single Column Base,Furniture,Tables,Jumbo Box,0.64
1226,790,738,0.07,270.98,50.0,-96.05,36,9757.48,47493,11/02/15,13/02/15,Critical,Delivery Truck,2303,2303,Joe Baldwin,Corporate,United States,East,New York,New York City,10011,Global Enterprise Series Seating High-Back Swivel/Tilt Chairs,Furniture,Chairs & Chairmats,Jumbo Drum,0.77
1227,790,739,0.1,146.34,43.75,-270.85,6,850.64,37987,3/01/15,4/01/15,High,Delivery Truck,2303,2303,Joe Baldwin,Corporate,United States,East,New York,New York City,10011,Bevis Round Conference Table Top & Single Column Base,Furniture,Tables,Jumbo Box,0.64
1228,791,640,0.0,90.48,19.99,800.2551,12,1159.79,89869,21/06/15,24/06/15,High,Regular Air,2305,2305,Pat Kinney,Small Business,United States,Central,South Dakota,Watertown,57201,Tyvek® Side-Opening Peel & Seel® Expanding Envelopes,Office Supplies,Envelopes,Small Box,0.4
1229,792,3,0.08,9.48,7.29,-50.4,2,20.22,90557,24/03/15,26/03/15,Low,Regular Air,2308,2308,Laurence Cummings,Small Business,United States,South,Florida,Lehigh Acres,33971,"DAX Two-Tone Rosewood/Black Document Frame, Desktop, 5 x 7",Furniture,Office Furnishings,Small Pack,0.45
1230,792,542,0.03,193.17,19.99,-348.754,8,1548.97,90557,24/03/15,28/03/15,Low,Regular Air,2308,2308,Laurence Cummings,Small Business,United States,South,Florida,Lehigh Acres,33971,Fellowes Staxonsteel® Drawer Files,Office Supplies,Storage & Organization,Small Box,0.71
1231,793,740,0.08,68.81,60.0,-550.43,5,337.86,88721,16/03/15,17/03/15,High,Delivery Truck,2323,2323,Emma Buckley,Small Business,United States,West,California,Coachella,92236,"Holmes Replacement Filter for HEPA Air Cleaner, Very Large Room, HEPA Filter",Office Supplies,Appliances,Jumbo Drum,0.41
1232,793,741,0.04,21.38,8.99,-52.12,4,84.21,88721,16/03/15,18/03/15,High,Regular Air,2323,2323,Emma Buckley,Small Business,United States,West,California,Coachella,92236,Boston 1730 StandUp Electric Pencil Sharpener,Office Supplies,Pens & Art Supplies,Small Pack,0.59
1233,793,140,0.06,4.98,4.62,-27.005,7,38.74,88722,19/06/15,19/06/15,Not Specified,Express Air,2323,2323,Emma Buckley,Small Business,United States,West,California,Coachella,92236,"Imation 3.5"", DISKETTE 44766 HGHLD3.52HD/FM, 10/Pack",Technology,Computer Peripherals,Small Pack,0.64
1234,794,108,0.06,28.53,1.49,74.6385,5,134.09,90964,24/03/15,27/03/15,Medium,Regular Air,2330,2330,Kara Foster,Home Office,United States,Central,Iowa,Marion,52302,Lock-Up Easel 'Spel-Binder',Office Supplies,Binders and Binder Accessories,Small Box,0.38
1235,795,69,0.06,180.98,26.2,-122.235,1,191.73,89611,23/06/15,24/06/15,High,Delivery Truck,2333,2333,Megan Woods,Small Business,United States,Central,Wisconsin,Green Bay,54302,Global Ergonomic Managers Chair,Furniture,Chairs & Chairmats,Jumbo Drum,0.59
1236,796,619,0.06,60.65,12.23,427.0065,10,618.85,89608,6/04/15,8/04/15,Low,Regular Air,2334,2334,Stephanie Hawkins,Consumer,United States,Central,Wisconsin,Greenfield,53220,"Tenex Traditional Chairmats for Medium Pile Carpet, Standard Lip, 36"" x 48""",Furniture,Office Furnishings,Medium Box,0.64
1237,797,297,0.05,14.81,13.32,-190.49,8,115.99,89609,9/04/15,11/04/15,Not Specified,Regular Air,2334,2334,Stephanie Hawkins,Small Business,United States,Central,Wisconsin,Greenfield,53220,"Holmes Replacement Filter for HEPA Air Cleaner, Large Room",Office Supplies,Appliances,Small Box,0.43
1238,797,742,0.08,2.78,1.25,-8.77,7,19.46,89609,9/04/15,10/04/15,Not Specified,Regular Air,2334,2334,Stephanie Hawkins,Small Business,United States,Central,Wisconsin,Greenfield,53220,Newell 318,Office Supplies,Pens & Art Supplies,Wrap Bag,0.59
1239,798,743,0.06,3.74,0.94,-7.685,12,44.75,89610,2/06/15,9/06/15,Low,Regular Air,2334,2334,Stephanie Hawkins,Home Office,United States,Central,Wisconsin,Greenfield,53220,Rubber Band Ball,Office Supplies,Rubber Bands,Wrap Bag,0.83
1240,799,262,0.06,2.08,5.33,-82.5592,4,9.23,91480,13/01/15,13/01/15,Critical,Regular Air,2338,2338,Lynn Hines,Home Office,United States,East,Maryland,College Park,20740,Eldon® Wave Desk Accessories,Furniture,Office Furnishings,Small Box,0.43
1241,799,744,0.1,6.75,2.99,18.1475,15,96.13,91481,29/03/15,29/03/15,High,Regular Air,2338,2338,Lynn Hines,Home Office,United States,East,Maryland,College Park,20740,Wilson Jones DublLock® D-Ring Binders,Office Supplies,Binders and Binder Accessories,Small Box,0.35
1242,800,241,0.05,11.58,6.97,2.806,6,73.96,91482,25/05/15,28/05/15,Medium,Regular Air,2339,2339,Gordon Boswell,Home Office,United States,Central,Texas,Cloverleaf,77015,"Peel & Seel® Recycled Catalog Envelopes, Brown",Office Supplies,Envelopes,Small Box,0.35
1243,801,745,0.07,200.98,23.76,-132.426,9,1805.9,89504,14/03/15,15/03/15,Medium,Delivery Truck,2345,2345,Colleen Marsh,Corporate,United States,South,Kentucky,Paducah,42003,"Global Leather Highback Executive Chair with Pneumatic Height Adjustment, Black",Furniture,Chairs & Chairmats,Jumbo Drum,0.58
1244,801,570,0.02,179.29,29.21,-411.236,2,311.41,89504,14/03/15,14/03/15,Medium,Delivery Truck,2345,2345,Colleen Marsh,Corporate,United States,South,Kentucky,Paducah,42003,"Bevis Round Conference Table Top, X-Base",Furniture,Tables,Jumbo Box,0.76
1245,802,193,0.03,297.64,14.7,-48.972,12,3707.05,89503,10/01/15,15/01/15,Low,Delivery Truck,2346,2346,Sylvia Kumar,Corporate,United States,South,Kentucky,Pleasure Ridge Park,40258,Panasonic KX-P3200 Dot Matrix Printer,Technology,Office Machines,Jumbo Drum,0.57
1246,802,229,0.1,218.75,69.64,62.298,17,2805.18,89505,20/05/15,21/05/15,High,Delivery Truck,2346,2346,Sylvia Kumar,Corporate,United States,South,Kentucky,Pleasure Ridge Park,40258,BoxOffice By Design Rectangular and Half-Moon Meeting Room Tables,Furniture,Tables,Jumbo Box,0.77
1247,803,672,0.08,6.48,7.49,-119.32,13,80.86,86163,30/03/15,2/04/15,Critical,Regular Air,2351,2351,Faye Silver,Corporate,United States,East,Maryland,Crofton,21114,Xerox 220,Office Supplies,Paper,Small Box,0.37
1248,804,375,0.06,59.76,9.71,756.6747,18,1096.63,86165,20/06/15,23/06/15,Critical,Regular Air,2352,2352,Kerry Beach,Consumer,United States,East,Maryland,Cumberland,21501,"Advantus 10-Drawer Portable Organizer, Chrome Metal Frame, Smoke Drawers",Office Supplies,Storage & Organization,Small Box,0.57
1248,804,746,0.07,195.99,4.2,-222.343,4,632.12,86165,20/06/15,23/06/15,Critical,Regular Air,2352,2352,Kerry Beach,Consumer,United States,East,Maryland,Cumberland,21501,T65,Technology,Telephones and Communication,Small Box,0.56
1249,805,747,0.09,71.37,69.0,-1537.1356,19,1302.98,86166,23/06/15,24/06/15,Not Specified,Regular Air,2352,2352,Kerry Beach,Home Office,United States,East,Maryland,Cumberland,21501,"Lesro Sheffield Collection Coffee Table, End Table, Center Table, Corner Table",Furniture,Tables,Large Box,0.68
1250,806,636,0.04,5.98,0.96,52.6976,22,131.79,86164,29/04/15,30/04/15,Critical,Regular Air,2353,2353,Patrick Lowry,Corporate,United States,East,Maryland,Edgewood,21040,Newell 315,Office Supplies,Pens & Art Supplies,Wrap Bag,0.6
1250,806,202,0.01,20.99,0.99,-78.19416,2,35.33,86164,29/04/15,30/04/15,Critical,Regular Air,2353,2353,Patrick Lowry,Corporate,United States,East,Maryland,Edgewood,21040,Accessory25,Technology,Telephones and Communication,Wrap Bag,0.57
1251,807,4,0.1,78.69,19.99,465.4395,9,674.55,91304,15/02/15,16/02/15,Not Specified,Regular Air,2355,2355,Clyde Burnett,Consumer,United States,West,California,Coachella,92236,Howard Miller 12-3/4 Diameter Accuwave DS ™ Wall Clock,Furniture,Office Furnishings,Small Box,0.43
1252,807,748,0.06,146.34,43.75,-89.27,12,1721.24,91306,16/06/15,18/06/15,Medium,Delivery Truck,2355,2355,Clyde Burnett,Consumer,United States,West,California,Coachella,92236,Bevis Round Conference Table Top & Single Column Base,Furniture,Tables,Jumbo Box,0.65
1253,808,190,0.0,29.34,7.87,385.37,22,668.38,91305,15/03/15,17/03/15,Medium,Regular Air,2356,2356,Emma Bloom,Consumer,United States,West,Wyoming,Rock Springs,82901,"Seth Thomas 14"" Putty-Colored Wall Clock",Furniture,Office Furnishings,Small Box,0.54
1254,809,21,0.1,205.99,8.99,147.0,2,324.62,88267,4/03/15,8/03/15,Low,Regular Air,2358,2358,Danielle Baird,Corporate,United States,South,Florida,Fort Lauderdale,33311,TimeportP7382,Technology,Telephones and Communication,Small Box,0.56
1255,810,102,0.05,2.08,2.56,-1045.016,19,40.93,88268,14/02/15,16/02/15,Critical,Regular Air,2358,2358,Danielle Baird,Home Office,United States,South,Florida,Fort Lauderdale,33311,Kleencut® Forged Office Shears by Acme United Corporation,Office Supplies,"Scissors, Rulers and Trimmers",Small Pack,0.55
1256,811,749,0.0,7.28,1.77,167.16,7,53.42,88265,5/02/15,5/02/15,Critical,Regular Air,2359,2359,Annie Horne,Home Office,United States,South,Florida,Fort Myers,33917,"Post-it® “Important Message” Note Pad, Neon Colors, 50 Sheets/Pad",Office Supplies,Paper,Wrap Bag,0.37
1257,812,141,0.06,8.33,1.99,-344.82,1,8.49,88266,25/02/15,26/02/15,High,Regular Air,2361,2361,Vincent Daniel,Corporate,United States,South,Florida,Fruit Cove,32259,"80 Minute Slim Jewel Case CD-R , 10/Pack - Staples",Technology,Computer Peripherals,Small Pack,0.52
1258,813,750,0.0,5.77,5.92,-61.5276,11,69.89,90040,11/04/15,13/04/15,High,Regular Air,2363,2363,Jacob Murray,Home Office,United States,East,Ohio,Medina,44256,DAX Cubicle Frames - 8x10,Furniture,Office Furnishings,Medium Box,0.55
1259,814,27,0.07,5.98,5.79,-41.9727,13,77.42,90408,13/01/15,15/01/15,Low,Regular Air,2369,2369,Mike G Hartman,Consumer,United States,South,Florida,Pembroke Pines,33024,Xerox 1903,Office Supplies,Paper,Small Box,0.36
1260,815,29,0.01,1.76,0.7,-1.56,4,7.2,90714,15/03/15,16/03/15,Medium,Regular Air,2372,2372,Marvin Parrott,Corporate,United States,Central,Minnesota,Duluth,55803,Newell 310,Office Supplies,Pens & Art Supplies,Wrap Bag,0.56
1261,816,628,0.05,3.28,3.97,-100.24,18,61.29,91321,5/03/15,6/03/15,High,Regular Air,2376,2376,Debra Batchelor,Corporate,United States,West,Idaho,Moscow,83843,Newell 342,Office Supplies,Pens & Art Supplies,Wrap Bag,0.56
1262,816,751,0.03,6.98,9.69,-262.62,15,109.15,91321,5/03/15,7/03/15,High,Regular Air,2376,2376,Debra Batchelor,Corporate,United States,West,Idaho,Moscow,83843,Eldon Shelf Savers™ Cubes and Bins,Office Supplies,Storage & Organization,Small Box,0.83
1263,817,752,0.06,122.99,19.99,1019.7096,12,1477.84,86655,5/05/15,7/05/15,Low,Regular Air,2379,2379,Mildred Briggs,Small Business,United States,Central,Michigan,Garden City,48135,GBC Therma-A-Bind 250T Electric Binding System,Office Supplies,Binders and Binder Accessories,Small Box,0.37
1264,818,527,0.07,3.38,0.85,19.04,9,29.08,86654,26/04/15,28/04/15,Not Specified,Regular Air,2380,2380,Lisa Branch,Small Business,United States,Central,Michigan,Grand Rapids,49505,Avery Hi-Liter® Fluorescent Desk Style Markers,Office Supplies,Pens & Art Supplies,Wrap Bag,0.48
1265,818,740,0.08,68.81,60.0,-1069.72,17,1162.46,86655,5/05/15,7/05/15,Low,Delivery Truck,2380,2380,Lisa Branch,Small Business,United States,Central,Michigan,Grand Rapids,49505,"Holmes Replacement Filter for HEPA Air Cleaner, Very Large Room, HEPA Filter",Office Supplies,Appliances,Jumbo Drum,0.41
1266,819,527,0.07,3.38,0.85,19.04,34,109.86,13606,26/04/15,28/04/15,Not Specified,Regular Air,2382,2382,Geoffrey Saunders,Small Business,United States,East,New York,New York City,10024,Avery Hi-Liter® Fluorescent Desk Style Markers,Office Supplies,Pens & Art Supplies,Wrap Bag,0.48
1267,819,752,0.06,122.99,19.99,1408.1865,48,5911.35,962,5/05/15,7/05/15,Low,Regular Air,2382,2382,Geoffrey Saunders,Small Business,United States,East,New York,New York City,10024,GBC Therma-A-Bind 250T Electric Binding System,Office Supplies,Binders and Binder Accessories,Small Box,0.37
1268,819,740,0.08,68.81,60.0,-1069.72,68,4649.85,962,5/05/15,7/05/15,Low,Delivery Truck,2382,2382,Geoffrey Saunders,Small Business,United States,East,New York,New York City,10024,"Holmes Replacement Filter for HEPA Air Cleaner, Very Large Room, HEPA Filter",Office Supplies,Appliances,Jumbo Drum,0.41
1269,820,186,0.1,130.98,30.0,2000.11,18,2259.99,89184,22/05/15,24/05/15,Critical,Delivery Truck,2385,2385,Janice Frye,Small Business,United States,West,New Mexico,Las Cruces,88001,"Office Star - Contemporary Task Swivel chair with 2-way adjustable arms, Plum",Furniture,Chairs & Chairmats,Jumbo Drum,0.78
1270,821,753,0.06,4.77,2.39,-45.64,9,42.46,91122,25/05/15,26/05/15,Not Specified,Regular Air,2391,2391,Jacob McNeill,Corporate,United States,East,New York,Oceanside,11572,"Imation Primaris 3.5"" 2HD Unformatted Diskettes, 10/Pack",Technology,Computer Peripherals,Small Pack,0.72
1271,821,754,0.1,27.18,8.23,204.49,12,314.06,91122,25/05/15,27/05/15,Not Specified,Regular Air,2391,2391,Jacob McNeill,Corporate,United States,East,New York,Oceanside,11572,"Tyvek ® Top-Opening Peel & Seel Envelopes, Plain White",Office Supplies,Envelopes,Small Box,0.38
1272,821,181,0.0,999.99,13.99,-1455.9972,1,1009.99,91123,4/06/15,6/06/15,Not Specified,Regular Air,2391,2391,Jacob McNeill,Corporate,United States,East,New York,Oceanside,11572,"Polycom Soundstation EX Audio-Conferencing Telephone, Black",Technology,Office Machines,Medium Box,0.36
1273,821,340,0.05,6.48,5.14,-22.56,13,92.16,91123,4/06/15,5/06/15,Not Specified,Express Air,2391,2391,Jacob McNeill,Corporate,United States,East,New York,Oceanside,11572,Xerox 23,Office Supplies,Paper,Small Box,0.37
1274,822,755,0.02,6.48,7.91,-1191.526,2,16.5,86950,29/05/15,31/05/15,Medium,Regular Air,2393,2393,Debbie Dillon,Corporate,United States,South,Georgia,Roswell,30076,Xerox 216,Office Supplies,Paper,Small Box,0.37
1275,822,537,0.06,105.29,10.12,-45.01,12,1202.66,86951,4/01/15,6/01/15,High,Regular Air,2393,2393,Debbie Dillon,Corporate,United States,South,Georgia,Roswell,30076,Eldon Antistatic Chair Mats for Low to Medium Pile Carpets,Furniture,Office Furnishings,Large Box,0.79
1276,823,756,0.01,11.7,5.63,39.21,16,196.69,86949,1/05/15,3/05/15,Critical,Regular Air,2394,2394,Tina Monroe,Corporate,United States,South,Georgia,Sandy Springs,30328,Fellowes Binding Cases,Office Supplies,Binders and Binder Accessories,Small Box,0.4
1277,823,519,0.03,4.55,1.49,100.38,9,40.28,86949,1/05/15,1/05/15,Critical,Regular Air,2394,2394,Tina Monroe,Corporate,United States,South,Georgia,Sandy Springs,30328,Presstex Flexible Ring Binders,Office Supplies,Binders and Binder Accessories,Small Box,0.35
1278,824,724,0.04,60.97,4.5,79.4232,15,904.31,86952,23/03/15,24/03/15,Not Specified,Regular Air,2395,2395,Beverly Roberts,Corporate,United States,South,Georgia,Savannah,31401,Tripp Lite Isotel 6 Outlet Surge Protector with Fax/Modem Protection,Office Supplies,Appliances,Small Box,0.56
1279,825,373,0.03,7.64,5.83,-15.0904,12,96.86,86373,24/02/15,26/02/15,Not Specified,Regular Air,2398,2398,Julian F Wolfe,Corporate,United States,Central,Illinois,Hanover Park,60103,"Rediform Wirebound ""Phone Memo"" Message Book, 11 x 5-3/4",Office Supplies,Paper,Wrap Bag,0.36
1280,826,384,0.0,65.99,3.99,-60.564,13,765.65,86754,14/03/15,15/03/15,Medium,Regular Air,2417,2417,Ken H Frazier,Consumer,United States,South,Virginia,Oakton,22124,StarTAC 7760,Technology,Telephones and Communication,Small Box,0.59
1281,827,757,0.03,2.1,0.7,-1473.906,4,8.72,86750,6/01/15,7/01/15,Critical,Regular Air,2418,2418,Kyle Fink,Consumer,United States,South,Virginia,Petersburg,23805,"Sanford EarthWrite® Recycled Pencils, Medium Soft, #2",Office Supplies,Pens & Art Supplies,Wrap Bag,0.57
1282,827,758,0.1,599.99,24.49,-343.126,11,6355.69,86753,10/01/15,11/01/15,High,Regular Air,2418,2418,Kyle Fink,Consumer,United States,South,Virginia,Petersburg,23805,Canon PC1080F Personal Copier,Technology,Copiers and Fax,Large Box,0.5
1283,827,742,0.06,2.78,1.25,66.36,10,28.09,86753,10/01/15,12/01/15,High,Regular Air,2418,2418,Kyle Fink,Consumer,United States,South,Virginia,Petersburg,23805,Newell 318,Office Supplies,Pens & Art Supplies,Wrap Bag,0.59
1284,828,759,0.07,225.04,11.79,-162.918,5,1130.15,86751,26/03/15,26/03/15,Not Specified,Regular Air,2419,2419,Sandra Faulkner,Consumer,United States,South,Virginia,Portsmouth,23701,Holmes Harmony HEPA Air Purifier for 17 x 20 Room,Office Supplies,Appliances,Medium Box,0.42
1285,828,760,0.03,7.84,4.71,859.7178,7,54.37,86751,26/03/15,29/03/15,Not Specified,Regular Air,2419,2419,Sandra Faulkner,Consumer,United States,South,Virginia,Portsmouth,23701,XtraLife® ClearVue™ Slant-D® Ring Binders by Cardinal,Office Supplies,Binders and Binder Accessories,Small Box,0.35
1286,829,454,0.04,9.11,2.15,-23.072,11,100.87,86752,6/05/15,6/05/15,High,Regular Air,2420,2420,Wesley Cho,Consumer,United States,South,Virginia,Richmond,23223,"Black Print Carbonless Snap-Off® Rapid Letter, 8 1/2"" x 7""",Office Supplies,Paper,Wrap Bag,0.4
1287,830,761,0.05,150.98,43.71,650.3,12,1857.08,89053,24/05/15,25/05/15,Not Specified,Delivery Truck,2422,2422,Arlene Wiggins Dalton,Home Office,United States,Central,Texas,Huntsville,77340,"Global Airflow Leather Mesh Back Chair, Black",Furniture,Chairs & Chairmats,Jumbo Drum,0.55
1288,830,479,0.09,3.89,7.01,-154.307,10,42.56,89055,22/01/15,24/01/15,Medium,Express Air,2422,2422,Arlene Wiggins Dalton,Home Office,United States,Central,Texas,Huntsville,77340,Avery Binder Labels,Office Supplies,Binders and Binder Accessories,Small Box,0.37
1289,831,762,0.04,100.98,7.18,269.94,4,414.91,89054,21/01/15,26/01/15,Low,Regular Air,2423,2423,Nicholas Wallace,Home Office,United States,Central,Texas,Hurst,76053,Logitech Cordless Elite Duo,Technology,Computer Peripherals,Small Box,0.4
1290,832,614,0.08,30.93,3.92,63.0591,3,91.39,90859,15/03/15,16/03/15,High,Regular Air,2426,2426,Dorothy Holt,Small Business,United States,Central,Texas,Irving,75061,"Advantus Employee of the Month Certificate Frame, 11 x 13-1/2",Furniture,Office Furnishings,Small Pack,0.44
1291,832,239,0.08,4.48,49.0,139.5801,37,202.29,90861,2/05/15,2/05/15,Low,Regular Air,2426,2426,Dorothy Holt,Small Business,United States,Central,Texas,Irving,75061,Hoover Portapower™ Portable Vacuum,Office Supplies,Appliances,Large Box,0.6
1292,832,284,0.0,17.67,8.99,109.67,9,168.71,90861,2/05/15,9/05/15,Low,Regular Air,2426,2426,Dorothy Holt,Small Business,United States,Central,Texas,Irving,75061,"Executive Impressions 12"" Wall Clock",Furniture,Office Furnishings,Small Pack,0.47
1293,833,667,0.03,40.99,19.99,395.308,21,885.65,90860,17/02/15,18/02/15,High,Regular Air,2427,2427,John Merritt,Corporate,United States,Central,Texas,Keller,76248,"White Dual Perf Computer Printout Paper, 2700 Sheets, 1 Part, Heavyweight, 20 lbs., 14 7/8 x 11",Office Supplies,Paper,Small Box,0.36
1294,834,607,0.1,14.28,2.99,104.9145,11,152.05,91108,24/03/15,25/03/15,Not Specified,Regular Air,2430,2430,Kimberly Reilly,Home Office,United States,Central,Texas,Killeen,76541,Avery Premier Heavy-Duty Binder with Round Locking Rings,Office Supplies,Binders and Binder Accessories,Small Box,0.39
1295,834,418,0.04,7.08,2.35,24.59,7,49.1,91109,10/04/15,11/04/15,Not Specified,Regular Air,2430,2430,Kimberly Reilly,Home Office,United States,Central,Texas,Killeen,76541,SANFORD Major Accent™ Highlighters,Office Supplies,Pens & Art Supplies,Wrap Bag,0.47
1296,834,763,0.03,140.99,4.2,-458.744,2,246.44,91110,29/03/15,6/04/15,Low,Regular Air,2430,2430,Kimberly Reilly,Home Office,United States,Central,Texas,Killeen,76541,7160,Technology,Telephones and Communication,Small Box,0.59
1297,835,764,0.05,8.85,5.6,-9.177,21,199.08,24869,10/06/15,11/06/15,Not Specified,Regular Air,2431,2431,Troy Cassidy,Consumer,United States,West,California,Los Angeles,90004,GBC Standard Plastic Binding Systems Combs,Office Supplies,Binders and Binder Accessories,Small Box,0.36
1298,835,34,0.07,155.06,7.07,-121.75,14,2039.07,5920,19/05/15,19/05/15,High,Regular Air,2431,2431,Troy Cassidy,Consumer,United States,West,California,Los Angeles,90004,"Dual Level, Single-Width Filing Carts",Office Supplies,Storage & Organization,Small Box,0.59
1299,836,34,0.07,155.06,7.07,24.35,3,436.94,89096,19/05/15,19/05/15,High,Regular Air,2432,2432,Lindsay Tate,Consumer,United States,Central,Oklahoma,Midwest City,73110,"Dual Level, Single-Width Filing Carts",Office Supplies,Storage & Organization,Small Box,0.59
1300,836,98,0.09,5.4,7.78,-34.7645,6,37.38,89097,6/06/15,8/06/15,Not Specified,Express Air,2432,2432,Lindsay Tate,Consumer,United States,Central,Oklahoma,Midwest City,73110,3M Organizer Strips,Office Supplies,Binders and Binder Accessories,Small Box,0.37
1301,837,764,0.05,8.85,5.6,-7.3416,5,47.4,89095,10/06/15,11/06/15,Not Specified,Regular Air,2433,2433,Debra P May,Consumer,United States,Central,Oklahoma,Moore,73160,GBC Standard Plastic Binding Systems Combs,Office Supplies,Binders and Binder Accessories,Small Box,0.36
1302,838,630,0.09,90.97,14.0,35.29,3,260.0,90301,1/03/15,3/03/15,Low,Delivery Truck,2437,2437,Judith Shepherd,Home Office,United States,Central,Wisconsin,Muskego,53150,Lexmark Z54se Color Inkjet Printer,Technology,Office Machines,Jumbo Drum,0.36
1303,839,177,0.02,63.94,14.48,-100.17,11,709.7,89300,4/04/15,4/04/15,Medium,Regular Air,2441,2441,Kenneth Capps,Consumer,United States,South,Florida,Melbourne,32935,"Howard Miller 16"" Diameter Gallery Wall Clock",Furniture,Office Furnishings,Small Box,0.46
1304,840,302,0.01,5.02,5.14,-3.948,5,27.42,89300,4/04/15,6/04/15,Medium,Regular Air,2442,2442,Natalie Aldridge,Consumer,United States,South,Florida,Merritt Island,32953,"Imation 3.5, DISKETTE 44766 HGHLD3.52HD/FM, 10/Pack",Technology,Computer Peripherals,Small Pack,0.79
1305,841,87,0.05,58.1,1.49,1633.986,13,739.06,89299,18/01/15,18/01/15,High,Regular Air,2443,2443,Danny Richmond,Corporate,United States,South,Florida,Miami,33142,Avery Arch Ring Binders,Office Supplies,Binders and Binder Accessories,Small Box,0.38
1306,841,765,0.06,2.28,5.2,-2002.6314,13,30.47,89301,1/06/15,3/06/15,Not Specified,Regular Air,2443,2443,Danny Richmond,Corporate,United States,South,Florida,Miami,33142,"Binney & Smith inkTank™ Erasable Pocket Highlighter, Chisel Tip, Yellow",Office Supplies,Pens & Art Supplies,Wrap Bag,0.41
1307,842,126,0.09,6.48,7.03,-126.208,16,96.96,87790,29/06/15,1/07/15,High,Regular Air,2448,2448,Melanie Morrow,Consumer,United States,Central,Minnesota,Edina,55410,Xerox 214,Office Supplies,Paper,Small Box,0.37
1308,843,766,0.08,4.13,1.17,-5.54,1,4.21,90322,23/05/15,25/05/15,Not Specified,Regular Air,2450,2450,Tonya Miller,Home Office,United States,Central,Wisconsin,Janesville,53545,Newell 31,Office Supplies,Pens & Art Supplies,Wrap Bag,0.57
1309,844,469,0.06,3499.99,24.49,-68.432,1,3550.28,89219,1/03/15,4/03/15,Medium,Express Air,2454,2454,Donna Braun,Corporate,United States,South,Alabama,Hoover,35244,Canon imageCLASS 2200 Advanced Copier,Technology,Copiers and Fax,Large Box,0.37
1310,845,197,0.07,179.99,19.99,733.2822,7,1188.63,89218,22/01/15,23/01/15,High,Regular Air,2456,2456,Joan Beach,Home Office,United States,South,Alabama,Mobile,36608,Motorola SB4200 Cable Modem,Technology,Computer Peripherals,Small Box,0.48
1311,845,767,0.02,92.23,39.61,-905.9904,11,1009.93,89218,22/01/15,23/01/15,High,Express Air,2456,2456,Joan Beach,Home Office,United States,South,Alabama,Mobile,36608,"Deflect-o RollaMat Studded, Beveled Mat for Medium Pile Carpeting",Furniture,Office Furnishings,Medium Box,0.67
1312,846,768,0.02,15.22,9.73,-21.63242,9,140.7,89218,22/01/15,22/01/15,High,Regular Air,2457,2457,Yvonne Collier,Home Office,United States,Central,Minnesota,Lino Lakes,55014,"GBC Twin Loop™ Wire Binding Elements, 9/16"" Spine, Black",Office Supplies,Binders and Binder Accessories,Small Box,0.36
1313,847,769,0.03,6.48,8.73,-35.04,2,15.95,91285,3/01/15,5/01/15,High,Regular Air,2458,2458,Troy Casey,Home Office,United States,Central,Minnesota,Edina,55410,Xerox 227,Office Supplies,Paper,Small Box,0.37
1314,847,575,0.05,12.88,4.59,5.98,3,42.35,91286,23/05/15,25/05/15,Medium,Regular Air,2458,2458,Troy Casey,Home Office,United States,Central,Minnesota,Edina,55410,Martin-Yale Premier Letter Opener,Office Supplies,"Scissors, Rulers and Trimmers",Wrap Bag,0.82
1315,848,769,0.03,6.48,8.73,-35.04,8,63.78,30785,3/01/15,5/01/15,High,Regular Air,2460,2460,Lucille Gibbons,Home Office,United States,East,New York,New York City,10035,Xerox 227,Office Supplies,Paper,Small Box,0.37
1316,848,770,0.07,9.93,1.09,149.53,46,451.61,30785,3/01/15,6/01/15,High,Regular Air,2460,2460,Lucille Gibbons,Home Office,United States,East,New York,New York City,10035,Peel-Off® China Markers,Office Supplies,Pens & Art Supplies,Wrap Bag,0.43
1317,849,61,0.09,1.74,4.08,608.262,4,10.41,88713,11/05/15,13/05/15,High,Express Air,2464,2464,Joe George,Consumer,United States,South,Louisiana,Bossier City,71111,"Eldon Regeneration Recycled Desk Accessories, Smoke",Furniture,Office Furnishings,Small Pack,0.53
1318,849,771,0.08,227.55,32.48,-570.1696,16,2849.64,88713,11/05/15,11/05/15,High,Delivery Truck,2464,2464,Joe George,Consumer,United States,South,Louisiana,Bossier City,71111,Hon Rectangular Conference Tables,Furniture,Tables,Jumbo Box,0.68
1319,849,772,0.05,6.28,5.36,1.278,6,38.04,88714,20/01/15,23/01/15,Not Specified,Regular Air,2464,2464,Joe George,Consumer,United States,South,Louisiana,Bossier City,71111,GBC Standard Plastic Binding Systems' Combs,Office Supplies,Binders and Binder Accessories,Small Box,0.4
1320,849,683,0.04,3.08,0.99,424.29,14,42.53,88714,20/01/15,21/01/15,Not Specified,Regular Air,2464,2464,Joe George,Consumer,United States,South,Louisiana,Bossier City,71111,Avery 481,Office Supplies,Labels,Small Box,0.37
1321,850,485,0.04,2.08,1.49,-3.71956,7,14.77,88136,27/02/15,28/02/15,Medium,Regular Air,2466,2466,Gilbert Godfrey,Corporate,United States,Central,Michigan,Sault Sainte Marie,49783,Economy Binders,Office Supplies,Binders and Binder Accessories,Small Box,0.36
1322,850,773,0.02,53.98,5.5,101.972,8,438.33,88136,27/02/15,28/02/15,Medium,Express Air,2466,2466,Gilbert Godfrey,Corporate,United States,Central,Michigan,Sault Sainte Marie,49783,Nu-Form 106-Key Ergonomic Keyboard w/ Touchpad,Technology,Computer Peripherals,Small Box,0.62
1323,850,774,0.05,4.98,5.02,-16.6348,7,38.11,88136,27/02/15,27/02/15,Medium,Regular Air,2466,2466,Gilbert Godfrey,Corporate,United States,Central,Michigan,Sault Sainte Marie,49783,Xerox 1989,Office Supplies,Paper,Small Box,0.38
1324,851,87,0.09,58.1,1.49,765.75,3,169.46,88135,27/04/15,29/04/15,Critical,Express Air,2468,2468,Rhonda Stein,Home Office,United States,South,North Carolina,Salisbury,28144,Avery Arch Ring Binders,Office Supplies,Binders and Binder Accessories,Small Box,0.38
1325,852,591,0.04,65.99,8.99,-335.041,13,724.57,88137,13/03/15,14/03/15,Critical,Regular Air,2468,2468,Rhonda Stein,Corporate,United States,South,North Carolina,Salisbury,28144,i270,Technology,Telephones and Communication,Small Box,0.55
1326,853,42,0.1,4.91,0.5,35.2797,10,51.13,86514,21/02/15,21/02/15,Low,Express Air,2472,2472,Ricky Sanders,Home Office,United States,Central,Illinois,Joliet,60432,Avery 493,Office Supplies,Labels,Small Box,0.36
1327,854,315,0.07,5.18,5.74,-188.034,14,79.61,91000,6/04/15,8/04/15,Critical,Express Air,2481,2481,Kelly Sawyer,Corporate,United States,South,Louisiana,Lafayette,70506,Wilson Jones Impact Binders,Office Supplies,Binders and Binder Accessories,Small Box,0.36
1328,855,755,0.05,6.48,7.91,322.122,16,109.99,88998,13/03/15,14/03/15,Medium,Regular Air,2484,2484,Rhonda Bryant,Corporate,United States,South,Florida,Winter Haven,33881,Xerox 216,Office Supplies,Paper,Small Box,0.37
1328,855,775,0.03,111.03,8.64,366.54,8,900.12,88998,13/03/15,14/03/15,Medium,Regular Air,2484,2484,Rhonda Bryant,Corporate,United States,South,Florida,Winter Haven,33881,Fellowes Recycled Storage Drawers,Office Supplies,Storage & Organization,Small Box,0.78
1329,856,747,0.02,71.37,69.0,-439.908,4,237.62,91414,6/02/15,7/02/15,High,Regular Air,2486,2486,Jack Horn,Small Business,United States,South,Georgia,Statesboro,30458,"Lesro Sheffield Collection Coffee Table, End Table, Center Table, Corner Table",Furniture,Tables,Large Box,0.68
1330,856,549,0.03,205.99,8.99,1087.716,1,176.42,91414,6/02/15,8/02/15,High,Express Air,2486,2486,Jack Horn,Small Business,United States,South,Georgia,Statesboro,30458,StarTAC 8000,Technology,Telephones and Communication,Small Box,0.6
1331,856,653,0.0,180.98,30.0,9.204,11,2084.16,91416,3/02/15,5/02/15,Low,Delivery Truck,2486,2486,Jack Horn,Small Business,United States,South,Georgia,Statesboro,30458,Office Star - Ergonomic Mid Back Chair with 2-Way Adjustable Arms,Furniture,Chairs & Chairmats,Jumbo Drum,0.69
1332,857,683,0.04,3.08,0.99,257.0832,14,43.41,91415,20/06/15,21/06/15,Not Specified,Regular Air,2487,2487,Michelle Bryant Phillips,Small Business,United States,South,Georgia,Tucker,30084,Avery 481,Office Supplies,Labels,Small Box,0.37
1332,857,742,0.1,2.78,1.25,0.7854,18,46.42,91415,20/06/15,21/06/15,Not Specified,Regular Air,2487,2487,Michelle Bryant Phillips,Small Business,United States,South,Georgia,Tucker,30084,Newell 318,Office Supplies,Pens & Art Supplies,Wrap Bag,0.59
1333,857,585,0.02,136.98,24.49,88.56,8,1140.95,91417,2/06/15,3/06/15,Not Specified,Express Air,2487,2487,Michelle Bryant Phillips,Small Business,United States,South,Georgia,Tucker,30084,"3M Polarizing Task Lamp with Clamp Arm, Light Gray",Furniture,Office Furnishings,Large Box,0.59
1334,858,42,0.08,4.91,0.5,12.726,9,42.69,86887,9/04/15,9/04/15,High,Regular Air,2488,2488,Gordon Walker,Consumer,United States,South,Arkansas,Cabot,72023,Avery 493,Office Supplies,Labels,Small Box,0.36
1335,858,776,0.02,28.15,6.17,160.8066,11,327.41,86887,9/04/15,10/04/15,High,Regular Air,2488,2488,Gordon Walker,Consumer,United States,South,Arkansas,Cabot,72023,"Boston Model 1800 Electric Pencil Sharpener, Gray",Office Supplies,Pens & Art Supplies,Small Pack,0.55
1336,859,221,0.01,2036.48,14.7,-1596.7458,2,3786.84,86883,11/02/15,13/02/15,High,Delivery Truck,2489,2489,Craig Liu,Consumer,United States,West,California,Concord,94521,Lexmark 4227 Plus Dot Matrix Printer,Technology,Office Machines,Jumbo Drum,0.55
1337,860,261,0.04,419.19,19.99,1388.3559,5,2012.11,86885,26/04/15,27/04/15,Medium,Regular Air,2489,2489,Craig Liu,Home Office,United States,West,California,Concord,94521,Smead Adjustable Mobile File Trolley with Lockable Top,Office Supplies,Storage & Organization,Small Box,0.58
1338,860,265,0.07,65.99,8.8,109.836,9,471.66,86886,12/01/15,12/01/15,Not Specified,Regular Air,2489,2489,Craig Liu,Home Office,United States,West,California,Concord,94521,6120,Technology,Telephones and Communication,Small Box,0.58
1339,861,557,0.09,348.21,40.19,-93.85,2,662.8,86884,14/02/15,16/02/15,Critical,Delivery Truck,2490,2490,Pauline Finch,Home Office,United States,West,California,Costa Mesa,92627,Bretford CR4500 Series Slim Rectangular Table,Furniture,Tables,Jumbo Box,0.62
1340,861,777,0.0,10.01,1.99,82.7034,11,119.86,86886,12/01/15,14/01/15,Not Specified,Express Air,2490,2490,Pauline Finch,Home Office,United States,West,California,Costa Mesa,92627,TDK 4.7GB DVD-R,Technology,Computer Peripherals,Small Pack,0.41
1341,862,557,0.09,348.21,40.19,-93.85,8,2651.21,48836,14/02/15,16/02/15,Critical,Delivery Truck,2491,2491,Sean N Boyer,Home Office,United States,West,California,Los Angeles,90045,Bretford CR4500 Series Slim Rectangular Table,Furniture,Tables,Jumbo Box,0.62
1342,863,584,0.06,4.28,0.94,0.37,9,38.96,11712,26/04/15,28/04/15,Low,Regular Air,2491,2491,Sean N Boyer,Consumer,United States,West,California,Los Angeles,90045,Newell 336,Office Supplies,Pens & Art Supplies,Wrap Bag,0.56
1343,862,261,0.04,419.19,19.99,1947.67,20,8048.45,23042,26/04/15,27/04/15,Medium,Regular Air,2491,2491,Sean N Boyer,Home Office,United States,West,California,Los Angeles,90045,Smead Adjustable Mobile File Trolley with Lockable Top,Office Supplies,Storage & Organization,Small Box,0.58
1344,862,265,0.07,65.99,8.8,109.836,37,1939.03,23877,12/01/15,12/01/15,Not Specified,Regular Air,2491,2491,Sean N Boyer,Home Office,United States,West,California,Los Angeles,90045,6120,Technology,Telephones and Communication,Small Box,0.58
1345,862,777,0.0,10.01,1.99,128.03,42,457.63,23877,12/01/15,14/01/15,Not Specified,Express Air,2491,2491,Sean N Boyer,Home Office,United States,West,California,Los Angeles,90045,TDK 4.7GB DVD-R,Technology,Computer Peripherals,Small Pack,0.41
1346,863,42,0.08,4.91,0.5,31.752,36,170.75,14785,9/04/15,9/04/15,High,Regular Air,2491,2491,Sean N Boyer,Consumer,United States,West,California,Los Angeles,90045,Avery 493,Office Supplies,Labels,Small Box,0.36
1347,863,776,0.02,28.15,6.17,117.208,45,1339.42,14785,9/04/15,10/04/15,High,Regular Air,2491,2491,Sean N Boyer,Consumer,United States,West,California,Los Angeles,90045,"Boston Model 1800 Electric Pencil Sharpener, Gray",Office Supplies,Pens & Art Supplies,Small Pack,0.55
1348,864,584,0.06,4.28,0.94,0.37,2,8.66,86885,26/04/15,28/04/15,Low,Regular Air,2495,2495,Maria Block,Consumer,United States,West,Wyoming,Rock Springs,82901,Newell 336,Office Supplies,Pens & Art Supplies,Wrap Bag,0.56
1349,865,466,0.09,355.98,58.92,1240.25,30,10554.63,16547,18/02/15,20/02/15,Not Specified,Delivery Truck,2498,2498,Arlene Long,Corporate,United States,West,California,San Diego,92024,Hon 4700 Series Mobuis™ Mid-Back Task Chairs with Adjustable Arms,Furniture,Chairs & Chairmats,Jumbo Drum,0.64
1350,865,229,0.04,218.75,69.64,-533.232,8,1749.64,16547,18/02/15,18/02/15,Not Specified,Delivery Truck,2498,2498,Arlene Long,Corporate,United States,West,California,San Diego,92024,BoxOffice By Design Rectangular and Half-Moon Meeting Room Tables,Furniture,Tables,Jumbo Box,0.77
1351,866,598,0.09,6.28,5.41,-61.59,56,355.4,54567,2/02/15,4/02/15,Medium,Regular Air,2498,2498,Arlene Long,Small Business,United States,West,California,San Diego,92024,Eldon® 200 Class™ Desk Accessories,Furniture,Office Furnishings,Small Box,0.53
1352,866,16,0.08,1.68,1.57,-46.25,88,148.36,20007,5/02/15,6/02/15,Not Specified,Regular Air,2498,2498,Arlene Long,Small Business,United States,West,California,San Diego,92024,Newell 323,Office Supplies,Pens & Art Supplies,Wrap Bag,0.59
1353,867,466,0.09,355.98,58.92,1240.25,8,2814.57,88319,18/02/15,20/02/15,Not Specified,Delivery Truck,2499,2499,Geoffrey Koch,Corporate,United States,Central,Illinois,Kankakee,60901,Hon 4700 Series Mobuis™ Mid-Back Task Chairs with Adjustable Arms,Furniture,Chairs & Chairmats,Jumbo Drum,0.64
1354,868,598,0.09,6.28,5.41,-32.0268,14,88.85,88320,2/02/15,4/02/15,Medium,Regular Air,2500,2500,Kevin Smith,Small Business,United States,Central,Illinois,Lake In The Hills,60102,Eldon® 200 Class™ Desk Accessories,Furniture,Office Furnishings,Small Box,0.53
1355,869,670,0.1,24.92,12.98,-45.816,3,70.82,91310,19/03/15,19/03/15,High,Regular Air,2502,2502,Toni Owens Poe,Home Office,United States,Central,Indiana,Munster,46321,GBC Standard Therm-A-Bind Covers,Office Supplies,Binders and Binder Accessories,Small Box,0.39
1356,869,558,0.0,12.28,6.35,30.63,7,90.44,91310,19/03/15,20/03/15,High,Express Air,2502,2502,Toni Owens Poe,Home Office,United States,Central,Indiana,Munster,46321,Staples Premium Bright 1-Part Blank Computer Paper,Office Supplies,Paper,Small Box,0.38
1357,870,778,0.02,6.48,8.74,-6.835,1,10.72,87033,5/06/15,7/06/15,Medium,Regular Air,2506,2506,Alfred Harmon,Home Office,United States,East,Connecticut,Cheshire,6408,Xerox 1984,Office Supplies,Paper,Small Box,0.36
1358,871,200,0.06,699.99,24.49,7024.2069,15,10180.01,87033,5/06/15,7/06/15,Medium,Express Air,2507,2507,Jeanette Davies,Home Office,United States,East,Maine,Bangor,4401,Canon PC1060 Personal Laser Copier,Technology,Copiers and Fax,Large Box,0.41
1359,872,105,0.02,5.81,8.49,-137.494,7,42.44,87031,8/01/15,12/01/15,Low,Regular Air,2508,2508,Pauline Brooks,Home Office,United States,East,Maine,Sanford,4073,Fellowes Black Plastic Comb Bindings,Office Supplies,Binders and Binder Accessories,Small Box,0.39
1360,873,779,0.05,30.98,9.18,308.67,15,462.57,87029,5/05/15,5/05/15,Medium,Regular Air,2509,2509,Sidney Larson,Home Office,United States,East,Maine,South Portland,4106,Xerox 1951,Office Supplies,Paper,Small Box,0.4
1361,874,780,0.04,6.48,9.54,-223.944,19,125.37,87030,15/06/15,17/06/15,Not Specified,Regular Air,2512,2512,Frances Holt,Home Office,United States,East,Massachusetts,Cambridge,2138,Xerox 1905,Office Supplies,Paper,Small Box,0.37
1362,875,207,0.02,17.15,4.96,36.495,11,190.85,87033,5/06/15,7/06/15,Medium,Regular Air,2516,2516,Leo E Underwood,Home Office,United States,East,New Jersey,Englewood,7631,Advantus Rolling Storage Box,Office Supplies,Storage & Organization,Small Box,0.58
1363,876,709,0.07,30.98,8.74,255.7692,12,370.68,87033,5/06/15,6/06/15,Medium,Regular Air,2520,2520,Sandy Mueller,Home Office,United States,East,Rhode Island,Providence,2908,Xerox 1979,Office Supplies,Paper,Small Box,0.4
1364,877,33,0.0,175.99,4.99,1656.6555,15,2400.95,87032,18/02/15,21/02/15,Medium,Regular Air,2521,2521,Shawn Meyer,Home Office,United States,Central,Texas,Corsicana,75109,5165,Technology,Telephones and Communication,Small Box,0.59
1365,878,204,0.04,1360.14,14.7,2639.01,6,7303.05,87033,5/06/15,8/06/15,Medium,Delivery Truck,2522,2522,Harriet Wooten,Home Office,United States,East,Vermont,Burlington,5401,Okidata ML395C Color Dot Matrix Printer,Technology,Office Machines,Jumbo Drum,0.59
1366,879,546,0.01,2.16,6.05,395.76,24,58.05,87208,23/05/15,25/05/15,Critical,Regular Air,2526,2526,Derek Sweeney,Corporate,United States,South,Louisiana,Lafayette,70506,Peel & Stick Add-On Corner Pockets,Office Supplies,Binders and Binder Accessories,Small Box,0.37
1367,880,741,0.07,21.38,8.99,-39.396,3,68.64,87208,23/05/15,25/05/15,Critical,Regular Air,2527,2527,Gretchen Orr,Corporate,United States,South,Louisiana,Lake Charles,70601,Boston 1730 StandUp Electric Pencil Sharpener,Office Supplies,Pens & Art Supplies,Small Pack,0.59
1368,881,458,0.04,40.98,6.5,-89.5,7,277.07,87451,29/03/15,30/03/15,High,Regular Air,2530,2530,Janet Zhang,Small Business,United States,West,California,Apple Valley,92307,Targus USB Numeric Keypad,Technology,Computer Peripherals,Small Box,0.74
1369,882,56,0.08,4.0,1.3,28.4,14,51.99,87452,2/05/15,4/05/15,Medium,Regular Air,2531,2531,Rick Houston,Small Business,United States,West,California,Atascadero,93422,EcoTones® Memo Sheets,Office Supplies,Paper,Wrap Bag,0.37
1370,883,459,0.05,35.99,3.3,103.2723,5,149.67,87451,29/03/15,31/03/15,High,Regular Air,2534,2534,Mitchell Goldberg,Small Business,United States,East,Maine,Bangor,4401,Accessory9,Technology,Telephones and Communication,Small Pack,0.39
1371,884,590,0.08,12.53,0.5,215.718,5,61.1,91017,7/04/15,8/04/15,Not Specified,Regular Air,2539,2539,Max Hubbard,Home Office,United States,South,Florida,Winter Park,32789,Avery 485,Office Supplies,Labels,Small Box,0.38
1372,885,180,0.02,178.47,19.99,106.9848,1,193.81,91017,7/04/15,8/04/15,Not Specified,Regular Air,2540,2540,Helen Ferguson,Home Office,United States,South,Florida,Winter Springs,32708,"Hot File® 7-Pocket, Floor Stand",Office Supplies,Storage & Organization,Small Box,0.55
1373,886,781,0.05,15.68,3.73,3.54,17,257.48,87917,11/06/15,12/06/15,Medium,Regular Air,2543,2543,Josephine Dalton,Small Business,United States,South,Virginia,Richmond,23223,Artistic Insta-Plaque,Furniture,Office Furnishings,Small Pack,0.46
1373,886,746,0.02,195.99,4.2,40.284,19,3194.99,87917,11/06/15,12/06/15,Medium,Regular Air,2543,2543,Josephine Dalton,Small Business,United States,South,Virginia,Richmond,23223,T65,Technology,Telephones and Communication,Small Box,0.56
1374,887,24,0.01,99.99,19.99,90.024,2,202.98,87915,10/03/15,12/03/15,Medium,Express Air,2545,2545,Rick Ellis,Home Office,United States,South,Virginia,Springfield,22153,AT&T 2230 Dual Handset Phone With Caller ID/Call Waiting,Technology,Office Machines,Small Box,0.52
1375,888,780,0.07,6.48,9.54,2.232,1,10.86,87916,19/04/15,19/04/15,Low,Regular Air,2547,2547,Edna Freeman,Small Business,United States,South,Virginia,Virginia Beach,23464,Xerox 1905,Office Supplies,Paper,Small Box,0.37
1376,889,782,0.0,35.99,0.99,840.051,46,1477.57,46436,4/04/15,11/04/15,Low,Regular Air,2548,2548,Wayne Bass,Small Business,United States,West,California,Los Angeles,90068,Accessory31,Technology,Telephones and Communication,Small Pack,0.35
1377,889,779,0.05,30.98,9.18,61.47,12,382.29,40997,21/04/15,21/04/15,Low,Express Air,2548,2548,Wayne Bass,Small Business,United States,West,California,Los Angeles,90068,Xerox 1951,Office Supplies,Paper,Small Box,0.4
1378,889,783,0.05,22.99,8.99,18.27,37,881.74,40997,21/04/15,28/04/15,Low,Regular Air,2548,2548,Wayne Bass,Small Business,United States,West,California,Los Angeles,90068,Boston KS Multi-Size Manual Pencil Sharpener,Office Supplies,Pens & Art Supplies,Small Pack,0.57
1379,889,484,0.04,212.6,110.2,-513.79042,33,7384.18,40997,21/04/15,25/04/15,Low,Delivery Truck,2548,2548,Wayne Bass,Small Business,United States,West,California,Los Angeles,90068,Bush Advantage Collection® Round Conference Table,Furniture,Tables,Jumbo Box,0.73
1380,889,784,0.09,5.98,1.67,23.87,81,448.26,29889,4/06/15,7/06/15,Not Specified,Regular Air,2548,2548,Wayne Bass,Small Business,United States,West,California,Los Angeles,90068,"Dixon Ticonderoga® Erasable Colored Pencil Set, 12-Color",Office Supplies,Pens & Art Supplies,Wrap Bag,0.51
1381,890,779,0.05,30.98,9.18,61.47,3,95.57,88657,21/04/15,21/04/15,Low,Express Air,2549,2549,Martha Bowers,Small Business,United States,East,Ohio,Whitehall,43213,Xerox 1951,Office Supplies,Paper,Small Box,0.4
1382,890,783,0.05,22.99,8.99,18.27,9,214.48,88657,21/04/15,28/04/15,Low,Regular Air,2549,2549,Martha Bowers,Small Business,United States,East,Ohio,Whitehall,43213,Boston KS Multi-Size Manual Pencil Sharpener,Office Supplies,Pens & Art Supplies,Small Pack,0.57
1383,890,484,0.04,212.6,110.2,-513.79042,8,1790.1,88657,21/04/15,25/04/15,Low,Delivery Truck,2549,2549,Martha Bowers,Small Business,United States,East,Ohio,Whitehall,43213,Bush Advantage Collection® Round Conference Table,Furniture,Tables,Jumbo Box,0.73
1384,890,784,0.09,5.98,1.67,35.805,20,110.68,88658,4/06/15,7/06/15,Not Specified,Regular Air,2549,2549,Martha Bowers,Small Business,United States,East,Ohio,Whitehall,43213,"Dixon Ticonderoga® Erasable Colored Pencil Set, 12-Color",Office Supplies,Pens & Art Supplies,Wrap Bag,0.51
1385,891,782,0.0,35.99,0.99,265.9605,12,385.45,88656,4/04/15,11/04/15,Low,Regular Air,2551,2551,Joan Bowers,Small Business,United States,East,Pennsylvania,York,17403,Accessory31,Technology,Telephones and Communication,Small Pack,0.35
1386,892,785,0.03,12.53,7.17,-20.3205,1,19.32,86528,12/02/15,13/02/15,Medium,Regular Air,2553,2553,Virginia McNeill,Home Office,United States,Central,Wisconsin,Kenosha,53142,GBC ProClick Spines for 32-Hole Punch,Office Supplies,Binders and Binder Accessories,Small Box,0.38
1387,893,372,0.1,2.6,2.4,-88.04,12,30.1,86527,9/01/15,14/01/15,Low,Regular Air,2555,2555,Karl Knowles,Home Office,United States,Central,Wisconsin,Madison,53711,12 Colored Short Pencils,Office Supplies,Pens & Art Supplies,Wrap Bag,0.58
1388,893,516,0.0,12.97,1.49,180.2349,19,261.21,86529,2/02/15,3/02/15,Critical,Regular Air,2555,2555,Karl Knowles,Home Office,United States,Central,Wisconsin,Madison,53711,"Mead 1st Gear 2"" Zipper Binder, Asst. Colors",Office Supplies,Binders and Binder Accessories,Small Box,0.35
1389,893,554,0.06,4.91,0.5,29.5251,9,42.79,86529,2/02/15,2/02/15,Critical,Regular Air,2555,2555,Karl Knowles,Home Office,United States,Central,Wisconsin,Madison,53711,Avery 508,Office Supplies,Labels,Small Box,0.36
1390,894,49,0.03,160.98,30.0,1261.4718,11,1828.22,86465,22/03/15,25/03/15,Not Specified,Delivery Truck,2561,2561,Laurie Moon,Consumer,United States,East,New York,Ossining,10562,Office Star - Mid Back Dual function Ergonomic High Back Chair with 2-Way Adjustable Arms,Furniture,Chairs & Chairmats,Jumbo Drum,0.62
1391,894,605,0.07,3.98,5.26,-59.96376,7,29.77,86466,8/04/15,10/04/15,Not Specified,Regular Air,2561,2561,Laurie Moon,Consumer,United States,East,New York,Ossining,10562,Ibico Presentation Index for Binding Systems,Office Supplies,Binders and Binder Accessories,Small Box,0.38
1392,894,786,0.07,12.22,2.85,89.4148,12,147.19,86466,8/04/15,8/04/15,Not Specified,Regular Air,2561,2561,Laurie Moon,Consumer,United States,East,New York,Ossining,10562,Aluminum Document Frame,Furniture,Office Furnishings,Small Pack,0.55
1393,895,519,0.08,4.55,1.49,27.0273,9,39.17,91447,8/04/15,9/04/15,Not Specified,Regular Air,2563,2563,Karen Warren,Home Office,United States,Central,Minnesota,Fridley,55432,Presstex Flexible Ring Binders,Office Supplies,Binders and Binder Accessories,Small Box,0.35
1394,896,359,0.0,4.37,5.15,-150.2604,19,87.85,90327,25/04/15,27/04/15,Critical,Regular Air,2570,2570,Yvonne Stephens,Consumer,United States,West,California,Davis,95616,"Eureka Sanitaire ® Multi-Pro Heavy-Duty Upright, Disposable Bags",Office Supplies,Appliances,Small Box,0.59
1395,896,2,0.01,500.98,56.0,4899.1288,14,7429.63,90327,25/04/15,26/04/15,Critical,Delivery Truck,2570,2570,Yvonne Stephens,Consumer,United States,West,California,Davis,95616,Global Troy™ Executive Leather Low-Back Tilter,Furniture,Chairs & Chairmats,Jumbo Drum,0.6
1396,896,787,0.02,12.58,5.16,44.712,18,224.29,90327,25/04/15,25/04/15,Critical,Regular Air,2570,2570,Yvonne Stephens,Consumer,United States,West,California,Davis,95616,"DAX Copper Panel Document Frame, 5 x 7 Size",Furniture,Office Furnishings,Small Box,0.43
1397,896,788,0.1,7.7,3.68,-22.626,7,51.2,90327,25/04/15,26/04/15,Critical,Regular Air,2570,2570,Yvonne Stephens,Consumer,United States,West,California,Davis,95616,Deflect-O® Glasstique™ Clear Desk Accessories,Furniture,Office Furnishings,Wrap Bag,0.52
1398,897,2,0.01,500.98,56.0,4260.112,56,29718.53,50656,25/04/15,26/04/15,Critical,Delivery Truck,2571,2571,Rosemary O'Brien,Consumer,United States,East,New York,New York City,10165,Global Troy™ Executive Leather Low-Back Tilter,Furniture,Chairs & Chairmats,Jumbo Drum,0.6
1399,897,788,0.1,7.7,3.68,-25.14,27,197.48,50656,25/04/15,26/04/15,Critical,Regular Air,2571,2571,Rosemary O'Brien,Consumer,United States,East,New York,New York City,10165,Deflect-O® Glasstique™ Clear Desk Accessories,Furniture,Office Furnishings,Wrap Bag,0.52
1400,898,332,0.04,8.6,6.19,309.7116,5,46.85,88298,2/05/15,4/05/15,Low,Regular Air,2578,2578,Kent Gill,Home Office,United States,South,Alabama,Opelika,36801,Avery Printable Repositionable Plastic Tabs,Office Supplies,Binders and Binder Accessories,Small Box,0.38
1401,898,7,0.01,3.58,1.63,-128.856,26,93.57,88298,2/05/15,6/05/15,Low,Regular Air,2578,2578,Kent Gill,Home Office,United States,South,Alabama,Opelika,36801,"OIC Colored Binder Clips, Assorted Sizes",Office Supplies,Rubber Bands,Wrap Bag,0.36
1402,898,789,0.08,105.49,41.64,-36.946,34,2694.49,88298,2/05/15,9/05/15,Low,Delivery Truck,2578,2578,Kent Gill,Home Office,United States,South,Alabama,Opelika,36801,Balt Solid Wood Rectangular Table,Furniture,Tables,Jumbo Box,0.75
1403,899,790,0.09,212.6,52.2,-274.498,1,174.5,88296,3/01/15,4/01/15,High,Delivery Truck,2579,2579,Marshall Sutherland,Home Office,United States,South,Alabama,Phenix City,36869,Bush Advantage Collection® Round Conference Table,Furniture,Tables,Jumbo Box,0.64
1404,899,625,0.07,1.76,4.86,0.588,15,26.01,88297,17/01/15,17/01/15,Medium,Regular Air,2579,2579,Marshall Sutherland,Home Office,United States,South,Alabama,Phenix City,36869,Regeneration Desk Collection,Furniture,Office Furnishings,Small Box,0.41
1405,900,791,0.04,510.14,14.7,-251.4039,3,1527.97,89657,7/06/15,9/06/15,Medium,Delivery Truck,2583,2583,Wendy Pridgen Pearce,Home Office,United States,Central,Michigan,Holland,49423,Okidata ML520 Series Dot Matrix Printers,Technology,Office Machines,Jumbo Drum,0.56
1406,900,792,0.0,4.76,3.01,-2.345,23,110.86,89657,7/06/15,9/06/15,Medium,Regular Air,2583,2583,Wendy Pridgen Pearce,Home Office,United States,Central,Michigan,Holland,49423,"TOPS Voice Message Log Book, Flash Format",Office Supplies,Paper,Wrap Bag,0.36
1407,901,423,0.04,6.3,0.5,67.6062,15,97.98,89658,9/06/15,11/06/15,Critical,Regular Air,2584,2584,Seth Matthews,Home Office,United States,Central,Michigan,Inkster,48141,Avery 48,Office Supplies,Labels,Small Box,0.39
1408,902,793,0.01,6.48,6.57,-46.5244,18,127.83,91166,28/02/15,28/02/15,Medium,Express Air,2587,2587,Eugene H Walsh,Home Office,United States,Central,Wisconsin,Manitowoc,54220,Xerox 20,Office Supplies,Paper,Small Box,0.37
1409,902,276,0.02,22.72,8.99,200.0172,12,289.88,91167,26/06/15,26/06/15,Not Specified,Regular Air,2587,2587,Eugene H Walsh,Home Office,United States,Central,Wisconsin,Manitowoc,54220,"Executive Impressions 14"" Two-Color Numerals Wall Clock",Furniture,Office Furnishings,Small Pack,0.44
1410,903,261,0.02,419.19,19.99,-39.606,10,4354.55,87772,17/04/15,17/04/15,Low,Regular Air,2593,2593,Anne Schultz,Corporate,United States,South,Georgia,Athens,30605,Smead Adjustable Mobile File Trolley with Lockable Top,Office Supplies,Storage & Organization,Small Box,0.58
1411,903,164,0.01,85.99,0.99,311.73,2,146.17,87773,12/03/15,17/03/15,Low,Regular Air,2593,2593,Anne Schultz,Corporate,United States,South,Georgia,Athens,30605,Accessory4,Technology,Telephones and Communication,Wrap Bag,0.85
1412,904,794,0.05,5.74,5.3,-50.75,7,42.02,87382,21/03/15,26/03/15,Low,Regular Air,2601,2601,Malcolm French,Corporate,United States,East,New Hampshire,Merrimack,3054,Acme Kleencut® Forged Steel Scissors,Office Supplies,"Scissors, Rulers and Trimmers",Small Pack,0.55
1413,905,187,0.07,200.99,4.2,2225.07612,22,3705.14,87383,5/04/15,6/04/15,Critical,Regular Air,2603,2603,Penny Leach,Corporate,United States,East,New Jersey,Hackensack,7601,2160i,Technology,Telephones and Communication,Small Box,0.59
1414,906,708,0.01,297.48,18.06,-338.180832,3,945.36,87383,5/04/15,6/04/15,Critical,Delivery Truck,2604,2604,Gina Curry,Corporate,United States,East,New Jersey,Iselin,8830,Panasonic KX-P3200 Dot Matrix Printer,Technology,Office Machines,Jumbo Drum,0.6
1415,907,98,0.09,5.4,7.78,-136.252,9,49.24,86118,16/05/15,17/05/15,High,Regular Air,2610,2610,Tommy Lutz,Corporate,United States,West,California,Davis,95616,3M Organizer Strips,Office Supplies,Binders and Binder Accessories,Small Box,0.37
1416,908,795,0.02,50.98,13.66,-25.76,1,68.45,86119,24/01/15,24/01/15,Low,Express Air,2613,2613,Anthony Stanley,Corporate,United States,East,New Jersey,Fords,8863,Eureka The Boss® Cordless Rechargeable Stick Vac,Office Supplies,Appliances,Small Box,0.58
1417,909,372,0.0,2.6,2.4,-45.21,16,44.75,91495,11/03/15,13/03/15,Critical,Regular Air,2616,2616,Laurence Hull,Corporate,United States,Central,Michigan,Portage,49002,12 Colored Short Pencils,Office Supplies,Pens & Art Supplies,Wrap Bag,0.58
1418,910,655,0.1,3.25,49.0,-286.245,6,40.69,91496,27/06/15,28/06/15,Not Specified,Regular Air,2617,2617,Gerald Crabtree,Corporate,United States,Central,South Dakota,Aberdeen,57401,"Bravo II™ Megaboss® 12-Amp Hard Body Upright, Replacement Belts, 2 Belts per Pack",Office Supplies,Appliances,Large Box,0.56
1419,911,796,0.1,7.64,1.39,16.12,18,130.11,46884,17/01/15,19/01/15,Medium,Regular Air,2618,2618,Amy Hamrick Melvin,Corporate,United States,East,New York,New York City,10004,Security-Tint Envelopes,Office Supplies,Envelopes,Small Box,0.36
1419,911,797,0.0,125.99,2.5,-815.9008,3,337.34,46884,17/01/15,19/01/15,Medium,Regular Air,2618,2618,Amy Hamrick Melvin,Corporate,United States,East,New York,New York City,10004,6162,Technology,Telephones and Communication,Small Box,0.59
1420,911,100,0.1,11.55,2.36,15.808,25,280.43,46884,17/01/15,18/01/15,Medium,Regular Air,2618,2618,Amy Hamrick Melvin,Corporate,United States,East,New York,New York City,10004,Newell 309,Office Supplies,Pens & Art Supplies,Wrap Bag,0.55
1421,911,529,0.05,4.84,0.71,29.17,20,103.39,34017,23/03/15,23/03/15,High,Express Air,2618,2618,Amy Hamrick Melvin,Corporate,United States,East,New York,New York City,10004,*Staples* Highlighting Markers,Office Supplies,Pens & Art Supplies,Wrap Bag,0.52
1422,911,612,0.01,14.98,7.69,-48.97,28,435.39,34017,23/03/15,25/03/15,High,Regular Air,2618,2618,Amy Hamrick Melvin,Corporate,United States,East,New York,New York City,10004,Super Decoflex Portable Personal File,Office Supplies,Storage & Organization,Small Box,0.57
1423,911,539,0.1,20.27,3.99,84.05,53,1051.52,53153,23/03/15,24/03/15,Critical,Regular Air,2618,2618,Amy Hamrick Melvin,Corporate,United States,East,New York,New York City,10004,Fellowes Mighty 8 Compact Surge Protector,Office Supplies,Appliances,Small Box,0.57
1424,912,529,0.05,4.84,0.71,17.8365,5,25.85,88014,23/03/15,23/03/15,High,Express Air,2619,2619,Brandon E Shepherd,Corporate,United States,Central,South Dakota,Sioux Falls,57103,*Staples* Highlighting Markers,Office Supplies,Pens & Art Supplies,Wrap Bag,0.52
1425,912,552,0.1,30.98,8.99,-20.2228,4,119.37,88015,9/02/15,11/02/15,Not Specified,Regular Air,2619,2619,Brandon E Shepherd,Corporate,United States,Central,South Dakota,Sioux Falls,57103,"Boston School Pro Electric Pencil Sharpener, 1670",Office Supplies,Pens & Art Supplies,Small Pack,0.58
1426,913,539,0.1,20.27,3.99,381.618,13,257.92,88017,23/03/15,24/03/15,Critical,Regular Air,2620,2620,Phyllis Little,Corporate,United States,South,Tennessee,Bartlett,38134,Fellowes Mighty 8 Compact Surge Protector,Office Supplies,Appliances,Small Box,0.57
1427,914,798,0.03,40.97,8.99,-177.058,5,207.22,88016,19/03/15,20/03/15,High,Express Air,2621,2621,Robyn Hayes,Corporate,United States,South,Tennessee,Brentwood,37027,Sanford 52201 APSCO Electric Pencil Sharpener,Office Supplies,Pens & Art Supplies,Small Pack,0.59
1428,915,799,0.1,41.94,2.99,164.082,6,237.8,90927,7/02/15,8/02/15,High,Regular Air,2626,2626,Lillian Fischer,Consumer,United States,West,California,Menlo Park,94025,"Avery Trapezoid Extra Heavy Duty 4"" Binders",Office Supplies,Binders and Binder Accessories,Small Box,0.35
1429,916,245,0.02,30.53,19.99,-54.63,14,448.47,85916,17/01/15,19/01/15,Medium,Express Air,2628,2628,Danielle P Rao,Corporate,United States,Central,Oklahoma,Moore,73160,"Avery 4027 File Folder Labels for Dot Matrix Printers, 5000 Labels per Box, White",Office Supplies,Labels,Small Box,0.39
1430,917,425,0.01,194.3,11.54,690.1794,5,1000.26,85914,5/01/15,7/01/15,Critical,Regular Air,2630,2630,Betsy Puckett,Small Business,United States,Central,Oklahoma,Norman,73071,Electrix Halogen Magnifier Lamp,Furniture,Office Furnishings,Large Box,0.59
1431,917,424,0.02,209.84,21.21,1507.6431,10,2184.99,85914,5/01/15,6/01/15,Critical,Regular Air,2630,2630,Betsy Puckett,Small Business,United States,Central,Oklahoma,Norman,73071,Luxo Professional Fluorescent Magnifier Lamp with Clamp-Mount Base,Furniture,Office Furnishings,Large Box,0.59
1432,917,392,0.0,145.45,17.85,801.7468,8,1191.2,85914,5/01/15,7/01/15,Critical,Delivery Truck,2630,2630,Betsy Puckett,Small Business,United States,Central,Oklahoma,Norman,73071,Panasonic KX-P1150 Dot Matrix Printer,Technology,Office Machines,Jumbo Drum,0.56
1433,917,800,0.07,65.99,5.99,-139.18256,3,165.71,85915,7/01/15,8/01/15,High,Regular Air,2630,2630,Betsy Puckett,Small Business,United States,Central,Oklahoma,Norman,73071,i1000,Technology,Telephones and Communication,Small Box,0.58
1434,918,717,0.05,100.97,7.18,881.4681,13,1277.49,90951,8/06/15,8/06/15,Low,Express Air,2638,2638,Alicia Wood Shah,Consumer,United States,West,Idaho,Boise,83704,Gyration Ultra Cordless Optical Suite,Technology,Computer Peripherals,Small Box,0.46
1435,919,512,0.05,4.98,0.49,3.84,3,14.2,90952,19/03/15,19/03/15,Not Specified,Regular Air,2639,2639,Marianne Connor,Consumer,United States,West,New Mexico,Roswell,88201,Avery White Multi-Purpose Labels,Office Supplies,Labels,Small Box,0.39
1436,920,559,0.1,10.98,3.99,-21.03,5,52.21,91386,17/03/15,24/03/15,Low,Regular Air,2647,2647,Teresa Bishop,Corporate,United States,West,California,Bakersfield,93309,Staples Surge Protector 6 outlet,Office Supplies,Appliances,Small Box,0.58
1437,920,801,0.01,39.98,9.2,117.5208,4,170.32,91386,17/03/15,19/03/15,Low,Regular Air,2647,2647,Teresa Bishop,Corporate,United States,West,California,Bakersfield,93309,Eldon Radial Chair Mat for Low to Medium Pile Carpets,Furniture,Office Furnishings,Wrap Bag,0.65
1438,921,75,0.01,39.98,4.0,-30.808,5,203.29,88814,11/06/15,12/06/15,High,Regular Air,2649,2649,Leo J Olson,Corporate,United States,East,Maryland,Edgewood,21040,Microsoft Natural Keyboard Elite,Technology,Computer Peripherals,Small Box,0.7
1439,922,352,0.05,35.99,5.99,524.3172,26,759.88,88815,4/05/15,5/05/15,Critical,Regular Air,2650,2650,Joanne Chu,Corporate,United States,East,Pennsylvania,Baldwin,15234,Accessory41,Technology,Telephones and Communication,Wrap Bag,0.38
1440,923,669,0.06,47.9,5.86,21.78,2,94.2,89361,25/05/15,27/05/15,Medium,Regular Air,2652,2652,Brenda Ross,Consumer,United States,West,California,Bakersfield,93309,Xerox 1938,Office Supplies,Paper,Small Box,0.37
1441,924,140,0.05,4.98,4.62,-98.35,7,34.32,89360,22/02/15,23/02/15,Not Specified,Regular Air,2653,2653,Leo Kane,Consumer,United States,Central,Kansas,Derby,67037,"Imation 3.5"", DISKETTE 44766 HGHLD3.52HD/FM, 10/Pack",Technology,Computer Peripherals,Small Pack,0.64
1442,924,495,0.02,34.23,5.02,270.7905,11,392.45,89360,22/02/15,24/02/15,Not Specified,Regular Air,2653,2653,Leo Kane,Consumer,United States,Central,Kansas,Derby,67037,Hand-Finished Solid Wood Document Frame,Furniture,Office Furnishings,Small Box,0.55
1443,925,802,0.09,89.99,42.0,223.416,6,511.25,86063,18/04/15,18/04/15,Medium,Delivery Truck,2655,2655,Benjamin Lam,Consumer,United States,South,Georgia,Atlanta,30318,"Global Leather Task Chair, Black",Furniture,Chairs & Chairmats,Jumbo Drum,0.66
1444,926,803,0.07,2.94,0.81,-93.9274,10,29.88,86064,8/04/15,9/04/15,Critical,Regular Air,2655,2655,Benjamin Lam,Corporate,United States,South,Georgia,Atlanta,30318,Prang Colored Pencils,Office Supplies,Pens & Art Supplies,Wrap Bag,0.4
1445,927,804,0.01,138.14,35.0,-321.51,4,599.03,86486,24/02/15,26/02/15,Critical,Regular Air,2660,2660,Jeffrey Page,Small Business,United States,East,Maine,Gorham,4038,"SAFCO Commercial Wire Shelving, Black",Office Supplies,Storage & Organization,Large Box,
1446,928,805,0.04,90.24,0.99,246.2748,4,356.92,87831,2/04/15,4/04/15,High,Regular Air,2667,2667,Pat Baker,Home Office,United States,East,Ohio,Lakewood,44107,Kensington 6 Outlet MasterPiece® HOMEOFFICE Power Control Center,Office Supplies,Appliances,Small Box,0.56
1447,928,669,0.09,47.9,5.86,93.9504,3,136.16,87831,2/04/15,4/04/15,High,Express Air,2667,2667,Pat Baker,Home Office,United States,East,Ohio,Lakewood,44107,Xerox 1938,Office Supplies,Paper,Small Box,0.37
1448,929,806,0.04,10.4,5.4,29.98,12,130.74,87830,28/03/15,29/03/15,High,Regular Air,2668,2668,Carlos Hanson,Corporate,United States,Central,South Dakota,Rapid City,57701,"Executive Impressions 8-1/2"" Career Panel/Partition Cubicle Clock",Furniture,Office Furnishings,Small Pack,0.51
1449,929,807,0.08,4.28,4.79,-121.2,12,49.87,87830,28/03/15,30/03/15,High,Regular Air,2668,2668,Carlos Hanson,Corporate,United States,Central,South Dakota,Rapid City,57701,Xerox 1962,Office Supplies,Paper,Small Box,0.4
1450,930,808,0.06,3.93,0.99,10.7824,6,24.18,87832,21/04/15,23/04/15,Not Specified,Regular Air,2668,2668,Carlos Hanson,Home Office,United States,Central,South Dakota,Rapid City,57701,Staples Vinyl Coated Paper Clips,Office Supplies,Rubber Bands,Wrap Bag,0.39
1451,931,192,0.05,165.2,19.99,2008.71,167,27587.55,37924,29/05/15,29/05/15,High,Regular Air,2670,2670,Yvonne Mann,Home Office,United States,West,California,Los Angeles,90049,Economy Rollaway Files,Office Supplies,Storage & Organization,Small Box,0.59
1451,931,809,0.09,17.99,8.65,-80.53,71,1191.58,37924,29/05/15,29/05/15,High,Regular Air,2670,2670,Yvonne Mann,Home Office,United States,West,California,Los Angeles,90049,Model L Table or Wall-Mount Pencil Sharpener,Office Supplies,Pens & Art Supplies,Small Box,0.57
1452,932,192,0.05,165.2,19.99,-48.958,42,6938.19,90551,29/05/15,29/05/15,High,Regular Air,2671,2671,Lloyd Fuller,Home Office,United States,South,Tennessee,Brentwood,37027,Economy Rollaway Files,Office Supplies,Storage & Organization,Small Box,0.59
1453,933,810,0.03,41.32,58.66,-32.816,10,419.27,86633,16/06/15,17/06/15,Critical,Express Air,2677,2677,Geoffrey Rivera,Small Business,United States,South,Virginia,Winchester,22601,"Deflect-o EconoMat Studded, No Bevel Mat for Low Pile Carpeting",Furniture,Office Furnishings,Medium Box,0.76
1454,933,233,0.0,6.88,2.0,-15.61,5,36.0,86633,16/06/15,16/06/15,Critical,Regular Air,2677,2677,Geoffrey Rivera,Small Business,United States,South,Virginia,Winchester,22601,"Adams Phone Message Book, 200 Message Capacity, 8 1/16” x 11”",Office Supplies,Paper,Wrap Bag,0.39
1455,934,530,0.09,8.74,1.39,23.616,1,11.78,89146,15/02/15,20/02/15,Low,Express Air,2684,2684,Edna Michael,Small Business,United States,South,Florida,Port Charlotte,33952,"#10- 4 1/8"" x 9 1/2"" Recycled Envelopes",Office Supplies,Envelopes,Small Box,0.38
1456,934,274,0.09,18.97,9.03,-1748.012,1,20.96,89146,15/02/15,20/02/15,Low,Regular Air,2684,2684,Edna Michael,Small Business,United States,South,Florida,Port Charlotte,33952,Computer Printout Paper with Letter-Trim Perforations,Office Supplies,Paper,Small Box,0.37
1457,934,811,0.07,4.97,5.71,-180.152,5,26.66,89148,10/04/15,15/04/15,Low,Regular Air,2684,2684,Edna Michael,Small Business,United States,South,Florida,Port Charlotte,33952,"DAX Value U-Channel Document Frames, Easel Back",Furniture,Office Furnishings,Medium Box,0.54
1458,934,508,0.09,2.62,0.8,8.388,12,29.55,89148,10/04/15,12/04/15,Low,Regular Air,2684,2684,Edna Michael,Small Business,United States,South,Florida,Port Charlotte,33952,Staples Metal Binder Clips,Office Supplies,Rubber Bands,Wrap Bag,0.39
1459,934,265,0.03,65.99,8.8,9.9399,21,1237.4,89148,10/04/15,10/04/15,Low,Regular Air,2684,2684,Edna Michael,Small Business,United States,South,Florida,Port Charlotte,33952,6120,Technology,Telephones and Communication,Small Box,0.58
1460,935,812,0.0,7.38,11.51,-66.171,2,17.64,89147,4/04/15,5/04/15,High,Regular Air,2685,2685,Kathryn Wolfe,Small Business,United States,East,New York,Plainview,11803,GBC Plastic Binding Combs,Office Supplies,Binders and Binder Accessories,Small Box,0.36
1461,936,813,0.09,3.75,0.5,51.2187,21,74.23,90624,4/05/15,6/05/15,Critical,Regular Air,2689,2689,Marlene Gray,Home Office,United States,East,New Jersey,Clifton,7011,Avery 496,Office Supplies,Labels,Small Box,0.37
1462,937,779,0.01,30.98,9.18,380.468,20,627.19,90624,4/05/15,4/05/15,Critical,Regular Air,2693,2693,Lloyd Cannon,Home Office,United States,East,Vermont,Bennington,5201,Xerox 1951,Office Supplies,Paper,Small Box,0.4
1463,938,587,0.05,107.53,5.81,-89.418,6,612.92,87676,5/03/15,6/03/15,Critical,Regular Air,2696,2696,Sally Dunn,Home Office,United States,South,Alabama,Tuscaloosa,35401,"Tenex Contemporary Contur Chairmats for Low and Medium Pile Carpet, Computer, 39"" x 49""",Furniture,Office Furnishings,Medium Box,0.65
1464,939,61,0.04,1.74,4.08,9.252,16,29.08,87678,23/02/15,25/02/15,Critical,Regular Air,2697,2697,Ricky W Clements,Corporate,United States,South,Alabama,Vestavia Hills,35216,"Eldon Regeneration Recycled Desk Accessories, Smoke",Furniture,Office Furnishings,Small Pack,0.53
1465,939,103,0.01,119.99,56.14,-1197.042,21,2569.57,87678,23/02/15,24/02/15,Critical,Delivery Truck,2697,2697,Ricky W Clements,Corporate,United States,South,Alabama,Vestavia Hills,35216,Hewlett-Packard 2600DN Business Color Inkjet Printer,Technology,Office Machines,Jumbo Box,0.39
1466,940,814,0.06,4.98,4.95,-103.224,16,78.99,87677,22/05/15,24/05/15,Critical,Regular Air,2699,2699,Marcia Greenberg,Corporate,United States,West,Arizona,Bullhead City,86442,Cardinal Holdit Business Card Pockets,Office Supplies,Binders and Binder Accessories,Small Box,0.37
1467,940,815,0.04,70.98,26.74,-84.6288,19,1345.33,87679,8/04/15,10/04/15,Not Specified,Delivery Truck,2699,2699,Marcia Greenberg,Corporate,United States,West,Arizona,Bullhead City,86442,"Hon Metal Bookcases, Black",Furniture,Bookcases,Jumbo Box,0.6
1468,941,592,0.06,3.6,2.2,2755.6422,4,15.19,91407,30/04/15,2/05/15,Critical,Regular Air,2704,2704,Juan Gold,Consumer,United States,South,Florida,Pensacola,32503,"Telephone Message Books with Fax/Mobile Section, 4 1/4"" x 6""",Office Supplies,Paper,Wrap Bag,0.39
1469,941,816,0.03,13.48,4.51,-256.018,4,59.49,91408,30/04/15,4/05/15,Low,Express Air,2704,2704,Juan Gold,Consumer,United States,South,Florida,Pensacola,32503,"Tenex Personal Project File with Scoop Front Design, Black",Office Supplies,Storage & Organization,Small Box,0.59
1470,942,724,0.07,60.97,4.5,-41.77,1,57.84,89240,28/05/15,30/05/15,Medium,Regular Air,2709,2709,Stanley Steele,Consumer,United States,East,Maryland,Ellicott City,21042,Tripp Lite Isotel 6 Outlet Surge Protector with Fax/Modem Protection,Office Supplies,Appliances,Small Box,0.56
1470,942,386,0.0,90.98,56.2,-1014.11,15,1425.71,89240,28/05/15,30/05/15,Medium,Regular Air,2709,2709,Stanley Steele,Consumer,United States,East,Maryland,Ellicott City,21042,Eldon ClusterMat Chair Mat with Cordless Antistatic Protection,Furniture,Office Furnishings,Medium Box,0.74
1471,943,817,0.07,2.88,0.5,17.4294,9,25.26,88701,21/06/15,24/06/15,Critical,Regular Air,2713,2713,Lynda Banks,Corporate,United States,Central,Michigan,Kalamazoo,49001,Avery 492,Office Supplies,Labels,Small Box,0.39
1472,943,557,0.03,348.21,40.19,-178.8696,2,736.16,88701,21/06/15,22/06/15,Critical,Delivery Truck,2713,2713,Lynda Banks,Corporate,United States,Central,Michigan,Kalamazoo,49001,Bretford CR4500 Series Slim Rectangular Table,Furniture,Tables,Jumbo Box,0.62
1473,944,470,0.01,29.89,1.99,-74.64,1,31.96,88702,12/01/15,16/01/15,Low,Regular Air,2715,2715,Becky Farmer,Corporate,United States,Central,Michigan,Lansing,48911,"Verbatim DVD-RAM, 5.2GB, Rewritable, Type 1, DS",Technology,Computer Peripherals,Small Pack,0.5
1474,945,818,0.1,6.74,1.72,65.41,15,98.17,89394,1/03/15,3/03/15,Critical,Regular Air,2718,2718,Caroline Stone,Consumer,United States,Central,Illinois,Lansing,60438,"Memo Book, 100 Message Capacity, 5 3/8” x 11”",Office Supplies,Paper,Wrap Bag,0.35
1475,946,296,0.0,40.48,19.99,-25.634,6,264.95,88766,16/06/15,17/06/15,Critical,Regular Air,2720,2720,Donna Block,Small Business,United States,South,Georgia,Dalton,30721,Keytronic Designer 104- Key Black Keyboard,Technology,Computer Peripherals,Small Box,0.77
1476,947,131,0.06,4.98,7.44,-37.562,10,53.21,88959,1/05/15,2/05/15,Critical,Regular Air,2724,2724,Erika Clapp,Home Office,United States,South,Tennessee,Chattanooga,37421,Xerox 1922,Office Supplies,Paper,Small Box,0.36
1477,947,252,0.01,6.48,7.37,-449.694,18,122.8,88959,1/05/15,3/05/15,Critical,Regular Air,2724,2724,Erika Clapp,Home Office,United States,South,Tennessee,Chattanooga,37421,Xerox 210,Office Supplies,Paper,Small Box,0.37
1478,948,776,0.05,28.15,6.17,-66.248,10,282.38,88958,17/01/15,18/01/15,Not Specified,Regular Air,2725,2725,Katharine Hudson,Home Office,United States,South,Tennessee,Clarksville,37042,"Boston Model 1800 Electric Pencil Sharpener, Gray",Office Supplies,Pens & Art Supplies,Small Pack,0.55
1479,949,293,0.08,230.98,23.78,501.69,4,924.8,88114,6/03/15,10/03/15,Low,Delivery Truck,2729,2729,Penny O Caldwell,Consumer,United States,West,Washington,Bellingham,98226,"Bush® Cubix Conference Tables, Fully Assembled",Furniture,Tables,Jumbo Box,0.6
1480,950,762,0.05,100.98,7.18,566.6073,8,821.17,89018,22/04/15,24/04/15,Not Specified,Regular Air,2737,2737,Rachel Bates,Small Business,United States,East,Vermont,Rutland,5701,Logitech Cordless Elite Duo,Technology,Computer Peripherals,Small Box,0.4
1481,950,665,0.03,15.31,8.78,-57.56,12,194.08,89019,1/06/15,2/06/15,Medium,Regular Air,2737,2737,Rachel Bates,Small Business,United States,East,Vermont,Rutland,5701,Eldon Jumbo ProFile™ Portable File Boxes Graphite/Black,Office Supplies,Storage & Organization,Small Box,0.57
1482,951,819,0.02,33.98,1.99,164.0613,7,237.77,89017,13/04/15,15/04/15,Critical,Regular Air,2738,2738,Sherri Kramer,Small Business,United States,East,Vermont,South Burlington,5403,"Imation Neon 80 Minute CD-R Spindle, 50/Pack",Technology,Computer Peripherals,Small Pack,0.45
1483,952,352,0.01,35.99,5.99,218.2332,10,316.28,89481,12/03/15,19/03/15,Low,Regular Air,2741,2741,Megan York,Small Business,United States,West,Idaho,Caldwell,83605,Accessory41,Technology,Telephones and Communication,Wrap Bag,0.38
1484,953,820,0.01,220.98,64.66,1049.03,11,2591.09,86184,18/03/15,19/03/15,Medium,Delivery Truck,2745,2745,Arnold Gay,Corporate,United States,West,Arizona,Chandler,85224,"Bush Cubix Collection Bookcases, Fully Assembled",Furniture,Bookcases,Jumbo Box,0.62
1485,954,821,0.08,9.98,12.52,-102.93,15,150.24,35200,5/02/15,7/02/15,Medium,Regular Air,2747,2747,Brian Grady,Corporate,United States,East,New York,New York City,10115,"Eldon® Expressions™ Wood and Plastic Desk Accessories, Oak",Furniture,Office Furnishings,Small Box,0.57
1486,954,820,0.01,220.98,64.66,1049.03,44,10364.36,23751,18/03/15,19/03/15,Medium,Delivery Truck,2747,2747,Brian Grady,Corporate,United States,East,New York,New York City,10115,"Bush Cubix Collection Bookcases, Fully Assembled",Furniture,Bookcases,Jumbo Box,0.62
1487,955,41,0.02,161.55,19.99,664.518,4,657.61,91424,8/03/15,8/03/15,Critical,Regular Air,2750,2750,Allen Nash,Small Business,United States,South,Virginia,Waynesboro,22980,Fellowes Super Stor/Drawer® Files,Office Supplies,Storage & Organization,Small Box,0.66
1488,956,703,0.08,22.01,5.53,105.7,11,241.97,90724,22/04/15,24/04/15,Medium,Regular Air,2760,2760,Evan Adkins,Corporate,United States,East,Connecticut,Waterbury,6708,Boston 16801 Nautilus™ Battery Pencil Sharpener,Office Supplies,Pens & Art Supplies,Small Pack,0.59
1489,957,822,0.02,29.74,6.64,-21.06,4,120.81,90724,22/04/15,22/04/15,Medium,Regular Air,2764,2764,Arnold Johnson,Corporate,United States,East,New Jersey,Hackensack,7601,Acco Perma® 2700 Stacking Storage Drawers,Office Supplies,Storage & Organization,Small Box,0.7
1490,958,823,0.03,5.85,2.27,-5.08,7,41.4,90725,28/05/15,30/05/15,Low,Regular Air,2765,2765,Tracy Schultz,Corporate,United States,East,New Jersey,Lindenwold,8021,"Dixon My First Ticonderoga Pencil, #2",Office Supplies,Pens & Art Supplies,Wrap Bag,0.56
1491,959,100,0.02,11.55,2.36,1289.382,14,159.53,88975,8/03/15,10/03/15,Critical,Regular Air,2770,2770,Joel Burnette,Corporate,United States,South,Georgia,Dunwoody,30338,Newell 309,Office Supplies,Pens & Art Supplies,Wrap Bag,0.55
1492,960,533,0.07,177.98,0.99,-191.548,3,536.29,88974,13/06/15,13/06/15,High,Regular Air,2771,2771,Kevin Wolfe,Corporate,United States,South,Georgia,East Point,30344,Kensington 7 Outlet MasterPiece Power Center,Office Supplies,Appliances,Small Box,0.56
1493,961,315,0.1,5.18,5.74,-29.003,2,10.96,91584,26/03/15,28/03/15,Not Specified,Regular Air,2773,2773,Christina Zhu,Corporate,United States,West,California,Dublin,94568,Wilson Jones Impact Binders,Office Supplies,Binders and Binder Accessories,Small Box,0.36
1494,962,82,0.07,574.74,24.49,2860.9332,8,4146.28,91229,30/01/15,4/02/15,Low,Regular Air,2775,2775,Theodore Rubin,Consumer,United States,Central,Illinois,Franklin Park,60131,Polycom ViaVideo™ Desktop Video Communications Unit,Technology,Office Machines,Large Box,0.37
1495,963,310,0.03,350.98,30.0,2692.4421,11,3902.09,91228,12/01/15,15/01/15,Critical,Delivery Truck,2776,2776,April Henson,Consumer,United States,East,Maryland,Gaithersburg,20877,Office Star - Professional Matrix Back Chair with 2-to-1 Synchro Tilt and Mesh Fabric Seat,Furniture,Chairs & Chairmats,Jumbo Drum,0.61
1496,963,824,0.04,1.68,1.0,2.0672,8,14.18,91228,12/01/15,14/01/15,Critical,Regular Air,2776,2776,April Henson,Consumer,United States,East,Maryland,Gaithersburg,20877,Prang Dustless Chalk Sticks,Office Supplies,Pens & Art Supplies,Wrap Bag,0.35
1497,964,825,0.05,205.99,8.99,111.0525,12,2118.99,87160,11/02/15,12/02/15,High,Express Air,2778,2778,Alison Jones,Consumer,United States,South,North Carolina,Wilmington,28403,Talkabout T8097,Technology,Telephones and Communication,Small Box,0.58
1498,964,21,0.08,205.99,8.99,-1963.752,5,837.64,87160,11/02/15,12/02/15,High,Regular Air,2778,2778,Alison Jones,Consumer,United States,South,North Carolina,Wilmington,28403,TimeportP7382,Technology,Telephones and Communication,Small Box,0.56
1499,965,352,0.01,35.99,5.99,-60.704,11,345.07,87161,11/06/15,12/06/15,Critical,Regular Air,2779,2779,Jacob Burgess,Corporate,United States,South,North Carolina,Wilson,27893,Accessory41,Technology,Telephones and Communication,Wrap Bag,0.38
1500,966,546,0.09,2.16,6.05,-37.789,2,5.48,87162,31/01/15,4/02/15,Low,Regular Air,2781,2781,Kelly Byers,Consumer,United States,West,Oregon,Woodburn,97071,Peel & Stick Add-On Corner Pockets,Office Supplies,Binders and Binder Accessories,Small Box,0.37
1501,966,826,0.03,808.49,55.3,7576.11,11,8201.33,87162,31/01/15,7/02/15,Low,Delivery Truck,2781,2781,Kelly Byers,Consumer,United States,West,Oregon,Woodburn,97071,"Hewlett-Packard Business Color Inkjet 3000 [N, DTN] Series Printers",Technology,Office Machines,Jumbo Drum,0.4
1502,966,827,0.0,6.48,8.19,-43.26,3,22.67,87162,31/01/15,7/02/15,Low,Regular Air,2781,2781,Kelly Byers,Consumer,United States,West,Oregon,Woodburn,97071,Xerox 217,Office Supplies,Paper,Small Box,0.37
1503,967,368,0.01,47.98,3.61,-44.436,8,393.98,91316,12/03/15,13/03/15,Not Specified,Express Air,2787,2787,Rodney Kearney,Consumer,United States,South,Louisiana,Metairie,70003,"DS/HD IBM Formatted Diskettes, 200/Pack - Staples",Technology,Computer Peripherals,Small Pack,0.71
1504,968,828,0.09,2.88,0.7,4.85,7,19.29,88758,15/01/15,15/01/15,Critical,Regular Air,2791,2791,Dawn Larson,Corporate,United States,Central,Michigan,Madison Heights,48071,Newell 346,Office Supplies,Pens & Art Supplies,Wrap Bag,0.56
1505,969,318,0.06,2.61,0.5,3.5949,2,5.21,87554,20/03/15,22/03/15,Medium,Regular Air,2794,2794,Connie Bunn,Corporate,United States,Central,Iowa,Marshalltown,50158,Avery 479,Office Supplies,Labels,Small Box,0.39
1506,969,829,0.07,4.76,0.88,15.8148,5,22.92,87555,7/06/15,7/06/15,High,Regular Air,2794,2794,Connie Bunn,Corporate,United States,Central,Iowa,Marshalltown,50158,Wirebound Voice Message Log Book,Office Supplies,Paper,Wrap Bag,0.39
1507,970,830,0.04,3.57,4.17,-69.91,8,30.9,87556,26/01/15,28/01/15,Low,Regular Air,2795,2795,Harry Burns,Corporate,United States,Central,Iowa,Mason City,50401,Barrel Sharpener,Office Supplies,Pens & Art Supplies,Small Pack,0.59
1508,970,187,0.05,200.99,4.2,1630.5252,14,2363.08,87556,26/01/15,30/01/15,Low,Regular Air,2795,2795,Harry Burns,Corporate,United States,Central,Iowa,Mason City,50401,2160i,Technology,Telephones and Communication,Small Box,0.59
1509,970,831,0.07,195.99,8.99,-457.16,2,328.45,87556,26/01/15,26/01/15,Low,Regular Air,2795,2795,Harry Burns,Corporate,United States,Central,Iowa,Mason City,50401,A1228,Technology,Telephones and Communication,Small Box,0.58
1510,971,832,0.02,30.44,1.49,266.7609,12,386.61,87553,21/01/15,23/01/15,Medium,Regular Air,2796,2796,Cindy McLeod,Corporate,United States,Central,Iowa,Sioux City,51106,"Premier Elliptical Ring Binder, Black",Office Supplies,Binders and Binder Accessories,Small Box,0.37
1511,972,302,0.0,5.02,5.14,-159.3028,8,43.94,87552,10/01/15,11/01/15,Medium,Regular Air,2797,2797,Cameron Kendall,Consumer,United States,East,Pennsylvania,Pittsburgh,15122,"Imation 3.5, DISKETTE 44766 HGHLD3.52HD/FM, 10/Pack",Technology,Computer Peripherals,Small Pack,0.79
1512,973,554,0.02,4.91,0.5,29.8839,9,43.31,87553,21/01/15,22/01/15,Medium,Regular Air,2797,2797,Cameron Kendall,Corporate,United States,East,Pennsylvania,Pittsburgh,15122,Avery 508,Office Supplies,Labels,Small Box,0.36
1513,974,833,0.0,17.52,8.17,52.764,15,284.34,91049,28/06/15,3/07/15,Low,Regular Air,2801,2801,Jimmy Wang,Home Office,United States,West,Arizona,Chandler,85224,Bionaire 99.97% HEPA Air Cleaner,Office Supplies,Appliances,Medium Box,0.5
1514,975,834,0.07,500.98,28.14,2699.9838,10,3913.02,86227,5/02/15,6/02/15,Medium,Delivery Truck,2803,2803,Catherine Dorsey Burnett,Small Business,United States,West,California,East Los Angeles,90022,"Hewlett-Packard cp1700 [D, PS] Series Color Inkjet Printers",Technology,Office Machines,Jumbo Drum,0.38
1515,975,180,0.1,178.47,19.99,-170.98,1,180.14,86227,5/02/15,7/02/15,Medium,Regular Air,2803,2803,Catherine Dorsey Burnett,Small Business,United States,West,California,East Los Angeles,90022,"Hot File® 7-Pocket, Floor Stand",Office Supplies,Storage & Organization,Small Box,0.55
1516,976,835,0.07,30.56,2.99,-95.6186,12,364.92,88819,7/02/15,7/02/15,Medium,Regular Air,2813,2813,Marjorie Burnette,Corporate,United States,South,Tennessee,Cleveland,37311,Surelock™ Post Binders,Office Supplies,Binders and Binder Accessories,Small Box,0.35
1517,977,446,0.05,4.71,0.7,-2.376,2,12.16,89743,1/06/15,2/06/15,High,Express Air,2817,2817,Paul W French,Corporate,United States,East,Ohio,Newark,43055,Plymouth Boxed Rubber Bands by Plymouth,Office Supplies,Rubber Bands,Wrap Bag,0.8
1517,977,836,0.04,55.99,1.25,-18.3216,3,147.56,89743,1/06/15,2/06/15,High,Express Air,2817,2817,Paul W French,Corporate,United States,East,Ohio,Newark,43055,Accessory32,Technology,Telephones and Communication,Small Pack,0.35
1518,978,589,0.08,6.48,2.74,-82.64,18,113.68,87899,10/05/15,12/05/15,Low,Regular Air,2820,2820,Laurence Simon,Home Office,United States,Central,Missouri,Oakville,63129,"Sony MFD2HD Formatted Diskettes, 10/Pack",Technology,Computer Peripherals,Small Pack,0.71
1519,978,703,0.1,22.01,5.53,31.59,14,281.75,87900,14/01/15,15/01/15,Not Specified,Regular Air,2820,2820,Laurence Simon,Home Office,United States,Central,Missouri,Oakville,63129,Boston 16801 Nautilus™ Battery Pencil Sharpener,Office Supplies,Pens & Art Supplies,Small Pack,0.59
1520,979,837,0.02,21.98,2.87,165.6345,11,240.05,87240,30/04/15,2/05/15,Low,Regular Air,2823,2823,Max Hurley,Corporate,United States,West,Nevada,North Las Vegas,89031,Panasonic KP-310 Heavy-Duty Electric Pencil Sharpener,Office Supplies,Pens & Art Supplies,Small Pack,0.55
1521,980,313,0.02,27.48,4.0,19.308,3,87.21,89497,20/05/15,27/05/15,Low,Regular Air,2825,2825,Carole Rosen,Consumer,United States,West,Idaho,Boise,83701,Belkin MediaBoard 104- Keyboard,Technology,Computer Peripherals,Small Box,0.75
1522,980,86,0.08,10.06,2.06,0.33,4,40.15,89497,20/05/15,24/05/15,Low,Regular Air,2825,2825,Carole Rosen,Consumer,United States,West,Idaho,Boise,83701,Riverleaf Stik-Withit® Designer Note Cubes®,Office Supplies,Paper,Wrap Bag,0.39
1523,981,523,0.05,11.29,5.03,-35.26,8,90.46,87720,19/02/15,21/02/15,High,Regular Air,2828,2828,Monica Howard,Corporate,United States,West,California,El Centro,92243,X-Rack™ File for Hanging Folders,Office Supplies,Storage & Organization,Small Box,0.59
1524,981,247,0.07,39.48,1.99,322.2507,12,467.03,87721,1/06/15,2/06/15,Medium,Regular Air,2828,2828,Monica Howard,Corporate,United States,West,California,El Centro,92243,"80 Minute CD-R Spindle, 100/Pack - Staples",Technology,Computer Peripherals,Small Pack,0.54
1525,982,483,0.03,140.98,36.09,-221.5,4,608.81,91030,25/03/15,27/03/15,Not Specified,Delivery Truck,2833,2833,Tim Connolly,Small Business,United States,Central,Minnesota,Inver Grove Heights,55076,"Sauder Forest Hills Library, Woodland Oak Finish",Furniture,Bookcases,Jumbo Box,0.77
1526,982,211,0.08,65.99,8.99,206.352,15,808.61,91030,25/03/15,26/03/15,Not Specified,Regular Air,2833,2833,Tim Connolly,Small Business,United States,Central,Minnesota,Inver Grove Heights,55076,Talkabout T8367,Technology,Telephones and Communication,Small Box,0.56
1527,983,417,0.07,51.98,10.17,439.7853,13,637.37,89801,8/03/15,10/03/15,High,Regular Air,2837,2837,Leslie Hawley,Home Office,United States,Central,Oklahoma,Tulsa,74133,Canon MP25DIII Desktop Whisper-Quiet Printing Calculator,Technology,Office Machines,Medium Box,0.37
1528,983,699,0.1,80.97,33.6,-149.4573,3,232.16,89801,8/03/15,11/03/15,High,Delivery Truck,2837,2837,Leslie Hawley,Home Office,United States,Central,Oklahoma,Tulsa,74133,Lexmark Z25 Color Inkjet Printer,Technology,Office Machines,Jumbo Drum,0.37
1529,984,837,0.0,21.98,2.87,21.096,16,360.03,87884,19/03/15,20/03/15,High,Regular Air,2840,2840,Bob Berg,Corporate,United States,South,Florida,North Miami,33161,Panasonic KP-310 Heavy-Duty Electric Pencil Sharpener,Office Supplies,Pens & Art Supplies,Small Pack,0.55
1530,984,781,0.05,15.68,3.73,1166.628,17,260.01,87885,11/06/15,13/06/15,Medium,Regular Air,2840,2840,Bob Berg,Corporate,United States,South,Florida,North Miami,33161,Artistic Insta-Plaque,Furniture,Office Furnishings,Small Pack,0.46
1531,984,838,0.0,14.98,8.99,-40.6042,18,273.79,87885,11/06/15,12/06/15,Medium,Regular Air,2840,2840,Bob Berg,Corporate,United States,South,Florida,North Miami,33161,"GE 4 Foot Flourescent Tube, 40 Watt",Furniture,Office Furnishings,Small Pack,0.39
1531,984,839,0.02,38.76,13.26,-294.084,1,44.62,87885,11/06/15,12/06/15,Medium,Regular Air,2840,2840,Bob Berg,Corporate,United States,South,Florida,North Miami,33161,Xerox 1892,Office Supplies,Paper,Small Box,0.36
1532,985,640,0.04,90.48,19.99,55.5552,3,268.64,85928,9/04/15,11/04/15,Not Specified,Regular Air,2847,2847,Vanessa Day,Corporate,United States,South,Tennessee,Collierville,38017,Tyvek® Side-Opening Peel & Seel® Expanding Envelopes,Office Supplies,Envelopes,Small Box,0.4
1533,985,567,0.02,9.77,6.02,-535.332,9,87.68,85928,9/04/15,10/04/15,Not Specified,Regular Air,2847,2847,Vanessa Day,Corporate,United States,South,Tennessee,Collierville,38017,DAX Solid Wood Frames,Furniture,Office Furnishings,Medium Box,0.48
1532,985,18,0.09,34.99,7.73,-208.7204,1,37.62,85928,9/04/15,11/04/15,Not Specified,Regular Air,2847,2847,Vanessa Day,Corporate,United States,South,Tennessee,Collierville,38017,Hunt Boston® Vacuum Mount KS Pencil Sharpener,Office Supplies,Pens & Art Supplies,Small Box,0.59
1534,986,85,0.0,49.99,19.99,38.886,16,832.97,85929,6/06/15,8/06/15,Medium,Regular Air,2848,2848,Eileen Dalton,Corporate,United States,South,Tennessee,Columbia,38401,Zoom V.92 USB External Faxmodem,Technology,Computer Peripherals,Small Box,0.41
1535,987,51,0.05,115.99,8.99,719.3526,11,1042.54,86454,9/04/15,13/04/15,Low,Regular Air,2851,2851,Annie Sherrill,Consumer,United States,Central,Texas,Odessa,79762,5185,Technology,Telephones and Communication,Small Box,0.58
1536,988,760,0.08,7.84,4.71,-12.87678,10,76.16,87316,21/01/15,22/01/15,Medium,Regular Air,2855,2855,Vicki Womble,Corporate,United States,West,Washington,Des Moines,98198,XtraLife® ClearVue™ Slant-D® Ring Binders by Cardinal,Office Supplies,Binders and Binder Accessories,Small Box,0.35
1536,988,840,0.03,105.34,24.49,618.1308,10,1038.14,87316,21/01/15,22/01/15,Medium,Regular Air,2855,2855,Vicki Womble,Corporate,United States,West,Washington,Des Moines,98198,Deflect-o DuraMat Antistatic Studded Beveled Mat for Medium Pile Carpeting,Furniture,Office Furnishings,Large Box,0.61
1537,989,460,0.09,6783.02,24.49,-14140.7016,1,6296.0,87317,10/03/15,14/03/15,Low,Regular Air,2855,2855,Vicki Womble,Consumer,United States,West,Washington,Des Moines,98198,Polycom ViewStation™ ISDN Videoconferencing Unit,Technology,Office Machines,Large Box,0.39
1538,990,203,0.06,2.94,0.96,-8.876,3,8.79,88279,17/05/15,18/05/15,Medium,Regular Air,2858,2858,Jerry Webster,Corporate,United States,South,Florida,Fruit Cove,32259,Newell 343,Office Supplies,Pens & Art Supplies,Wrap Bag,0.58
1539,990,237,0.04,67.28,19.99,14.754,30,2051.68,88282,23/05/15,28/05/15,Low,Regular Air,2858,2858,Jerry Webster,Corporate,United States,South,Florida,Fruit Cove,32259,Catalog Binders with Expanding Posts,Office Supplies,Binders and Binder Accessories,Small Box,0.4
1540,990,137,0.1,130.98,54.74,669.612,42,5295.03,88282,23/05/15,23/05/15,Low,Delivery Truck,2858,2858,Jerry Webster,Corporate,United States,South,Florida,Fruit Cove,32259,"O'Sullivan Elevations Bookcase, Cherry Finish",Furniture,Bookcases,Jumbo Box,0.69
1541,990,742,0.04,2.78,1.25,213.0,28,80.27,88282,23/05/15,23/05/15,Low,Regular Air,2858,2858,Jerry Webster,Corporate,United States,South,Florida,Fruit Cove,32259,Newell 318,Office Supplies,Pens & Art Supplies,Wrap Bag,0.59
1542,991,594,0.03,142.86,19.99,-8.3881,23,3292.02,88281,1/04/15,3/04/15,Not Specified,Regular Air,2859,2859,Brad H Blake,Corporate,United States,South,Florida,Gainesville,32601,Letter Size Cart,Office Supplies,Storage & Organization,Small Box,0.56
1543,992,161,0.05,20.99,4.81,4.90176,11,199.43,88280,28/02/15,28/02/15,Medium,Regular Air,2861,2861,Dwight Robinson,Corporate,United States,Central,Kansas,Hays,67601,1726 Digital Answering Machine,Technology,Telephones and Communication,Medium Box,0.58
1544,993,786,0.0,12.22,2.85,76.3899,9,110.71,88278,11/04/15,12/04/15,High,Regular Air,2862,2862,Carrie High,Corporate,United States,Central,Nebraska,La Vista,68128,Aluminum Document Frame,Furniture,Office Furnishings,Small Pack,0.55
1545,994,246,0.01,13.79,8.78,-36.77,4,56.68,90871,23/02/15,25/02/15,Critical,Regular Air,2865,2865,Roberta Mitchell,Corporate,United States,Central,Texas,Paris,75460,9-3/4 Diameter Round Wall Clock,Furniture,Office Furnishings,Small Box,0.43
1546,994,841,0.04,33.29,8.74,87.03,8,273.34,90871,23/02/15,24/02/15,Critical,Regular Air,2865,2865,Roberta Mitchell,Corporate,United States,Central,Texas,Paris,75460,Fellowes Bases and Tops For Staxonsteel®/High-Stak® Systems,Office Supplies,Storage & Organization,Small Box,0.61
1547,995,158,0.01,125.99,8.99,-582.648,2,226.88,11013,17/04/15,18/04/15,High,Regular Air,2867,2867,Dana Teague,Corporate,United States,East,District of Columbia,Washington,20016,M70,Technology,Telephones and Communication,Small Box,0.59
1548,996,40,0.03,896.99,19.99,3602.1312,6,5220.48,85826,8/01/15,10/01/15,High,Regular Air,2868,2868,Eugene Clayton,Corporate,United States,West,Washington,Edmonds,98026,GBC DocuBind TL300 Electric Binding System,Office Supplies,Binders and Binder Accessories,Small Box,0.38
1549,996,158,0.01,125.99,8.99,-582.648,1,113.44,85827,17/04/15,18/04/15,High,Regular Air,2868,2868,Eugene Clayton,Corporate,United States,West,Washington,Edmonds,98026,M70,Technology,Telephones and Communication,Small Box,0.59
1550,996,223,0.08,15.99,13.18,-66.585,4,66.02,85828,25/05/15,27/05/15,Not Specified,Express Air,2868,2868,Eugene Clayton,Corporate,United States,West,Washington,Edmonds,98026,"GBC Pre-Punched Binding Paper, Plastic, White, 8-1/2"" x 11""",Office Supplies,Binders and Binder Accessories,Small Box,0.37
1551,997,278,0.07,2.89,0.5,441.594,12,33.02,89872,22/01/15,24/01/15,Medium,Regular Air,2873,2873,Benjamin Gunter,Small Business,United States,South,Florida,Hialeah,33012,Avery 498,Office Supplies,Labels,Small Box,0.38
1552,997,842,0.0,217.85,29.1,394.17,10,2273.1,89872,22/01/15,23/01/15,Medium,Delivery Truck,2873,2873,Benjamin Gunter,Small Business,United States,South,Florida,Hialeah,33012,"Chromcraft Bull-Nose Wood Round Conference Table Top, Wood Base",Furniture,Tables,Jumbo Box,0.68
1553,998,529,0.05,4.84,0.71,13.4481,4,19.49,89873,6/04/15,15/04/15,Low,Regular Air,2874,2874,Marian Willis,Home Office,United States,Central,Nebraska,La Vista,68128,*Staples* Highlighting Markers,Office Supplies,Pens & Art Supplies,Wrap Bag,0.52
1554,998,843,0.03,304.99,19.99,4033.6089,19,5845.81,89874,22/06/15,24/06/15,Critical,Regular Air,2874,2874,Marian Willis,Home Office,United States,Central,Nebraska,La Vista,68128,Ibico Hi-Tech Manual Binding System,Office Supplies,Binders and Binder Accessories,Small Box,0.4
1554,998,844,0.09,65.99,8.99,141.7824,12,633.85,89874,22/06/15,24/06/15,Critical,Regular Air,2874,2874,Marian Willis,Home Office,United States,Central,Nebraska,La Vista,68128,V 3600 Series,Technology,Telephones and Communication,Small Box,0.58
1555,999,141,0.0,8.33,1.99,74.1819,12,107.51,91492,2/03/15,4/03/15,Not Specified,Express Air,2877,2877,Shannon Aldridge,Consumer,United States,East,Ohio,North Olmsted,44070,"80 Minute Slim Jewel Case CD-R , 10/Pack - Staples",Technology,Computer Peripherals,Small Pack,0.52
1556,1000,141,0.0,8.33,1.99,82.31,47,421.08,54369,2/03/15,4/03/15,Not Specified,Express Air,2878,2878,Susan Carroll Berman,Consumer,United States,West,Washington,Seattle,98107,"80 Minute Slim Jewel Case CD-R , 10/Pack - Staples",Technology,Computer Peripherals,Small Pack,0.52
1557,1001,726,0.05,6.68,6.93,-2.352,11,77.2,88626,28/03/15,29/03/15,Medium,Regular Air,2880,2880,Grace Black,Small Business,United States,South,Florida,North Miami Beach,33160,HP Office Paper (20Lb. and 87 Bright),Office Supplies,Paper,Small Box,0.37
1558,1001,705,0.09,243.98,43.32,1059.288,25,5587.89,88627,8/05/15,13/05/15,Low,Delivery Truck,2880,2880,Grace Black,Small Business,United States,South,Florida,North Miami Beach,33160,"Hon Deluxe Fabric Upholstered Stacking Chairs, Rounded Back",Furniture,Chairs & Chairmats,Jumbo Drum,0.55
1559,1002,327,0.03,4.06,6.89,-246.2761,37,159.89,55300,20/02/15,22/02/15,High,Regular Air,2882,2882,Andrew Gonzalez,Consumer,United States,South,North Carolina,Charlotte,28206,Eureka Disposable Bags for Sanitaire® Vibra Groomer I® Upright Vac,Office Supplies,Appliances,Small Box,0.6
1560,1002,845,0.01,3.75,0.5,55.1946,48,180.48,55300,20/02/15,21/02/15,High,Regular Air,2882,2882,Andrew Gonzalez,Consumer,United States,South,North Carolina,Charlotte,28206,Avery 510,Office Supplies,Labels,Small Box,0.37
1559,1002,846,0.02,10.68,13.04,-307.2965,31,350.48,55300,20/02/15,22/02/15,High,Regular Air,2882,2882,Andrew Gonzalez,Consumer,United States,South,North Carolina,Charlotte,28206,Dana Swing-Arm Lamps,Furniture,Office Furnishings,Large Box,0.6
1561,1002,702,0.07,28.99,8.59,-16.06374,39,936.8,16676,19/03/15,19/03/15,High,Regular Air,2882,2882,Andrew Gonzalez,Consumer,United States,South,North Carolina,Charlotte,28206,SouthWestern Bell FA970 Digital Answering Machine with Time/Day Stamp,Technology,Telephones and Communication,Medium Box,0.56
1562,1002,769,0.05,6.48,8.73,-160.3847,35,232.5,4839,9/05/15,9/05/15,Critical,Regular Air,2882,2882,Andrew Gonzalez,Consumer,United States,South,North Carolina,Charlotte,28206,Xerox 227,Office Supplies,Paper,Small Box,0.37
1563,1002,453,0.09,363.25,19.99,732.2698,21,7497.05,21958,5/06/15,6/06/15,High,Regular Air,2882,2882,Andrew Gonzalez,Consumer,United States,South,North Carolina,Charlotte,28206,Hoover WindTunnel™ Plus Canister Vacuum,Office Supplies,Appliances,Small Box,0.57
1564,1002,177,0.05,63.94,14.48,270.8743,21,1336.35,40224,30/06/15,7/07/15,Low,Express Air,2882,2882,Andrew Gonzalez,Consumer,United States,South,North Carolina,Charlotte,28206,"Howard Miller 16"" Diameter Gallery Wall Clock",Furniture,Office Furnishings,Small Box,0.46
1565,1002,847,0.02,43.98,1.99,333.7605,40,1724.01,50917,21/01/15,25/01/15,Low,Regular Air,2882,2882,Andrew Gonzalez,Consumer,United States,South,North Carolina,Charlotte,28206,"Memorex 80 Minute CD-R Spindle, 100/Pack",Technology,Computer Peripherals,Small Pack,0.44
1566,1003,769,0.05,6.48,8.73,-120.59,9,59.79,87632,9/05/15,9/05/15,Critical,Regular Air,2883,2883,Stuart Sharma,Consumer,United States,East,Ohio,North Olmsted,44070,Xerox 227,Office Supplies,Paper,Small Box,0.37
1567,1004,702,0.07,28.99,8.59,-12.078,10,240.21,87631,19/03/15,19/03/15,High,Regular Air,2884,2884,Stuart C Robinson,Consumer,United States,East,Ohio,North Ridgeville,44039,SouthWestern Bell FA970 Digital Answering Machine with Time/Day Stamp,Technology,Telephones and Communication,Medium Box,0.56
1568,1004,453,0.09,363.25,19.99,1231.6569,5,1785.01,87633,5/06/15,6/06/15,High,Regular Air,2884,2884,Stuart C Robinson,Consumer,United States,East,Ohio,North Ridgeville,44039,Hoover WindTunnel™ Plus Canister Vacuum,Office Supplies,Appliances,Small Box,0.57
1569,1005,177,0.05,63.94,14.48,219.5442,5,318.18,87634,30/06/15,7/07/15,Low,Express Air,2885,2885,Gary Frazier,Consumer,United States,East,Ohio,North Royalton,44133,"Howard Miller 16"" Diameter Gallery Wall Clock",Furniture,Office Furnishings,Small Box,0.46
1570,1006,327,0.03,4.06,6.89,-185.17,9,38.89,87630,20/02/15,22/02/15,High,Regular Air,2886,2886,Gretchen McKinney,Consumer,United States,East,Ohio,Parma,44134,Eureka Disposable Bags for Sanitaire® Vibra Groomer I® Upright Vac,Office Supplies,Appliances,Small Box,0.6
1571,1006,845,0.01,3.75,0.5,31.1328,12,45.12,87630,20/02/15,21/02/15,High,Regular Air,2886,2886,Gretchen McKinney,Consumer,United States,East,Ohio,Parma,44134,Avery 510,Office Supplies,Labels,Small Box,0.37
1570,1006,846,0.02,10.68,13.04,-231.05,8,90.45,87630,20/02/15,22/02/15,High,Regular Air,2886,2886,Gretchen McKinney,Consumer,United States,East,Ohio,Parma,44134,Dana Swing-Arm Lamps,Furniture,Office Furnishings,Large Box,0.6
1572,1007,580,0.1,209.37,69.0,-165.5949204,11,2125.12,90011,23/02/15,25/02/15,High,Regular Air,2892,2892,Benjamin Porter,Consumer,United States,Central,Michigan,Livonia,48154,Hon 2111 Invitation™ Series Corner Table,Furniture,Tables,Large Box,0.79
1573,1008,599,0.07,4.98,4.7,-21.684,9,45.05,90011,23/02/15,24/02/15,High,Regular Air,2893,2893,Kathryn Tate,Consumer,United States,Central,Michigan,Madison Heights,48071,Staples Copy Paper (20Lb. and 84 Bright),Office Supplies,Paper,Small Box,0.38
1574,1009,271,0.02,880.98,44.55,4861.0638,8,7045.02,86925,22/01/15,26/01/15,Low,Delivery Truck,2896,2896,Anna Ellis,Home Office,United States,Central,Minnesota,Mankato,56001,"Riverside Palais Royal Lawyers Bookcase, Royale Cherry Finish",Furniture,Bookcases,Jumbo Box,0.62
1575,1009,848,0.0,22.84,16.92,-83.75,15,370.62,86927,12/03/15,14/03/15,Critical,Regular Air,2896,2896,Anna Ellis,Home Office,United States,Central,Minnesota,Mankato,56001,Xerox 1973,Office Supplies,Paper,Small Box,0.39
1576,1010,132,0.05,80.97,30.06,565.18,11,904.25,86926,13/02/15,14/02/15,High,Delivery Truck,2897,2897,Betty Giles,Home Office,United States,Central,Minnesota,Maple Grove,55369,Hewlett-Packard Deskjet 940 REFURBISHED Color Inkjet Printer,Technology,Office Machines,Jumbo Box,0.4
1577,1010,849,0.0,6.48,10.05,-38.72,2,16.31,86926,13/02/15,15/02/15,High,Regular Air,2897,2897,Betty Giles,Home Office,United States,Central,Minnesota,Maple Grove,55369,Xerox 1997,Office Supplies,Paper,Small Box,0.37
1578,1011,850,0.06,70.89,89.3,65.07702,6,364.26,87374,25/06/15,25/06/15,Not Specified,Delivery Truck,2903,2903,Frances Powers,Small Business,United States,East,Ohio,Reynoldsburg,43068,KI Conference Tables,Furniture,Tables,Jumbo Box,0.72
1579,1012,511,0.07,4.13,0.99,10.9592,4,16.07,88156,8/01/15,8/01/15,High,Regular Air,2908,2908,Robyn Lyon,Home Office,United States,East,Ohio,Garfield Heights,44125,Avery 491,Office Supplies,Labels,Small Box,0.39
1579,1012,276,0.03,22.72,8.99,17.4294,1,25.26,88156,8/01/15,8/01/15,High,Regular Air,2908,2908,Robyn Lyon,Home Office,United States,East,Ohio,Garfield Heights,44125,"Executive Impressions 14"" Two-Color Numerals Wall Clock",Furniture,Office Furnishings,Small Pack,0.44
1580,1012,172,0.05,34.98,7.53,-32.6664,16,581.08,88157,28/02/15,3/03/15,Not Specified,Express Air,2908,2908,Robyn Lyon,Home Office,United States,East,Ohio,Garfield Heights,44125,Fellowes EZ Multi-Media Keyboard,Technology,Computer Peripherals,Small Box,0.76
1581,1012,851,0.0,3.14,1.92,-13.1352,8,27.53,88157,28/02/15,2/03/15,Not Specified,Regular Air,2908,2908,Robyn Lyon,Home Office,United States,East,Ohio,Garfield Heights,44125,Serrated Blade or Curved Handle Hand Letter Openers,Office Supplies,"Scissors, Rulers and Trimmers",Wrap Bag,0.84
1582,1013,511,0.04,4.13,0.99,22.3077,7,32.33,87396,28/04/15,30/04/15,High,Express Air,2912,2912,Hannah Carver,Home Office,United States,Central,North Dakota,Grand Forks,58201,Avery 491,Office Supplies,Labels,Small Box,0.39
1583,1013,15,0.06,55.48,14.3,443.0214,12,642.06,87396,28/04/15,30/04/15,High,Regular Air,2912,2912,Hannah Carver,Home Office,United States,Central,North Dakota,Grand Forks,58201,Xerox 194,Office Supplies,Paper,Small Box,0.37
1584,1014,642,0.05,535.64,14.7,-1220.9145,2,1068.6,59365,7/06/15,9/06/15,Medium,Delivery Truck,2920,2920,Ernest Peele,Home Office,United States,Central,Illinois,Chicago,60603,Epson LQ-870 Dot Matrix Printer,Technology,Office Machines,Jumbo Drum,0.59
1585,1015,215,0.0,6.37,5.19,-27.1492,15,99.75,86592,28/02/15,2/03/15,Medium,Regular Air,2923,2923,Lynne Griffith,Consumer,United States,East,Maryland,Hagerstown,21740,"C-Line Peel & Stick Add-On Filing Pockets, 8-3/4 x 5-1/8, 10/Pack",Office Supplies,Binders and Binder Accessories,Small Box,0.38
1586,1016,656,0.02,110.98,13.99,-106.3424,2,226.53,86591,16/01/15,18/01/15,Critical,Regular Air,2924,2924,Courtney Nelson,Consumer,United States,East,Maryland,Laurel,20707,"Rubbermaid ClusterMat Chairmats, Mat Size- 66"" x 60"", Lip 20"" x 11"" -90 Degree Angle",Furniture,Office Furnishings,Medium Box,0.69
1586,1016,852,0.01,8.01,2.87,44.9768,8,68.65,86591,16/01/15,18/01/15,Critical,Regular Air,2924,2924,Courtney Nelson,Consumer,United States,East,Maryland,Laurel,20707,"TOPS Money Receipt Book, Consecutively Numbered in Red,",Office Supplies,Paper,Wrap Bag,0.4
1587,1017,853,0.02,5.58,2.99,689.328,42,236.83,90218,26/05/15,28/05/15,Critical,Regular Air,2928,2928,Leslie Woodard,Consumer,United States,South,South Carolina,Charleston,29418,Avery Heavy-Duty EZD ™ Binder With Locking Rings,Office Supplies,Binders and Binder Accessories,Small Box,0.37
1588,1017,735,0.02,54.1,19.99,-33.586,36,1944.87,90218,26/05/15,27/05/15,Critical,Regular Air,2928,2928,Leslie Woodard,Consumer,United States,South,South Carolina,Charleston,29418,Desktop 3-Pocket Hot File®,Office Supplies,Storage & Organization,Small Box,0.59
1589,1018,100,0.1,11.55,2.36,69.7672,12,135.77,87619,28/02/15,28/02/15,Not Specified,Regular Air,2931,2931,Faye Hanna,Small Business,United States,West,California,El Dorado Hills,95630,Newell 309,Office Supplies,Pens & Art Supplies,Wrap Bag,0.55
1590,1019,616,0.01,35.44,19.99,-52.8228,1,55.43,87620,22/04/15,23/04/15,High,Regular Air,2932,2932,Phyllis Hull,Small Business,United States,East,Connecticut,Stratford,6614,Xerox 1880,Office Supplies,Paper,Small Box,0.38
1591,1020,28,0.02,3.8,1.49,7.31,5,20.46,87617,11/05/15,15/05/15,Low,Regular Air,2935,2935,Shirley Riley,Small Business,United States,East,Massachusetts,Boston,2215,Durable Pressboard Binders,Office Supplies,Binders and Binder Accessories,Small Box,0.38
1592,1021,669,0.03,47.9,5.86,642.9903,20,931.87,87620,22/04/15,25/04/15,High,Regular Air,2938,2938,Laurie Case Daniel,Small Business,United States,East,Massachusetts,Stoneham,2180,Xerox 1938,Office Supplies,Paper,Small Box,0.37
1593,1022,508,0.05,2.62,0.8,12.71,8,21.41,87618,26/05/15,27/05/15,Critical,Regular Air,2941,2941,Leah Pollock,Small Business,United States,East,New Jersey,Morristown,7960,Staples Metal Binder Clips,Office Supplies,Rubber Bands,Wrap Bag,0.39
1594,1023,519,0.04,4.55,1.49,28.288,13,59.75,90309,5/03/15,7/03/15,Low,Regular Air,2944,2944,Elsie Lane,Corporate,United States,Central,Michigan,Midland,48640,Presstex Flexible Ring Binders,Office Supplies,Binders and Binder Accessories,Small Box,0.35
1595,1024,796,0.01,7.64,1.39,112.1181,20,162.49,87511,4/02/15,7/02/15,Not Specified,Regular Air,2947,2947,Kathy Turner,Consumer,United States,East,New York,Depew,14043,Security-Tint Envelopes,Office Supplies,Envelopes,Small Box,0.36
1596,1025,654,0.07,42.98,4.62,565.386,19,819.4,91397,15/02/15,17/02/15,Medium,Express Air,2951,2951,Jordan Womble,Corporate,United States,Central,Kansas,Hays,67601,Belkin F9M820V08 8 Outlet Surge,Office Supplies,Appliances,Small Box,0.56
1597,1025,802,0.03,89.99,42.0,-230.9528,19,1809.75,91397,15/02/15,18/02/15,Medium,Delivery Truck,2951,2951,Jordan Womble,Corporate,United States,Central,Kansas,Hays,67601,"Global Leather Task Chair, Black",Furniture,Chairs & Chairmats,Jumbo Drum,0.66
1598,1026,706,0.08,5.74,5.01,-61.62804,12,70.03,91398,15/04/15,17/04/15,Medium,Express Air,2952,2952,Thelma Murray,Corporate,United States,East,Ohio,Grove City,43123,Binder Posts,Office Supplies,Binders and Binder Accessories,Small Box,0.39
1599,1027,786,0.09,12.22,2.85,70.6767,9,102.43,86427,18/06/15,25/06/15,Low,Regular Air,2954,2954,William Sharma,Consumer,United States,Central,Minnesota,Maplewood,55119,Aluminum Document Frame,Furniture,Office Furnishings,Small Pack,0.55
1600,1028,321,0.1,37.94,5.08,95.0544,4,137.76,90264,2/04/15,4/04/15,Medium,Express Air,2957,2957,Francis I Davis,Corporate,United States,Central,Wisconsin,Milwaukee,53209,"Snap-A-Way® Black Print Carbonless Ruled Speed Letter, Triplicate",Office Supplies,Paper,Wrap Bag,0.38
1601,1029,854,0.06,20.99,0.99,224.9607,18,326.03,90265,23/03/15,28/03/15,Low,Regular Air,2958,2958,Ellen Sparks,Corporate,United States,Central,Wisconsin,Neenah,54956,Accessory21,Technology,Telephones and Communication,Wrap Bag,0.37
1602,1030,465,0.1,36.55,13.89,-89.572,11,379.72,90646,5/04/15,7/04/15,Not Specified,Regular Air,2960,2960,Allan Dickinson,Corporate,United States,South,Arkansas,Van Buren,72956,"Dixon Ticonderoga Core-Lock Colored Pencils, 48-Color Set",Office Supplies,Pens & Art Supplies,Wrap Bag,0.41
1603,1031,829,0.07,4.76,0.88,33.3477,10,48.33,88611,7/05/15,9/05/15,High,Express Air,2962,2962,Leonard Strauss,Consumer,United States,West,Colorado,Louisville,80027,Wirebound Voice Message Log Book,Office Supplies,Paper,Wrap Bag,0.39
1604,1032,855,0.01,7.98,6.5,-34.592,4,34.91,88612,22/06/15,23/06/15,Critical,Regular Air,2963,2963,Frances Johnson,Consumer,United States,East,Maryland,Middle River,21220,Iris Project Case,Office Supplies,Storage & Organization,Medium Box,0.59
1605,1033,654,0.06,42.98,4.62,-24.63,1,47.04,88610,21/04/15,23/04/15,High,Regular Air,2964,2964,Kathy Hinton,Consumer,United States,East,Ohio,Mount Vernon,43050,Belkin F9M820V08 8 Outlet Surge,Office Supplies,Appliances,Small Box,0.56
1606,1034,856,0.08,9.68,2.03,-536.242,1,10.94,86085,22/02/15,24/02/15,Not Specified,Regular Air,2968,2968,Miriam Bowman,Small Business,United States,South,Florida,Hollywood,33021,"Wirebound Service Call Books, 5 1/2"" x 4""",Office Supplies,Paper,Wrap Bag,0.37
1607,1034,857,0.04,150.98,16.01,-125.86,5,731.38,86085,22/02/15,23/02/15,Not Specified,Delivery Truck,2968,2968,Miriam Bowman,Small Business,United States,South,Florida,Hollywood,33021,"Iceberg OfficeWorks 42"" Round Tables",Furniture,Tables,Jumbo Box,0.7
1608,1034,453,0.06,363.25,19.99,36.1641,1,344.87,86086,28/03/15,30/03/15,High,Regular Air,2968,2968,Miriam Bowman,Small Business,United States,South,Florida,Hollywood,33021,Hoover WindTunnel™ Plus Canister Vacuum,Office Supplies,Appliances,Small Box,0.57
1609,1035,858,0.01,30.97,4.0,17.1028,17,523.06,87186,13/04/15,15/04/15,High,Regular Air,2973,2973,Sally Liu,Home Office,United States,Central,Wisconsin,New Berlin,53151,Microsoft Multimedia Keyboard,Technology,Computer Peripherals,Small Box,0.74
1609,1035,444,0.08,125.99,7.69,1269.38196,23,2424.68,87186,13/04/15,15/04/15,High,Regular Air,2973,2973,Sally Liu,Home Office,United States,Central,Wisconsin,New Berlin,53151,Timeport L7089,Technology,Telephones and Communication,Small Box,0.58
1610,1035,111,0.1,442.14,14.7,137.68794,6,2411.43,87187,20/05/15,21/05/15,Critical,Delivery Truck,2973,2973,Sally Liu,Home Office,United States,Central,Wisconsin,New Berlin,53151,Okidata ML390 Turbo Dot Matrix Printers,Technology,Office Machines,Jumbo Drum,0.56
1611,1036,782,0.01,35.99,0.99,882.4824,41,1278.96,89047,22/05/15,23/05/15,Medium,Regular Air,2976,2976,Fred Barber,Small Business,United States,Central,Wisconsin,Oak Creek,53154,Accessory31,Technology,Telephones and Communication,Small Pack,0.35
1612,1037,23,0.09,2.94,0.7,6.384,9,25.22,86544,27/01/15,28/01/15,Critical,Regular Air,2979,2979,Lloyd Dolan,Corporate,United States,Central,North Dakota,Dickinson,58601,Newell 338,Office Supplies,Pens & Art Supplies,Wrap Bag,0.58
1613,1037,290,0.02,5.34,2.99,5.2955,6,34.73,86545,26/02/15,28/02/15,Critical,Regular Air,2979,2979,Lloyd Dolan,Corporate,United States,Central,North Dakota,Dickinson,58601,Wilson Jones 14 Line Acrylic Coated Pressboard Data Binders,Office Supplies,Binders and Binder Accessories,Small Box,0.38
1614,1037,496,0.03,40.98,7.47,170.7957,6,247.53,86545,26/02/15,27/02/15,Critical,Regular Air,2979,2979,Lloyd Dolan,Corporate,United States,Central,North Dakota,Dickinson,58601,"Wilson Jones Ledger-Size, Piano-Hinge Binder, 2"", Blue",Office Supplies,Binders and Binder Accessories,Small Box,0.37
1615,1037,342,0.01,5.84,0.83,16.092,4,23.89,86546,14/06/15,16/06/15,Not Specified,Regular Air,2979,2979,Lloyd Dolan,Corporate,United States,Central,North Dakota,Dickinson,58601,Avery Hi-Liter® Smear-Safe Highlighters,Office Supplies,Pens & Art Supplies,Wrap Bag,0.49
1616,1038,406,0.03,43.98,8.99,274.0788,10,454.4,86544,27/01/15,29/01/15,Critical,Regular Air,2980,2980,Joanna Kenney,Corporate,United States,East,Ohio,Sandusky,44870,Boston 1645 Deluxe Heavier-Duty Electric Pencil Sharpener,Office Supplies,Pens & Art Supplies,Small Pack,0.58
1617,1038,367,0.06,1.14,0.7,-3.782,13,14.53,86544,27/01/15,30/01/15,Critical,Regular Air,2980,2980,Joanna Kenney,Corporate,United States,East,Ohio,Sandusky,44870,OIC Thumb-Tacks,Office Supplies,Rubber Bands,Wrap Bag,0.38
1618,1038,415,0.07,2.61,0.5,10.7985,6,15.65,86547,25/02/15,27/02/15,Medium,Regular Air,2980,2980,Joanna Kenney,Corporate,United States,East,Ohio,Sandusky,44870,Avery 494,Office Supplies,Labels,Small Box,0.39
1619,1038,280,0.04,2.88,1.01,15.246,39,111.92,86548,30/05/15,4/06/15,Low,Regular Air,2980,2980,Joanna Kenney,Corporate,United States,East,Ohio,Sandusky,44870,"Sanford Colorific Colored Pencils, 12/Box",Office Supplies,Pens & Art Supplies,Wrap Bag,0.55
1620,1039,78,0.09,100.98,35.84,-103.624,17,1700.38,91180,28/06/15,28/06/15,Critical,Delivery Truck,2987,2987,Natalie Watts,Home Office,United States,Central,Iowa,West Des Moines,50265,"Bush Westfield Collection Bookcases, Fully Assembled",Furniture,Bookcases,Jumbo Box,0.62
1621,1039,859,0.1,5.78,7.96,-57.824,6,35.96,91180,28/06/15,28/06/15,Critical,Regular Air,2987,2987,Natalie Watts,Home Office,United States,Central,Iowa,West Des Moines,50265,Xerox 196,Office Supplies,Paper,Small Box,0.36
1622,1040,236,0.05,70.97,3.5,18.218,2,141.59,91466,8/05/15,13/05/15,Low,Regular Air,2991,2991,Sean Herbert,Home Office,United States,Central,Wisconsin,Racine,53402,Tripp Lite Isotel 8 Ultra 8 Outlet Metal Surge,Office Supplies,Appliances,Small Box,0.59
1623,1041,492,0.0,5.28,6.26,25.058,36,203.05,91466,8/05/15,15/05/15,Low,Regular Air,2992,2992,Lindsay Webb,Home Office,United States,Central,Wisconsin,Sheboygan,53081,Xerox 1928,Office Supplies,Paper,Small Box,0.4
1624,1042,64,0.03,10.98,3.37,11.82,5,56.19,87041,10/04/15,11/04/15,Not Specified,Regular Air,2999,2999,Kim McCarthy,Consumer,United States,Central,Michigan,Oak Park,48237,Fiskars® Softgrip Scissors,Office Supplies,"Scissors, Rulers and Trimmers",Small Pack,0.57
1625,1043,83,0.01,10.14,2.27,28.152,4,40.8,87042,26/01/15,28/01/15,Low,Regular Air,3000,3000,Priscilla Allen,Consumer,United States,Central,Michigan,Pontiac,48342,"Staples Wirebound Steno Books, 6"" x 9"", 12/Pack",Office Supplies,Paper,Wrap Bag,0.36
1626,1044,98,0.03,5.4,7.78,-237.544,21,117.87,87043,17/03/15,19/03/15,Not Specified,Regular Air,3001,3001,Anthony Foley,Consumer,United States,Central,Michigan,Port Huron,48060,3M Organizer Strips,Office Supplies,Binders and Binder Accessories,Small Box,0.37
1627,1045,142,0.03,85.99,0.99,1037.1045,20,1503.05,91586,5/03/15,6/03/15,Medium,Regular Air,3003,3003,Roy Rouse,Home Office,United States,West,Idaho,Coeur D Alene,83814,Accessory34,Technology,Telephones and Communication,Wrap Bag,0.55
1628,1046,860,0.08,6.48,6.81,-94.59,58,382.33,54949,10/02/15,15/02/15,Low,Regular Air,3004,3004,Maurice Everett,Corporate,United States,West,California,Los Angeles,90049,Xerox 1930,Office Supplies,Paper,Small Box,0.36
1629,1046,212,0.09,20.98,53.03,-293.74,13,356.61,54949,10/02/15,17/02/15,Low,Delivery Truck,3004,3004,Maurice Everett,Corporate,United States,West,California,Los Angeles,90049,"Tennsco Lockers, Gray",Office Supplies,Storage & Organization,Jumbo Drum,0.78
1630,1047,752,0.05,122.99,19.99,1039.7541,12,1506.89,91389,8/06/15,11/06/15,Critical,Express Air,3005,3005,Teresa Watts,Corporate,United States,West,Idaho,Coeur D Alene,83814,GBC Therma-A-Bind 250T Electric Binding System,Office Supplies,Binders and Binder Accessories,Small Box,0.37
1631,1048,860,0.08,6.48,6.81,-49.1868,14,92.29,91388,10/02/15,15/02/15,Low,Regular Air,3006,3006,Thomas Spence,Corporate,United States,West,Idaho,Idaho Falls,83402,Xerox 1930,Office Supplies,Paper,Small Box,0.36
1632,1048,212,0.09,20.98,53.03,-152.7448,3,82.29,91388,10/02/15,17/02/15,Low,Delivery Truck,3006,3006,Thomas Spence,Corporate,United States,West,Idaho,Idaho Falls,83402,"Tennsco Lockers, Gray",Office Supplies,Storage & Organization,Jumbo Drum,0.78
1633,1049,632,0.05,9.99,4.78,41.3,20,203.37,89414,6/03/15,7/03/15,Critical,Regular Air,3008,3008,Penny Rich,Home Office,United States,Central,Minnesota,Minnetonka Mills,55343,Xerox 1896,Office Supplies,Paper,Small Box,0.4
1634,1049,861,0.01,12.28,6.47,47.61,12,160.66,89415,11/06/15,12/06/15,High,Regular Air,3008,3008,Penny Rich,Home Office,United States,Central,Minnesota,Minnetonka Mills,55343,Xerox 1881,Office Supplies,Paper,Small Box,0.38
1635,1050,518,0.03,5.98,5.35,-23.5,16,107.08,56486,28/05/15,29/05/15,Critical,Regular Air,3011,3011,Tammy Raynor,Corporate,United States,East,Massachusetts,Boston,2113,Xerox 1947,Office Supplies,Paper,Small Box,0.4
1636,1050,862,0.03,300.65,24.49,1282.496,32,9705.46,7623,28/04/15,30/04/15,Critical,Regular Air,3011,3011,Tammy Raynor,Corporate,United States,East,Massachusetts,Boston,2113,Honeywell Enviracaire Portable HEPA Air Cleaner for 17' x 22' Room,Office Supplies,Appliances,Large Box,0.52
1636,1050,611,0.06,49.99,19.99,17.2,67,3247.54,7623,28/04/15,30/04/15,Critical,Regular Air,3011,3011,Tammy Raynor,Corporate,United States,East,Massachusetts,Boston,2113,US Robotics 56K V.92 Internal PCI Faxmodem,Technology,Computer Peripherals,Small Box,0.45
1637,1050,863,0.1,104.85,4.65,1184.12,58,5582.63,7623,28/04/15,29/04/15,Critical,Regular Air,3011,3011,Tammy Raynor,Corporate,United States,East,Massachusetts,Boston,2113,Xerox 1941,Office Supplies,Paper,Small Box,0.37
1638,1051,862,0.03,300.65,24.49,1474.8704,8,2426.36,86346,28/04/15,30/04/15,Critical,Regular Air,3012,3012,Annie Livingston,Corporate,United States,East,New York,Rochester,14609,Honeywell Enviracaire Portable HEPA Air Cleaner for 17' x 22' Room,Office Supplies,Appliances,Large Box,0.52
1638,1051,611,0.06,49.99,19.99,19.78,17,824.0,86346,28/04/15,30/04/15,Critical,Regular Air,3012,3012,Annie Livingston,Corporate,United States,East,New York,Rochester,14609,US Robotics 56K V.92 Internal PCI Faxmodem,Technology,Computer Peripherals,Small Box,0.45
1639,1051,863,0.1,104.85,4.65,929.7957,14,1347.53,86346,28/04/15,29/04/15,Critical,Regular Air,3012,3012,Annie Livingston,Corporate,United States,East,New York,Rochester,14609,Xerox 1941,Office Supplies,Paper,Small Box,0.37
1640,1052,128,0.01,5.58,5.3,-7.25,1,11.16,89071,9/01/15,10/01/15,Critical,Regular Air,3017,3017,Melvin Benton,Corporate,United States,West,California,Encinitas,92024,Staples Brown Kraft Recycled Clasp Envelopes,Office Supplies,Envelopes,Small Box,0.35
1640,1052,864,0.03,3.98,0.7,31.2018,11,45.22,89071,9/01/15,10/01/15,Critical,Regular Air,3017,3017,Melvin Benton,Corporate,United States,West,California,Encinitas,92024,4009® Highlighters by Sanford,Office Supplies,Pens & Art Supplies,Wrap Bag,0.52
1641,1053,865,0.01,4.98,4.75,-75.9004,10,52.93,89128,15/01/15,20/01/15,Low,Regular Air,3035,3035,Tina Evans,Home Office,United States,Central,Illinois,Lombard,60148,Hammermill CopyPlus Copy Paper (20Lb. and 84 Bright),Office Supplies,Paper,Small Box,0.36
1641,1053,319,0.04,6.35,1.02,52.1709,12,75.61,89128,15/01/15,20/01/15,Low,Regular Air,3035,3035,Tina Evans,Home Office,United States,Central,Illinois,Lombard,60148,"Telephone Message Books with Fax/Mobile Section, 5 1/2"" x 3 3/16""",Office Supplies,Paper,Wrap Bag,0.39
1642,1054,194,0.02,12.99,14.37,-159.86,5,67.64,89129,16/01/15,18/01/15,Not Specified,Regular Air,3036,3036,Edith Reynolds,Home Office,United States,Central,North Dakota,Mandan,58554,"Tensor ""Hersey Kiss"" Styled Floor Lamp",Furniture,Office Furnishings,Large Box,0.73
1642,1054,866,0.05,35.44,7.5,165.8898,7,240.42,89129,16/01/15,18/01/15,Not Specified,Regular Air,3036,3036,Edith Reynolds,Home Office,United States,Central,North Dakota,Mandan,58554,Xerox 1906,Office Supplies,Paper,Small Box,0.38
1643,1054,48,0.02,12.98,3.14,75.01,14,184.4,89129,16/01/15,19/01/15,Not Specified,Regular Air,3036,3036,Edith Reynolds,Home Office,United States,Central,North Dakota,Mandan,58554,"Acme® 8"" Straight Scissors",Office Supplies,"Scissors, Rulers and Trimmers",Small Pack,0.6
1644,1054,180,0.08,178.47,19.99,2267.22,22,3802.01,89130,13/03/15,16/03/15,Critical,Regular Air,3036,3036,Edith Reynolds,Home Office,United States,Central,North Dakota,Mandan,58554,"Hot File® 7-Pocket, Floor Stand",Office Supplies,Storage & Organization,Small Box,0.55
1645,1055,867,0.08,73.98,4.0,97.16,17,1181.67,86102,15/05/15,18/05/15,Not Specified,Regular Air,3041,3041,Carrie Duke,Corporate,United States,Central,Kansas,Garden City,67846,Keytronic 105-Key Spanish Keyboard,Technology,Computer Peripherals,Small Box,0.77
1646,1055,301,0.02,3.68,1.32,-20.65,8,29.93,86102,15/05/15,17/05/15,Not Specified,Regular Air,3041,3041,Carrie Duke,Corporate,United States,Central,Kansas,Garden City,67846,"*Staples* vLetter Openers, 2/Pack",Office Supplies,"Scissors, Rulers and Trimmers",Wrap Bag,0.83
1647,1056,868,0.07,14.48,6.46,67.864,12,171.33,86101,4/02/15,5/02/15,Medium,Regular Air,3042,3042,Tara Gold,Small Business,United States,Central,Kansas,Hutchinson,67501,"GBC White Gloss Covers, Plain Front",Office Supplies,Binders and Binder Accessories,Small Box,0.38
1648,1057,869,0.0,6.48,5.19,-14.075,12,84.04,86104,6/06/15,7/06/15,High,Regular Air,3045,3045,Jordan Beard,Small Business,United States,Central,Kansas,Leavenworth,66048,Xerox 1995,Office Supplies,Paper,Small Box,0.37
1649,1058,480,0.05,120.98,30.0,-78.7592,2,251.06,86103,12/02/15,14/02/15,High,Delivery Truck,3046,3046,Andrew Pearce,Small Business,United States,Central,Kansas,Leawood,66209,Hon Every-Day® Chair Series Swivel Task Chairs,Furniture,Chairs & Chairmats,Jumbo Drum,0.64
1650,1059,148,0.06,276.2,24.49,1167.38,10,2610.56,89789,5/03/15,7/03/15,High,Express Air,3048,3048,Tracy G Starr,Corporate,United States,West,California,Berkeley,94704,SAFCO Arco Folding Chair,Furniture,Chairs & Chairmats,Large Box,
1651,1060,420,0.06,125.99,2.5,402.066,11,1173.76,86662,3/02/15,5/02/15,Medium,Regular Air,3053,3053,Robin Tyler,Corporate,United States,South,Kentucky,Murray,42071,i2000,Technology,Telephones and Communication,Small Box,0.6
1652,1061,141,0.07,8.33,1.99,11.95,6,50.28,88447,26/02/15,28/02/15,Medium,Regular Air,3063,3063,Ann Steele,Consumer,United States,West,Washington,Kirkland,98034,"80 Minute Slim Jewel Case CD-R , 10/Pack - Staples",Technology,Computer Peripherals,Small Pack,0.52
1653,1061,870,0.03,499.99,24.49,1773.6105,5,2570.45,88447,26/02/15,27/02/15,Medium,Regular Air,3063,3063,Ann Steele,Consumer,United States,West,Washington,Kirkland,98034,Sharp AL-1530CS Digital Copier,Technology,Copiers and Fax,Large Box,0.36
1654,1061,202,0.03,20.99,0.99,4.1822,9,158.87,88449,24/05/15,26/05/15,Not Specified,Regular Air,3063,3063,Ann Steele,Consumer,United States,West,Washington,Kirkland,98034,Accessory25,Technology,Telephones and Communication,Wrap Bag,0.57
1655,1062,871,0.03,6.45,1.34,39.1299,9,56.71,88448,14/01/15,19/01/15,Low,Regular Air,3064,3064,Clarence Crowder,Consumer,United States,West,Washington,Lacey,98503,"Wirebound Four 2-3/4 x 5 Forms per Page, 400 Sets per Book",Office Supplies,Paper,Wrap Bag,0.36
1656,1063,466,0.06,355.98,58.92,1660.92,14,5086.08,91376,2/03/15,3/03/15,Not Specified,Delivery Truck,3067,3067,Carole Miller,Consumer,United States,East,Ohio,Austintown,44515,Hon 4700 Series Mobuis™ Mid-Back Task Chairs with Adjustable Arms,Furniture,Chairs & Chairmats,Jumbo Drum,0.64
1657,1064,480,0.03,120.98,30.0,638.028,15,1894.45,88191,1/06/15,3/06/15,High,Delivery Truck,3069,3069,Tiffany Merrill,Consumer,United States,Central,Minnesota,Oakdale,55128,Hon Every-Day® Chair Series Swivel Task Chairs,Furniture,Chairs & Chairmats,Jumbo Drum,0.64
1658,1064,781,0.01,15.68,3.73,138.4968,12,200.72,88191,1/06/15,3/06/15,High,Regular Air,3069,3069,Tiffany Merrill,Consumer,United States,Central,Minnesota,Oakdale,55128,Artistic Insta-Plaque,Furniture,Office Furnishings,Small Pack,0.46
1659,1064,872,0.09,1.82,0.83,-6.734,22,36.82,88192,14/02/15,15/02/15,Critical,Regular Air,3069,3069,Tiffany Merrill,Consumer,United States,Central,Minnesota,Oakdale,55128,Newell 307,Office Supplies,Pens & Art Supplies,Wrap Bag,0.57
1660,1065,160,0.06,19.23,6.15,-25.38,4,84.6,14756,28/02/15,28/02/15,Low,Regular Air,3075,3075,Gordon Brandt,Corporate,United States,West,California,Los Angeles,90061,"Executive Impressions 13"" Clairmont Wall Clock",Furniture,Office Furnishings,Small Pack,0.44
1661,1066,873,0.0,137.48,32.18,-203.27,2,296.75,88241,7/01/15,8/01/15,Medium,Delivery Truck,3076,3076,Peter Hardy,Small Business,United States,East,Ohio,Stow,44224,O'Sullivan Cherrywood Estates Traditional Barrister Bookcase,Furniture,Bookcases,Jumbo Box,0.78
1662,1067,396,0.07,300.97,7.18,-807.59,2,582.2,88239,7/05/15,9/05/15,Medium,Regular Air,3077,3077,Lynne Reid,Small Business,United States,East,Ohio,Strongsville,44136,Gyration Ultra Professional Cordless Optical Suite,Technology,Computer Peripherals,Small Box,0.48
1663,1068,874,0.04,35.44,5.09,118.6317,5,171.93,88240,11/06/15,11/06/15,Not Specified,Regular Air,3078,3078,Kate McKenna,Small Business,United States,East,Ohio,Toledo,43615,Xerox 1932,Office Supplies,Paper,Small Box,0.38
1664,1068,864,0.08,3.98,0.7,23.304,9,35.19,88240,11/06/15,14/06/15,Not Specified,Regular Air,3078,3078,Kate McKenna,Small Business,United States,East,Ohio,Toledo,43615,4009® Highlighters by Sanford,Office Supplies,Pens & Art Supplies,Wrap Bag,0.52
1665,1069,396,0.07,300.97,7.18,-807.59,7,2037.69,41253,7/05/15,9/05/15,Medium,Regular Air,3079,3079,Andrew Levine,Small Business,United States,East,Pennsylvania,Philadelphia,19112,Gyration Ultra Professional Cordless Optical Suite,Technology,Computer Peripherals,Small Box,0.48
1666,1069,874,0.04,35.44,5.09,150.72,21,722.1,53476,11/06/15,11/06/15,Not Specified,Regular Air,3079,3079,Andrew Levine,Small Business,United States,East,Pennsylvania,Philadelphia,19112,Xerox 1932,Office Supplies,Paper,Small Box,0.38
1667,1069,864,0.08,3.98,0.7,19.42,36,140.78,53476,11/06/15,14/06/15,Not Specified,Regular Air,3079,3079,Andrew Levine,Small Business,United States,East,Pennsylvania,Philadelphia,19112,4009® Highlighters by Sanford,Office Supplies,Pens & Art Supplies,Wrap Bag,0.52
1668,1069,29,0.01,1.76,0.7,3.13,71,129.72,53476,11/06/15,12/06/15,Not Specified,Regular Air,3079,3079,Andrew Levine,Small Business,United States,East,Pennsylvania,Philadelphia,19112,Newell 310,Office Supplies,Pens & Art Supplies,Wrap Bag,0.56
1669,1069,542,0.01,193.17,19.99,1141.07,63,12190.98,53476,11/06/15,11/06/15,Not Specified,Express Air,3079,3079,Andrew Levine,Small Business,United States,East,Pennsylvania,Philadelphia,19112,Fellowes Staxonsteel® Drawer Files,Office Supplies,Storage & Organization,Small Box,0.71
1670,1069,873,0.0,137.48,32.18,-203.27,10,1483.76,12480,7/01/15,8/01/15,Medium,Delivery Truck,3079,3079,Andrew Levine,Small Business,United States,East,Pennsylvania,Philadelphia,19112,O'Sullivan Cherrywood Estates Traditional Barrister Bookcase,Furniture,Bookcases,Jumbo Box,0.78
1671,1069,875,0.0,2.21,1.0,10.01,33,87.18,48483,10/06/15,11/06/15,Critical,Express Air,3079,3079,Andrew Levine,Small Business,United States,East,Pennsylvania,Philadelphia,19112,"Quartet Alpha® White Chalk, 12/Pack",Office Supplies,Pens & Art Supplies,Wrap Bag,0.38
1672,1070,800,0.0,65.99,5.99,313.812,14,798.89,89879,20/04/15,22/04/15,High,Express Air,3084,3084,Debbie Hsu,Small Business,United States,West,Washington,Lacey,98503,i1000,Technology,Telephones and Communication,Small Box,0.58
1673,1070,228,0.01,7.1,6.05,-39.18625,18,133.19,89880,24/06/15,25/06/15,Not Specified,Regular Air,3084,3084,Debbie Hsu,Small Business,United States,West,Washington,Lacey,98503,"Wilson Jones Hanging View Binder, White, 1""",Office Supplies,Binders and Binder Accessories,Small Box,0.39
1673,1070,274,0.05,18.97,9.03,-1.89,5,97.33,89880,24/06/15,25/06/15,Not Specified,Regular Air,3084,3084,Debbie Hsu,Small Business,United States,West,Washington,Lacey,98503,Computer Printout Paper with Letter-Trim Perforations,Office Supplies,Paper,Small Box,0.37
1674,1071,876,0.05,39.99,10.25,4.29,3,130.91,88380,18/05/15,19/05/15,High,Express Air,3086,3086,Ted Durham,Consumer,United States,South,Florida,North Port,34287,Zoom V.92 V.44 PCI Internal Controllerless FaxModem,Technology,Computer Peripherals,Small Box,0.55
1675,1072,877,0.07,49.43,19.99,-122.77,6,281.82,91219,24/01/15,29/01/15,Low,Regular Air,3089,3089,Sandy Cannon,Corporate,United States,Central,Kansas,Leawood,66209,"Eureka Hand Vacuum, Bagless",Office Supplies,Appliances,Small Box,0.57
1676,1073,728,0.09,207.48,0.99,683.9556,5,991.24,86220,19/01/15,21/01/15,Critical,Regular Air,3095,3095,Milton Lindsay,Consumer,United States,East,Ohio,Hamilton,45011,Kensington 7 Outlet MasterPiece Power Center with Fax/Phone Line Protection,Office Supplies,Appliances,Small Box,0.55
1677,1074,878,0.08,40.98,7.2,-16.64,3,119.86,86221,24/05/15,25/05/15,High,Express Air,3096,3096,Mike Howard,Consumer,United States,East,Ohio,Hilliard,43026,Kensington 6 Outlet SmartSocket Surge Protector,Office Supplies,Appliances,Small Box,0.6
1677,1074,294,0.08,8.12,2.83,-59.73,12,98.77,86221,24/05/15,25/05/15,High,Express Air,3096,3096,Mike Howard,Consumer,United States,East,Ohio,Hilliard,43026,"Imation Neon Mac Format Diskettes, 10/Pack",Technology,Computer Peripherals,Small Pack,0.77
1678,1074,879,0.02,262.11,62.74,-633.441237,9,2495.35,86221,24/05/15,25/05/15,High,Delivery Truck,3096,3096,Mike Howard,Consumer,United States,East,Ohio,Hilliard,43026,Bevis Boat-Shaped Conference Table,Furniture,Tables,Jumbo Box,0.75
1679,1074,880,0.04,33.89,5.1,72.984,6,200.83,86222,17/06/15,18/06/15,Critical,Express Air,3096,3096,Mike Howard,Consumer,United States,East,Ohio,Hilliard,43026,"File Shuttle II and Handi-File, Black",Office Supplies,Storage & Organization,Small Box,0.6
1680,1075,874,0.05,35.44,5.09,240.1752,10,348.08,89314,8/04/15,9/04/15,Critical,Regular Air,3098,3098,Lorraine Boykin,Consumer,United States,East,New York,Shirley,11967,Xerox 1932,Office Supplies,Paper,Small Box,0.38
1681,1075,461,0.0,11.7,6.96,-11.248,10,131.69,89315,17/06/15,19/06/15,Low,Express Air,3098,3098,Lorraine Boykin,Consumer,United States,East,New York,Shirley,11967,Harmony HEPA Quiet Air Purifiers,Office Supplies,Appliances,Medium Box,0.5
1682,1075,278,0.06,2.89,0.5,9.6117,5,13.93,89316,28/02/15,28/02/15,Low,Regular Air,3098,3098,Lorraine Boykin,Consumer,United States,East,New York,Shirley,11967,Avery 498,Office Supplies,Labels,Small Box,0.38
1683,1076,620,0.07,35.99,5.0,-299.8142,1,31.71,89988,25/03/15,27/03/15,Critical,Regular Air,3100,3100,Gladys Holloway,Consumer,United States,South,Florida,Oakland Park,33334,Accessory17,Technology,Telephones and Communication,Wrap Bag,0.82
1684,1077,683,0.04,3.08,0.99,13.8,19,60.01,86327,20/03/15,21/03/15,Critical,Regular Air,3105,3105,Lawrence Hester,Home Office,United States,South,Kentucky,Murray,42071,Avery 481,Office Supplies,Labels,Small Box,0.37
1684,1077,251,0.02,6.48,5.9,4.392,13,90.98,86327,20/03/15,21/03/15,Critical,Regular Air,3105,3105,Lawrence Hester,Home Office,United States,South,Kentucky,Murray,42071,Xerox 1976,Office Supplies,Paper,Small Box,0.37
1685,1077,881,0.04,125.99,4.2,-236.25,12,1270.7,86327,20/03/15,22/03/15,Critical,Regular Air,3105,3105,Lawrence Hester,Home Office,United States,South,Kentucky,Murray,42071,V3682,Technology,Telephones and Communication,Small Box,0.59
1686,1078,683,0.04,3.08,0.99,36.02,75,236.87,548,20/03/15,21/03/15,Critical,Regular Air,3106,3106,Alexander O'Brien,Home Office,United States,Central,Texas,Houston,77041,Avery 481,Office Supplies,Labels,Small Box,0.37
1686,1078,251,0.02,6.48,5.9,-50.64,53,370.91,548,20/03/15,21/03/15,Critical,Regular Air,3106,3106,Alexander O'Brien,Home Office,United States,Central,Texas,Houston,77041,Xerox 1976,Office Supplies,Paper,Small Box,0.37
1687,1078,881,0.04,125.99,4.2,510.489,47,4976.92,548,20/03/15,22/03/15,Critical,Regular Air,3106,3106,Alexander O'Brien,Home Office,United States,Central,Texas,Houston,77041,V3682,Technology,Telephones and Communication,Small Box,0.59
1688,1079,882,0.07,34.54,14.72,-20.18226,17,574.97,86860,17/05/15,18/05/15,Not Specified,Regular Air,3113,3113,Wayne English,Corporate,United States,South,Louisiana,New Iberia,70560,GBC Recycled Grain Textured Covers,Office Supplies,Binders and Binder Accessories,Small Box,0.37
1689,1079,861,0.02,12.28,6.47,-156.9722,9,115.22,86860,17/05/15,17/05/15,Not Specified,Regular Air,3113,3113,Wayne English,Corporate,United States,South,Louisiana,New Iberia,70560,Xerox 1881,Office Supplies,Paper,Small Box,0.38
1690,1079,883,0.06,34.58,8.99,384.5043,13,456.58,86860,17/05/15,19/05/15,Not Specified,Express Air,3113,3113,Wayne English,Corporate,United States,South,Louisiana,New Iberia,70560,Panasonic KP-350BK Electric Pencil Sharpener with Auto Stop,Office Supplies,Pens & Art Supplies,Small Pack,0.56
1691,1080,357,0.08,349.45,60.0,513.084,11,3772.19,86432,30/06/15,2/07/15,Critical,Delivery Truck,3119,3119,Jay Hubbard,Corporate,United States,South,Florida,Orlando,32839,"SAFCO PlanMaster Heigh-Adjustable Drafting Table Base, 43w x 30d x 30-37h, Black",Furniture,Tables,Jumbo Drum,
1692,1081,884,0.08,315.98,19.99,44.52,9,2642.48,90160,14/06/15,14/06/15,Not Specified,Regular Air,3120,3120,Daniel Christian,Home Office,United States,South,Louisiana,New Orleans,70117,GBC ProClick™ 150 Presentation Binding System,Office Supplies,Binders and Binder Accessories,Small Box,0.38
1693,1082,228,0.02,7.1,6.05,-48.875,8,61.5,87287,7/01/15,9/01/15,Low,Regular Air,3123,3123,Jamie Manning,Home Office,United States,Central,Illinois,Melrose Park,60160,"Wilson Jones Hanging View Binder, White, 1""",Office Supplies,Binders and Binder Accessories,Small Box,0.39
1694,1083,472,0.05,120.98,9.07,881.0472,11,1276.88,87286,30/05/15,31/05/15,Not Specified,Regular Air,3124,3124,Neil Barbee,Home Office,United States,Central,Illinois,Moline,61265,GBC VeloBinder Electric Binding Machine,Office Supplies,Binders and Binder Accessories,Small Box,0.35
1695,1084,885,0.08,120.97,26.3,-233.840688,2,233.58,87285,5/01/15,7/01/15,High,Delivery Truck,3125,3125,Guy McDonald,Home Office,United States,Central,Illinois,Mount Prospect,60056,Canon S750 Color Inkjet Printer,Technology,Office Machines,Jumbo Drum,0.38
1696,1085,490,0.08,3.69,2.5,-139.076,9,31.98,89810,25/06/15,30/06/15,Low,Regular Air,3128,3128,Cathy Burgess,Small Business,United States,South,Louisiana,Shreveport,71109,Colored Envelopes,Office Supplies,Envelopes,Small Box,0.39
1697,1086,69,0.1,180.98,26.2,-64.664,3,519.42,86790,22/06/15,23/06/15,High,Delivery Truck,3132,3132,Anita Kang,Corporate,United States,Central,Illinois,Mundelein,60060,Global Ergonomic Managers Chair,Furniture,Chairs & Chairmats,Jumbo Drum,0.59
1698,1086,886,0.04,62.05,3.99,1644.0768,40,2382.72,86794,17/05/15,18/05/15,Medium,Regular Air,3132,3132,Anita Kang,Corporate,United States,Central,Illinois,Mundelein,60060,"Acco Smartsocket™ Table Surge Protector, 6 Color-Coded Adapter Outlets",Office Supplies,Appliances,Small Box,0.55
1699,1087,105,0.1,5.81,8.49,-350.4395,12,64.96,86789,16/01/15,17/01/15,Medium,Regular Air,3133,3133,Kristine Singleton,Corporate,United States,Central,Illinois,Naperville,60540,Fellowes Black Plastic Comb Bindings,Office Supplies,Binders and Binder Accessories,Small Box,0.39
1699,1087,887,0.03,1.81,0.75,4.2028,10,19.14,86789,16/01/15,17/01/15,Medium,Regular Air,3133,3133,Kristine Singleton,Corporate,United States,Central,Illinois,Naperville,60540,Assorted Color Push Pins,Office Supplies,Rubber Bands,Wrap Bag,0.52
1700,1087,98,0.08,5.4,7.78,-44.068,4,25.35,86792,4/03/15,4/03/15,Critical,Regular Air,3133,3133,Kristine Singleton,Corporate,United States,Central,Illinois,Naperville,60540,3M Organizer Strips,Office Supplies,Binders and Binder Accessories,Small Box,0.37
1701,1087,888,0.09,8.46,8.99,-100.51,5,45.03,86792,4/03/15,7/03/15,Critical,Express Air,3133,3133,Kristine Singleton,Corporate,United States,Central,Illinois,Naperville,60540,"Imation 3.5 IBM Diskettes, 10/Box",Technology,Computer Peripherals,Small Pack,0.79
1702,1087,838,0.21,14.98,8.99,-17.75,10,153.87,86792,4/03/15,5/03/15,Critical,Regular Air,3133,3133,Kristine Singleton,Corporate,United States,Central,Illinois,Naperville,60540,"GE 4 Foot Flourescent Tube, 40 Watt",Furniture,Office Furnishings,Small Pack,0.39
1702,1087,889,0.04,155.99,8.08,1374.948,22,2800.33,86792,4/03/15,5/03/15,Critical,Regular Air,3133,3133,Kristine Singleton,Corporate,United States,Central,Illinois,Naperville,60540,300 Series Non-Flip,Technology,Telephones and Communication,Small Box,0.6
1703,1088,435,0.03,150.89,60.2,-677.872,23,3596.03,86791,22/02/15,22/02/15,Critical,Delivery Truck,3136,3136,Lee Hancock,Consumer,United States,East,Maine,Sanford,4073,"Global Leather & Oak Executive Chair, Burgundy",Furniture,Chairs & Chairmats,Jumbo Drum,0.77
1704,1089,843,0.09,304.99,19.99,1623.9495,8,2353.55,86795,8/06/15,9/06/15,Not Specified,Regular Air,3137,3137,Alison Sharp,Corporate,United States,East,New Hampshire,Laconia,3246,Ibico Hi-Tech Manual Binding System,Office Supplies,Binders and Binder Accessories,Small Box,0.4
1705,1090,327,0.05,4.06,6.89,-122.835,22,92.57,86796,19/06/15,21/06/15,Not Specified,Express Air,3138,3138,Herbert Donnelly Swanson,Corporate,United States,East,New Hampshire,Londonderry,3053,Eureka Disposable Bags for Sanitaire® Vibra Groomer I® Upright Vac,Office Supplies,Appliances,Small Box,0.6
1706,1091,235,0.09,280.98,57.0,252.488,31,7974.21,86793,2/05/15,5/05/15,Critical,Delivery Truck,3139,3139,David Powell,Home Office,United States,East,New Jersey,Cranford,7016,Hon 2090 “Pillow Soft” Series Mid Back Swivel/Tilt Chairs,Furniture,Chairs & Chairmats,Jumbo Drum,0.78
1707,1092,602,0.09,6.84,8.37,-88.585,13,87.1,86369,1/06/15,8/06/15,Low,Regular Air,3141,3141,Jerome McIntosh,Consumer,United States,Central,Texas,Pasadena,77506,"Acme Design Line 8"" Stainless Steel Bent Scissors w/Champagne Handles, 3-1/8"" Cut",Office Supplies,"Scissors, Rulers and Trimmers",Small Pack,0.58
1708,1092,600,0.07,48.91,35.0,-485.68,15,736.86,86369,1/06/15,3/06/15,Low,Express Air,3141,3141,Jerome McIntosh,Consumer,United States,Central,Texas,Pasadena,77506,Tennsco Industrial Shelving,Office Supplies,Storage & Organization,Large Box,0.83
1709,1093,890,0.02,15.42,5.41,-16.37,2,33.84,86368,24/03/15,25/03/15,Medium,Regular Air,3143,3143,Neil Song,Consumer,United States,Central,Texas,Pflugerville,78660,Decoflex Hanging Personal Folder File,Office Supplies,Storage & Organization,Small Box,0.59
1710,1094,199,0.03,3.36,6.27,-94.2586,4,14.9,85850,4/01/15,5/01/15,Critical,Regular Air,3146,3146,Maureen Stout,Corporate,United States,Central,Texas,Pharr,78577,Cardinal Poly Pocket Divider Pockets for Ring Binders,Office Supplies,Binders and Binder Accessories,Small Box,0.4
1711,1094,891,0.07,3.71,1.93,6.3308,11,39.64,85850,4/01/15,6/01/15,Critical,Express Air,3146,3146,Maureen Stout,Corporate,United States,Central,Texas,Pharr,78577,"""While you Were Out"" Message Book, One Form per Page",Office Supplies,Paper,Wrap Bag,0.35
1712,1095,173,0.06,19.99,11.17,-66.8236,7,139.49,89716,14/01/15,14/01/15,Medium,Regular Air,3148,3148,Leroy Field,Corporate,United States,West,Idaho,Post Falls,83854,Telescoping Adjustable Floor Lamp,Furniture,Office Furnishings,Large Box,0.6
1713,1096,892,0.06,320.98,58.95,971.622,6,1952.43,89716,14/01/15,16/01/15,Medium,Delivery Truck,3149,3149,Harriet Moore,Corporate,United States,West,Idaho,Rexburg,83440,Hon 4070 Series Pagoda™ Round Back Stacking Chairs,Furniture,Chairs & Chairmats,Jumbo Drum,0.57
1714,1097,893,0.01,145.98,46.2,-134.512,9,1370.79,88543,3/06/15,3/06/15,Not Specified,Delivery Truck,3151,3151,Glenda Hunter,Corporate,United States,West,California,Twentynine Palms,92277,Bevis Rectangular Conference Tables,Furniture,Tables,Jumbo Box,0.69
1715,1097,26,0.01,3502.14,8.73,-4075.933992,1,3501.79,88544,4/02/15,5/02/15,Critical,Delivery Truck,3151,3151,Glenda Hunter,Corporate,United States,West,California,Twentynine Palms,92277,Okidata Pacemark 4410N Wide Format Dot Matrix Printer,Technology,Office Machines,Jumbo Box,0.57
1716,1097,732,0.06,15.73,7.42,-18.5588,4,63.04,88544,4/02/15,5/02/15,Critical,Regular Air,3151,3151,Glenda Hunter,Corporate,United States,West,California,Twentynine Palms,92277,Acme Galleria® Hot Forged Steel Scissors with Colored Handles,Office Supplies,"Scissors, Rulers and Trimmers",Small Pack,0.56
1717,1097,582,0.05,25.99,5.37,220.3572,18,451.35,88545,16/02/15,18/02/15,Not Specified,Express Air,3151,3151,Glenda Hunter,Corporate,United States,West,California,Twentynine Palms,92277,"BOSTON® Ranger® #55 Pencil Sharpener, Black",Office Supplies,Pens & Art Supplies,Small Box,0.56
1718,1098,894,0.04,17.24,3.26,47.73,7,119.6,88546,28/02/15,28/02/15,Medium,Regular Air,3151,3151,Glenda Hunter,Home Office,United States,West,California,Twentynine Palms,92277,"Fiskars 8"" Scissors, 2/Pack",Office Supplies,"Scissors, Rulers and Trimmers",Small Pack,0.56
1719,1097,371,0.02,5.98,1.49,28.526,10,59.9,88547,11/03/15,12/03/15,Medium,Regular Air,3151,3151,Glenda Hunter,Corporate,United States,West,California,Twentynine Palms,92277,Avery Hanging File Binders,Office Supplies,Binders and Binder Accessories,Small Box,0.39
1720,1097,154,0.01,99.23,8.99,-87.46,1,99.22,88548,29/03/15,2/04/15,High,Regular Air,3151,3151,Glenda Hunter,Corporate,United States,West,California,Twentynine Palms,92277,"GE 48"" Fluorescent Tube, Cool White Energy Saver, 34 Watts, 30/Box",Furniture,Office Furnishings,Small Pack,0.35
1721,1099,217,0.08,150.98,13.99,-3.948,8,1183.82,86899,26/01/15,27/01/15,High,Express Air,3154,3154,Faye Manning,Corporate,United States,South,Florida,Saint Petersburg,33710,Canon MP41DH Printing Calculator,Technology,Office Machines,Medium Box,0.38
1722,1100,556,0.03,17.7,9.47,28.1826,11,201.77,86900,28/05/15,30/05/15,Critical,Regular Air,3154,3154,Faye Manning,Consumer,United States,South,Florida,Saint Petersburg,33710,Portfile® Personal File Boxes,Office Supplies,Storage & Organization,Small Box,0.59
1723,1099,741,0.04,21.38,8.99,-51.66,21,443.66,86901,30/03/15,30/03/15,Critical,Regular Air,3154,3154,Faye Manning,Corporate,United States,South,Florida,Saint Petersburg,33710,Boston 1730 StandUp Electric Pencil Sharpener,Office Supplies,Pens & Art Supplies,Small Pack,0.59
1724,1101,895,0.02,60.22,3.5,-193.914,9,541.76,86898,20/01/15,21/01/15,Critical,Regular Air,3155,3155,Julian Keith Mayer,Corporate,United States,South,Florida,Sanford,32771,"Fellowes Smart Surge Ten-Outlet Protector, Platinum",Office Supplies,Appliances,Small Box,0.57
1725,1101,362,0.03,25.98,14.36,57.546,4,107.66,86899,26/01/15,27/01/15,High,Delivery Truck,3155,3155,Julian Keith Mayer,Corporate,United States,South,Florida,Sanford,32771,"Global Stack Chair without Arms, Black",Furniture,Chairs & Chairmats,Jumbo Drum,0.6
1726,1101,234,0.1,32.48,35.0,-333.4254,10,318.83,86899,26/01/15,27/01/15,High,Regular Air,3155,3155,Julian Keith Mayer,Corporate,United States,South,Florida,Sanford,32771,Fellowes Neat Ideas® Storage Cubes,Office Supplies,Storage & Organization,Large Box,0.81
1727,1102,896,0.05,159.99,5.5,12.264,23,3600.65,86902,19/04/15,21/04/15,Critical,Regular Air,3155,3155,Julian Keith Mayer,Consumer,United States,South,Florida,Sanford,32771,Gyration RF Keyboard,Technology,Computer Peripherals,Small Box,0.49
1728,1103,235,0.07,280.98,57.0,-283.9914,14,3936.61,86491,19/06/15,20/06/15,Not Specified,Delivery Truck,3167,3167,Ray Silverman,Corporate,United States,South,Florida,Ponte Vedra Beach,32004,Hon 2090 “Pillow Soft” Series Mid Back Swivel/Tilt Chairs,Furniture,Chairs & Chairmats,Jumbo Drum,0.78
1729,1103,131,0.0,4.98,7.44,-195.342,15,78.31,86491,19/06/15,21/06/15,Not Specified,Regular Air,3167,3167,Ray Silverman,Corporate,United States,South,Florida,Ponte Vedra Beach,32004,Xerox 1922,Office Supplies,Paper,Small Box,0.36
1729,1103,506,0.1,3.98,0.83,-89.7092,11,42.46,86491,19/06/15,21/06/15,Not Specified,Regular Air,3167,3167,Ray Silverman,Corporate,United States,South,Florida,Ponte Vedra Beach,32004,Fluorescent Highlighters by Dixon,Office Supplies,Pens & Art Supplies,Wrap Bag,0.51
1730,1104,307,0.08,7.28,11.15,-44.415,1,14.66,86490,13/04/15,14/04/15,Critical,Express Air,3169,3169,Janice Boswell,Small Business,United States,South,Florida,Port Orange,32127,"Array® Parchment Paper, Assorted Colors",Office Supplies,Paper,Small Box,0.37
1731,1105,897,0.1,7.28,5.47,167.334,12,83.14,86489,13/02/15,13/02/15,Medium,Regular Air,3170,3170,Lawrence Haas,Corporate,United States,South,Florida,Port Saint Lucie,34952,Southworth Structures Collection™,Office Supplies,Paper,Small Box,0.35
1732,1106,898,0.06,10.97,6.5,65.598,19,215.25,90820,4/05/15,6/05/15,High,Regular Air,3176,3176,Jackie McCullough,Consumer,United States,South,Florida,Jacksonville,32216,Micro Innovations 104 Keyboard,Technology,Computer Peripherals,Small Box,0.64
1733,1106,377,0.02,58.14,36.61,0.258,22,1358.02,90821,25/06/15,1/07/15,Low,Delivery Truck,3176,3176,Jackie McCullough,Consumer,United States,South,Florida,Jacksonville,32216,O'Sullivan 3-Shelf Heavy-Duty Bookcases,Furniture,Bookcases,Jumbo Box,0.61
1734,1106,254,0.03,15.57,1.39,63.222,22,358.84,90821,25/06/15,1/07/15,Low,Regular Air,3176,3176,Jackie McCullough,Consumer,United States,South,Florida,Jacksonville,32216,Park Ridge™ Embossed Executive Business Envelopes,Office Supplies,Envelopes,Small Box,0.38
1735,1107,502,0.1,62.18,10.84,-29.666,9,511.57,90818,14/03/15,16/03/15,Not Specified,Regular Air,3177,3177,Laurie Petty,Consumer,United States,South,Florida,Jupiter,33458,Deflect-o Glass Clear Studded Chair Mats,Furniture,Office Furnishings,Medium Box,0.63
1736,1107,824,0.06,1.68,1.0,-1319.5,5,8.65,90819,31/03/15,2/04/15,Critical,Regular Air,3177,3177,Laurie Petty,Consumer,United States,South,Florida,Jupiter,33458,Prang Dustless Chalk Sticks,Office Supplies,Pens & Art Supplies,Wrap Bag,0.35
1737,1108,866,0.07,35.44,7.5,262.2,11,380.0,86989,12/06/15,19/06/15,Low,Regular Air,3179,3179,Marie Pittman,Corporate,United States,Central,Minnesota,Owatonna,55060,Xerox 1906,Office Supplies,Paper,Small Box,0.38
1738,1109,381,0.08,170.98,35.89,-119.812,1,199.48,89025,2/03/15,4/03/15,High,Delivery Truck,3187,3187,Sidney Gilliam,Small Business,United States,South,Florida,Riverview,33569,"Rush Hierlooms Collection 1"" Thick Stackable Bookcases",Furniture,Bookcases,Jumbo Box,0.66
1739,1110,161,0.01,20.99,4.81,-9.108,5,93.81,86447,18/03/15,18/03/15,Critical,Regular Air,3191,3191,Jenny Hawkins,Corporate,United States,Central,Wisconsin,Stevens Point,54481,1726 Digital Answering Machine,Technology,Telephones and Communication,Medium Box,0.58
1740,1110,9,0.09,35.94,6.66,172.5644,9,312.22,86448,10/04/15,12/04/15,High,Regular Air,3191,3191,Jenny Hawkins,Corporate,United States,Central,Wisconsin,Stevens Point,54481,"Tyvek ® Top-Opening Peel & Seel ® Envelopes, Gray",Office Supplies,Envelopes,Small Box,0.4
1741,1111,899,0.1,4.98,7.54,45.078,9,43.84,89805,10/03/15,11/03/15,Medium,Regular Air,3194,3194,Angela Rose,Consumer,United States,South,Florida,Spring Hill,34609,Xerox 1961,Office Supplies,Paper,Small Box,0.38
1742,1111,641,0.0,22.84,8.18,-110.376,6,141.74,89805,10/03/15,12/03/15,Medium,Regular Air,3194,3194,Angela Rose,Consumer,United States,South,Florida,Spring Hill,34609,Xerox 1991,Office Supplies,Paper,Small Box,0.39
1743,1112,476,0.03,200.97,15.59,1951.3,43,8717.75,24294,2/02/15,3/02/15,Not Specified,Delivery Truck,3196,3196,Rick Foster Hawkins,Home Office,United States,West,California,San Francisco,94109,Hewlett-Packard Deskjet 6122 Color Inkjet Printer,Technology,Office Machines,Jumbo Drum,0.36
1744,1113,476,0.03,200.97,15.59,1538.7828,11,2230.12,90850,2/02/15,3/02/15,Not Specified,Delivery Truck,3197,3197,Wallace Pugh,Home Office,United States,Central,Illinois,Northbrook,60062,Hewlett-Packard Deskjet 6122 Color Inkjet Printer,Technology,Office Machines,Jumbo Drum,0.36
1745,1114,636,0.07,5.98,0.96,32.83,10,56.4,87933,30/03/15,3/04/15,Low,Regular Air,3205,3205,Alvin Mullins,Consumer,United States,West,Idaho,Rexburg,83440,Newell 315,Office Supplies,Pens & Art Supplies,Wrap Bag,0.6
1746,1115,75,0.01,39.98,4.0,51.59,6,257.52,87933,30/03/15,4/04/15,Low,Regular Air,3206,3206,Dana Rankin,Consumer,United States,West,Idaho,Twin Falls,83301,Microsoft Natural Keyboard Elite,Technology,Computer Peripherals,Small Box,0.7
1747,1115,535,0.06,218.08,18.06,969.42,7,1488.51,87934,21/05/15,23/05/15,Not Specified,Express Air,3206,3206,Dana Rankin,Consumer,United States,West,Idaho,Twin Falls,83301,"Lifetime Advantage™ Folding Chairs, 4/Carton",Furniture,Chairs & Chairmats,Large Box,0.57
1748,1115,874,0.05,35.44,5.09,553.3317,23,801.93,87935,28/05/15,29/05/15,Not Specified,Regular Air,3206,3206,Dana Rankin,Consumer,United States,West,Idaho,Twin Falls,83301,Xerox 1932,Office Supplies,Paper,Small Box,0.38
1749,1116,140,0.03,4.98,4.62,-30.45,8,44.24,90739,28/06/15,29/06/15,Critical,Express Air,3209,3209,Elsie Floyd,Corporate,United States,West,California,Beverly Hills,90210,"Imation 3.5"", DISKETTE 44766 HGHLD3.52HD/FM, 10/Pack",Technology,Computer Peripherals,Small Pack,0.64
1750,1117,390,0.1,7.31,0.49,55.0206,12,79.74,91522,15/02/15,16/02/15,High,Regular Air,3211,3211,Jonathan Crabtree,Corporate,United States,Central,Illinois,Addison,60101,Self-Adhesive Address Labels for Typewriters by Universal,Office Supplies,Labels,Small Box,0.38
1750,1117,429,0.1,20.99,2.5,-43.65504,23,392.45,91522,15/02/15,16/02/15,High,Regular Air,3211,3211,Jonathan Crabtree,Corporate,United States,Central,Illinois,Addison,60101,Accessory37,Technology,Telephones and Communication,Wrap Bag,0.81
1751,1118,694,0.03,6.68,1.5,-577.304,7,48.32,90815,12/04/15,13/04/15,Not Specified,Regular Air,3221,3221,Sean Pugh,Corporate,United States,South,Florida,Sunrise,33322,Sanford Liquid Accent Highlighters,Office Supplies,Pens & Art Supplies,Wrap Bag,0.48
1752,1119,247,0.04,39.48,1.99,-1535.4864,8,332.16,90814,19/03/15,19/03/15,High,Express Air,3222,3222,Diane Lu,Corporate,United States,South,Florida,Tallahassee,32303,"80 Minute CD-R Spindle, 100/Pack - Staples",Technology,Computer Peripherals,Small Pack,0.54
1753,1119,294,0.0,8.12,2.83,-159.32,17,147.62,90814,19/03/15,20/03/15,High,Regular Air,3222,3222,Diane Lu,Corporate,United States,South,Florida,Tallahassee,32303,"Imation Neon Mac Format Diskettes, 10/Pack",Technology,Computer Peripherals,Small Pack,0.77
1754,1120,900,0.06,60.98,30.0,-74.088,2,125.9,86508,1/04/15,2/04/15,Critical,Delivery Truck,3224,3224,Claudia White,Small Business,United States,South,Tennessee,Gallatin,37066,Novimex Fabric Task Chair,Furniture,Chairs & Chairmats,Jumbo Drum,0.7
1755,1121,901,0.1,208.16,68.02,-137.522,4,768.81,86507,14/01/15,14/01/15,Not Specified,Delivery Truck,3225,3225,Robyn Crawford,Small Business,United States,South,Tennessee,Germantown,38138,"1.7 Cubic Foot Compact ""Cube"" Office Refrigerators",Office Supplies,Appliances,Jumbo Drum,0.58
1756,1122,640,0.07,90.48,19.99,-11.816,2,183.39,86507,14/01/15,15/01/15,Not Specified,Regular Air,3226,3226,Arthur Gold,Small Business,United States,South,Tennessee,Hendersonville,37075,Tyvek® Side-Opening Peel & Seel® Expanding Envelopes,Office Supplies,Envelopes,Small Box,0.4
1757,1122,3,0.01,9.48,7.29,238.9338,1,12.9,86507,14/01/15,16/01/15,Not Specified,Express Air,3226,3226,Arthur Gold,Small Business,United States,South,Tennessee,Hendersonville,37075,"DAX Two-Tone Rosewood/Black Document Frame, Desktop, 5 x 7",Furniture,Office Furnishings,Small Pack,0.45
1756,1122,584,0.02,4.28,0.94,-105.126,4,17.89,86507,14/01/15,15/01/15,Not Specified,Regular Air,3226,3226,Arthur Gold,Small Business,United States,South,Tennessee,Hendersonville,37075,Newell 336,Office Supplies,Pens & Art Supplies,Wrap Bag,0.56
1758,1122,902,0.06,22.24,1.99,95.388,12,255.88,86509,28/06/15,30/06/15,Medium,Regular Air,3226,3226,Arthur Gold,Small Business,United States,South,Tennessee,Hendersonville,37075,"Verbatim DVD-R, 3.95GB, SR, Mitsubishi Branded, Jewel",Technology,Computer Peripherals,Small Pack,0.43
1759,1123,903,0.01,24.95,2.99,261.3858,15,378.82,87435,21/01/15,22/01/15,Not Specified,Regular Air,3229,3229,Sharon Kessler,Small Business,United States,Central,Wisconsin,Superior,54880,Large Capacity Hanging Post Binders,Office Supplies,Binders and Binder Accessories,Small Box,0.39
1760,1124,904,0.0,15.98,8.99,-135.46,9,152.18,87435,21/01/15,23/01/15,Not Specified,Regular Air,3230,3230,Monica Stuart,Small Business,United States,Central,Wisconsin,Waukesha,53186,"Imation 3.5"" DS/HD IBM Formatted Diskettes, 50/Pack",Technology,Computer Peripherals,Small Pack,0.64
1761,1124,503,0.06,4.91,5.68,-31.68825,10,53.89,87436,13/06/15,13/06/15,Critical,Express Air,3230,3230,Monica Stuart,Small Business,United States,Central,Wisconsin,Waukesha,53186,"Acco Pressboard Covers with Storage Hooks, 14 7/8"" x 11"", Light Blue",Office Supplies,Binders and Binder Accessories,Small Box,0.36
1762,1124,905,0.07,48.94,5.86,690.7038,21,1001.02,87436,13/06/15,14/06/15,Critical,Express Air,3230,3230,Monica Stuart,Small Business,United States,Central,Wisconsin,Waukesha,53186,Xerox 1916,Office Supplies,Paper,Small Box,0.35
1763,1125,623,0.06,115.99,5.92,-13.068,5,495.82,89564,4/06/15,6/06/15,Low,Regular Air,3238,3238,Kathleen P Bloom,Corporate,United States,West,Oregon,Corvallis,97330,8890,Technology,Telephones and Communication,Small Box,0.58
1764,1126,906,0.0,7.28,3.52,-25.104,3,24.44,88329,10/06/15,10/06/15,High,Regular Air,3243,3243,Marlene Phillips,Small Business,United States,East,Connecticut,Bristol,6010,"Imation 3.5"" DS-HD Macintosh Formatted Diskettes, 10/Pack",Technology,Computer Peripherals,Small Pack,0.68
1765,1127,44,0.06,5.18,2.04,1.9504,4,21.86,88330,1/04/15,1/04/15,Low,Regular Air,3246,3246,Wanda Harris,Small Business,United States,East,New Hampshire,Hudson,3051,Array® Memo Cubes,Office Supplies,Paper,Wrap Bag,0.36
1766,1128,273,0.07,2.78,1.49,-340.5311,17,47.12,87297,7/05/15,8/05/15,High,Regular Air,3248,3248,Earl Donnelly,Small Business,United States,South,Louisiana,Slidell,70458,Wilson Jones Suede Grain Vinyl Binders,Office Supplies,Binders and Binder Accessories,Small Box,0.36
1767,1129,907,0.03,42.8,2.99,462.921,16,670.9,87298,23/05/15,24/05/15,High,Regular Air,3249,3249,Nicole Goldstein,Corporate,United States,East,Maryland,Annapolis,21403,"Wilson Jones Elliptical Ring 3 1/2"" Capacity Binders, 800 sheets",Office Supplies,Binders and Binder Accessories,Small Box,0.36
1768,1130,492,0.02,5.28,6.26,-131.16,76,412.72,39076,11/06/15,12/06/15,Critical,Regular Air,3251,3251,Peter Brooks,Corporate,United States,East,New York,New York City,10112,Xerox 1928,Office Supplies,Paper,Small Box,0.4
1769,1131,196,0.01,11.34,5.01,-11.83,1,14.52,87296,30/03/15,1/04/15,Critical,Regular Air,3252,3252,Milton Harrell,Small Business,United States,East,New York,Rotterdam,12306,Xerox 188,Office Supplies,Paper,Small Box,0.36
1770,1132,492,0.02,5.28,6.26,-65.58,19,103.18,87299,11/06/15,12/06/15,Critical,Regular Air,3252,3252,Milton Harrell,Corporate,United States,East,New York,Rotterdam,12306,Xerox 1928,Office Supplies,Paper,Small Box,0.4
1771,1133,368,0.06,47.98,3.61,596.808,2,97.96,90488,18/02/15,20/02/15,Critical,Regular Air,3255,3255,Maureen Whitley,Home Office,United States,South,Florida,Tamarac,33319,"DS/HD IBM Formatted Diskettes, 200/Pack - Staples",Technology,Computer Peripherals,Small Pack,0.71
1772,1134,357,0.01,349.45,60.0,3739.3929,15,5419.41,88825,26/05/15,27/05/15,Not Specified,Delivery Truck,3257,3257,Sharon Marcus,Consumer,United States,West,Washington,Longview,98632,"SAFCO PlanMaster Heigh-Adjustable Drafting Table Base, 43w x 30d x 30-37h, Black",Furniture,Tables,Jumbo Drum,
1773,1134,269,0.0,25.38,8.99,470.338,26,700.41,88826,13/05/15,15/05/15,Medium,Regular Air,3257,3257,Sharon Marcus,Consumer,United States,West,Washington,Longview,98632,"Executive Impressions 13"" Chairman Wall Clock",Furniture,Office Furnishings,Small Pack,0.5
1774,1135,908,0.02,55.94,6.55,401.85,11,646.88,88824,21/03/15,23/03/15,Not Specified,Regular Air,3258,3258,Gretchen Best Wilkins,Consumer,United States,West,Washington,Lynnwood,98037,"Fellowes Smart Design 104-Key Enhanced Keyboard, PS/2 Adapter, Platinum",Technology,Computer Peripherals,Small Box,0.68
1775,1136,840,0.07,105.34,24.49,710.6724,10,1029.96,90296,25/06/15,26/06/15,Not Specified,Express Air,3261,3261,Steven Long,Consumer,United States,Central,Michigan,Adrian,49221,Deflect-o DuraMat Antistatic Studded Beveled Mat for Medium Pile Carpeting,Furniture,Office Furnishings,Large Box,0.61
1776,1137,663,0.04,9.99,11.59,-92.32,5,52.09,89835,19/05/15,21/05/15,Medium,Regular Air,3264,3264,Becky Puckett,Corporate,United States,West,California,Eureka,95501,Hammermill Color Copier Paper (28Lb. and 96 Bright),Office Supplies,Paper,Small Box,0.4
1777,1138,37,0.0,122.99,70.2,-1764.29,14,1794.88,89836,28/01/15,29/01/15,Critical,Delivery Truck,3266,3266,Edgar Kumar,Corporate,United States,East,Maine,Sanford,4073,"Global High-Back Leather Tilter, Burgundy",Furniture,Chairs & Chairmats,Jumbo Drum,0.74
1778,1139,724,0.01,60.97,4.5,527.8776,12,765.04,89836,28/01/15,30/01/15,Critical,Express Air,3269,3269,Billie Stern,Corporate,United States,East,New Jersey,North Plainfield,7060,Tripp Lite Isotel 6 Outlet Surge Protector with Fax/Modem Protection,Office Supplies,Appliances,Small Box,0.56
1779,1140,816,0.02,13.48,4.51,34.52,9,127.12,86233,21/03/15,23/03/15,Low,Regular Air,3275,3275,Tamara Dickinson,Home Office,United States,West,Washington,Mount Vernon,98273,"Tenex Personal Project File with Scoop Front Design, Black",Office Supplies,Storage & Organization,Small Box,0.59
1780,1141,909,0.04,449.99,24.49,3576.8841,12,5183.89,86234,1/01/15,5/01/15,Low,Regular Air,3275,3275,Tamara Dickinson,Small Business,United States,West,Washington,Mount Vernon,98273,Canon PC940 Copier,Technology,Copiers and Fax,Large Box,0.52
1781,1141,471,0.01,5.84,1.2,20.38,6,36.09,86234,1/01/15,10/01/15,Low,Regular Air,3275,3275,Tamara Dickinson,Small Business,United States,West,Washington,Mount Vernon,98273,Newell 312,Office Supplies,Pens & Art Supplies,Wrap Bag,0.55
1782,1142,910,0.06,89.83,35.0,31.11,4,366.26,90766,6/04/15,8/04/15,High,Regular Air,3279,3279,Ricky Allred,Home Office,United States,South,South Carolina,Columbia,29203,Fellowes Officeware™ Wire Shelving,Office Supplies,Storage & Organization,Large Box,0.83
1782,1142,604,0.1,13.43,5.5,358.2954,12,157.99,90766,6/04/15,8/04/15,High,Regular Air,3279,3279,Ricky Allred,Home Office,United States,South,South Carolina,Columbia,29203,"Fellowes Personal Hanging Folder Files, Navy",Office Supplies,Storage & Organization,Small Box,0.57
1783,1142,444,0.01,125.99,7.69,8.322,11,1212.88,90766,6/04/15,6/04/15,High,Regular Air,3279,3279,Ricky Allred,Home Office,United States,South,South Carolina,Columbia,29203,Timeport L7089,Technology,Telephones and Communication,Small Box,0.58
1784,1142,404,0.01,45.99,4.99,24.018,3,125.19,90767,14/03/15,16/03/15,Medium,Regular Air,3279,3279,Ricky Allred,Home Office,United States,South,South Carolina,Columbia,29203,KF 788,Technology,Telephones and Communication,Small Box,0.56
1785,1143,453,0.05,363.25,19.99,-269.7555,5,1867.04,90752,21/04/15,21/04/15,Critical,Express Air,3283,3283,William Woodard,Corporate,United States,South,Florida,Kendall,33156,Hoover WindTunnel™ Plus Canister Vacuum,Office Supplies,Appliances,Small Box,0.57
1786,1143,122,0.03,17.48,1.99,710.8074,31,537.8,90753,10/05/15,11/05/15,High,Regular Air,3283,3283,William Woodard,Corporate,United States,South,Florida,Kendall,33156,"Maxell Pro 80 Minute CD-R, 10/Pack",Technology,Computer Peripherals,Small Pack,0.45
1787,1144,160,0.05,19.23,6.15,-2133.278,6,119.78,90751,20/02/15,22/02/15,High,Express Air,3284,3284,Michael Shaffer,Corporate,United States,South,Florida,Kissimmee,34741,"Executive Impressions 13"" Clairmont Wall Clock",Furniture,Office Furnishings,Small Pack,0.44
1788,1145,287,0.06,1.7,1.99,80.0712,7,12.15,90750,6/01/15,7/01/15,Not Specified,Regular Air,3285,3285,Ricky Garner,Consumer,United States,South,Virginia,Herndon,20170,BASF Silver 74 Minute CD-R,Technology,Computer Peripherals,Small Pack,0.51
1789,1145,911,0.01,30.98,5.09,896.406,9,288.42,90750,6/01/15,8/01/15,Not Specified,Regular Air,3285,3285,Ricky Garner,Consumer,United States,South,Virginia,Herndon,20170,Xerox 19,Office Supplies,Paper,Small Box,0.4
1790,1146,835,0.08,30.56,2.99,352.8798,17,511.42,89897,25/05/15,27/05/15,Low,Regular Air,3287,3287,Mary Norman,Small Business,United States,West,California,Granite Bay,95746,Surelock™ Post Binders,Office Supplies,Binders and Binder Accessories,Small Box,0.35
1791,1147,880,0.04,33.89,5.1,68.676,6,200.64,87795,7/01/15,12/01/15,Low,Regular Air,3303,3303,Carole Creech,Home Office,United States,South,Florida,Lake Worth,33461,"File Shuttle II and Handi-File, Black",Office Supplies,Storage & Organization,Small Box,0.6
1792,1148,730,0.06,11.33,6.12,-15.92,1,17.62,90461,1/04/15,3/04/15,Medium,Regular Air,3306,3306,Claire Warren,Small Business,United States,East,Connecticut,New London,6320,"Holmes Replacement Filter for HEPA Air Cleaner, Medium Room",Office Supplies,Appliances,Medium Box,0.42
1793,1149,912,0.07,16.74,7.04,-114.2,5,80.58,90462,26/01/15,2/02/15,Low,Regular Air,3307,3307,Edwin Blackburn,Small Business,United States,East,Massachusetts,Agawam,1001,Rogers® Profile Extra Capacity Storage Tub,Office Supplies,Storage & Organization,Small Box,0.81
1794,1150,913,0.1,6.64,54.95,-25.0,4,25.31,90460,24/03/15,26/03/15,Critical,Regular Air,3309,3309,Edwin Chung,Small Business,United States,East,Massachusetts,Natick,1760,G.E. Longer-Life Indoor Recessed Floodlight Bulbs,Furniture,Office Furnishings,Small Pack,0.37
1795,1151,640,0.05,90.48,19.99,255.1482,4,369.78,90460,24/03/15,25/03/15,Critical,Regular Air,3310,3310,Tiffany Grossman Hardin,Small Business,United States,East,Massachusetts,Sandwich,2563,Tyvek® Side-Opening Peel & Seel® Expanding Envelopes,Office Supplies,Envelopes,Small Box,0.4
1796,1152,871,0.06,6.45,1.34,39.4266,9,57.14,90462,26/01/15,31/01/15,Low,Regular Air,3311,3311,Jackie Flynn,Small Business,United States,East,Massachusetts,Winchester,1890,"Wirebound Four 2-3/4 x 5 Forms per Page, 400 Sets per Book",Office Supplies,Paper,Wrap Bag,0.36
1797,1153,37,0.05,122.99,70.2,-722.23,4,498.31,90462,26/01/15,30/01/15,Low,Delivery Truck,3314,3314,Billy Hale,Small Business,United States,East,New Jersey,Fort Lee,7024,"Global High-Back Leather Tilter, Burgundy",Furniture,Chairs & Chairmats,Jumbo Drum,0.74
1798,1154,550,0.03,20.98,1.49,30.024,20,431.43,90104,21/05/15,21/05/15,Low,Regular Air,3319,3319,Marlene Davidson,Small Business,United States,South,Tennessee,Hendersonville,37075,Avery Legal 4-Ring Binder,Office Supplies,Binders and Binder Accessories,Small Box,0.35
1799,1155,628,0.08,3.28,3.97,0.4266,18,57.24,90103,27/04/15,28/04/15,Not Specified,Regular Air,3320,3320,Alicia Maynard,Small Business,United States,South,Tennessee,Jackson,38301,Newell 342,Office Supplies,Pens & Art Supplies,Wrap Bag,0.56
1800,1155,798,0.09,40.97,8.99,66.216,22,824.7,90103,27/04/15,29/04/15,Not Specified,Express Air,3320,3320,Alicia Maynard,Small Business,United States,South,Tennessee,Jackson,38301,Sanford 52201 APSCO Electric Pencil Sharpener,Office Supplies,Pens & Art Supplies,Small Pack,0.59
1801,1156,827,0.05,6.48,8.19,-164.18,9,58.5,90985,12/02/15,15/02/15,Medium,Regular Air,3324,3324,Leslie Jacobson,Consumer,United States,West,Arizona,El Mirage,85335,Xerox 217,Office Supplies,Paper,Small Box,0.37
1802,1157,530,0.0,8.74,8.29,-79.4,14,131.62,90986,24/06/15,26/06/15,Low,Regular Air,3325,3325,Diane Barr,Consumer,United States,West,Oregon,Coos Bay,97420,"#10- 4 1/8"" x 9 1/2"" Recycled Envelopes",Office Supplies,Envelopes,Small Box,0.38
1803,1157,914,0.07,5.58,1.99,23.046,23,121.46,90987,24/04/15,26/04/15,Critical,Regular Air,3325,3325,Diane Barr,Consumer,United States,West,Oregon,Coos Bay,97420,DIXON Ticonderoga® Erasable Checking Pencils,Office Supplies,Pens & Art Supplies,Wrap Bag,0.46
1804,1158,915,0.06,113.98,30.0,-127.3,3,356.14,87272,6/03/15,8/03/15,Not Specified,Delivery Truck,3327,3327,Bob Gibson,Small Business,United States,Central,Michigan,Port Huron,48060,Hon Comfortask® Task/Swivel Chairs,Furniture,Chairs & Chairmats,Jumbo Drum,0.69
1805,1158,335,0.05,6.48,6.86,-52.77,4,27.08,87272,6/03/15,8/03/15,Not Specified,Regular Air,3327,3327,Bob Gibson,Small Business,United States,Central,Michigan,Port Huron,48060,Xerox 204,Office Supplies,Paper,Small Box,0.37
1806,1159,505,0.09,5.98,4.69,-781.1342,11,65.85,86283,5/01/15,6/01/15,Medium,Regular Air,3331,3331,Elisabeth Shaw,Corporate,United States,South,Florida,Ormond Beach,32174,"Perma STOR-ALL™ Hanging File Box, 13 1/8""W x 12 1/4""D x 10 1/2""H",Office Supplies,Storage & Organization,Small Box,0.68
1807,1159,56,0.02,4.0,1.3,-23.296,12,50.71,86284,9/01/15,9/01/15,Not Specified,Regular Air,3331,3331,Elisabeth Shaw,Corporate,United States,South,Florida,Ormond Beach,32174,EcoTones® Memo Sheets,Office Supplies,Paper,Wrap Bag,0.37
1808,1160,260,0.08,6.48,8.4,58.812,7,45.0,85979,7/05/15,7/05/15,High,Regular Air,3338,3338,Constance Robertson,Consumer,United States,South,Florida,Tampa,33614,Xerox 212,Office Supplies,Paper,Small Box,0.37
1809,1161,415,0.03,2.61,0.5,4.0443,7,19.02,85981,14/06/15,15/06/15,High,Regular Air,3339,3339,Lester Copeland,Consumer,United States,South,Florida,Titusville,32780,Avery 494,Office Supplies,Labels,Small Box,0.39
1809,1161,608,0.01,11.66,7.95,-10.3684,16,193.87,85981,14/06/15,15/06/15,High,Regular Air,3339,3339,Lester Copeland,Consumer,United States,South,Florida,Titusville,32780,"Hunt BOSTON® Vista® Battery-Operated Pencil Sharpener, Black",Office Supplies,Pens & Art Supplies,Small Pack,0.58
1810,1162,916,0.08,125.99,4.2,989.8119,14,1434.51,85980,13/01/15,14/01/15,Medium,Regular Air,3340,3340,Phillip Blum,Consumer,United States,West,Oregon,Troutdale,97060,i1000plus,Technology,Telephones and Communication,Small Box,0.57
1811,1163,425,0.03,194.3,11.54,2861.01,42,8549.04,21572,13/02/15,15/02/15,Critical,Regular Air,3342,3342,Paul Tate,Home Office,United States,East,District of Columbia,Washington,20006,Electrix Halogen Magnifier Lamp,Furniture,Office Furnishings,Large Box,0.59
1812,1164,425,0.03,194.3,11.54,1544.9307,11,2239.03,89928,13/02/15,15/02/15,Critical,Regular Air,3344,3344,Jim Hinson,Home Office,United States,Central,Michigan,Rochester Hills,48307,Electrix Halogen Magnifier Lamp,Furniture,Office Furnishings,Large Box,0.59
1813,1165,917,0.07,7.68,6.16,125.9982,1,22.13,89355,6/01/15,8/01/15,Medium,Express Air,3347,3347,Carrie McIntosh,Consumer,United States,South,Florida,Royal Palm Beach,33411,GBC VeloBinder Strips,Office Supplies,Binders and Binder Accessories,Small Box,0.35
1813,1165,913,0.05,6.64,4.95,-92.9292,5,34.17,89355,6/01/15,8/01/15,Medium,Express Air,3347,3347,Carrie McIntosh,Consumer,United States,South,Florida,Royal Palm Beach,33411,G.E. Longer-Life Indoor Recessed Floodlight Bulbs,Furniture,Office Furnishings,Small Pack,0.37
1814,1165,171,0.02,110.99,2.5,-39.809,1,94.3,89356,27/01/15,29/01/15,Medium,Regular Air,3347,3347,Carrie McIntosh,Consumer,United States,South,Florida,Royal Palm Beach,33411,T18,Technology,Telephones and Communication,Small Box,0.57
1815,1166,125,0.01,73.98,12.14,-29.0656,5,384.22,91296,23/01/15,25/01/15,Medium,Regular Air,3350,3350,Amy York,Small Business,United States,West,Washington,Parkland,98444,Keytronic 105-Key Spanish Keyboard,Technology,Computer Peripherals,Small Box,0.67
1816,1167,77,0.1,10.89,4.5,-19.2972,17,178.68,91297,4/02/15,6/02/15,Critical,Regular Air,3351,3351,Nathan Wyatt,Small Business,United States,West,Washington,Pasco,99301,Belkin 6 Outlet Metallic Surge Strip,Office Supplies,Appliances,Small Box,0.59
1817,1167,391,0.06,6.7,1.56,40.6556,12,79.39,91298,7/02/15,9/02/15,High,Express Air,3351,3351,Nathan Wyatt,Small Business,United States,West,Washington,Pasco,99301,Turquoise Lead Holder with Pocket Clip,Office Supplies,Pens & Art Supplies,Wrap Bag,0.52
1818,1168,108,0.03,28.53,1.49,137.6757,7,199.53,88589,16/05/15,17/05/15,High,Regular Air,3354,3354,Sara Faulkner,Corporate,United States,West,California,Calexico,92231,Lock-Up Easel 'Spel-Binder',Office Supplies,Binders and Binder Accessories,Small Box,0.38
1819,1168,918,0.07,5.98,7.15,-62.0,6,37.05,88589,16/05/15,18/05/15,High,Regular Air,3354,3354,Sara Faulkner,Corporate,United States,West,California,Calexico,92231,Universal Premium White Copier/Laser Paper (20Lb. and 87 Bright),Office Supplies,Paper,Small Box,0.36
1820,1168,547,0.04,3.69,0.5,47.5272,19,68.88,88590,27/03/15,29/03/15,Not Specified,Regular Air,3354,3354,Sara Faulkner,Corporate,United States,West,California,Calexico,92231,Avery 487,Office Supplies,Labels,Small Box,0.38
1821,1169,472,0.1,120.98,9.07,379.3965,5,549.85,88587,28/02/15,9/03/15,Low,Regular Air,3355,3355,Glenda Simon,Corporate,United States,West,California,Camarillo,93010,GBC VeloBinder Electric Binding Machine,Office Supplies,Binders and Binder Accessories,Small Box,0.35
1822,1169,208,0.08,8.32,2.38,-41.83,6,48.99,88587,28/02/15,4/03/15,Low,Express Air,3355,3355,Glenda Simon,Corporate,United States,West,California,Camarillo,93010,"Imation 3.5 IBM Formatted Diskettes, 10/Box",Technology,Computer Peripherals,Small Pack,0.74
1823,1169,881,0.1,125.99,4.2,372.402,7,681.42,88587,28/02/15,28/02/15,Low,Regular Air,3355,3355,Glenda Simon,Corporate,United States,West,California,Camarillo,93010,V3682,Technology,Telephones and Communication,Small Box,0.59
1824,1170,167,0.07,5.34,5.63,-116.3455,13,66.65,88588,4/05/15,6/05/15,Medium,Regular Air,3356,3356,Richard Tan,Corporate,United States,West,Idaho,Eagle,83616,"Pressboard Data Binder, Crimson, 12"" X 8 1/2""",Office Supplies,Binders and Binder Accessories,Small Box,0.39
1825,1170,49,0.03,160.98,30.0,1304.9,18,2934.16,88588,4/05/15,5/05/15,Medium,Delivery Truck,3356,3356,Richard Tan,Corporate,United States,West,Idaho,Eagle,83616,Office Star - Mid Back Dual function Ergonomic High Back Chair with 2-Way Adjustable Arms,Furniture,Chairs & Chairmats,Jumbo Drum,0.62
1826,1170,919,0.04,65.99,5.63,605.0472,15,876.88,88588,4/05/15,4/05/15,Medium,Express Air,3356,3356,Richard Tan,Corporate,United States,West,Idaho,Eagle,83616,2190,Technology,Telephones and Communication,Small Box,0.56
1827,1171,108,0.09,28.53,1.49,107.45462,6,157.33,91437,28/04/15,30/04/15,High,Regular Air,3359,3359,Jeffrey Cheng,Home Office,United States,Central,Wisconsin,Wauwatosa,53213,Lock-Up Easel 'Spel-Binder',Office Supplies,Binders and Binder Accessories,Small Box,0.38
1828,1172,454,0.02,9.11,2.15,18.41,3,27.37,91435,20/03/15,22/03/15,Not Specified,Regular Air,3360,3360,Daniel Huff,Home Office,United States,Central,Wisconsin,West Allis,53214,"Black Print Carbonless Snap-Off® Rapid Letter, 8 1/2"" x 7""",Office Supplies,Paper,Wrap Bag,0.4
1829,1173,216,0.06,12.64,4.98,65.63,8,98.16,91435,20/03/15,22/03/15,Not Specified,Regular Air,3361,3361,Oscar Kenney,Home Office,United States,Central,Wisconsin,West Bend,53095,Nu-Dell Executive Frame,Furniture,Office Furnishings,Small Pack,0.48
1830,1173,463,0.04,7.96,4.95,-7.73,15,116.11,91436,26/01/15,26/01/15,Medium,Regular Air,3361,3361,Oscar Kenney,Home Office,United States,Central,Wisconsin,West Bend,53095,Staples Plastic Wall Frames,Furniture,Office Furnishings,Small Box,0.41
1831,1173,814,0.03,4.98,4.95,-47.99525,19,95.0,91438,9/06/15,11/06/15,Medium,Regular Air,3361,3361,Oscar Kenney,Home Office,United States,Central,Wisconsin,West Bend,53095,Cardinal Holdit Business Card Pockets,Office Supplies,Binders and Binder Accessories,Small Box,0.37
1832,1174,699,0.1,80.97,33.6,66.22,11,837.57,90501,24/05/15,29/05/15,Low,Delivery Truck,3366,3366,Dana Boyle,Home Office,United States,East,Ohio,Troy,45373,Lexmark Z25 Color Inkjet Printer,Technology,Office Machines,Jumbo Drum,0.37
1833,1174,358,0.02,6.48,5.11,-23.53,8,56.22,90501,24/05/15,28/05/15,Low,Regular Air,3366,3366,Dana Boyle,Home Office,United States,East,Ohio,Troy,45373,Xerox 231,Office Supplies,Paper,Small Box,0.37
1834,1175,858,0.08,30.97,4.0,10.68,26,758.97,90502,2/05/15,3/05/15,Critical,Regular Air,3367,3367,Renee McKenzie,Home Office,United States,East,Ohio,Upper Arlington,43221,Microsoft Multimedia Keyboard,Technology,Computer Peripherals,Small Box,0.74
1835,1175,920,0.1,4.13,0.5,58.2636,18,84.44,90502,2/05/15,4/05/15,Critical,Express Air,3367,3367,Renee McKenzie,Home Office,United States,East,Ohio,Upper Arlington,43221,Avery 506,Office Supplies,Labels,Small Box,0.39
1836,1176,228,0.06,7.1,6.05,-42.1705,4,29.99,90500,12/02/15,13/02/15,Medium,Regular Air,3369,3369,Stacy Byrne,Home Office,United States,East,Ohio,Westerville,43081,"Wilson Jones Hanging View Binder, White, 1""",Office Supplies,Binders and Binder Accessories,Small Box,0.39
1837,1177,570,0.01,179.29,29.21,66.36222,8,1487.9,87473,2/06/15,4/06/15,Medium,Delivery Truck,3374,3374,Jamie Ward,Corporate,United States,East,Maryland,Odenton,21113,"Bevis Round Conference Table Top, X-Base",Furniture,Tables,Jumbo Box,0.76
1838,1178,125,0.05,73.98,12.14,-1.904,8,600.4,87474,29/06/15,30/06/15,High,Regular Air,3374,3374,Jamie Ward,Home Office,United States,East,Maryland,Odenton,21113,Keytronic 105-Key Spanish Keyboard,Technology,Computer Peripherals,Small Box,0.67
1839,1178,918,0.0,5.98,7.15,-37.048,5,34.25,87474,29/06/15,1/07/15,High,Regular Air,3374,3374,Jamie Ward,Home Office,United States,East,Maryland,Odenton,21113,Universal Premium White Copier/Laser Paper (20Lb. and 87 Bright),Office Supplies,Paper,Small Box,0.36
1839,1178,830,0.09,3.57,4.17,-56.888,9,31.45,87474,29/06/15,1/07/15,High,Regular Air,3374,3374,Jamie Ward,Home Office,United States,East,Maryland,Odenton,21113,Barrel Sharpener,Office Supplies,Pens & Art Supplies,Small Pack,0.59
1840,1179,921,0.0,19.98,5.97,-189.714,12,249.07,88837,26/03/15,29/03/15,Critical,Express Air,3379,3379,Annette McIntyre,Corporate,United States,South,Georgia,Kennesaw,30144,Xerox 1936,Office Supplies,Paper,Small Box,0.38
1841,1180,851,0.05,3.14,1.92,1628.37,18,59.22,88839,25/04/15,26/04/15,Critical,Express Air,3379,3379,Annette McIntyre,Home Office,United States,South,Georgia,Kennesaw,30144,Serrated Blade or Curved Handle Hand Letter Openers,Office Supplies,"Scissors, Rulers and Trimmers",Wrap Bag,0.84
1842,1181,884,0.03,315.98,19.99,-4.48,18,5572.18,88838,20/04/15,22/04/15,Critical,Regular Air,3380,3380,Eva Decker,Home Office,United States,South,Georgia,La Grange,30240,GBC ProClick™ 150 Presentation Binding System,Office Supplies,Binders and Binder Accessories,Small Box,0.38
1843,1181,148,0.09,276.2,24.49,3193.284,11,2941.42,88838,20/04/15,21/04/15,Critical,Regular Air,3380,3380,Eva Decker,Home Office,United States,South,Georgia,La Grange,30240,SAFCO Arco Folding Chair,Furniture,Chairs & Chairmats,Large Box,
1843,1181,177,0.03,63.94,14.48,43.6917,8,522.46,88838,20/04/15,21/04/15,Critical,Regular Air,3380,3380,Eva Decker,Home Office,United States,South,Georgia,La Grange,30240,"Howard Miller 16"" Diameter Gallery Wall Clock",Furniture,Office Furnishings,Small Box,0.46
1844,1182,922,0.05,11.97,5.81,349.0593,2,25.31,88836,23/03/15,25/03/15,Not Specified,Regular Air,3381,3381,Christopher Norton Patterson,Corporate,United States,South,Georgia,Macon,31204,Staples SlimLine Pencil Sharpener,Office Supplies,Pens & Art Supplies,Small Pack,0.6
1845,1183,108,0.02,28.53,1.49,1.992,18,513.33,88840,29/04/15,29/04/15,Medium,Regular Air,3381,3381,Christopher Norton Patterson,Home Office,United States,South,Georgia,Macon,31204,Lock-Up Easel 'Spel-Binder',Office Supplies,Binders and Binder Accessories,Small Box,0.38
1846,1184,923,0.04,2.98,2.03,-22.01,5,15.7,88745,16/01/15,16/01/15,Low,Express Air,3385,3385,Daniel Richmond,Corporate,United States,East,Ohio,Boardman,44512,"Premium Writing Pencils, Soft, #2 by Central Association for the Blind",Office Supplies,Pens & Art Supplies,Wrap Bag,0.57
1847,1184,158,0.01,125.99,8.99,426.46032,6,680.65,88745,16/01/15,21/01/15,Low,Regular Air,3385,3385,Daniel Richmond,Corporate,United States,East,Ohio,Boardman,44512,M70,Technology,Telephones and Communication,Small Box,0.59
1848,1185,415,0.0,2.61,0.5,19.5546,10,28.34,88746,3/05/15,5/05/15,Critical,Regular Air,3386,3386,Carmen Elmore,Corporate,United States,East,Ohio,Bowling Green,43402,Avery 494,Office Supplies,Labels,Small Box,0.39
1849,1185,269,0.04,25.38,8.99,152.482,35,861.3,88746,3/05/15,6/05/15,Critical,Express Air,3386,3386,Carmen Elmore,Corporate,United States,East,Ohio,Bowling Green,43402,"Executive Impressions 13"" Chairman Wall Clock",Furniture,Office Furnishings,Small Pack,0.5
1850,1186,721,0.03,95.99,35.0,67.012,9,894.64,90154,11/05/15,12/05/15,Not Specified,Regular Air,3388,3388,Aaron Shaffer,Corporate,United States,West,California,Fairfield,94533,Safco Industrial Wire Shelving,Office Supplies,Storage & Organization,Large Box,
1851,1187,20,0.08,125.99,7.69,374.625,7,710.36,87908,29/04/15,30/04/15,Medium,Regular Air,3393,3393,Irene Murphy,Consumer,United States,West,Washington,Pullman,99163,StarTAC 3000,Technology,Telephones and Communication,Small Box,0.59
1852,1187,411,0.08,4.48,2.5,-3.2448,19,80.2,87909,14/02/15,15/02/15,Critical,Regular Air,3393,3393,Irene Murphy,Consumer,United States,West,Washington,Pullman,99163,Ampad #10 Peel & Seel® Holiday Envelopes,Office Supplies,Envelopes,Small Box,0.37
1853,1188,220,0.0,1270.99,19.99,6384.4389,7,9252.81,87535,7/06/15,9/06/15,Low,Regular Air,3397,3397,Andrea Shaw,Small Business,United States,Central,Illinois,Danville,61832,Fellowes PB500 Electric Punch Plastic Comb Binding Machine with Manual Bind,Office Supplies,Binders and Binder Accessories,Small Box,0.35
1854,1188,924,0.01,10.9,7.46,-116.76,18,207.31,87536,11/03/15,12/03/15,High,Regular Air,3397,3397,Andrea Shaw,Small Business,United States,Central,Illinois,Danville,61832,Crate-A-Files™,Office Supplies,Storage & Organization,Small Box,0.59
1854,1188,146,0.1,7.99,5.03,-160.952,22,143.12,87536,11/03/15,12/03/15,High,Regular Air,3397,3397,Andrea Shaw,Small Business,United States,Central,Illinois,Danville,61832,Bell Sonecor JB700 Caller ID,Technology,Telephones and Communication,Medium Box,0.6
1855,1189,922,0.08,11.97,5.81,-41.87,5,59.98,87534,29/03/15,31/03/15,Not Specified,Regular Air,3399,3399,Marvin Reid,Small Business,United States,Central,Illinois,Des Plaines,60016,Staples SlimLine Pencil Sharpener,Office Supplies,Pens & Art Supplies,Small Pack,0.6
1856,1190,925,0.1,9.38,4.93,-24.7104,15,135.78,87537,4/04/15,4/04/15,Medium,Express Air,3400,3400,Florence Gold,Small Business,United States,East,West Virginia,Fairmont,26554,"Eldon Expressions Punched Metal & Wood Desk Accessories, Black & Cherry",Furniture,Office Furnishings,Small Box,0.57
1857,1191,926,0.1,105.98,13.99,349.485,5,506.5,87530,8/02/15,11/02/15,High,Express Air,3403,3403,Tammy Buckley,Consumer,United States,West,Wyoming,Cheyenne,82001,"Tenex 46"" x 60"" Computer Anti-Static Chairmat, Rectangular Shaped",Furniture,Office Furnishings,Medium Box,0.65
