day,susceptible,infected,recovered,deceased,scenario,infection_rate,required_beds
0,50372423.0,1.0,0.0,0.0,transmision_actual,0.18,0.05
1,50372422.82,1.0999999964266163,0.08,0.0,transmision_actual,0.18,0.05499999982133082
2,50372422.62200001,1.2099999914310258,0.16799999971412932,0.0,transmision_actual,0.18,0.06049999957155129
3,50372422.40420002,1.33099998461594,0.2647999990286114,0.0,transmision_actual,0.18,0.066549999230797
4,50372422.16462003,1.464099975487632,0.37127999779788656,0.0,transmision_actual,0.18,0.07320499877438161
5,50372421.90108204,1.6105099634340707,0.48840799583689715,0.0,transmision_actual,0.18,0.08052549817170354
6,50372421.61119026,1.7715609476982677,0.6172487929116228,0.0,transmision_actual,0.18,0.08857804738491339
7,50372421.29230931,1.948717027345813,0.7589736687274842,0.0,transmision_actual,0.18,0.09743585136729066
8,50372420.94154026,2.143588711225353,0.9148710309151492,0.0,transmision_actual,0.18,0.10717943556126766
9,50372420.55569432,2.3579475589204995,1.0863581278131775,0.0,transmision_actual,0.18,0.11789737794602498
10,50372420.131263785,2.5937422857913415,1.2749939325268176,0.0,transmision_actual,0.18,0.12968711428956708
11,50372419.66439021,2.8531164785133396,1.482493315390125,0.0,transmision_actual,0.18,0.14265582392566697
12,50372419.150829285,3.1384280821619175,1.7107426336711922,0.0,transmision_actual,0.18,0.15692140410809588
13,50372418.58591229,3.4522708359955914,1.9618168802441456,0.0,transmision_actual,0.18,0.17261354179977959
14,50372417.9645036,3.797497852805403,2.2379985471237926,0.0,transmision_actual,0.18,0.18987489264027016
15,50372417.28095407,4.177247556184758,2.541798375348225,0.0,transmision_actual,0.18,0.20886237780923791
16,50372416.52904961,4.594972211508651,2.8759781798430057,0.0,transmision_actual,0.18,0.22974861057543255
17,50372415.70195474,5.054469309989507,3.243575956763698,0.0,transmision_actual,0.18,0.2527234654994754
18,50372414.79215041,5.559916091112829,3.6479335015628584,0.0,transmision_actual,0.18,0.27799580455564143
19,50372413.7913657,6.115907517285192,4.092726788851885,0.0,transmision_actual,0.18,0.30579537586425964
20,50372412.69050257,6.727498045909273,4.5819993902347,0.0,transmision_actual,0.18,0.33637490229546363
21,50372411.47955319,7.40024757862065,5.120199233907442,0.0,transmision_actual,0.18,0.37001237893103256
22,50372410.14750896,8.14027200539297,5.712219040197095,0.0,transmision_actual,0.18,0.4070136002696485
23,50372408.6822604,8.954298802986637,6.363440800628532,0.0,transmision_actual,0.18,0.4477149401493319
24,50372407.070487104,9.849728193161356,7.079784704867463,0.0,transmision_actual,0.18,0.49248640965806784
25,50372405.29753663,10.834700416611824,7.867762960320372,0.0,transmision_actual,0.18,0.5417350208305912
26,50372403.347291276,11.918169734178296,8.734538993649318,0.0,transmision_actual,0.18,0.5959084867089148
27,50372401.202021606,13.109985828034565,9.687992572383582,0.0,transmision_actual,0.18,0.6554992914017284
28,50372398.842225224,14.4209833428209,10.736791438626348,0.0,transmision_actual,0.18,0.721049167141045
29,50372396.246449515,15.863080380679907,11.89047010605202,0.0,transmision_actual,0.18,0.7931540190339954
30,50372393.39109662,17.449386845541408,13.159516536506413,0.0,transmision_actual,0.18,0.8724693422770704
31,50372390.2502089,19.194323621527733,14.555467484149725,0.0,transmision_actual,0.18,0.9597161810763867
32,50372386.79523296,21.113753668826764,16.091013373871945,0.0,transmision_actual,0.18,1.0556876834413382
33,50372382.9947601,23.225126228701154,17.780113667378085,0.0,transmision_actual,0.18,1.1612563114350578
34,50372378.81424078,25.54763544845259,19.638123765674177,0.0,transmision_actual,0.18,1.2773817724226295
35,50372374.215670526,28.1023948682219,21.681934601550385,0.0,transmision_actual,0.18,1.4051197434110951
36,50372369.15724445,30.912629355669843,23.930126191008135,0.0,transmision_actual,0.18,1.5456314677834921
37,50372363.592977226,34.00388623315871,26.403136539461723,0.0,transmision_actual,0.18,1.7001943116579357
38,50372357.47228505,37.40426751648166,29.123447438114418,0.0,transmision_actual,0.18,1.870213375824083
39,50372350.73952579,41.144685376048706,32.11578883943295,0.0,transmision_actual,0.18,2.057234268802435
40,50372343.33349319,45.259143142477484,35.40736366951685,0.0,transmision_actual,0.18,2.2629571571238745
41,50372335.18686047,49.78504441066939,39.02809512091505,0.0,transmision_actual,0.18,2.4892522205334697
42,50372326.22556828,54.763533051784016,43.0108986737686,0.0,transmision_actual,0.18,2.738176652589201
43,50372316.36815146,60.2398672233746,47.39198131791132,0.0,transmision_actual,0.18,3.0119933611687304
44,50372305.52499853,66.26383077686302,52.21117069578129,0.0,transmision_actual,0.18,3.313191538843151
45,50372293.59753704,72.89018580131645,57.512277157930335,0.0,transmision_actual,0.18,3.6445092900658227
46,50372280.47733756,80.17917041622229,63.34349202203565,0.0,transmision_actual,0.18,4.008958520811115
47,50372266.04512801,88.19704633703124,69.75782565533343,0.0,transmision_actual,0.18,4.409852316851562
48,50372250.16970945,97.01670118937841,76.81358936229593,0.0,transmision_actual,0.18,4.8508350594689205
49,50372232.7067635,106.71831104519602,84.5749254574462,0.0,transmision_actual,0.18,5.335915552259801
50,50372213.49754046,117.39006920090536,93.11239034106188,0.0,transmision_actual,0.18,5.8695034600452685
51,50372192.36741631,129.12898781947416,102.50359587713432,0.0,transmision_actual,0.18,6.456449390973709
52,50372169.12430538,142.04177971979536,112.83391490269224,0.0,transmision_actual,0.18,7.102088985989768
53,50372143.5569144,156.24582832457372,124.19725728027588,0.0,transmision_actual,0.18,7.812291416228686
54,50372115.43282188,171.87025457828082,136.69692354624178,0.0,transmision_actual,0.18,8.59351272891404
55,50372084.49636556,189.0570905269937,150.44654391250424,0.0,transmision_actual,0.18,9.452854526349686
56,50372050.46631863,207.9625702200243,165.57111115466373,0.0,transmision_actual,0.18,10.398128511001216
57,50372013.03333358,228.75854965791842,182.20811677226567,0.0,transmision_actual,0.18,11.437927482895923
58,50371971.85713058,251.63406868226457,200.50880074489913,0.0,transmision_actual,0.18,12.58170343411323
59,50371926.563404776,276.7970689903665,220.6395262394803,0.0,transmision_actual,0.18,13.839853449518325
60,50371876.74042437,304.47628387380183,242.7832917587096,0.0,transmision_actual,0.18,15.223814193690092
61,50371821.9352887,334.92331683696455,267.1413944686137,0.0,transmision_actual,0.18,16.746165841848228
62,50371761.64981222,368.4149279638776,293.9352598155709,0.0,transmision_actual,0.18,18.42074639819388
63,50371695.335997164,405.25554878425305,323.40845405268107,0.0,transmision_actual,0.18,20.262777439212655
64,50371622.39105359,445.7800484598661,355.8288979554213,0.0,transmision_actual,0.18,22.289002422993306
65,50371542.15192178,490.3567763883572,391.49130183221064,0.0,transmision_actual,0.18,24.51783881941786
66,50371453.88924723,539.390908823957,430.7198439432792,0.0,transmision_actual,0.18,26.96954544119785
67,50371356.80075348,593.3281298657092,473.87111664919576,0.0,transmision_actual,0.18,29.666406493285464
68,50371250.00395277,652.6586801880899,521.3373670384525,0.0,transmision_actual,0.18,32.632934009404494
69,50371132.52812833,717.9218102134298,573.5500614534997,0.0,transmision_actual,0.18,35.89609051067149
70,50371003.30551565,789.7106780797753,630.9838062705741,0.0,transmision_actual,0.18,39.48553390398877
71,50370861.161602706,868.6777367741786,694.1606605169561,0.0,transmision_actual,0.18,43.43388683870893
72,50370704.80446132,955.5406592154133,763.6548794588904,0.0,transmision_actual,0.18,47.77703296077067
73,50370532.81301288,1051.088854920685,840.0981321961234,0.0,transmision_actual,0.18,52.554442746034255
74,50370343.62412219,1156.1906372207043,924.1852405897782,0.0,transmision_actual,0.18,57.80953186103522
75,50370135.518402584,1271.8011058431994,1016.6804915674346,0.0,transmision_actual,0.18,63.590055292159974
76,50369906.60460384,1398.9708161176845,1118.4245800348906,0.0,transmision_actual,0.18,69.94854080588424
77,50369654.80244155,1538.8553131199742,1230.3422453243054,0.0,transmision_actual,0.18,76.94276565599871
78,50369377.82371279,1692.7256168346723,1353.4506703739034,0.0,transmision_actual,0.18,84.63628084173362
79,50369073.151527345,1861.979752934446,1488.8687197206773,0.0,transmision_actual,0.18,93.0989876467223
80,50368738.01746692,2048.1554331292464,1637.827099955433,0.0,transmision_actual,0.18,102.40777165646233
81,50368369.37646609,2252.9439993062824,1801.6795346057727,0.0,transmision_actual,0.18,112.64719996531413
82,50367963.8791885,2478.2057569492013,1981.9150545502753,0.0,transmision_actual,0.18,123.91028784746007
83,50367517.841649204,2725.986835686959,2180.1715151062112,0.0,transmision_actual,0.18,136.29934178434794
84,50367027.21180966,2998.5377283819407,2398.250461961168,0.0,transmision_actual,0.18,149.92688641909703
85,50366487.53284474,3298.333675034519,2638.1334802317233,0.0,transmision_actual,0.18,164.91668375172594
86,50365893.90275169,3628.0970740783387,2902.000174234485,0.0,transmision_actual,0.18,181.40485370391696
87,50365240.929938346,3990.8221214982077,3192.247940160752,0.0,transmision_actual,0.18,199.5411060749104
88,50364522.68439236,4389.801897762029,3511.5137098806085,0.0,transmision_actual,0.18,219.49009488810145
89,50363732.64399433,4828.658143972505,3862.6978617015707,0.0,transmision_actual,0.18,241.43290719862526
90,50362863.63549471,5311.373992077631,4248.990513219371,0.0,transmision_actual,0.18,265.56869960388156
91,50361907.76962781,5842.329939607589,4673.900432585581,0.0,transmision_actual,0.18,292.11649698037945
92,50360856.36978483,6426.343387418257,5141.286827754188,0.0,transmision_actual,0.18,321.3171693709129
93,50359699.89361174,7068.712089519102,5655.394298747649,0.0,transmision_actual,0.18,353.43560447595513
94,50358427.846836634,7775.261897459262,6220.8912659091775,0.0,transmision_actual,0.18,388.76309487296317
95,50357028.68856413,8552.399218165407,6842.912217705918,0.0,transmision_actual,0.18,427.61996090827034
96,50355489.72720104,9407.168643805155,7527.104155159151,0.0,transmision_actual,0.18,470.35843219025776
97,50353797.0060979,10347.316255437094,8279.677646663564,0.0,transmision_actual,0.18,517.3658127718547
98,50351935.17790374,11381.359149157559,9107.462947098531,0.0,transmision_actual,0.18,569.0679574578779
99,50349887.36653654,12518.661784425949,10017.971679031136,0.0,transmision_actual,0.18,625.9330892212975
100,50347635.01556871,13769.519809507174,11019.464621785211,0.0,transmision_actual,0.18,688.4759904753587
101,50345157.72171468,15145.252078772124,12121.026206545785,0.0,transmision_actual,0.18,757.2626039386063
102,50342433.05198596,16658.301641196605,13332.646372847554,0.0,transmision_actual,0.18,832.9150820598303
103,50339436.34294683,18322.346549031314,14665.310504143283,0.0,transmision_actual,0.18,916.1173274515658
104,50336140.48036145,20152.421410488998,16131.098228065788,0.0,transmision_actual,0.18,1007.6210705244499
105,50332515.65736852,22165.050690579646,17743.291940904906,0.0,transmision_actual,0.18,1108.2525345289823
106,50328529.109153815,24378.394850034914,19516.49599615128,0.0,transmision_actual,0.18,1218.9197425017458
107,50324144.82191221,26812.410503638697,21466.767584154073,0.0,transmision_actual,0.18,1340.620525181935
108,50319323.21369939,29489.025876161446,23611.76042444517,0.0,transmision_actual,0.18,1474.4512938080725
109,50314020.78456917,32432.332936291612,25970.882494538084,0.0,transmision_actual,0.18,1621.6166468145807
110,50308189.73317444,35668.797696110836,28565.46912944141,0.0,transmision_actual,0.18,1783.4398848055419
111,50301777.536779664,39227.49027519997,31418.972945130277,0.0,transmision_actual,0.18,1961.3745137599985
112,50294726.4913893,43140.33644355219,34557.17216714627,0.0,transmision_actual,0.18,2157.0168221776094
113,50286973.208442435,47442.39247493383,38008.39908263045,0.0,transmision_actual,0.18,2372.1196237466916
114,50278448.06425879,52172.14526058321,41803.79048062516,0.0,transmision_actual,0.18,2608.6072630291605
115,50269074.59814846,57371.83975006977,45977.56210147182,0.0,transmision_actual,0.18,2868.591987503489
116,50258768.85481951,63087.835899018726,50567.3092814774,0.0,transmision_actual,0.18,3154.3917949509364
117,50247438.666437864,69370.99740873878,55614.336153398894,0.0,transmision_actual,0.18,3468.5498704369393
118,50234982.869417764,76277.11463614219,61164.015946098,0.0,transmision_actual,0.18,3813.8557318071094
119,50221290.45075486,83867.3641281593,67266.18511698938,0.0,transmision_actual,0.18,4193.368206407965
120,50206239.61846655,92208.80728621397,73975.57424724213,0.0,transmision_actual,0.18,4610.440364310699
121,50189696.79048515,101374.93068471475,81352.27883013924,0.0,transmision_actual,0.18,5068.746534235738
122,50171515.496172614,111446.23054247673,89462.27328491642,0.0,transmision_actual,0.18,5572.311527123837
123,50151535.1845069,122510.8437647896,98377.97172831456,0.0,transmision_actual,0.18,6125.54218823948
124,50129579.93294943,134665.22782107815,108178.83922949772,0.0,transmision_actual,0.18,6733.261391053908
125,50105457.05106461,148014.89148021454,118952.05745518398,0.0,transmision_actual,0.18,7400.744574010728
126,50078955.57315606,162675.17807035262,130793.24877360114,0.0,transmision_actual,0.18,8133.758903517632
127,50049844.6345445,178772.10243628058,143807.26301922934,0.0,transmision_actual,0.18,8938.60512181403
128,50017871.72668231,196443.242103561,158109.0312141318,0.0,transmision_actual,0.18,9822.162105178051
129,49982760.82712902,215838.68228856567,173824.49058241668,0.0,transmision_actual,0.18,10791.934114428284
130,49944210.4015602,237122.013274299,191091.58516550192,0.0,transmision_actual,0.18,11856.100663714951
131,49901891.276518166,260471.37725438928,210061.34622744584,0.0,transmision_actual,0.18,13023.568862719465
132,49855444.38361679,286080.55997541663,230899.05640779698,0.0,transmision_actual,0.18,14304.027998770833
133,49804478.37847723,314160.1203169394,253785.5012058303,0.0,transmision_actual,0.18,15708.006015846971
134,49748567.140901156,344938.54826766095,278918.3108311855,0.0,transmision_actual,0.18,17246.927413383048
135,49687247.16680112,378663.43850628677,306513.3946925984,0.0,transmision_actual,0.18,18933.17192531434
136,49620014.867335506,415602.6628913938,336806.46977310133,0.0,transmision_actual,0.18,20780.133144569692
137,49546323.796679795,456045.52051579533,370054.68280441285,0.0,transmision_actual,0.18,22802.276025789768
138,49465581.837059386,500303.83849494177,406538.32444567647,0.0,transmision_actual,0.18,25015.19192474709
139,49377148.37822953,548712.9902452008,446562.6315252718,0.0,transmision_actual,0.18,27435.649512260043
140,49280331.538671605,601632.7905835118,490459.6707448879,0.0,transmision_actual,0.18,30081.63952917559
141,49174385.48753044,659448.2184779969,538590.2939915688,0.0,transmision_actual,0.18,32972.41092389984
142,49058507.939870425,722569.9086597704,591346.1514698085,0.0,transmision_actual,0.18,36128.49543298852
143,48931837.913266234,791434.3425711765,649151.7441625901,0.0,transmision_actual,0.18,39571.71712855883
144,48793453.85109477,866503.6573369462,712466.4915682842,0.0,transmision_actual,0.18,43325.18286684732
145,48642372.23709713,948264.9787476318,781786.7841552399,0.0,transmision_actual,0.18,47413.24893738159
146,48477546.84664905,1037229.1708958996,857647.9824550505,0.0,transmision_actual,0.18,51861.45854479499
147,48297868.80236619,1133928.8815070887,940626.3161267224,0.0,transmision_actual,0.18,56696.44407535443
148,48102167.62461378,1238915.7487389317,1031340.6266472895,0.0,transmision_actual,0.18,61945.787436946586
149,47889213.4903567,1352756.6230968963,1130453.886546404,0.0,transmision_actual,0.18,67637.83115484483
150,47657720.93541599,1476028.6481898525,1238674.4163941557,0.0,transmision_actual,0.18,73801.43240949263
151,47406354.25404564,1609313.0377050117,1356756.708249344,0.0,transmision_actual,0.18,80465.65188525058
152,47133734.86382536,1753187.384908896,1485501.751265745,0.0,transmision_actual,0.18,87659.3692454448
153,46838450.91072352,1908216.3472180215,1625756.7420584566,0.0,transmision_actual,0.18,95410.81736090108
154,46519069.38588132,2074940.5642827845,1778414.0498358984,0.0,transmision_actual,0.18,103747.02821413922
155,46174151.008821264,2253863.6962002194,1944409.2949785213,0.0,transmision_actual,0.18,112693.18481001098
156,45802268.097665414,2445437.511660052,2124718.390674539,0.0,transmision_actual,0.18,122271.8755830026
157,45402025.591675915,2650045.0167167448,2320353.391607343,0.0,transmision_actual,0.18,132502.25083583724
158,44972085.31125081,2867981.695804505,2532356.992944683,0.0,transmision_actual,0.18,143399.08479022526
159,44511193.43221262,3099435.0391783398,2761795.5286090435,0.0,transmision_actual,0.18,154971.75195891698
160,44018211.01269078,3344462.655565913,3009750.3317433107,0.0,transmision_actual,0.18,167223.13277829567
161,43492147.24173909,3602969.414072334,3277307.3441885835,0.0,transmision_actual,0.18,180148.4707036167
162,42932194.88114638,3874684.2215392585,3565544.89731437,0.0,transmision_actual,0.18,193734.21107696294
163,42337767.15103824,4159137.213924257,3875519.6350375107,0.0,transmision_actual,0.18,207956.86069621285
164,41708535.075086884,4455638.31276167,4208250.612151451,0.0,transmision_actual,0.18,222781.9156380835
165,41044464.06605723,4763258.256770395,4564701.677172385,0.0,transmision_actual,0.18,238162.91283851975
166,40345848.31502001,5080813.347265984,4945762.337714016,0.0,transmision_actual,0.18,254040.6673632992
167,39613341.36969949,5406855.224805225,5352227.405495295,0.0,transmision_actual,0.18,270342.76124026126
168,38847981.17348945,5739667.00303085,5784775.823479713,0.0,transmision_actual,0.18,286983.3501515425
169,38051207.81150768,6077267.004770156,6243949.183722181,0.0,transmision_actual,0.18,303863.3502385078
170,37224872.29605948,6417421.159836739,6730130.544103794,0.0,transmision_actual,0.18,320871.057991837
171,36371234.937529914,6757664.8255793685,7243524.236890733,0.0,transmision_actual,0.18,337883.24127896846
172,35492952.19497138,7095334.382091552,7784137.422937083,0.0,transmision_actual,0.18,354766.7191045776
173,34593051.37769953,7427608.448796079,8351764.1735044075,0.0,transmision_actual,0.18,371380.42243980395
174,33674893.15440508,7751557.996186844,8945972.849408094,0.0,transmision_actual,0.18,387577.8998093422
175,32742122.483803283,8064204.027093692,9566097.489103042,0.0,transmision_actual,0.18,403210.2013546846
176,31798609.261606418,8362580.92712306,10211233.811270537,0.0,transmision_actual,0.18,418129.04635615303
177,30848380.624651667,8643803.089907965,10880240.285440382,0.0,transmision_actual,0.18,432190.1544953983
178,29895547.40389652,8905132.063470474,11571744.53263302,0.0,transmision_actual,0.18,445256.6031735237
179,28944227.61842304,9144041.283866318,12284155.097710658,0.0,transmision_actual,0.18,457202.0641933159
180,27998470.110127486,9358275.489452565,13015678.400419964,0.0,transmision_actual,0.18,467913.77447262825
181,27062181.410118137,9545902.150305709,13764340.43957617,0.0,transmision_actual,0.18,477295.1075152855
182,26139058.702569544,9705352.685829846,14528012.611600626,0.0,transmision_actual,0.18,485267.63429149234
183,25232531.33265126,9835451.84088174,15304440.826467015,0.0,transmision_actual,0.18,491772.59204408707
184,24345712.734954838,9935434.291307623,16091276.973737555,0.0,transmision_actual,0.18,496771.7145653812
185,23481363.994311046,10004948.288646804,16886111.717042163,0.0,transmision_actual,0.18,500247.41443234024
186,22641869.55481781,10044046.865048293,17686507.580133907,0.0,transmision_actual,0.18,502202.34325241466
187,21829224.925967667,10053167.744694572,18490031.329337772,0.0,transmision_actual,0.18,502658.3872347286
188,21045035.648415018,10033103.602671657,19294284.748913337,0.0,transmision_actual,0.18,501655.18013358285
189,20290526.313370034,9984964.649502907,20096933.03712707,0.0,transmision_actual,0.18,499248.23247514537
190,19566558.09948012,9910135.69143259,20895730.2090873,0.0,transmision_actual,0.18,495506.7845716295
191,18873653.103674743,9810229.831923356,21688541.06440191,0.0,transmision_actual,0.18,490511.49159616785
192,18212023.688169394,9687040.86087484,22473359.45095578,0.0,transmision_actual,0.18,484352.04304374196
193,17581605.124775004,9542496.155399242,23248322.719825767,0.0,transmision_actual,0.18,477124.8077699621
194,16982089.963948034,9378611.623794274,24011722.412257705,0.0,transmision_actual,0.18,468930.58118971373
195,16412962.76173524,9197449.896103526,24762011.342161246,0.0,transmision_actual,0.18,459872.4948051763
196,15873534.036276622,9001082.62987386,25497807.333849527,0.0,transmision_actual,0.18,450054.13149369304
197,15362972.57375984,8791557.482000733,26217893.944239438,0.0,transmision_actual,0.18,439577.8741000367
198,14880335.443456367,8570870.01374415,26921218.542799495,0.0,transmision_actual,0.18,428543.5006872075
199,14424595.299753547,8340940.556347437,27606888.143899027,0.0,transmision_actual,0.18,417047.0278173719
200,13994664.737943968,8103595.873649222,28274163.38840682,0.0,transmision_actual,0.18,405179.79368246114
201,13589417.626226032,7860555.315475221,28922451.05829876,0.0,transmision_actual,0.18,393027.7657737611
202,13207707.458534125,7613421.057929111,29551295.483536776,0.0,transmision_actual,0.18,380671.05289645557
203,12848382.86346364,7363671.968365267,30160369.168171104,0.0,transmision_actual,0.18,368183.59841826337
204,12510300.467200713,7112660.607158972,30749462.925640326,0.0,transmision_actual,0.18,355633.0303579486
205,12192335.347296605,6861612.878490362,31318475.774213042,0.0,transmision_actual,0.18,343080.64392451814
206,11893389.333842516,6611629.861665222,31867404.804492272,0.0,transmision_actual,0.18,330581.4930832611
207,11612397.41942347,6363691.387151049,32396335.19342549,0.0,transmision_actual,0.18,318184.5693575525
208,11348332.5330565,6118660.962545936,32905430.504397575,0.0,transmision_actual,0.18,305933.0481272968
209,11100208.91949364,5877291.69910512,33394923.38140125,0.0,transmision_actual,0.18,293864.584955256
210,10867084.34654561,5640232.93612474,33865106.71732966,0.0,transmision_actual,0.18,282011.646806237
211,10648061.341633523,5408037.306146849,34316325.35221964,0.0,transmision_actual,0.18,270401.86530734244
212,10442287.636257244,5181168.027031379,34748968.33671139,0.0,transmision_actual,0.18,259058.40135156896
213,10248955.974683695,4960006.2464424195,35163461.778873906,0.0,transmision_actual,0.18,248000.312322121
214,10067303.421737066,4744858.299673654,35560262.2785893,0.0,transmision_actual,0.18,237242.9149836827
215,9896610.284649337,4535962.77278749,35939850.94256319,0.0,transmision_actual,0.18,226798.13863937452
216,9736198.74580753,4333497.289806297,36302727.96438619,0.0,transmision_actual,0.18,216674.86449031485
217,9585431.287048051,4137584.965381273,36649407.74757069,0.0,transmision_actual,0.18,206879.24826906365
218,9443708.971909964,3948300.4832888586,36980414.5448012,0.0,transmision_actual,0.18,197415.02416444293
219,9310469.639897479,3765675.7766382345,37296278.58346431,0.0,transmision_actual,0.18,188283.78883191175
220,9185186.05619351,3589705.298211144,37597532.64559537,0.0,transmision_actual,0.18,179485.2649105572
221,9067364.051257335,3420350.879290428,37884709.06945226,0.0,transmision_actual,0.18,171017.5439645214
222,8956540.677162778,3257546.18304175,38158337.1397955,0.0,transmision_actual,0.18,162877.30915208752
223,8852282.401219834,3101200.7643413534,38418940.83443884,0.0,transmision_actual,0.18,155060.0382170677
224,8754183.35220863,2951203.7522052485,38667036.89558615,0.0,transmision_actual,0.18,147560.18761026242
225,8661863.630287454,2807427.173950004,38903133.19576257,0.0,transmision_actual,0.18,140371.3586975002
226,8574967.688176561,2669728.942144895,39127727.369678564,0.0,transmision_actual,0.18,133486.44710724475
227,8493162.78844184,2537955.5265080235,39341305.68505016,0.0,transmision_actual,0.18,126897.77632540118
228,8416137.539496852,2411944.3333323696,39544342.1271708,0.0,transmision_actual,0.18,120597.21666661848
229,8343600.511212322,2291525.81495031,39737297.67383739,0.0,transmision_actual,0.18,114576.29074751551
230,8275278.929686016,2176525.3312805905,39920619.739033416,0.0,transmision_actual,0.18,108826.26656402953
231,8210917.449712424,2066764.7847517366,40094741.76553586,0.0,transmision_actual,0.18,103338.23923758684
232,8150277.002740834,1962064.0489431878,40260082.948316,0.0,transmision_actual,0.18,98103.20244715939
233,8093133.717571926,1862242.2101966403,40417048.07223146,0.0,transmision_actual,0.18,93112.11050983203
234,8039277.910674623,1767118.6402782118,40566027.449047185,0.0,transmision_actual,0.18,88355.9320139106
235,7988513.142771863,1676513.9169587146,40707396.94026944,0.0,transmision_actual,0.18,83825.69584793574
236,7940655.33821714,1590250.6081567402,40841518.053626135,0.0,transmision_actual,0.18,79512.53040783701
237,7895531.963639468,1508153.934081873,40968738.10227867,0.0,transmision_actual,0.18,75407.69670409364
238,7852981.262353507,1430052.3206412839,41089390.41700522,0.0,transmision_actual,0.18,71502.6160320642
239,7812851.5410982305,1355777.856245258,41203794.60265652,0.0,transmision_actual,0.18,67788.8928122629
240,7775000.505769069,1285166.6630747982,41312256.83115614,0.0,transmision_actual,0.18,64258.33315373991
241,7739294.642934818,1218059.1928630655,41415070.164202124,0.0,transmision_actual,0.18,60902.95964315328
242,7705608.644073646,1154300.4562951922,41512514.89963117,0.0,transmision_actual,0.18,57715.02281475961
243,7673824.869616027,1093740.1942491957,41604858.936134785,0.0,transmision_actual,0.18,54687.00971245979
244,7643832.850041288,1036232.9982839994,41692358.15167472,0.0,transmision_actual,0.18,51811.649914199974
245,7615528.821434993,981638.387027574,41775256.79153744,0.0,transmision_actual,0.18,49081.9193513787
246,7588815.293073635,929820.8444267267,41853787.86249965,0.0,transmision_actual,0.18,46491.042221336334
247,7563600.644758899,880649.8251873243,41928173.53005379,0.0,transmision_actual,0.18,44032.491259366216
248,7539798.7517746175,833999.73215662,41998625.51606877,0.0,transmision_actual,0.18,41699.986607831
249,7517328.635484222,789749.8698744852,42065345.494641304,0.0,transmision_actual,0.18,39487.493493724265
250,7496114.137724457,747784.3780442914,42128525.48423126,0.0,transmision_actual,0.18,37389.21890221457
251,7476083.617281746,707992.1482434593,42188348.23447481,0.0,transmision_actual,0.18,35399.60741217297
252,7457169.666860848,670266.7268048808,42244987.606334284,0.0,transmision_actual,0.18,33513.33634024404
253,7439308.84907113,634506.2064502076,42298608.944478676,0.0,transmision_actual,0.18,31725.310322510384
254,7422441.450064118,600613.1089412033,42349369.440994695,0.0,transmision_actual,0.18,30030.65544706017
255,7406511.249557066,568494.2607329597,42397418.48970999,0.0,transmision_actual,0.18,28424.713036647987
256,7391465.306071461,538060.6633599276,42442898.03056862,0.0,transmision_actual,0.18,26903.033167996382
257,7377253.756302849,509227.360059745,42485942.88363741,0.0,transmision_actual,0.18,25461.368002987252
258,7363829.6276195375,481913.29993827693,42526681.0724422,0.0,transmision_actual,0.18,24095.66499691385
259,7351148.662762946,456041.2007998055,42565234.13643726,0.0,transmision_actual,0.18,22802.060039990276
260,7339169.155891958,431537.4116068101,42601717.43250124,0.0,transmision_actual,0.18,21576.870580340506
261,7327851.7991779335,408331.7753922894,42636240.425429784,0.0,transmision_actual,0.18,20416.58876961447
262,7317159.539216519,386357.4933223205,42668906.96746117,0.0,transmision_actual,0.18,19317.874666116026
263,7307057.442577175,365550.99049587897,42699815.566926956,0.0,transmision_actual,0.18,18277.54952479395
264,7297512.5698620165,345851.783971367,42729059.64616663,0.0,transmision_actual,0.18,17292.589198568352
265,7288493.857692214,327202.35342346004,42756727.78888434,0.0,transmision_actual,0.18,16360.117671173002
266,7279972.008083251,309548.01475854544,42782903.97715822,0.0,transmision_actual,0.18,15477.400737927273
267,7271919.384710034,292836.7969510787,42807667.8183389,0.0,transmision_actual,0.18,14641.839847553936
268,7264309.915599418,277019.3223056092,42831094.76209499,0.0,transmision_actual,0.18,13850.96611528046
269,7257119.00182146,262048.69029911776,42853256.30787944,0.0,transmision_actual,0.18,13102.434514955889
270,7250323.43178181,247880.36511483917,42874220.20310337,0.0,transmision_actual,0.18,12394.01825574196
271,7243901.300746291,234472.06694117127,42894050.63231256,0.0,transmision_actual,0.18,11723.603347058564
272,7237831.93525523,221783.66707693847,42912808.397667855,0.0,transmision_actual,0.18,11089.183353846924
273,7232095.822109439,209777.08685657414,42930551.09103401,0.0,transmision_actual,0.18,10488.854342828708
274,7226674.541632301,198416.20038518685,42947333.25798254,0.0,transmision_actual,0.18,9920.810019259343
275,7221550.704933182,187666.74105349102,42963206.55401335,0.0,transmision_actual,0.18,9383.337052674551
276,7216707.894916604,177496.21178578993,42978219.89329763,0.0,transmision_actual,0.18,8874.810589289496
277,7212130.610799322,167873.79896020913,42992419.59024049,0.0,transmision_actual,0.18,8393.689948010457
278,7207804.215913863,158770.2899288515,43005849.49415731,0.0,transmision_actual,0.18,7938.514496442575
279,7203714.888592232,150157.9940561745,43018551.117351614,0.0,transmision_actual,0.18,7507.899702808725
280,7199849.57593751,142010.6671864031,43030563.75687611,0.0,transmision_actual,0.18,7100.533359320155
281,7196195.950304054,134303.43944494682,43041924.610251024,0.0,transmision_actual,0.18,6715.171972247342
282,7192742.368319034,127012.74627437157,43052668.88540662,0.0,transmision_actual,0.18,6350.637313718579
283,7189477.832289162,120116.2626022933,43062829.90510857,0.0,transmision_actual,0.18,6005.813130114665
284,7186391.953846826,113592.84003644547,43072439.20611675,0.0,transmision_actual,0.18,5679.642001822274
285,7183474.919699384,107422.44698097237,43081526.63331967,0.0,transmision_actual,0.18,5371.122349048619
286,7180717.4593542935,101586.11156758537,43090120.42907815,0.0,transmision_actual,0.18,5079.305578379269
287,7178110.814701,96065.86729547195,43098247.31800355,0.0,transmision_actual,0.18,4803.293364773598
288,7175646.71133817,90844.70127466434,43105932.58738719,0.0,transmision_actual,0.18,4542.235063733217
289,7173317.3315419955,85906.50496886554,43113200.16348916,0.0,transmision_actual,0.18,4295.325248443277
290,7171115.288777935,81236.02733541635,43120072.68388667,0.0,transmision_actual,0.18,4061.801366770818
291,7169033.6036644215,76818.83026209724,43126571.5660735,0.0,transmision_actual,0.18,3840.941513104862
292,7167065.6813028185,72641.24620273292,43132717.07249447,0.0,transmision_actual,0.18,3632.062310136646
293,7165205.289893281,68690.3379160522,43138528.37219069,0.0,transmision_actual,0.18,3434.51689580261
294,7163446.540561144,64953.86021490495,43144023.59922398,0.0,transmision_actual,0.18,3247.6930107452476
295,7161783.868323146,61420.22363571046,43149219.90804117,0.0,transmision_actual,0.18,3071.011181785523
296,7160212.014127125,58078.459940874556,43154133.52593203,0.0,transmision_actual,0.18,2903.922997043728
297,7158726.007902896,54918.18936983389,43158779.8027273,0.0,transmision_actual,0.18,2745.9094684916945
298,7157321.1525658015,51929.5895573415,43163173.25787688,0.0,transmision_actual,0.18,2596.479477867075
299,7155993.008917981,49103.366040574416,43167327.62504147,0.0,transmision_actual,0.18,2455.168302028721
300,7154737.381395705,46430.72427960383,43171255.89432471,0.0,transmision_actual,0.18,2321.536213980192
301,7153550.304614236,43903.343118705096,43174970.35226708,0.0,transmision_actual,0.18,2195.167155935255
302,7152428.0306645585,41513.349618885426,43178482.61971658,0.0,transmision_actual,0.18,2075.6674809442716
303,7151367.017119072,39253.295194860526,43181803.687686086,0.0,transmision_actual,0.18,1962.6647597430265
304,7150363.915705835,37116.13299250837,43184943.95130167,0.0,transmision_actual,0.18,1855.8066496254187
305,7149415.561613382,35095.196445561756,43187913.24194107,0.0,transmision_actual,0.18,1754.759822278088
306,7148518.963390334,33184.1789529652,43190720.85765672,0.0,transmision_actual,0.18,1659.2089476482602
307,7147671.29340615,31377.11462091151,43193375.591972955,0.0,transmision_actual,0.18,1568.8557310455756
308,7146869.878841303,29668.360016085513,43195885.76114263,0.0,transmision_actual,0.18,1483.4180008042758
309,7146112.193177027,28052.576879074917,43198259.229943916,0.0,transmision_actual,0.18,1402.628843953746
310,7145395.848156517,26524.715749258692,43200503.43609424,0.0,transmision_actual,0.18,1326.2357874629347
311,7144718.586191084,25080.00045475153,43202625.41335418,0.0,transmision_actual,0.18,1254.0000227375767
312,7144078.273186288,23713.91342316812,43204631.81339056,0.0,transmision_actual,0.18,1185.695671158406
313,7143472.891764529,22422.181771073563,43206528.926464416,0.0,transmision_actual,0.18,1121.1090885536782
314,7142900.53486191,21200.76413200683,43208322.7010061,0.0,transmision_actual,0.18,1060.0382066003415
315,7142359.399678453,20045.838184903776,43210018.76213666,0.0,transmision_actual,0.18,1002.2919092451889
316,7141847.781961958,18953.788846606287,43211622.429191455,0.0,transmision_actual,0.18,947.6894423303144
317,7141364.07060691,17921.197093926014,43213138.73229919,0.0,transmision_actual,0.18,896.0598546963007
318,7140906.742550884,16944.829382436972,43214572.4280667,0.0,transmision_actual,0.18,847.2414691218487
319,7140474.357951923,16021.627630802654,43215928.0144173,0.0,transmision_actual,0.18,801.0813815401327
320,7140065.555631259,15148.699741002463,43217209.74462776,0.0,transmision_actual,0.18,757.4349870501233
321,7139679.04876667,14323.310626311506,43218421.64060704,0.0,transmision_actual,0.18,716.1655313155753
322,7139313.6208225675,13542.87372030905,43219567.50545714,0.0,transmision_actual,0.18,677.1436860154525
323,7138968.121703705,12804.942941546797,43220650.93535476,0.0,transmision_actual,0.18,640.2471470773398
324,7138641.464120127,12107.205089800702,43221675.33079009,0.0,transmision_actual,0.18,605.3602544900351
325,7138332.620151682,11447.47265106173,43222643.907197274,0.0,transmision_actual,0.18,572.3736325530865
326,7138040.618001064,10823.676989594087,43223559.705009356,0.0,transmision_actual,0.18,541.1838494797043
327,7137764.538924985,10233.861906506208,43224425.599168524,0.0,transmision_actual,0.18,511.6930953253104
328,7137503.514333628,9676.177545342536,43225244.30812105,0.0,transmision_actual,0.18,483.80887726712683
329,7137256.723049128,9148.874626215076,43226018.40232468,0.0,transmision_actual,0.18,457.44373131075383
330,7137023.388714291,8650.298990954956,43226750.312294774,0.0,transmision_actual,0.18,432.51494954774785
331,7136802.777343292,8178.886442678039,43227442.33621405,0.0,transmision_actual,0.18,408.944322133902
332,7136594.195006529,7733.157864026911,43228096.64712946,0.0,transmision_actual,0.18,386.6578932013456
333,7136396.985642257,7311.714599176508,43228715.29975858,0.0,transmision_actual,0.18,365.5857299588254
334,7136210.528988025,6913.234085474059,43229300.23692652,0.0,transmision_actual,0.18,345.661704273703
335,7136034.238625334,6536.46572132786,43229853.29565336,0.0,transmision_actual,0.18,326.823286066393
336,7135867.56013129,6180.226957665502,43230376.21291106,0.0,transmision_actual,0.18,309.0113478832751
337,7135709.96933139,5843.399600952257,43230870.63106768,0.0,transmision_actual,0.18,292.16998004761285
338,7135560.970647871,5524.926316396139,43231338.103035755,0.0,transmision_actual,0.18,276.24631581980697
339,7135420.095538386,5223.807320569285,43231780.097141065,0.0,transmision_actual,0.18,261.19036602846427
340,7135286.901020062,4939.097253247377,43232198.00172671,0.0,transmision_actual,0.18,246.95486266236887
341,7135160.9682742385,4669.902218811231,43232593.12950697,0.0,transmision_actual,0.18,233.49511094056157
342,7135041.901327476,4415.376988069059,43232966.72168447,0.0,transmision_actual,0.18,220.76884940345295
343,7134929.325804654,4174.722351845413,43233319.951843515,0.0,transmision_actual,0.18,208.73611759227066
344,7134822.8877502065,3947.1826181449774,43233653.929631665,0.0,transmision_actual,0.18,197.35913090724887
345,7134722.252513763,3732.0432451372853,43233969.70424112,0.0,transmision_actual,0.18,186.6021622568643
346,7134627.103696666,3528.6286026234593,43234268.26770073,0.0,transmision_actual,0.18,176.431430131173
347,7134537.14215604,3336.299855039227,43234550.55798894,0.0,transmision_actual,0.18,166.81499275196137
348,7134452.085063255,3154.4529594209525,43234817.46197735,0.0,transmision_actual,0.18,157.72264797104765
349,7134371.665013809,2982.5167721142407,43235069.8182141,0.0,transmision_actual,0.18,149.12583860571203
350,7134295.629185815,2819.9512583388478,43235308.41955587,0.0,transmision_actual,0.18,140.9975629169424
351,7134223.738544447,2666.2457990401026,43235534.01565654,0.0,transmision_actual,0.18,133.31228995200513
352,7134155.767089807,2520.917589756741,43235747.31532046,0.0,transmision_actual,0.18,126.04587948783706
353,7134091.501145865,2383.5101265188205,43235948.988727644,0.0,transmision_actual,0.18,119.17550632594103
354,7134030.738688204,2253.591774058053,43236139.66953777,0.0,transmision_actual,0.18,112.67958870290266
355,7133973.288708471,2130.7544118672668,43236319.95687969,0.0,transmision_actual,0.18,106.53772059336335
356,7133918.970613502,2014.6121538864854,43236490.41723264,0.0,transmision_actual,0.18,100.73060769432428
357,7133867.613657257,1904.8001378210529,43236651.58620495,0.0,transmision_actual,0.18,95.24000689105264
358,7133819.056403739,1800.9733803129773,43236803.970215976,0.0,transmision_actual,0.18,90.04866901564887
359,7133773.146219237,1702.805694390862,43236948.048086405,0.0,transmision_actual,0.18,85.1402847195431
360,7133729.738792259,1609.9886658170492,43237084.272541955,0.0,transmision_actual,0.18,80.49943329085247
361,7133688.697679677,1522.230685133489,43237213.071635224,0.0,transmision_actual,0.18,76.11153425667446
362,7133649.893877619,1439.2560323809287,43237334.850090034,0.0,transmision_actual,0.18,71.96280161904643
363,7133613.20541578,1360.8040116297784,43237449.990572624,0.0,transmision_actual,0.18,68.04020058148892
364,7133578.516973863,1286.628132615991,43237558.85489356,0.0,transmision_actual,0.18,64.33140663079955
0,50372423.0,1.0,0.0,0.0,transmision_moderada,0.135,0.05
1,50372422.865,1.0549999973199622,0.08,0.0,transmision_moderada,0.135,0.05274999986599811
2,50372422.72257501,1.1130249939634158,0.164399999785597,0.0,transmision_moderada,0.135,0.05565124969817079
3,50372422.57231664,1.17424136482091,0.25344199930267025,0.0,transmision_moderada,0.135,0.0587120682410455
4,50372422.41379406,1.2388246353931245,0.34738130848834303,0.0,transmision_moderada,0.135,0.06194123176965623
5,50372422.24655274,1.306959985073389,0.446487279319793,0.0,transmision_moderada,0.135,0.06534799925366945
6,50372422.07011315,1.378842778110622,0.5510440781256641,0.0,transmision_moderada,0.135,0.06894213890553111
7,50372421.88396938,1.4546791237750973,0.6613515003745138,0.0,transmision_moderada,0.135,0.07273395618875488
8,50372421.68758771,1.5346864673331813,0.7777258302765216,0.0,transmision_moderada,0.135,0.07673432336665907
9,50372421.48040505,1.6190942135255135,0.9005007476631761,0.0,transmision_moderada,0.135,0.08095471067627569
10,50372421.26182734,1.7081443843363056,1.0300282847452171,0.0,transmision_moderada,0.135,0.08540721921681528
11,50372421.031227864,1.802092312939745,1.1666798354921215,0.0,transmision_moderada,0.135,0.09010461564698725
12,50372420.78794542,1.9012073758132249,1.3108472205273012,0.0,transmision_moderada,0.135,0.09506036879066125
13,50372420.53128244,2.005773765116546,1.4629438105923591,0.0,transmision_moderada,0.135,0.10028868825582732
14,50372420.260503,2.116091303551693,1.623405711801683,0.0,transmision_moderada,0.135,0.10580456517758466
15,50372419.974830694,2.2324763040395834,1.7926930160858183,0.0,transmision_moderada,0.135,0.11162381520197917
16,50372419.67344642,2.355262476678686,1.971291120408985,0.0,transmision_moderada,0.135,0.11776312383393431
17,50372419.35548601,2.484801885585975,2.15971211854328,0.0,transmision_moderada,0.135,0.12424009427929875
18,50372419.02003779,2.6214659583636992,2.358496269390158,0.0,transmision_moderada,0.135,0.13107329791818498
19,50372418.66613992,2.7656465510863417,2.568213546059254,0.0,transmision_moderada,0.135,0.1382823275543171
20,50372418.29277768,2.917757071861321,2.7894652701461613,0.0,transmision_moderada,0.135,0.14588785359306605
21,50372417.89888052,3.0782336661849317,3.022885835895067,0.0,transmision_moderada,0.135,0.1539116833092466
22,50372417.48331902,3.2475364674921936,3.2691445291898615,0.0,transmision_moderada,0.135,0.16237682337460968
23,50372417.044901654,3.426150916486198,3.528947446589237,0.0,transmision_moderada,0.135,0.1713075458243099
24,50372416.58237135,3.614589153029738,3.803039519908133,0.0,transmision_moderada,0.135,0.1807294576514869
25,50372416.09440188,3.8133914845900576,4.092206652150512,0.0,transmision_moderada,0.135,0.1906695742295029
26,50372415.57959411,4.023127935447035,4.397277970917717,0.0,transmision_moderada,0.135,0.20115639677235175
27,50372415.03647193,4.24439988110667,4.71912820575348,0.0,transmision_moderada,0.135,0.2122199940553335
28,50372414.46347805,4.477841772606042,5.058680196242014,0.0,transmision_moderada,0.135,0.2238920886303021
29,50372413.858969525,4.724122955653623,5.416907538050497,0.0,transmision_moderada,0.135,0.23620614778268118
30,50372413.22121305,4.983949589820729,5.794837374502786,0.0,transmision_moderada,0.135,0.24919747949103646
31,50372412.54838,5.258066673286745,6.193553341688444,0.0,transmision_moderada,0.135,0.26290333366433727
32,50372411.838541165,5.547260178943378,6.614198675551384,0.0,transmision_moderada,0.135,0.2773630089471689
33,50372411.08966122,5.852359307982473,7.057979489866854,0.0,transmision_moderada,0.135,0.29261796539912366
34,50372410.29959291,6.174238867428731,7.526168234505452,0.0,transmision_moderada,0.135,0.3087119433714366
35,50372409.46607089,6.513821778434025,8.02010734389975,0.0,transmision_moderada,0.135,0.3256910889217013
36,50372408.5867052,6.872081722524902,8.541213086174473,0.0,transmision_moderada,0.135,0.3436040861262451
37,50372407.658974454,7.250045933390359,9.090979623976464,0.0,transmision_moderada,0.135,0.36250229666951794
38,50372406.68021857,7.648798142214213,9.670983298647693,0.0,transmision_moderada,0.135,0.3824399071107107
39,50372405.647631176,8.069481684996616,10.28288715002483,0.0,transmision_moderada,0.135,0.4034740842498308
40,50372404.558251545,8.513302780773634,10.92844568482456,0.0,transmision_moderada,0.135,0.4256651390386817
41,50372403.40895611,8.981533990133773,11.60950990728645,0.0,transmision_moderada,0.135,0.44907669950668866
42,50372402.19644952,9.475517863947191,12.328032626497151,0.0,transmision_moderada,0.135,0.4737758931973596
43,50372400.91725516,9.996670792768661,13.086074055612926,0.0,transmision_moderada,0.135,0.4998335396384331
44,50372399.56770522,10.546487067950606,13.88580771903442,0.0,transmision_moderada,0.135,0.5273243533975304
45,50372398.14393016,11.126543166109471,14.729526684470468,0.0,transmision_moderada,0.135,0.5563271583054735
46,50372396.6418476,11.738502269228965,15.619650137759226,0.0,transmision_moderada,0.135,0.5869251134614483
47,50372395.057150654,12.384119033359214,16.558730319297542,0.0,transmision_moderada,0.135,0.6192059516679608
48,50372393.38529555,13.065244619583492,17.54945984196628,0.0,transmision_moderada,0.135,0.6532622309791747
49,50372391.62148859,13.783832001676013,18.594679411532958,0.0,transmision_moderada,0.135,0.6891916000838006
50,50372389.76067247,14.541941565667429,19.69738597166704,0.0,transmision_moderada,0.135,0.7270970782833714
51,50372387.7975117,15.341747017371436,20.860741296920434,0.0,transmision_moderada,0.135,0.7670873508685718
52,50372385.72637734,16.18554161480864,22.08808105831015,0.0,transmision_moderada,0.135,0.8092770807404319
53,50372383.54133088,17.075744743395145,23.38292438749484,0.0,transmision_moderada,0.135,0.8537872371697572
54,50372381.23610719,18.014908852745858,24.74898396696645,0.0,transmision_moderada,0.135,0.900745442637293
55,50372378.804096565,19.005726774978914,26.190176675186116,0.0,transmision_moderada,0.135,0.9502863387489457
56,50372376.23832575,20.05103944550123,27.710634817184427,0.0,transmision_moderada,0.135,1.0025519722750615
57,50372373.53143799,21.153844048408754,29.314717972824525,0.0,transmision_moderada,0.135,1.0576922024204378
58,50372370.675671905,22.31730260985193,31.007025496697224,0.0,transmision_moderada,0.135,1.1158651304925964
59,50372367.66283924,23.544751064000963,32.792409705485376,0.0,transmision_moderada,0.135,1.177237553200048
60,50372364.4843014,24.839708817599828,34.675989790605456,0.0,transmision_moderada,0.135,1.2419854408799915
61,50372361.13094468,26.205888840526917,36.663166496013446,0.0,transmision_moderada,0.135,1.310294442026346
62,50372357.593154095,27.64720831128784,38.7596376032556,0.0,transmision_moderada,0.135,1.382360415564392
63,50372353.860785894,29.16779984795603,40.971414268158625,0.0,transmision_moderada,0.135,1.4583899923978016
64,50372349.923138395,30.77202335675472,43.30483825599511,0.0,transmision_moderada,0.135,1.538601167837736
65,50372345.76892135,32.46447853224371,45.766600124535486,0.0,transmision_moderada,0.135,1.6232239266121855
66,50372341.386223555,34.25001804494159,48.363758407114986,0.0,transmision_moderada,0.135,1.7125009022470796
67,50372336.7624787,36.13376145418391,51.10375985071031,0.0,transmision_moderada,0.135,1.8066880727091956
68,50372331.88442935,38.12110988609587,53.99446076704503,0.0,transmision_moderada,0.135,1.9060554943047938
69,50372326.73808893,40.21776151875036,57.0441495579327,0.0,transmision_moderada,0.135,2.010888075937518
70,50372321.308701605,42.4297279188948,60.26157047943273,0.0,transmision_moderada,0.135,2.12148639594474
71,50372315.58070001,44.76335127707023,63.65594871294431,0.0,transmision_moderada,0.135,2.2381675638535117
72,50372309.53766059,47.22532259051963,67.23701681510993,0.0,transmision_moderada,0.135,2.3612661295259816
73,50372303.16225653,49.82270084599791,71.0150426223515,0.0,transmision_moderada,0.135,2.4911350422998955
74,50372296.436208054,52.56293325746012,75.00085869003134,0.0,transmision_moderada,0.135,2.628146662873006
75,50372289.34023003,55.453876616626445,79.20589335062814,0.0,transmision_moderada,0.135,2.7726938308313223
76,50372281.853976704,58.50381981760989,83.64220347995825,0.0,transmision_moderada,0.135,2.9251909908804947
77,50372273.95598332,61.72150762015545,88.32250906536704,0.0,transmision_moderada,0.135,3.0860753810077726
78,50372265.62360461,65.11616571958699,93.26022967497948,0.0,transmision_moderada,0.135,3.2558082859793496
79,50372256.83294988,68.69752719530005,98.46952293254644,0.0,transmision_moderada,0.135,3.4348763597650027
80,50372247.55881448,72.47586041358679,103.96532510817045,0.0,transmision_moderada,0.135,3.6237930206793396
81,50372237.7746076,76.46199846474315,109.76339394125739,0.0,transmision_moderada,0.135,3.8230999232371574
82,50372227.45227597,80.6673702188019,115.88035381843684,0.0,transmision_moderada,0.135,4.033368510940096
83,50372216.56222348,85.10403308886893,122.333743435941,0.0,transmision_moderada,0.135,4.255201654443447
84,50372205.073226325,89.78470759592861,129.1420660830505,0.0,transmision_moderada,0.135,4.489235379796431
85,50372192.95234348,94.72281383414119,136.3248426907248,0.0,transmision_moderada,0.135,4.736140691707059
86,50372180.164822266,99.93250994109432,143.9026677974561,0.0,transmision_moderada,0.135,4.996625497054716
87,50372166.67399873,105.42873268320929,151.89726859274364,0.0,transmision_moderada,0.135,5.271436634160465
88,50372152.44119252,111.22724027255526,160.33156720740038,0.0,transmision_moderada,0.135,5.561362013627764
89,50372137.425596036,117.34465753770988,169.2297464292048,0.0,transmision_moderada,0.135,5.867232876885494
90,50372121.58415739,123.79852357803927,178.6173190322216,0.0,transmision_moderada,0.135,6.189926178901963
91,50372104.87145705,130.6073420378752,188.52120091846473,0.0,transmision_moderada,0.135,6.530367101893761
92,50372087.23957758,137.7906341445607,198.96978828149474,0.0,transmision_moderada,0.135,6.889531707228035
93,50372068.63796633,145.36899466223971,209.9930390130596,0.0,transmision_moderada,0.135,7.268449733111986
94,50372049.013290495,153.3641509216048,221.62255858603876,0.0,transmision_moderada,0.135,7.6682075460802395
95,50372028.30928425,161.79902509461058,233.89169065976714,0.0,transmision_moderada,0.135,8.08995125473053
96,50372006.46658744,170.69779989243753,246.835612667336,0.0,transmision_moderada,0.135,8.534889994621876
97,50371983.42257547,180.08598787477453,260.491436658731,0.0,transmision_moderada,0.135,9.004299393738727
98,50371959.11117974,189.9905045688091,274.89831568871296,0.0,transmision_moderada,0.135,9.499525228440454
99,50371933.46269833,200.43974560719872,290.0975560542177,0.0,transmision_moderada,0.135,10.021987280359937
100,50371906.403596185,211.46366810577797,306.1327357027936,0.0,transmision_moderada,0.135,10.5731834052889
101,50371877.85629433,223.0938765138638,323.04982915125584,0.0,transmision_moderada,0.135,11.15469382569319
102,50371847.73894753,235.36371318279362,340.89733927236495,0.0,transmision_moderada,0.135,11.768185659139682
103,50371815.96520975,248.30835391179943,359.72643632698845,0.0,transmision_moderada,0.135,12.415417695589973
104,50371782.44398661,261.9649087445266,379.5911046399324,0.0,transmision_moderada,0.135,13.098245437226332
105,50371747.07917435,276.3725283044885,400.5482973394945,0.0,transmision_moderada,0.135,13.818626415224427
106,50371709.769384414,291.5725159735474,422.6580996038536,0.0,transmision_moderada,0.135,14.578625798677372
107,50371670.40765288,307.60844623417523,445.9839008817374,0.0,transmision_moderada,0.135,15.380422311708763
108,50371628.8811339,324.52628951381996,470.5925765804714,0.0,transmision_moderada,0.135,16.226314475690998
109,50371585.070776366,342.37454388823437,496.554679741577,0.0,transmision_moderada,0.135,17.11872719441172
110,50371538.850982726,361.2043740201647,523.9446432526357,0.0,transmision_moderada,0.135,18.060218701008235
111,50371490.0892491,381.06975773040375,552.8409931742489,0.0,transmision_moderada,0.135,19.053487886520188
112,50371438.64578559,402.0276406199415,583.3265737926812,0.0,transmision_moderada,0.135,20.101382030997076
113,50371384.37311578,424.13809918485896,615.4887850422765,0.0,transmision_moderada,0.135,21.206904959242948
114,50371327.11565414,447.4645128897689,649.4198329770652,0.0,transmision_moderada,0.135,22.373225644488446
115,50371266.70926031,472.0737456910809,685.2169940082467,0.0,transmision_moderada,0.135,23.603687284554045
116,50371202.980768815,498.0363375282243,722.9828936635332,0.0,transmision_moderada,0.135,24.901816876411218
117,50371135.747493014,525.4267063292797,762.8258006657911,0.0,transmision_moderada,0.135,26.271335316463986
118,50371064.81670173,554.3233611073213,804.8599371721335,0.0,transmision_moderada,0.135,27.716168055366065
119,50370989.985067196,584.809126755245,849.2058060607192,0.0,transmision_moderada,0.135,29.24045633776225
120,50370911.03808263,616.9713811800348,895.9905362011388,0.0,transmision_moderada,0.135,30.84856905900174
121,50370827.74944786,650.9023054523932,945.3482466955415,0.0,transmision_moderada,0.135,32.54511527261966
122,50370739.88042119,686.6991476845279,997.420431131733,0.0,transmision_moderada,0.135,34.3349573842264
123,50370647.17913567,724.4645013877463,1052.3563629464952,0.0,transmision_moderada,0.135,36.22322506938732
124,50370549.37987785,764.3065991024654,1110.3135230575149,0.0,transmision_moderada,0.135,38.21532995512327
125,50370446.20232689,806.3396221364122,1171.4580509857121,0.0,transmision_moderada,0.135,40.31698110682061
126,50370337.35075196,850.6840272922808,1235.965220756625,0.0,transmision_moderada,0.135,42.53420136461404
127,50370222.513165556,897.4668915140542,1304.0199429400075,0.0,transmision_moderada,0.135,44.87334457570271
128,50370101.360430315,946.8222754317156,1375.8172942611318,0.0,transmision_moderada,0.135,47.34111377158578
129,50369973.545316875,998.8916068373056,1451.5630762956691,0.0,transmision_moderada,0.135,49.94458034186528
130,50369838.70150998,1053.8240851813616,1531.4744048426535,0.0,transmision_moderada,0.135,52.69120425906809
131,50369696.442560114,1111.7771082378665,1615.7803316571624,0.0,transmision_moderada,0.135,55.58885541189333
132,50369546.36077754,1172.9167221480732,1704.7225003161916,0.0,transmision_moderada,0.135,58.64583610740366
133,50369388.0260658,1237.4180961191396,1798.5558380880375,0.0,transmision_moderada,0.135,61.87090480595698
134,50369220.984691106,1305.4660231225669,1897.5492857775687,0.0,transmision_moderada,0.135,65.27330115612834
135,50369044.75798437,1377.2554480101614,2001.986567627374,0.0,transmision_moderada,0.135,68.86277240050808
136,50368858.840972,1452.9920245418368,2112.167003468187,0.0,transmision_moderada,0.135,72.64960122709185
137,50368662.700931676,1532.8927029002102,2228.406365431534,0.0,transmision_moderada,0.135,76.64463514501051
138,50368455.77586899,1617.1863493518658,2351.037781663551,0.0,transmision_moderada,0.135,80.8593174675933
139,50368237.47291059,1706.1143998045322,2480.4126896117004,0.0,transmision_moderada,0.135,85.30571999022662
140,50368007.16660931,1799.9315491035156,2616.901841596063,0.0,transmision_moderada,0.135,89.99657745517578
141,50367764.197156474,1898.906478009746,2760.896365524344,0.0,transmision_moderada,0.135,94.94532390048731
142,50367507.868496336,2003.322619905998,2912.808883765124,0.0,transmision_moderada,0.135,100.16613099529991
143,50367237.44633726,2113.4789693874795,3073.074693357604,0.0,transmision_moderada,0.135,105.67394846937398
144,50366952.15605409,2229.6909350083256,3242.153010908602,0.0,transmision_moderada,0.135,111.48454675041629
145,50366651.18047572,2352.291238576838,3420.528285709268,0.0,transmision_moderada,0.135,117.61456192884191
146,50366333.65755169,2481.630863519898,3608.711584795415,0.0,transmision_moderada,0.135,124.08154317599491
147,50365998.67789116,2618.0800549711084,3807.242053877007,0.0,transmision_moderada,0.135,130.90400274855543
148,50365645.28216735,2762.0293743782518,4016.6884582746957,0.0,transmision_moderada,0.135,138.1014687189126
149,50365272.45838021,2913.890811573838,4237.650808224956,0.0,transmision_moderada,0.135,145.6945405786919
150,50364879.138969444,3074.098957408266,4470.762073150862,0.0,transmision_moderada,0.135,153.70494787041332
151,50364464.19777005,3243.112240208717,4716.689989743523,0.0,transmision_moderada,0.135,162.15561201043587
152,50364026.44680154,3421.4142294987396,4976.13896896022,0.0,transmision_moderada,0.135,171.07071147493699
153,50363564.63288209,3609.5150105938897,5249.852107320119,0.0,transmision_moderada,0.135,180.4757505296945
154,50363077.43405796,3807.9526338781984,5538.613308167631,0.0,transmision_moderada,0.135,190.39763169390994
155,50362563.45583836,4017.2946427649667,5843.249518877887,0.0,transmision_moderada,0.135,200.86473213824834
156,50362021.22722515,4238.139684553881,6164.633090299084,0.0,transmision_moderada,0.135,211.90698422769407
157,50361449.19652632,4471.119208615092,6503.684265063394,0.0,transmision_moderada,0.135,223.55596043075462
158,50360845.72694168,4716.89925656009,6861.373801752602,0.0,transmision_moderada,0.135,235.84496282800453
159,50360209.09190842,4976.182349299417,7238.725742277409,0.0,transmision_moderada,0.135,248.80911746497088
160,50359537.47019363,5249.709476138828,7636.820330221362,0.0,transmision_moderada,0.135,262.4854738069414
161,50358828.94072035,5538.262191328935,8056.797088312469,0.0,transmision_moderada,0.135,276.91310956644674
162,50358081.47711261,5842.664823759048,8499.858063618783,0.0,transmision_moderada,0.135,292.1332411879524
163,50357292.941944696,6163.7868057742635,8967.271249519508,0.0,transmision_moderada,0.135,308.1893402887132
164,50356461.08067861,6502.545127396305,9460.37419398145,0.0,transmision_moderada,0.135,325.1272563698153
165,50355583.51527327,6859.906922543581,9980.577804173154,0.0,transmision_moderada,0.135,342.99534612717906
166,50354657.737447836,7236.89219417479,10529.37035797664,0.0,transmision_moderada,0.135,361.84460970873954
167,50353681.10158085,7634.576685623598,11108.321733510624,0.0,transmision_moderada,0.135,381.7288342811799
168,50352650.81722587,8054.094905749686,11719.087868360511,0.0,transmision_moderada,0.135,402.70474528748434
169,50351563.94122326,8496.643315904388,12363.415460820486,0.0,transmision_moderada,0.135,424.83216579521945
170,50350417.36938679,8963.483687097187,13043.146926092837,0.0,transmision_moderada,0.135,448.17418435485934
171,50349207.82774277,9455.946636153123,13760.225621060612,0.0,transmision_moderada,0.135,472.7973318076562
172,50347931.86329796,9975.435350070637,14516.701351952863,0.0,transmision_moderada,0.135,498.77176750353186
173,50346585.8343118,10523.429508224797,15314.736179958514,0.0,transmision_moderada,0.135,526.1714754112398
174,50345165.900046855,11101.489412512408,16156.610540616497,0.0,transmision_moderada,0.135,555.0744706256204
175,50343668.00997037,11711.260336002957,17044.72969361749,0.0,transmision_moderada,0.135,585.5630168001479
176,50342087.892378345,12354.477101142891,17981.630520497725,0.0,transmision_moderada,0.135,617.7238550571446
177,50340421.04241233,13032.968899059944,18969.988688589157,0.0,transmision_moderada,0.135,651.6484449529972
178,50338662.70943744,13748.664362028938,20012.626200513954,0.0,transmision_moderada,0.135,687.433218101447
179,50336807.883748814,14503.596901690105,21112.519349476268,0.0,transmision_moderada,0.135,725.1798450845054
180,50334851.28257222,15299.91032615503,22272.807101611477,0.0,transmision_moderada,0.135,764.9955163077516
181,50332787.33532259,16139.864749692704,23496.79992770388,0.0,transmision_moderada,0.135,806.9932374846353
182,50330610.16808305,17025.84280925822,24787.989107679296,0.0,transmision_moderada,0.135,851.2921404629111
183,50328313.58726486,17960.356202707648,26150.056532419952,0.0,transmision_moderada,0.135,898.0178101353824
184,50325891.06240722,18946.052564133275,27586.885028636563,0.0,transmision_moderada,0.135,947.3026282066638
185,50323335.70807387,19985.72269235182,29102.569233767226,0.0,transmision_moderada,0.135,999.2861346175911
186,50320640.26480165,21082.30814918179,30701.427049155373,0.0,transmision_moderada,0.135,1054.1154074590895
187,50317797.07905415,22238.909244752685,32388.011701089916,0.0,transmision_moderada,0.135,1111.9454622376343
188,50314798.082131624,23458.793427694814,34167.12444067013,0.0,transmision_moderada,0.135,1172.9396713847407
189,50311634.76798645,24745.404098660365,36043.82791488572,0.0,transmision_moderada,0.135,1237.2702049330182
190,50308298.16989099,26102.369866220215,38023.46024277855,0.0,transmision_moderada,0.135,1305.1184933110108
191,50304778.83590315,27533.514264761438,40111.64983207617,0.0,transmision_moderada,0.135,1376.675713238072
192,50301066.80307216,29042.86595457236,42314.330973257085,0.0,transmision_moderada,0.135,1452.143297728618
193,50297151.57032553,30634.669424838696,44637.76024962287,0.0,transmision_moderada,0.135,1531.733471241935
194,50293022.06997561,32313.396220778584,47088.53380360997,0.0,transmision_moderada,0.135,1615.6698110389293
195,50288666.63778211,34083.756716607924,49673.60550127226,0.0,transmision_moderada,0.135,1704.1878358303964
196,50284072.98150495,35950.71245644084,52400.30603860089,0.0,transmision_moderada,0.135,1797.535622822042
197,50279228.14787929,37919.48908558281,55276.363035116156,0.0,transmision_moderada,0.135,1895.9744542791407
198,50274118.48794307,39995.58989495407,58309.92216196278,0.0,transmision_moderada,0.135,1999.7794947477037
199,50268729.62064485,42184.81000157439,61509.569353559105,0.0,transmision_moderada,0.135,2109.24050007872
200,50263046.39465817,44493.25118813317,64884.35415368505,0.0,transmision_moderada,0.135,2224.6625594066586
201,50257052.84832661,46927.337424642275,68443.81424873571,0.0,transmision_moderada,0.135,2346.3668712321137
202,50250732.16766227,49493.83109500626,72198.00124270709,0.0,transmision_moderada,0.135,2474.691554750313
203,50244066.64231865,52199.849951022356,76157.5077303076,0.0,transmision_moderada,0.135,2609.992497551118
204,50237037.619457774,55052.884815818914,80333.49572638939,0.0,transmision_moderada,0.135,2752.644240790946
205,50229625.4554303,58060.81805802835,84737.7265116549,0.0,transmision_moderada,0.135,2903.0409029014177
206,50221809.46518665,61231.942857040776,89382.59195629717,0.0,transmision_moderada,0.135,3061.597142852039
207,50213567.869336665,64574.98327846445,94281.14738486044,0.0,transmision_moderada,0.135,3228.749163923223
208,50204877.738775454,68099.11517739379,99447.14604713759,0.0,transmision_moderada,0.135,3404.95575886969
209,50195714.93679344,71813.98794521487,104895.0752613291,0.0,transmision_moderada,0.135,3590.699397260744
210,50186054.058589615,75729.74711341936,110640.19429694628,0.0,transmision_moderada,0.135,3786.487355670968
211,50175868.36810876,79857.0578252019,116698.57406601984,0.0,transmision_moderada,0.135,3992.8528912600955
212,50165129.73212551,84207.12918243207,123087.13869203598,0.0,transmision_moderada,0.135,4210.356459121604
213,50153808.55150149,88791.73947186078,129823.70902663055,0.0,transmision_moderada,0.135,4439.586973593039
214,50141873.68954552,93623.26227008167,136927.0481843794,0.0,transmision_moderada,0.135,4681.163113504083
215,50129292.39741225,98714.69342175027,144416.90916598594,0.0,transmision_moderada,0.135,4935.734671087514
216,50116030.23648047,104079.6788797946,152314.08463972597,0.0,transmision_moderada,0.135,5203.9839439897305
217,50102050.99766013,109732.54338974853,160640.45895010955,0.0,transmision_moderada,0.135,5486.627169487427
218,50087316.61758588,115688.31999281677,169419.06242128942,0.0,transmision_moderada,0.135,5784.415999640839
219,50071787.09166553,121962.78031374358,178674.12802071476,0.0,transmision_moderada,0.135,6098.139015687179
220,50055420.38396427,128572.46558990424,188431.15044581424,0.0,transmision_moderada,0.135,6428.623279495212
221,50038172.33391982,135534.7183871615,198716.94769300657,0.0,transmision_moderada,0.135,6776.735919358075
222,50019996.5599002,142867.71493581132,209559.72516397948,0.0,transmision_moderada,0.135,7143.385746790566
223,50000844.35963488,150590.49800626145,220989.1423588444,0.0,transmision_moderada,0.135,7529.524900313073
224,49980664.60757183,158723.0102288116,233036.38219934533,0.0,transmision_moderada,0.135,7936.15051144058
225,49959403.64923744,167286.12774489826,245734.22301765025,0.0,transmision_moderada,0.135,8364.306387244913
226,49937005.192704454,176301.69405828786,259117.1132372421,0.0,transmision_moderada,0.135,8815.084702914393
227,49913410.19730428,185792.5539337991,273221.2487619051,0.0,transmision_moderada,0.135,9289.627696689955
228,49888556.75975531,195782.58716805722,288084.6530766091,0.0,transmision_moderada,0.135,9789.12935840286
229,49862379.99791855,206296.74203137125,303747.26005005365,0.0,transmision_moderada,0.135,10314.837101568563
230,49834811.93243549,217361.06815192447,320250.99941256334,0.0,transmision_moderada,0.135,10868.053407596224
231,49805781.36655234,229002.74858291922,337639.8848647173,0.0,transmision_moderada,0.135,11450.137429145962
232,49775213.76448865,241250.13075996953,355960.1047513508,0.0,transmision_moderada,0.135,12062.506537998477
233,49743031.12876809,254132.7560197385,375260.1152121484,0.0,transmision_moderada,0.135,12706.637800986926
234,49709151.8769948,267681.3873114408,395590.7356937275,0.0,transmision_moderada,0.135,13384.069365572039
235,49673490.71863108,281928.034690251,417005.24667864275,0.0,transmision_moderada,0.135,14096.40173451255
236,49635958.53241033,296905.9781357812,439559.4894538628,0.0,transmision_moderada,0.135,14845.29890678906
237,49596462.245105706,312649.7871895413,463311.96770472534,0.0,transmision_moderada,0.135,15632.489359477067
238,49554904.71246744,329195.33685264585,488323.95067988866,0.0,transmision_moderada,0.135,16459.766842632293
239,49511184.60324289,346579.8191289853,514659.57762810035,0.0,transmision_moderada,0.135,17328.990956449266
240,49465196.287301846,364841.74953971093,542385.9631584191,0.0,transmision_moderada,0.135,18242.087476985547
241,49416829.72900606,384020.967872317,571573.303121596,0.0,transmision_moderada,0.135,19201.048393615853
242,49365970.38708653,404158.6323620597,602294.9805513814,0.0,transmision_moderada,0.135,20207.931618102986
243,49312499.122424394,425297.2064352355,634627.6711403461,0.0,transmision_moderada,0.135,21264.86032176178
244,49256292.11527144,447480.43707336724,668651.447655165,0.0,transmision_moderada,0.135,22374.021853668364
245,49197220.79359377,470753.323785167,704449.8826210344,0.0,transmision_moderada,0.135,23537.66618925835
246,49135151.77437618,495162.0770999497,742110.1485238478,0.0,transmision_moderada,0.135,24758.103854997487
247,49069946.819885306,520754.0654228253,781723.1146918437,0.0,transmision_moderada,0.135,26037.703271141265
248,49001462.81105475,547577.7490195553,823383.4399256698,0.0,transmision_moderada,0.135,27378.887450977767
249,48929551.740324065,575682.5998286803,867189.6598472343,0.0,transmision_moderada,0.135,28784.129991434016
250,48854060.72643453,605119.0057319185,913244.2678335287,0.0,transmision_moderada,0.135,30255.950286595926
251,48774832.05385525,635938.1578526482,961653.7882920821,0.0,transmision_moderada,0.135,31796.90789263241
252,48691703.23968112,668191.9193985693,1012528.8409202939,0.0,transmision_moderada,0.135,33409.595969928465
253,48604507.13100708,701932.6745207191,1065984.1944721795,0.0,transmision_moderada,0.135,35096.63372603596
254,48513072.035936594,737213.1556295496,1122138.808433837,0.0,transmision_moderada,0.135,36860.65778147749
255,48417221.89152303,774086.2475927447,1181115.860884201,0.0,transmision_moderada,0.135,38704.31237963723
256,48316776.47206619,812604.7672421699,1243042.7606916206,0.0,transmision_moderada,0.135,40630.2383621085
257,48211551.64128652,852821.2166424639,1308051.1420709942,0.0,transmision_moderada,0.135,42641.0608321232
258,48101359.651972346,894787.5086252459,1376276.8394023913,0.0,transmision_moderada,0.135,44739.3754312623
259,47986009.49673256,938554.663175009,1447859.840092411,0.0,transmision_moderada,0.135,46927.73315875045
260,47865307.31348359,984172.4733699822,1522944.2131464118,0.0,transmision_moderada,0.135,49208.623668499116
261,47739056.849245675,1031689.1397382955,1601678.0110160103,0.0,transmision_moderada,0.135,51584.456986914774
262,47607059.98571342,1081150.872091482,1684213.142195074,0.0,transmision_moderada,0.135,54057.5436045741
263,47469117.32988906,1132601.4581485258,1770705.2119623926,0.0,transmision_moderada,0.135,56630.07290742629
264,47325028.87281668,1186081.79856902,1861313.3286142745,0.0,transmision_moderada,0.135,59304.089928450994
265,47174594.71912223,1241629.4083779515,1956199.872499796,0.0,transmision_moderada,0.135,62081.470418897574
266,47017615.88963881,1299277.8851911328,2055530.2251700321,0.0,transmision_moderada,0.135,64963.89425955664
267,46853895.19887206,1359056.3451425908,2159472.4559853226,0.0,transmision_moderada,0.135,67952.81725712954
268,46683238.20842763,1420988.8279756152,2268196.96359673,0.0,transmision_moderada,0.135,71049.44139878076
269,46505454.2567765,1485093.6733887016,2381876.069834779,0.0,transmision_moderada,0.135,74254.68366943508
270,46320357.564868264,1551382.8714258382,2500683.563705875,0.0,transmision_moderada,0.135,77569.14357129192
271,46127768.416114934,1619861.3904650984,2624794.193419942,0.0,transmision_moderada,0.135,80993.06952325493
272,45927514.408157066,1690526.4871857625,2754383.10465715,0.0,transmision_moderada,0.135,84526.32435928813
273,45719431.7725929,1763367.0037750618,2889625.2236320106,0.0,transmision_moderada,0.135,88168.3501887531
274,45503366.75750482,1838362.6585611394,3030694.5839340156,0.0,transmision_moderada,0.135,91918.13292805698
275,45279177.06616528,1915483.3372157842,3177763.5966189066,0.0,transmision_moderada,0.135,95774.16686078922
276,45046733.343761414,1994688.392642394,3331002.263596169,0.0,transmision_moderada,0.135,99734.41963211971
277,44805920.70236103,2075925.9626313811,3490577.335007561,0.0,transmision_moderada,0.135,103796.29813156906
278,44556640.2726787,2159132.3153032027,3656651.4120180714,0.0,transmision_moderada,0.135,107956.61576516014
279,44298810.7695164,2244231.23324125,3829381.997242328,0.0,transmision_moderada,0.135,112211.5616620625
280,44032370.05608571,2331133.4480126356,4008920.495901628,0.0,transmision_moderada,0.135,116556.67240063178
281,43757276.690806,2419736.137451337,4195411.171742639,0.0,transmision_moderada,0.135,120986.80687256687
282,43473511.438661255,2509922.4985999763,4388990.0627387455,0.0,transmision_moderada,0.135,125496.12492999883
283,43181078.727835976,2601561.4095372567,4589783.8626267435,0.0,transmision_moderada,0.135,130078.07047686283
284,42880008.03118911,2694507.193421142,4797908.775389724,0.0,transmision_moderada,0.135,134725.35967105711
285,42570355.15121872,2788599.4979178365,5013469.350863416,0.0,transmision_moderada,0.135,139429.97489589182
286,42252203.386572294,2883663.302730832,5236557.310696843,0.0,transmision_moderada,0.135,144183.1651365416
287,41925664.55792021,2979509.067164447,5467250.374915309,0.0,transmision_moderada,0.135,148975.45335822235
288,41590879.871181205,3075933.028530299,5705611.100288465,0.0,transmision_moderada,0.135,153796.65142651496
289,41248020.59671013,3172717.660718949,5951685.742570888,0.0,transmision_moderada,0.135,158635.88303594745
290,40897288.5441633,3269632.3004082586,6205503.155428404,0.0,transmision_moderada,0.135,163481.61502041295
291,40538916.314367086,3366433.9461718104,6467073.739461064,0.0,transmision_moderada,0.135,168321.69730859052
292,40173167.311640315,3462868.233204835,6736388.455154809,0.0,transmision_moderada,0.135,173143.41166024178
293,39800335.502654016,3558670.583534746,7013417.913811196,0.0,transmision_moderada,0.135,177933.5291767373
294,39420744.911030024,3653567.52847596,7298111.560493975,0.0,transmision_moderada,0.135,182678.376423798
295,39034748.840442635,3747278.196785272,7590396.962772052,0.0,transmision_moderada,0.135,187363.90983926362
296,38642728.822936326,3839515.9585487605,7890179.218514874,0.0,transmision_moderada,0.135,191975.79792743805
297,38245093.29343178,3929990.2113694036,8197340.495198774,0.0,transmision_moderada,0.135,196499.5105684702
298,37842275.99587086,4018408.2920207754,8511739.712108327,0.0,transmision_moderada,0.135,200920.4146010388
299,37434734.13104317,4104477.4934867965,8833212.375469988,0.0,transmision_moderada,0.135,205223.87467433984
300,37022946.26072753,4187907.164323492,9161570.574948931,0.0,transmision_moderada,0.135,209395.35821617462
301,36607409.98724773,4268410.864657418,9496603.14809481,0.0,transmision_moderada,0.135,213420.5432328709
302,36188639.431760214,4345708.550972336,9838076.017267404,0.0,transmision_moderada,0.135,217285.4275486168
303,35767162.53843861,4419528.7602161495,10185732.70134519,0.0,transmision_moderada,0.135,220976.4380108075
304,35343518.235082395,4489610.762755074,10539295.002162483,0.0,transmision_moderada,0.135,224480.5381377537
305,34918253.4834526,4555706.65336446,10898463.86318289,0.0,transmision_moderada,0.135,227785.332668223
306,34491920.25474024,4617583.349807669,11262920.395452047,0.0,transmision_moderada,0.135,230879.1674903835
307,34065072.46693853,4675024.469624763,11632327.06343666,0.0,transmision_moderada,0.135,233751.22348123818
308,33638262.92147702,4727832.0575162945,12006329.021006642,0.0,transmision_moderada,0.135,236391.60287581474
309,33212040.276267245,4775828.138124765,12384555.585607946,0.0,transmision_moderada,0.135,238791.40690623826
310,32786946.091316953,4818856.0720250765,12766621.836657926,0.0,transmision_moderada,0.135,240942.80360125384
311,32363511.981327217,4856781.696252808,13152130.322419932,0.0,transmision_moderada,0.135,242839.08481264042
312,31942256.90725445,4889494.234625349,13540672.858120156,0.0,transmision_moderada,0.135,244474.71173126745
313,31523684.63577696,4916906.96733281,13931832.396890184,0.0,transmision_moderada,0.135,245845.3483666405
314,31108281.39205132,4938957.653671825,14325184.95427681,0.0,transmision_moderada,0.135,246947.88268359128
315,30696513.727188308,4955608.706241092,14720301.566570556,0.0,transmision_moderada,0.135,247780.4353120546
316,30288826.617640235,4966847.119289878,15116750.263069844,0.0,transmision_moderada,0.135,248342.3559644939
317,29885641.809293766,4972684.158093157,15514098.032613033,0.0,transmision_moderada,0.135,248634.20790465787
318,29487356.414625537,4973154.820113935,15911912.765260486,0.0,transmision_moderada,0.135,248657.74100569673
319,29094341.766917005,4968317.08221335,16309765.1508696,0.0,transmision_moderada,0.135,248415.85411066748
320,28706942.531345095,4958250.951208192,16707230.517446669,0.0,transmision_moderada,0.135,247912.5475604096
321,28325476.068858333,4943057.3375983,17103890.593543325,0.0,transmision_moderada,0.135,247152.866879915
322,27950232.045191273,4922856.774257497,17499335.18055119,0.0,transmision_moderada,0.135,246142.83871287486
323,27581472.274222642,4897788.003285527,17893163.72249179,0.0,transmision_moderada,0.135,244889.40016427636
324,27219430.782187607,4868006.45505772,18284986.76275463,0.0,transmision_moderada,0.135,243400.322752886
325,26864314.07703674,4833682.643803973,18674427.279159248,0.0,transmision_moderada,0.135,241684.13219019864
326,26516301.605502658,4795000.503833735,19061121.890663564,0.0,transmision_moderada,0.135,239750.0251916868
327,26175546.37918367,4752155.689846024,19444721.930970263,0.0,transmision_moderada,0.135,237607.7844923012
328,25842175.75016272,4705353.863679291,19824894.386157945,0.0,transmision_moderada,0.135,235267.69318396455
329,25516292.31631988,4654808.988427788,20201322.695252288,0.0,transmision_moderada,0.135,232740.4494213894
330,25197974.936528444,4600741.649144999,20573707.41432651,0.0,transmision_moderada,0.135,230037.08245724996
331,24887279.836304147,4543377.417437695,20941766.74625811,0.0,transmision_moderada,0.135,227168.87087188475
332,24584241.785155132,4482945.275191693,21305236.939653125,0.0,transmision_moderada,0.135,224147.26375958463
333,24288875.327807046,4419676.110524444,21663872.56166846,0.0,transmision_moderada,0.135,220983.80552622222
334,24001176.05260232,4353801.296887213,22017446.650510415,0.0,transmision_moderada,0.135,217690.0648443607
335,23721121.881647073,4285551.364091483,22365750.754261393,0.0,transmision_moderada,0.135,214277.56820457417
336,23448674.36865691,4215154.767954324,22708594.863388713,0.0,transmision_moderada,0.135,210757.73839771622
337,23183779.99189277,4142836.76328212,23045807.244825058,0.0,transmision_moderada,0.135,207141.838164106
338,22926371.431042,4068818.383070321,23377234.185887627,0.0,transmision_moderada,0.135,203440.91915351606
339,22676368.81835609,3993315.5251106056,23702739.656533252,0.0,transmision_moderada,0.135,199665.7762555303
340,22433680.95577697,3916538.1456808774,24022204.898542102,0.0,transmision_moderada,0.135,195826.90728404387
341,22198206.491146676,3838689.5586567027,24335527.95019657,0.0,transmision_moderada,0.135,191934.47793283514
342,21969835.04788253,3759965.837228312,24642623.114889108,0.0,transmision_moderada,0.135,187998.2918614156
343,21748448.303698983,3680555.3144335956,24943420.38186737,0.0,transmision_moderada,0.135,184027.76572167978
344,21533921.01505874,3600638.1779191485,25237864.807022057,0.0,transmision_moderada,0.135,180031.90889595743
345,21326121.98503468,3520386.153709676,25525915.86125559,0.0,transmision_moderada,0.135,176019.30768548383
346,21124914.97315772,3439962.2732898635,25807546.753552362,0.0,transmision_moderada,0.135,171998.1136644932
347,20930159.546615094,3359520.7179693007,26082743.73541555,0.0,transmision_moderada,0.135,167976.03589846505
348,20741711.872850582,3279206.7342962674,26351505.392853096,0.0,transmision_moderada,0.135,163960.33671481337
349,20559425.454207547,3199156.6141955997,26613841.931596797,0.0,transmision_moderada,0.135,159957.83070977998
350,20383151.805752687,3119497.73351481,26869774.460732445,0.0,transmision_moderada,0.135,155974.8866757405
351,20212741.07782959,3040348.6427567257,27119334.27941363,0.0,transmision_moderada,0.135,152017.4321378363
352,20048042.62522345,2961819.203942325,27362562.17083417,0.0,transmision_moderada,0.135,148090.96019711625
353,19888905.52507926,2884010.767771128,27599507.707149554,0.0,transmision_moderada,0.135,144200.53838855642
354,19735179.045912325,2807016.385516373,27830228.568571243,0.0,transmision_moderada,0.135,140350.81927581865
355,19586713.07019014,2730921.0503972494,28054789.879412554,0.0,transmision_moderada,0.135,136546.05251986248
356,19443358.473054834,2655801.963500777,28273263.563444335,0.0,transmision_moderada,0.135,132790.09817503885
357,19304967.45980279,2581728.819672756,28485727.720524397,0.0,transmision_moderada,0.135,129086.4409836378
358,19171393.864748772,2508764.109152955,28692266.026098218,0.0,transmision_moderada,0.135,125438.20545764775
359,19042493.4140817,2436963.4310877896,28892967.154830456,0.0,transmision_moderada,0.135,121848.17155438948
360,18918123.955273755,2366375.8154087123,29087924.22931748,0.0,transmision_moderada,0.135,118318.79077043562
361,18798145.655537978,2297044.0499117924,29277234.294550177,0.0,transmision_moderada,0.135,114852.20249558962
362,18682421.171746947,2229005.009709879,29460997.81854312,0.0,transmision_moderada,0.135,111450.25048549395
363,18570815.79412962,2162289.986550415,29639318.21931991,0.0,transmision_moderada,0.135,108114.49932752075
364,18463197.565958746,2096925.0157972563,29812301.418243945,0.0,transmision_moderada,0.135,104846.25078986282
0,50372423.0,1.0,0.0,0.0,transmision_alta,0.207,0.05
1,50372422.793000005,1.1269999958906087,0.08,0.0,transmision_alta,0.207,0.05634999979453044
2,50372422.55971101,1.2701289897787564,0.1701599996712487,0.0,transmision_alta,0.207,0.06350644948893783
3,50372422.29679432,1.431435363963132,0.2717703188535492,0.0,transmision_alta,0.207,0.07157176819815661
4,50372422.00048721,1.6132276451676353,0.38628514797059976,0.0,transmision_alta,0.207,0.08066138225838176
5,50372421.6665491,1.8181075428483877,0.5153433595840106,0.0,transmision_alta,0.207,0.09090537714241939
6,50372421.29020086,2.049007183356186,0.6607919630118816,0.0,transmision_alta,0.207,0.1024503591678093
7,50372420.8660564,2.3092310728254457,0.8247125376803764,0.0,transmision_alta,0.207,0.1154615536412723
8,50372420.388045594,2.602503389334613,1.009451023506412,0.0,transmision_alta,0.207,0.13012516946673067
9,50372419.84932743,2.9330212811513228,1.217651294653181,0.0,transmision_alta,0.207,0.14665106405756614
10,50372419.242192075,3.305514933829766,1.452292997145287,0.0,transmision_alta,0.207,0.1652757466914883
11,50372418.55795055,3.7253152657977284,1.716734191851668,0.0,transmision_alta,0.207,0.18626576328988642
12,50372417.786810376,4.198430221242913,2.0147594131154865,0.0,transmision_alta,0.207,0.20992151106214565
13,50372416.91773543,4.731630752144649,2.3506338308149193,0.0,transmision_alta,0.207,0.23658153760723244
14,50372415.938288,5.332547719958601,2.7291642909864913,0.0,transmision_alta,0.207,0.26662738599793007
15,50372414.8344508,6.0097811037328155,3.1557681085831795,0.0,transmision_alta,0.207,0.3004890551866408
16,50372413.59042634,6.773023077549512,3.6365505968818046,0.0,transmision_alta,0.207,0.33865115387747563
17,50372412.188410856,7.633196718668615,4.178392443085766,0.0,transmision_alta,0.207,0.3816598359334308
18,50372410.6083395,8.602612331436058,4.789048180579255,0.0,transmision_alta,0.207,0.4301306165718029
19,50372408.82759923,9.69514362411315,5.477257167094139,0.0,transmision_alta,0.207,0.48475718120565753
20,50372406.8207051,10.926426259889798,6.252868657023191,0.0,transmision_alta,0.207,0.5463213129944899
21,50372404.558935635,12.314081623528955,7.126982757814375,0.0,transmision_alta,0.207,0.6157040811764478
22,50372402.00992172,13.87796900593357,8.112109287696692,0.0,transmision_alta,0.207,0.6938984502966785
23,50372399.13718339,15.640469815592862,9.222346808171377,0.0,transmision_alta,0.207,0.7820234907796432
24,50372395.89960774,17.62680788417006,10.473584393418806,0.0,transmision_alta,0.207,0.881340394208503
25,50372392.25086054,19.865410449995082,11.88372902415241,0.0,transmision_alta,0.207,0.9932705224997541
26,50372388.13872317,22.38831498531157,13.472961860152017,0.0,transmision_alta,0.207,1.1194157492655785
27,50372383.50434527,25.231627689124526,15.264027058976943,0.0,transmision_alta,0.207,1.2615813844562265
28,50372378.281402536,28.436040206785336,17.282557274106907,0.0,transmision_alta,0.207,1.4218020103392668
29,50372372.395147555,32.04741197060879,19.557440490649732,0.0,transmision_alta,0.207,1.6023705985304397
30,50372365.761340074,36.11742649475673,22.121233448298437,0.0,transmision_alta,0.207,1.8058713247378364
31,50372358.28504144,40.7043310157718,25.010627567878974,0.0,transmision_alta,0.207,2.03521655078859
32,50372349.85925591,45.87377006263219,28.266974049140718,0.0,transmision_alta,0.207,2.2936885031316097
33,50372340.36339948,51.69972488407232,31.936875654151294,0.0,transmision_alta,0.207,2.5849862442036162
34,50372329.6615742,58.265572175385834,36.07285364487708,0.0,transmision_alta,0.207,2.913278608769292
35,50372317.60062335,65.66527725364128,40.734099418907945,0.0,transmision_alta,0.207,3.2832638626820643
36,50372304.00793967,74.00473875358651,45.98732159919925,0.0,transmision_alta,0.207,3.7002369376793256
37,50372288.688995235,83.40330408397517,51.90770069948617,0.0,transmision_alta,0.207,4.170165204198759
38,50372271.42455766,93.9954773265778,58.579965026204185,0.0,transmision_alta,0.207,4.69977386632889
39,50372251.96755279,105.93284401262277,66.09960321233041,0.0,transmision_alta,0.207,5.296642200631139
40,50372230.039528966,119.38624031314599,74.57423073334023,0.0,transmision_alta,0.207,5.9693120156573
41,50372205.32667238,134.54819767498228,84.12512995839191,0.0,transmision_alta,0.207,6.7274098837491145
42,50372177.47531637,151.63569787277513,94.8889857723905,0.0,transmision_alta,0.207,7.581784893638757
43,50372146.08688053,170.8932778855892,107.01984160221251,0.0,transmision_alta,0.207,8.544663894279461
44,50372110.71216717,192.59652900775018,120.69130383305965,0.0,transmision_alta,0.207,9.62982645038751
45,50372070.84493362,217.05604023867028,136.09902615367966,0.0,transmision_alta,0.207,10.852802011933514
46,50372025.914648294,244.6218423458928,153.46350937277327,0.0,transmision_alta,0.207,12.23109211729464
47,50371975.2783271,275.6884161497689,173.0332567604447,0.0,transmision_alta,0.207,13.784420807488445
48,50371918.21133332,310.700336638813,195.0883300524262,0.0,transmision_alta,0.207,15.53501683194065
49,50371853.89700942,350.1586336064076,219.94435698353124,0.0,transmision_alta,0.207,17.50793168032038
50,50371781.4149926,394.6279597310877,247.95704767204384,0.0,transmision_alta,0.207,19.731397986554384
51,50371699.728047006,444.7446685492331,279.52728445053083,0.0,transmision_alta,0.207,22.237233427461657
52,50371607.66722432,501.2259177539353,315.1068579344695,0.0,transmision_alta,0.207,25.061295887696765
53,50371503.91514077,564.8799278807882,355.2049313547843,0.0,transmision_alta,0.207,28.24399639403941
54,50371386.987131506,636.6175429170249,400.3953255852474,0.0,transmision_alta,0.207,31.830877145851247
55,50371255.21001306,717.4652579271499,451.3247290186094,0.0,transmision_alta,0.207,35.873262896357495
56,50371106.698150665,808.5798996872281,508.7219496527814,0.0,transmision_alta,0.207,40.42899498436141
57,50370939.326488525,911.2651698548727,573.4083416277597,0.0,transmision_alta,0.207,45.56325849274364
58,50370750.70015809,1026.9902867025191,646.3095552161495,0.0,transmision_alta,0.207,51.34951433512596
59,50370538.12023058,1157.4109912781666,728.4687781523511,0.0,transmision_alta,0.207,57.870549563908334
60,50370298.545125104,1304.393217446097,821.0616574546044,0.0,transmision_alta,0.207,65.21966087230486
61,50370028.54712209,1470.0397630665082,925.4131148502922,0.0,transmision_alta,0.207,73.50198815332541
62,50369724.26336199,1656.7203421203715,1043.016295895613,0.0,transmision_alta,0.207,82.83601710601857
63,50369381.340631284,1867.1054454599073,1175.5539232652427,0.0,transmision_alta,0.207,93.35527227299536
64,50368994.87314939,2104.204491721676,1324.9223589020353,0.0,transmision_alta,0.207,105.2102245860838
65,50368559.33247126,2371.40881051185,1493.2587182397695,0.0,transmision_alta,0.207,118.5704405255925
66,50368068.48850885,2672.5400680813455,1682.9714230807174,0.0,transmision_alta,0.207,133.62700340406727
67,50367515.32054922,3011.904822266737,1896.774628527225,0.0,transmision_alta,0.207,150.59524111333687
68,50366891.9170062,3394.3559795006813,2137.727014308564,0.0,transmision_alta,0.207,169.71779897503407
69,50366189.362484016,3825.3620233272577,2409.2754926686184,0.0,transmision_alta,0.207,191.2681011663629
70,50365397.61055312,4311.084992353261,2715.304454534799,0.0,transmision_alta,0.207,215.5542496176631
71,50364505.34043877,4858.468307322836,3060.19125392306,0.0,transmision_alta,0.207,242.92341536614182
72,50363499.79559794,5475.335683564528,3448.8687185088866,0.0,transmision_alta,0.207,273.76678417822643
73,50362366.60190869,6170.502518130188,3886.8955731940487,0.0,transmision_alta,0.207,308.5251259065094
74,50361089.56291298,6953.901312396301,4380.535774644463,0.0,transmision_alta,0.207,347.69506561981507
75,50359650.429237604,7836.7228827799645,4936.847879636168,0.0,transmision_alta,0.207,391.83614413899824
76,50358028.63896299,8831.57532676763,5563.785710258565,0.0,transmision_alta,0.207,441.5787663383815
77,50356201.025312535,9952.662951085691,6270.311736399975,0.0,transmision_alta,0.207,497.63314755428456
78,50354141.48759137,11215.987636163984,7066.52477248683,0.0,transmision_alta,0.207,560.7993818081992
79,50351820.620807804,12639.575408838333,7963.803783379949,0.0,transmision_alta,0.207,631.9787704419167
80,50349205.29885749,14243.73132644605,8974.969816087016,0.0,transmision_alta,0.207,712.1865663223025
81,50346258.20553467,16051.32614315396,10114.4683222027,0.0,transmision_alta,0.207,802.566307157698
82,50342937.306949705,18088.118636663665,11398.574413655017,0.0,transmision_alta,0.207,904.4059318331833
83,50339195.25817192,20383.117923508846,12845.62390458811,0.0,transmision_alta,0.207,1019.1558961754423
84,50334978.736074515,22968.990587040487,14476.273338468818,0.0,transmision_alta,0.207,1148.4495293520245
85,50330227.6894279,25882.51798669227,16313.792585432057,0.0,transmision_alta,0.207,1294.1258993346137
86,50324874.49626306,29165.109712598598,18384.394024367437,0.0,transmision_alta,0.207,1458.25548562993
87,50318843.017400876,32863.37979777426,20717.602801375324,0.0,transmision_alta,0.207,1643.168989888713
88,50312047.533813335,37029.79300149107,23346.673185197265,0.0,transmision_alta,0.207,1851.4896500745535
89,50304391.55414336,41723.38923134489,26309.056625316553,0.0,transmision_alta,0.207,2086.1694615672445
90,50295766.477261335,47010.594974861415,29646.927763824144,0.0,transmision_alta,0.207,2350.5297487430707
91,50286050.093179636,52966.1314585724,33407.77536181306,0.0,transmision_alta,0.207,2648.3065729286204
92,50275104.90398779,59674.03013373324,37645.06587849885,0.0,transmision_alta,0.207,2983.7015066866625
93,50262776.24472218,67228.76698863899,42418.98828919751,0.0,transmision_alta,0.207,3361.43834943195
94,50248890.1822651,75736.52808662191,47797.28964828863,0.0,transmision_alta,0.207,3786.8264043310955
95,50233251.168508284,85316.61959651305,53856.21189521838,0.0,transmision_alta,0.207,4265.830979825652
96,50215639.422159225,96103.0363778504,60681.54146293942,0.0,transmision_alta,0.207,4805.15181889252
97,50195808.01177525,108246.20385160211,68369.78437316745,0.0,transmision_alta,0.207,5412.310192580106
98,50173479.61096267,121914.90835605883,77029.48068129562,0.0,transmision_alta,0.207,6095.745417802942
99,50148342.89528832,137298.43136192297,86782.67334978034,0.0,transmision_alta,0.207,6864.921568096149
100,50120048.549463525,154608.90267776098,97766.54785873418,0.0,transmision_alta,0.207,7730.44513388805
101,50088204.85296728,174083.88695979078,110135.26007295506,0.0,transmision_alta,0.207,8704.19434798954
102,50052372.81272101,195989.21624927517,124061.97102973833,0.0,transmision_alta,0.207,9799.460812463758
103,50012060.813023925,220622.07864641375,139741.10832968034,0.0,transmision_alta,0.207,11031.103932320688
104,49966718.7560983,248314.36928032644,157390.87462139345,0.0,transmision_alta,0.207,12415.718464016323
105,49915731.67176906,279436.30406713765,177256.02416381956,0.0,transmision_alta,0.207,13971.815203356884
106,49858412.78261563,314400.28889519285,199610.92848919058,0.0,transmision_alta,0.207,15720.014444759643
107,49793996.022123404,353665.0262758062,224762.951600806,0.0,transmision_alta,0.207,17683.25131379031
108,49721628.01881491,397739.82748224086,253056.1537028705,0.0,transmision_alta,0.207,19886.991374112044
109,49640359.58010884,447189.0799897341,284875.3399014498,0.0,transmision_alta,0.207,22359.45399948671
110,49549136.73696524,502636.79673414933,320650.4663006285,0.0,transmision_alta,0.207,25131.83983670747
111,49446791.44562736,564771.1443332927,360861.41003936046,0.0,transmision_alta,0.207,28238.557216664638
112,49332032.08751924,634348.8108947447,406043.10158602387,0.0,transmision_alta,0.207,31717.440544737237
113,49203433.96426824,712199.0292741728,456791.0064576034,0.0,transmision_alta,0.207,35609.95146370865
114,49059430.05358477,799227.0176157053,513766.92879953724,0.0,transmision_alta,0.207,39961.35088078526
115,48898302.37493059,896416.5348606296,577705.0902087936,0.0,transmision_alta,0.207,44820.82674303148
116,48718174.41280335,1004831.1741990144,649418.412997644,0.0,transmision_alta,0.207,50241.558709950725
117,48517005.16069807,1125613.9323683775,729804.9069335652,0.0,transmision_alta,0.207,56280.69661841888
118,48292585.47996375,1259984.498513226,819854.0215230354,0.0,transmision_alta,0.207,62999.2249256613
119,48042537.61283588,1409233.6057600433,920652.7814040935,0.0,transmision_alta,0.207,70461.68028800217
120,47764318.84354318,1574713.6865919353,1033391.469864897,0.0,transmision_alta,0.207,78735.68432959677
121,47455230.45802039,1757824.9771873695,1159368.5647922517,0.0,transmision_alta,0.207,87891.24885936848
122,47112433.29969346,1959996.13733931,1299994.5629672413,0.0,transmision_alta,0.207,97999.8068669655
123,46732971.33914482,2182658.406900806,1456794.253954386,0.0,transmision_alta,0.207,109132.9203450403
124,46313804.74624912,2427212.3272444424,1631406.9265064506,0.0,transmision_alta,0.207,121360.61636222212
125,45851853.945053816,2694986.1422601882,1825583.912686006,0.0,transmision_alta,0.207,134749.30711300942
126,45344056.008376725,2987185.1875564656,2041182.804066821,0.0,transmision_alta,0.207,149359.2593778233
127,44787434.47002164,3304831.9109070296,2280157.6190713383,0.0,transmision_alta,0.207,165241.5955453515
128,44179183.15522793,3648696.6728281784,2544544.1719439006,0.0,transmision_alta,0.207,182434.83364140894
129,43516763.915934294,4019220.178295562,2836439.9057701547,0.0,transmision_alta,0.207,200961.00891477813
130,42798017.1803318,4416429.299634412,3157977.5200337996,0.0,transmision_alta,0.207,220821.4649817206
131,42021282.98291487,4839849.153080586,3511291.8640045524,0.0,transmision_alta,0.207,241992.45765402933
132,41185528.66489282,5288415.53885619,3898479.7962509994,0.0,transmision_alta,0.207,264420.7769428095
133,40290477.80766472,5760393.152975793,4321553.039359495,0.0,transmision_alta,0.207,288019.65764878964
134,39336733.32544301,6253306.182959446,4782384.491597558,0.0,transmision_alta,0.207,312665.3091479723
135,38325886.199874185,6763888.8138915105,5282648.986234314,0.0,transmision_alta,0.207,338194.44069457555
136,37260600.34385482,7288063.564799552,5823760.091345634,0.0,transmision_alta,0.207,364403.1782399776
137,36144663.81238869,7820955.011081722,6406805.176529598,0.0,transmision_alta,0.207,391047.7505540861
138,34982997.29341306,8356945.129170817,7032481.577416136,0.0,transmision_alta,0.207,417847.2564585409
139,33781612.688835725,8889774.123414485,7701037.187749801,0.0,transmision_alta,0.207,444488.70617072424
140,32547517.66871155,9412687.2136655,8412219.11762296,0.0,transmision_alta,0.207,470634.36068327504
141,31288566.18559165,9918623.719692161,9165234.0947162,0.0,transmision_alta,0.207,495931.1859846081
142,30013259.6895656,10400440.318142837,9958723.992291573,0.0,transmision_alta,0.207,520022.01590714185
143,28730508.614415243,10851156.167841766,10790759.217743,0.0,transmision_alta,0.207,542557.8083920883
144,27449367.929154508,11264204.359675162,11658851.711170342,0.0,transmision_alta,0.207,563210.2179837581
145,26178763.500650782,11633672.439404873,12559988.059944354,0.0,transmision_alta,0.207,581683.6219702436
146,24927227.183814205,11954514.96108906,13490681.855096744,0.0,transmision_alta,0.207,597725.748054453
147,23702657.716328856,12222723.231687283,14447043.051983869,0.0,transmision_alta,0.207,611136.1615843641
148,22512121.755615994,12435441.333865162,15424860.910518851,0.0,transmision_alta,0.207,621772.0666932581
149,21361705.18911707,12591022.593654873,16419696.217228064,0.0,transmision_alta,0.207,629551.1296827437
150,20256419.834500033,12689026.14077952,17426978.024720453,0.0,transmision_alta,0.207,634451.307038976
151,19200165.5663849,12730158.317632291,18442100.115982816,0.0,transmision_alta,0.207,636507.9158816147
152,18195743.43437354,12716167.784233067,19460512.781393398,0.0,transmision_alta,0.207,635808.3892116534
153,17244911.96000648,12649705.835861482,20477806.204132043,0.0,transmision_alta,0.207,632485.2917930741
154,16348476.756965661,12534164.572033381,21489782.67100096,0.0,transmision_alta,0.207,626708.2286016691
155,15506402.904772423,12373505.258463949,22492515.83676363,0.0,transmision_alta,0.207,618675.2629231975
156,14717939.925869782,12172087.816689475,23482396.257440746,0.0,transmision_alta,0.207,608604.3908344738
157,13981750.4613227,11934510.255901398,24456163.282775905,0.0,transmision_alta,0.207,596725.51279507
158,13296035.470415082,11665464.426336905,25410924.103248015,0.0,transmision_alta,0.207,583273.2213168453
159,12658650.683059439,11369612.059585596,26344161.257354967,0.0,transmision_alta,0.207,568480.6029792798
160,12067210.868189935,11051482.909688251,27253730.222121816,0.0,transmision_alta,0.207,552574.1454844126
161,11519180.085350838,10715395.059752287,28137848.854896877,0.0,transmision_alta,0.207,535769.7529876144
162,11011947.377362717,10365396.162960226,28995080.45967706,0.0,transmision_alta,0.207,518269.80814801133
163,10542888.318421036,10005223.528865088,29824312.152713876,0.0,transmision_alta,0.207,500261.1764432544
164,10109413.4764521,9638280.488524817,30624730.035023082,0.0,transmision_alta,0.207,481914.0244262409
165,9709005.227868961,9267626.29802597,31395792.474105068,0.0,transmision_alta,0.207,463381.3149012985
166,9339244.533788877,8895976.888263976,32137202.577947143,0.0,transmision_alta,0.207,444798.8444131988
167,8997829.305687657,8525713.965304077,32848880.72900826,0.0,transmision_alta,0.207,426285.69826520386
168,8682585.905319091,8158900.248448317,33530937.846232586,0.0,transmision_alta,0.207,407945.0124224159
169,8391475.179217903,7797298.95467364,34183649.86610845,0.0,transmision_alta,0.207,389864.94773368206
170,8122594.253155685,7442395.9643619675,34807433.78248234,0.0,transmision_alta,0.207,372119.7982180984
171,7874175.128501371,7095423.411867324,35402825.4596313,0.0,transmision_alta,0.207,354771.17059336626
172,7644580.945043497,6757383.722375812,35970459.332580686,0.0,transmision_alta,0.207,337869.18611879065
173,7432300.612129972,6429073.357499272,36511050.03037075,0.0,transmision_alta,0.207,321453.6678749636
174,7235942.366375774,6111105.734653528,37025375.89897069,0.0,transmision_alta,0.207,305555.2867326764
175,7054226.691140614,5803932.951116405,37514264.35774297,0.0,transmision_alta,0.207,290196.6475558203
176,6885978.930051479,5507866.076116229,37978578.99383228,0.0,transmision_alta,0.207,275393.3038058115
177,6730121.842487376,5223093.8775910335,38419208.279921584,0.0,transmision_alta,0.207,261154.6938795517
178,6585668.281040262,4949699.928830865,38837055.790128864,0.0,transmision_alta,0.207,247484.99644154325
179,6451714.1172075365,4687678.098357121,39233031.78443533,0.0,transmision_alta,0.207,234383.9049178561
180,6327431.499687131,4436946.468008958,39608046.0323039,0.0,transmision_alta,0.207,221847.3234004479
181,6212062.497537664,4197359.752717707,39963001.74974462,0.0,transmision_alta,0.207,209867.98763588537
182,6104913.156273761,3968720.3137641945,40298790.52996203,0.0,transmision_alta,0.207,198436.01568820974
183,6005347.977091328,3750787.867845492,40616288.15506317,0.0,transmision_alta,0.207,187539.39339227462
184,5912784.816516098,3543287.998993083,40916351.18449081,0.0,transmision_alta,0.207,177164.39994965415
185,5826690.1947332565,3345919.580856478,41199814.22441025,0.0,transmision_alta,0.207,167295.9790428239
186,5746574.994787201,3158361.2143340153,41467487.79087877,0.0,transmision_alta,0.207,157918.06071670077
187,5671990.531017677,2980276.7809568183,41720156.6880255,0.0,transmision_alta,0.207,149013.8390478409
188,5602524.962951118,2811320.206546832,41958578.83050204,0.0,transmision_alta,0.207,140566.0103273416
189,5537800.0299469475,2651139.523027256,42183484.44702579,0.0,transmision_alta,0.207,132556.97615136282
190,5477468.0818613665,2499380.3092706567,42395575.60886797,0.0,transmision_alta,0.207,124969.01546353284
191,5421209.381569877,2355688.584820493,42595526.03360963,0.0,transmision_alta,0.207,117784.42924102466
192,5368729.656182634,2219713.223422097,42783981.120395266,0.0,transmision_alta,0.207,110985.66117110486
193,5319757.875042281,2091107.9466886818,42961558.178269036,0.0,transmision_alta,0.207,104555.39733443409
194,5274044.234000094,1969532.9519957744,43128846.81400413,0.0,transmision_alta,0.207,98476.64759978873
195,5231358.326941238,1854656.2228949692,43286409.45016379,0.0,transmision_alta,0.207,92732.81114474847
196,5191487.487015452,1746154.5649891568,43434781.94799539,0.0,transmision_alta,0.207,87307.72824945784
197,5154235.281484724,1643714.4053207522,43574474.31319452,0.0,transmision_alta,0.207,82185.72026603762
198,5119420.145497186,1547032.3888826296,43705971.46562018,0.0,transmision_alta,0.207,77351.61944413149
199,5086874.1414192775,1455815.801849928,43829734.05673079,0.0,transmision_alta,0.207,72790.7900924964
200,5056441.831595956,1369782.8475252548,43946199.32087879,0.0,transmision_alta,0.207,68489.14237626274
201,5027979.253556851,1288662.797762339,44055781.94868081,0.0,transmision_alta,0.207,64433.13988811695
202,5001352.98774364,1212196.039754563,44158874.9725018,0.0,transmision_alta,0.207,60609.801987728155
203,4976439.308802408,1140134.03551543,44255850.65568216,0.0,transmision_alta,0.207,57006.7017757715
204,4953123.412367685,1072239.2091089194,44347061.378523394,0.0,transmision_alta,0.207,53611.96045544597
205,4931298.710066853,1008284.7746810375,44432840.515252106,0.0,transmision_alta,0.207,50414.238734051876
206,4910866.18619994,948054.516573468,44513503.297226585,0.0,transmision_alta,0.207,47402.7258286734
207,4891733.810205889,891342.5312416415,44589347.65855246,0.0,transmision_alta,0.207,44567.12656208208
208,4873815.999617983,837952.9393302163,44660655.06105179,0.0,transmision_alta,0.207,41897.646966510816
209,4857033.1287435265,787699.5750582549,44727691.29619821,0.0,transmision_alta,0.207,39384.97875291275
210,4841311.078781589,740405.6590155322,44790707.262202874,0.0,transmision_alta,0.207,37020.282950776615
211,4826580.825522477,695903.4595534019,44849939.71492412,0.0,transmision_alta,0.207,34795.172977670096
212,4812778.061158406,654033.9471532014,44905611.99168839,0.0,transmision_alta,0.207,32701.697357660072
213,4799842.847080816,614646.4454585353,44957934.70746065,0.0,transmision_alta,0.207,30732.32227292677
214,4787719.294850004,577598.2820526641,45007106.423097335,0.0,transmision_alta,0.207,28879.914102633207
215,4776355.272800783,542754.4415376727,45053314.28566155,0.0,transmision_alta,0.207,27137.722076883634
216,4765702.13599709,509987.2230183517,45096734.640984565,0.0,transmision_alta,0.207,25499.361150917586
217,4755714.477471853,479175.9037021204,45137533.61882603,0.0,transmision_alta,0.207,23958.79518510602
218,4746349.898888622,450206.4099891813,45175867.691122204,0.0,transmision_alta,0.207,22510.320499459067
219,4737568.798941041,422970.99713762826,45211884.20392134,0.0,transmision_alta,0.207,21148.549856881415
220,4729334.177967242,397367.9383404174,45245721.883692354,0.0,transmision_alta,0.207,19868.396917020873
221,4721611.457400757,373301.22383966885,45277511.31875959,0.0,transmision_alta,0.207,18665.061191983445
222,4714368.312809235,350680.27052401676,45307375.41666676,0.0,transmision_alta,0.207,17534.013526200837
223,4707574.519388769,329419.64230256213,45335429.838308685,0.0,transmision_alta,0.207,16470.982115128107
224,4701201.808886332,309438.7814207933,45361783.40969289,0.0,transmision_alta,0.207,15471.939071039667
225,4695223.737017016,290661.7507764465,45386538.512206554,0.0,transmision_alta,0.207,14533.087538822325
226,4689615.560527445,273016.9872039021,45409791.45226867,0.0,transmision_alta,0.207,13650.849360195105
227,4684354.123133122,256437.06562191318,45431632.81124498,0.0,transmision_alta,0.207,12821.85328109566
228,4679417.749626187,240858.4738790957,45452147.776494734,0.0,transmision_alta,0.207,12042.923693954785
229,4674786.147512136,226221.39808281892,45471416.45440506,0.0,transmision_alta,0.207,11311.069904140946
230,4670440.315590054,212469.51815827595,45489514.16625169,0.0,transmision_alta,0.207,10623.475907913798
231,4666362.4589415,199549.81335416753,45506511.72770435,0.0,transmision_alta,0.207,9977.490667708378
232,4662535.909838979,187412.37738835512,45522475.71277269,0.0,transmision_alta,0.207,9370.618869417756
233,4658945.054126319,176010.2429099471,45537468.702963755,0.0,transmision_alta,0.207,8800.512145497354
234,4655575.262660835,165299.2149426353,45551549.52239655,0.0,transmision_alta,0.207,8264.960747131765
235,4652412.82744118,155237.7129668797,45564773.45959196,0.0,transmision_alta,0.207,7761.885648343986
236,4649444.9020756725,145786.62129503718,45577192.47662931,0.0,transmision_alta,0.207,7289.331064751859
237,4646659.446273974,136909.1473931325,45588855.40633291,0.0,transmision_alta,0.207,6845.457369656626
238,4644045.174070512,128570.6878051445,45599808.13812436,0.0,transmision_alta,0.207,6428.534390257225
239,4641591.505511276,120738.70133996845,45610093.79314877,0.0,transmision_alta,0.207,6036.935066998423
240,4639288.5215568235,113382.5891872238,45619752.88925597,0.0,transmision_alta,0.207,5669.12945936119
241,4637126.921973606,106473.5816354635,45628823.496390946,0.0,transmision_alta,0.207,5323.679081773175
242,4635097.986003415,99984.63107481753,45637341.382921785,0.0,transmision_alta,0.207,4999.231553740877
243,4633193.535616828,93890.31097541904,45645340.15340777,0.0,transmision_alta,0.207,4694.515548770952
244,4631405.901171308,88166.72054290578,45652851.3782858,0.0,transmision_alta,0.207,4408.336027145289
245,4629727.889308101,82791.3947626811,45659904.71592923,0.0,transmision_alta,0.207,4139.569738134055
246,4628152.752934461,77743.21955530613,45666528.02751025,0.0,transmision_alta,0.207,3887.1609777653066
247,4626674.163149093,73002.3517762496,45672747.48507467,0.0,transmision_alta,0.207,3650.1175888124803
248,4625286.182979107,68550.143804136,45678587.67321677,0.0,transmision_alta,0.207,3427.5071902068
249,4623983.242806394,64369.072472518455,45684071.6847211,0.0,transmision_alta,0.207,3218.453623625923
250,4622760.117370126,60442.67211098462,45689221.2105189,0.0,transmision_alta,0.207,3022.133605549231
251,4621611.904240209,56755.47147202276,45694056.62428778,0.0,transmision_alta,0.207,2837.773573601138
252,4620534.003663987,53292.93433048244,45698597.062005535,0.0,transmision_alta,0.207,2664.6467165241224
253,4619522.099695411,50041.403552620155,45702860.49675197,0.0,transmision_alta,0.207,2502.070177631008
254,4618572.142522226,46988.048441595194,45706863.80903618,0.0,transmision_alta,0.207,2349.4024220797596
255,4617680.331912641,44120.81517585258,45710622.85291151,0.0,transmision_alta,0.207,2206.040758792629
256,4616843.101708346,41428.3801660794,45714152.51812558,0.0,transmision_alta,0.207,2071.41900830397
257,4616057.105295801,38900.106165338846,45717466.788538866,0.0,transmision_alta,0.207,1945.0053082669424
258,4615319.201992349,36526.000975563715,45720578.797032095,0.0,transmision_alta,0.207,1826.3000487781858
259,4614626.444288041,34296.67860182571,45723500.87711014,0.0,transmision_alta,0.207,1714.8339300912858
260,4613976.065888033,32203.322713687507,45726244.61139829,0.0,transmision_alta,0.207,1610.1661356843754
261,4613365.470504132,30237.65228049354,45728820.877215385,0.0,transmision_alta,0.207,1511.8826140246772
262,4612792.221347519,28391.889254667356,45731239.88939782,0.0,transmision_alta,0.207,1419.594462733368
263,4612254.031277849,26658.728183963456,45733511.240538195,0.0,transmision_alta,0.207,1332.936409198173
264,4611748.753566918,25031.307640177896,45735643.938792914,0.0,transmision_alta,0.207,1251.5653820088949
265,4611274.373237819,23503.183358062306,45737646.44340413,0.0,transmision_alta,0.207,1175.1591679031153
266,4610828.9989431165,22068.30298412008,45739526.698072776,0.0,transmision_alta,0.207,1103.4151492060041
267,4610410.855347906,20720.982340600927,45741292.16231151,0.0,transmision_alta,0.207,1036.0491170300463
268,4610018.2759858975,19455.883115361157,45742949.84089876,0.0,transmision_alta,0.207,972.7941557680579
269,4609649.696558697,18267.991893332608,45744506.31154799,0.0,transmision_alta,0.207,913.3995946666305
270,4609303.64865041,17152.600450153725,45745967.75089946,0.0,transmision_alta,0.207,857.6300225076862
271,4608978.753831478,16105.28723307288,45747339.95893547,0.0,transmision_alta,0.207,805.2643616536441
272,4608673.718127358,15121.89995854739,45748628.38191412,0.0,transmision_alta,0.207,756.0949979273696
273,4608387.326829179,14198.53926004237,45749838.1339108,0.0,transmision_alta,0.207,709.9269630021186
274,4608118.439625026,13331.543323392416,45750974.0170516,0.0,transmision_alta,0.207,666.5771661696208
275,4607865.986031811,12517.473450736175,45752040.54051747,0.0,transmision_alta,0.207,625.8736725368088
276,4607628.961109009,11753.100497479361,45753041.93839353,0.0,transmision_alta,0.207,587.655024873968
277,4607406.421436694,11035.392129995515,45753982.18643333,0.0,transmision_alta,0.207,551.7696064997757
278,4607197.481341445,10361.500854845257,45754865.01780373,0.0,transmision_alta,0.207,518.0750427422629
279,4607001.309354709,9728.752773193108,45755693.93787212,0.0,transmision_alta,0.207,486.4376386596554
280,4606817.124889212,9134.637016835075,45756472.23809397,0.0,transmision_alta,0.207,456.7318508417538
281,4606644.195119872,8576.795824828576,45757203.00905532,0.0,transmision_alta,0.207,428.8397912414288
282,4606481.832056567,8053.015222147109,45757889.1527213,0.0,transmision_alta,0.207,402.6507611073555
283,4606329.389796869,7561.216264073182,45758533.39393907,0.0,transmision_alta,0.207,378.0608132036591
284,4606186.261947614,7099.446812201927,45759138.29124019,0.0,transmision_alta,0.207,354.97234061009635
285,4606051.879204879,6665.873809961659,45759706.24698517,0.0,transmision_alta,0.207,333.293690498083
286,4605925.70708257,6258.776027473268,45760239.51688997,0.0,transmision_alta,0.207,312.9388013736634
287,4605807.24378047,5876.537247374208,45760740.21897216,0.0,transmision_alta,0.207,293.8268623687104
288,4605696.018183123,5517.639864931274,45761210.34195195,0.0,transmision_alta,0.207,275.8819932465637
289,4605591.587981495,5180.658877365073,45761651.75314114,0.0,transmision_alta,0.207,259.03294386825365
290,4605493.537909857,4864.256238813861,45762066.20585133,0.0,transmision_alta,0.207,243.2128119406931
291,4605401.478090785,4567.175558780416,45762455.34635044,0.0,transmision_alta,0.207,228.35877793902083
292,4605315.042481625,4288.237123237972,45762820.72039514,0.0,transmision_alta,0.207,214.4118561618986
293,4605233.887416179,4026.3332188246795,45763163.779365,0.0,transmision_alta,0.207,201.31666094123398
294,4605157.690235763,3780.423741735151,45763485.88602251,0.0,transmision_alta,0.207,189.02118708675755
295,4605086.148004132,3549.5320740266156,45763788.31992184,0.0,transmision_alta,0.207,177.4766037013308
296,4605018.976301136,3332.7412111001818,45764072.282487765,0.0,transmision_alta,0.207,166.6370605550091
297,4604955.908090251,3129.1901250984442,45764338.90178465,0.0,transmision_alta,0.207,156.45950625492222
298,4604896.692655458,2938.0703498828416,45764589.23699466,0.0,transmision_alta,0.207,146.90351749414208
299,4604841.094603229,2758.622774121181,45764824.28262265,0.0,transmision_alta,0.207,137.93113870605904
300,4604788.89292559,2590.134629830819,45765044.97244458,0.0,transmision_alta,0.207,129.50673149154096
301,4604739.880120546,2431.9366644891884,45765252.18321496,0.0,transmision_alta,0.207,121.59683322445943
302,4604693.8613663325,2283.400485543558,45765446.73814812,0.0,transmision_alta,0.207,114.1700242771779
303,4604650.6537462035,2143.936066828825,45765629.41018697,0.0,transmision_alta,0.207,107.19680334144125
304,4604610.0855206475,2012.9894070383245,45765800.92507231,0.0,transmision_alta,0.207,100.64947035191624
305,4604571.995444132,1890.0403309905132,45765961.964224875,0.0,transmision_alta,0.207,94.50201654952566
306,4604536.232123647,1774.6004249962293,45766113.16745135,0.0,transmision_alta,0.207,88.73002124981147
307,4604502.653416485,1666.211098159174,45766255.13548535,0.0,transmision_alta,0.207,83.3105549079587
308,4604471.125864853,1564.4417619383323,45766388.4323732,0.0,transmision_alta,0.207,78.22208809691662
309,4604441.52416507,1468.88812076716,45766513.58771416,0.0,transmision_alta,0.207,73.444406038358
310,4604413.730669213,1379.1705669622881,45766631.098763816,0.0,transmision_alta,0.207,68.95852834811441
311,4604387.634917253,1294.9326735659292,45766741.432409175,0.0,transmision_alta,0.207,64.74663367829646
312,4604363.133197781,1215.8397791527013,45766845.02702306,0.0,transmision_alta,0.207,60.79198895763507
313,4604340.128135607,1141.5776589947068,45766942.2942054,0.0,transmision_alta,0.207,57.078882949735345
314,4604318.528304562,1071.8512773198172,45767033.62041812,0.0,transmision_alta,0.207,53.59256386599086
315,4604298.247863977,1006.3836157185556,45767119.368520305,0.0,transmision_alta,0.207,50.319180785927784
316,4604279.206217382,944.9145730559643,45767199.87920956,0.0,transmision_alta,0.207,47.24572865279822
317,4604261.327692066,887.1999325275864,45767275.47237541,0.0,transmision_alta,0.207,44.35999662637932
318,4604244.541238228,833.0103917642582,45767346.44837001,0.0,transmision_alta,0.207,41.650519588212916
319,4604228.780146511,782.130652139859,45767413.08920135,0.0,transmision_alta,0.207,39.10653260699295
320,4604213.98178281,734.3585636704515,45767475.65965352,0.0,transmision_alta,0.207,36.71792818352258
321,4604200.087339274,689.5043221133055,45767534.408338614,0.0,transmision_alta,0.207,34.475216105665275
322,4604187.041600537,647.3897150809682,45767589.568684384,0.0,transmision_alta,0.207,32.36948575404841
323,4604174.792724231,607.8474141796601,45767641.35986159,0.0,transmision_alta,0.207,30.392370708983005
324,4604163.292034913,570.7203103635745,45767689.98765472,0.0,transmision_alta,0.207,28.53601551817873
325,4604152.493830579,535.8608898678737,45767735.64527955,0.0,transmision_alta,0.207,26.793044493393683
326,4604142.355201013,503.1306482439637,45767778.51415074,0.0,transmision_alta,0.207,25.15653241219819
327,4604132.8358572265,472.39954017164285,45767818.7646026,0.0,transmision_alta,0.207,23.619977008582143
328,4604123.89797132,443.54546286452296,45767856.55656581,0.0,transmision_alta,0.207,22.17727314322615
329,4604115.506026137,416.45377101830763,45767892.04020284,0.0,transmision_alta,0.207,20.822688550915384
330,4604107.626674097,391.0168213765723,45767925.35650452,0.0,transmision_alta,0.207,19.550841068828618
331,4604100.228604658,367.13354510614136,45767956.63785023,0.0,transmision_alta,0.207,18.35667725530707
332,4604093.282419871,344.709046284449,45767986.00853384,0.0,transmision_alta,0.207,17.235452314222453
333,4604086.760517548,323.6542249048418,45768013.585257545,0.0,transmision_alta,0.207,16.18271124524209
334,4604080.636981557,303.8854229030409,45768039.47759554,0.0,transmision_alta,0.207,15.194271145152044
335,4604074.887478828,285.3240917993125,45768063.78842937,0.0,transmision_alta,0.207,14.266204589965625
336,4604069.489162647,267.8964806366596,45768086.61435672,0.0,transmision_alta,0.207,13.39482403183298
337,4604064.420581857,251.53334297588162,45768108.04607517,0.0,transmision_alta,0.207,12.576667148794082
338,4604059.661595611,236.16966178397527,45768128.16874261,0.0,transmision_alta,0.207,11.808483089198765
339,4604055.193293328,221.7443911233599,45768147.06231555,0.0,transmision_alta,0.207,11.087219556167994
340,4604050.9979195455,208.20021361609446,45768164.801866844,0.0,transmision_alta,0.207,10.410010680804724
341,4604047.0588033525,195.48331271986746,45768181.45788393,0.0,transmision_alta,0.207,9.774165635993374
342,4604043.360292143,183.543158911336,45768197.09654895,0.0,transmision_alta,0.207,9.177157945566801
343,4604039.887689414,172.33230892759988,45768211.78000166,0.0,transmision_alta,0.207,8.616615446379994
344,4604036.627196359,161.80621726843603,45768225.566586375,0.0,transmision_alta,0.207,8.090310863421802
345,4604033.565857036,151.9230592105974,45768238.51108376,0.0,transmision_alta,0.207,7.59615296052987
346,4604030.6915068785,142.64356463118668,45768250.664928496,0.0,transmision_alta,0.207,7.132178231559334
347,4604027.992724359,133.93086198003488,45768262.07641367,0.0,transmision_alta,0.207,6.696543099001744
348,4604025.458785599,125.75033178131292,45768272.790882625,0.0,transmision_alta,0.207,6.287516589065646
349,4604023.0796217555,118.0694690824455,45768282.850909166,0.0,transmision_alta,0.207,5.903473454122275
350,4604020.845779007,110.85775430392633,45768292.29646669,0.0,transmision_alta,0.207,5.542887715196317
351,4604018.74838099,104.08653197699621,45768301.16508704,0.0,transmision_alta,0.207,5.204326598849811
352,4604016.779093521,97.72889688747098,45768309.492009595,0.0,transmision_alta,0.207,4.88644484437355
353,4604014.9300914835,91.75958717342013,45768317.310321346,0.0,transmision_alta,0.207,4.5879793586710065
354,4604013.194027731,86.15488395201493,45768324.65108832,0.0,transmision_alta,0.207,4.307744197600747
355,4604011.56400389,80.89251707679726,45768331.54347903,0.0,transmision_alta,0.207,4.044625853839864
356,4604010.03354295,75.9515766509694,45768338.0148804,0.0,transmision_alta,0.207,3.7975788325484703
357,4604008.596563524,71.31242994516772,45768344.091006525,0.0,transmision_alta,0.207,3.565621497258386
358,4604007.247355684,66.95664338965037,45768349.79600092,0.0,transmision_alta,0.207,3.3478321694825186
359,4604005.9805582715,62.86690933098491,45768355.15253239,0.0,transmision_alta,0.207,3.1433454665492455
360,4604004.791137594,59.02697726224812,45768360.18188514,0.0,transmision_alta,0.207,2.951348863112406
361,4604003.674367421,55.42158925351974,45768364.90404332,0.0,transmision_alta,0.207,2.771079462675987
362,4604002.625810209,52.03641932613772,45768369.337770455,0.0,transmision_alta,0.207,2.601820966306886
363,4604001.641299459,48.858016529848356,45768373.500684,0.0,transmision_alta,0.207,2.442900826492418
364,4604000.71692317,45.87375149669505,45768377.409325324,0.0,transmision_alta,0.207,2.2936875748347525
