application_id,sex,observed_default,default_probability
2,2,1,0.38547667935168806
10,1,0,0.19511012924890453
11,2,0,0.4948895357922212
15,1,0,0.46884638920366667
16,2,0,0.5522385188647014
19,2,0,0.5787942769882569
21,2,0,0.4295020106113838
28,2,0,0.45424429285670076
30,1,0,0.538745469398664
31,2,0,0.2112074677672239
32,1,1,0.7469105560785078
42,2,0,0.4705467486412529
43,1,0,0.5095929783282964
48,2,1,0.4136974654923642
49,1,0,0.19511888880513023
52,2,0,0.42347137714821437
53,2,0,0.17841886540254362
55,2,0,0.7125563576670577
60,2,0,0.2417541627359127
62,1,0,0.5451006296509684
63,1,1,0.832902557395775
65,2,0,0.3669318638551508
69,2,0,0.4815285395404646
72,1,1,0.7686646385585166
74,2,0,0.5573241944630158
77,1,0,0.3395804361758085
79,2,1,0.4718880682441841
81,2,0,0.28630283742434554
88,2,0,0.48570171158829767
95,2,0,0.4648646546394348
98,1,0,0.4787395738257994
101,1,0,0.20581145210534516
114,2,0,0.4734033219799512
115,1,0,0.5455357836959432
121,1,1,0.805417338029642
123,2,0,0.6209029160878423
124,2,1,0.5872634008227271
125,1,0,0.5456634104931459
127,1,0,0.4555098946238443
133,1,0,0.3435897820022451
140,1,0,0.5170662637568452
141,1,1,0.590739551223209
142,1,0,0.3235522081538748
145,1,0,0.3515589912077568
149,2,0,0.7335202436331045
150,2,0,0.6255055049147389
152,1,0,0.42427392520752333
153,1,0,0.6012549160228589
155,2,0,0.45766710547641126
157,2,0,0.4546179411402082
158,2,0,0.3361916720618721
159,1,1,0.8171671529929614
165,2,0,0.5557835981069507
167,1,0,0.17087363939244746
173,2,0,0.3138873889640944
174,2,1,0.5437530468633026
175,1,0,0.5520573442497153
179,2,0,0.47369297860162984
181,1,0,0.384973017769329
183,2,0,0.24008190992507206
185,1,0,0.5135174839749749
190,2,0,0.8083171337791304
191,1,0,0.4445626811589832
194,2,0,0.305264985968887
195,1,0,0.5089816708703123
199,2,0,0.18198162642388394
205,2,0,0.40424923708822136
208,2,1,0.34757150476955684
209,2,1,0.4399589035424017
211,1,0,0.3706767662161979
217,2,1,0.5400100453007685
227,1,0,0.3294052907529415
236,1,0,0.3411766106262635
244,2,0,0.4115264781948783
246,2,0,0.5204059443865232
248,2,0,0.4599519539967721
258,2,0,0.2940576157457201
262,1,0,0.48169576439759065
265,2,0,0.3318545102226657
266,2,0,0.3028540340856062
270,1,1,0.8764435082939637
271,1,0,0.42028328019424477
272,1,0,0.4722747077470983
278,2,0,0.3468590370670209
280,2,0,0.4331567493871027
282,1,0,0.31588611626132085
285,2,0,0.28892778472193464
296,1,0,0.42048058654926995
306,2,0,0.1708349331125238
313,1,0,0.5790594158340572
316,1,1,0.4690957091076159
324,2,1,0.4490503591724224
329,1,0,0.11868298973661683
330,1,0,0.8304727827645744
335,1,0,0.5421151891302257
339,2,1,0.5104711627446523
342,1,0,0.5305926732170319
348,2,1,0.47048192212035084
350,2,1,0.48692223296176573
356,1,1,0.428710743614292
357,2,0,0.36685479386529835
361,2,1,0.7537618139402316
374,1,0,0.5089171600625461
376,1,0,0.5903727536144886
379,1,0,0.469996621243734
380,1,1,0.5016524914956133
381,2,0,0.42815030225034173
382,2,1,0.8278091772570795
403,1,1,0.3741093607544242
415,2,0,0.04097757349267319
417,2,0,0.16666500855151783
419,1,0,0.5666139641086511
430,2,0,0.31480601847919426
432,2,1,0.2890242219561955
435,1,0,0.46151200425879985
440,2,1,0.3977513005808073
447,2,0,0.38735640162595825
450,2,0,0.41989946820930174
453,1,0,0.2543742475075457
454,2,0,0.2466018750187122
462,2,0,0.3313397013864323
465,2,0,0.5361176524778234
468,1,0,0.4836986082649081
470,2,0,0.38021659879618497
473,1,0,0.3549667726133401
475,2,0,0.3305282094790467
476,2,0,0.48534580883234535
481,2,0,0.2225852556977218
489,2,1,0.34262400295384776
490,2,0,0.31020698616827785
493,1,0,0.46963471731169504
494,2,0,0.4055831658906286
498,1,0,0.549304027397472
499,2,0,0.3728613167213732
500,1,0,0.620106230260346
501,2,0,0.5519432183697682
505,1,0,0.19614933727416461
506,1,0,0.3719514297965998
509,2,0,0.5025186422306382
516,1,0,0.346861760243469
518,1,0,0.5847492868306109
522,2,0,0.40854528334316953
523,1,1,0.10375281015570333
524,2,1,0.46163919649786517
530,2,0,0.3157854710654768
532,1,0,0.39972505819207105
533,1,1,0.6394832905797356
540,2,0,0.7122496039274756
541,2,0,0.3260086989474987
550,1,0,0.48128628655301625
561,1,0,0.3216554478327562
569,1,0,0.46575572451088426
573,1,0,0.2929270330826258
578,1,0,0.35796635783133063
579,1,0,0.5383754687388075
580,1,0,0.262072487194352
584,2,0,0.48429790081955887
599,2,0,0.6753045490206199
602,1,1,0.42640189031967407
604,2,0,0.7712936756861013
608,2,0,0.48833352066419305
616,1,0,0.5352529968201484
622,2,0,0.3044892429373994
623,2,0,0.4459702164977259
625,2,0,0.3100022923903337
627,1,0,0.5818030879119505
632,2,0,0.4597434916522101
634,2,0,0.2244240264466437
635,1,0,0.534625557031939
641,1,0,0.45408562609514885
654,2,1,0.5228058362649062
657,2,0,0.40617019147305805
659,2,0,0.4521706236733264
672,1,1,0.5648809353276009
674,1,1,0.8991890059886245
678,1,0,0.3458770453818102
680,2,0,0.3986493613925313
682,2,0,0.19057377372497714
684,2,0,0.380610136649468
689,1,0,0.5263600086546371
691,1,0,0.3580846509070618
694,1,0,0.5608489453755556
697,2,0,0.5467408100084132
700,2,0,0.4890474227107541
708,2,0,0.7493594264565431
709,1,0,0.4906414695718585
716,2,0,0.5575742365776643
717,2,0,0.42272386137420653
719,2,0,0.5823449726898067
720,2,0,0.4832629183331375
721,2,0,0.5127159954815256
722,1,1,0.5072036819477286
723,2,0,0.5556731987042226
724,1,0,0.3493456542706298
730,1,1,0.44627718276428474
733,1,0,0.6785252817080483
739,2,0,0.4546125067928944
740,2,1,0.7140739018085895
741,2,0,0.4274629668598383
744,1,0,0.5797380300282116
745,2,0,0.1620258236879349
747,2,0,0.5307960469729128
749,2,1,0.6985563224562799
751,2,0,0.5819119583066528
755,2,0,0.3369372243596943
757,2,0,0.41014935531513963
760,2,0,0.47147183373807616
769,1,0,0.3465870046782938
773,1,0,0.5632989750741845
774,2,0,0.4530029527666813
775,2,0,0.3731147717216381
776,2,0,0.6328013592226076
780,2,0,0.50479193191259
781,1,0,0.5659945138977974
783,2,1,0.7897445444630901
786,2,0,0.3766263493429059
787,2,0,0.3195887900059911
788,2,0,0.3269006755847846
790,2,0,0.3250922489426924
800,2,0,0.4913665327986922
806,2,0,0.4402753894926128
808,2,1,0.5478821183910493
810,2,0,0.4904111902988095
813,2,0,0.529729039534578
815,1,1,0.7063550355841203
819,2,0,0.35096675270744243
827,2,0,0.6617760340812663
830,2,0,0.4351573077414346
832,2,0,0.9952378616911143
834,2,0,0.2684238156856433
836,2,1,0.3426813331078464
840,1,1,0.5632932947509423
846,2,0,0.2907599231846259
849,1,1,0.9364218086639254
854,2,0,0.4425771685710123
856,2,0,0.16992781484909203
861,1,0,0.225041406146427
862,1,0,0.19727495185919788
865,1,0,0.5086288860708849
866,2,0,0.5621188137130152
869,2,0,0.456916490237567
880,2,0,0.7770610261028104
886,2,0,0.44777150425456613
887,1,0,0.1814270730068273
889,2,0,0.45942024652320296
891,2,0,0.3239086199483372
893,2,0,0.5184249957790078
895,2,1,0.3155239617776186
899,2,1,0.4974386447031432
903,1,0,0.3780843356308583
904,1,0,0.3157413039276975
906,2,0,0.3329256645342908
909,1,0,0.5423635584637813
910,2,0,0.1459461369445749
911,2,0,0.7739588902975765
913,2,0,0.4871446960384406
915,1,0,0.5140341611069529
916,1,0,0.24753385370977393
928,2,0,0.4511777015510131
931,2,0,0.39331056312533247
936,1,0,0.49348986712898085
945,2,0,0.17072780465331205
948,1,0,0.6094796852738369
953,2,0,0.07319500601284969
970,2,0,0.37230089765924174
972,2,0,0.44289031756229663
973,2,1,0.807933552565361
979,1,1,0.48706340702074746
980,2,0,0.3525280911305224
982,1,0,0.9957992921843145
983,1,1,0.05342220444090312
992,2,1,0.515750656335641
993,2,0,0.4588211172160325
997,1,0,0.5946213836730996
1000,1,0,0.7262195911169215
1001,1,0,0.349976448974293
1002,2,0,0.41251981607781707
1003,2,0,0.3618738907288526
1004,1,1,0.5416121116817525
1008,2,0,0.4205709781946705
1015,1,0,0.4622339638310174
1017,2,1,0.4537094876315256
1019,2,0,0.5445021619125542
1020,2,0,0.3396087587367331
1021,1,0,0.554157492721671
1022,2,0,0.31836286253656176
1023,2,0,0.13470497909723791
1032,1,0,0.36044311297727505
1033,2,1,0.39987447596635545
1044,2,0,0.473013076015826
1045,2,1,0.8082584686248505
1047,1,1,0.42662073752592417
1049,2,0,0.21362097756119036
1054,1,0,0.48184696537950944
1057,2,0,0.6113495834650565
1059,2,0,0.5479318622777375
1062,1,0,0.5855192231111239
1063,2,1,0.3891441413948125
1068,1,1,0.35153092109170014
1070,2,0,0.5665828503782052
1073,1,0,0.14473629981012634
1077,1,0,0.35362293554821356
1083,2,0,0.8167452667197519
1084,2,1,0.7121212756615667
1087,2,1,0.29123431306283387
1088,2,0,0.5890868087365763
1089,2,0,0.4993269175040147
1094,1,1,0.5552266749269814
1098,1,0,0.6109743952948236
1102,2,1,0.5468520395184108
1103,2,0,0.585068268558387
1107,2,0,0.22775505715290542
1108,2,0,0.37533505763826935
1111,1,0,0.6812267569906605
1112,2,0,0.3548249621353962
1113,2,0,0.44795373956710893
1117,2,1,0.46116815701097347
1120,2,0,0.5828699046836633
1128,2,0,0.30797430794760283
1130,2,1,0.4747440513473959
1134,2,0,0.806046882384702
1137,1,0,0.3223656941548373
1138,1,0,0.5739108987386101
1143,2,0,0.37755160965013973
1152,1,0,0.6195747697888718
1156,2,0,0.26225911875477786
1158,1,0,0.5004335530382072
1165,1,0,0.3447818141647742
1167,1,0,0.5105048628139173
1172,1,0,0.4001583572587065
1177,2,0,0.5059770164241713
1181,1,0,0.3083515870796791
1183,2,1,0.7970062250229639
1185,1,0,0.22955671940989253
1188,2,0,0.3912032963132968
1189,2,0,0.3453406130520136
1193,2,1,0.28521685034011407
1194,1,0,0.27047728428689816
1200,1,0,0.2474504083708933
1201,2,0,0.40917200527879954
1204,2,0,0.6812269829860703
1206,2,1,0.3110124937995123
1208,1,0,0.4724342998967975
1210,1,1,0.3347039279118764
1211,2,0,0.40232216099617457
1213,2,1,0.3198497948170365
1215,1,0,0.31612566244486145
1216,1,0,0.4240767573100815
1223,1,0,0.3153586004933032
1224,2,1,0.34332556955553456
1227,2,0,0.2952919518190902
1230,1,0,0.4865531151570849
1233,1,0,0.662265927876554
1238,1,0,0.3560537126540065
1241,1,0,0.3704308473692112
1242,2,0,0.7533257024297394
1244,2,1,0.7662911283336581
1245,1,0,0.5137069056997741
1246,1,0,0.3200217869672039
1249,2,0,0.3615694406684288
1250,2,1,0.9127520811623274
1258,2,0,0.28191029914632615
1262,1,1,0.07574350292949356
1266,2,0,0.38117168744035146
1269,1,1,0.4293107392268647
1273,2,0,0.2755995075840094
1275,1,0,0.4705336375204345
1276,1,1,0.37527055823760713
1284,1,0,0.1830300348614576
1285,2,0,0.36125782886695834
1287,2,0,0.3779823376962793
1288,1,0,0.13163572971003873
1291,2,0,0.4519425214172312
1295,1,0,0.45405396602614595
1307,2,0,0.32053588476088035
1310,1,0,0.43835201503951754
1317,1,0,0.12499091426593557
1319,2,0,0.5624166638266261
1320,2,0,0.23767798013409663
1323,2,0,0.3849338381081172
1324,1,0,0.6157467336837126
1325,1,0,0.5731627783033321
1336,2,0,0.4146310857201427
1338,2,0,0.23716142183078837
1341,2,0,0.2516284707524173
1342,2,0,0.1965827511978709
1344,2,0,0.6988601039310173
1347,2,0,0.4404897688911862
1348,1,0,0.2494503614790788
1349,2,0,0.2701249572967521
1350,2,1,0.7083501128415108
1355,2,0,0.5143437311857944
1356,2,0,0.5039576046383516
1362,2,0,0.312354956540112
1364,2,0,0.5419815300961205
1368,1,1,0.450573938144661
1370,2,0,0.4239626313246057
1371,1,0,0.29679679425301264
1373,2,0,0.8851704289987106
1376,2,0,0.20255260852646795
1377,2,0,0.5858487635163375
1379,1,0,0.5022794880980637
1385,2,0,0.43150429104281457
1388,2,0,0.7359444963921852
1390,2,0,0.5192289908778288
1396,2,0,0.16575174845169185
1401,2,0,0.4896131219585415
1404,1,0,0.20767209219957972
1412,1,0,0.31464567883470473
1416,2,0,0.48487771142308544
1418,2,0,0.24190831223402123
1427,1,0,0.22613745501779994
1435,1,0,0.39163679661777234
1439,1,0,0.7140026602543152
1440,2,0,0.3996424651383854
1446,2,0,0.7874047014382253
1450,2,1,0.49692680453524213
1451,2,0,0.5144589558425875
1452,2,1,0.3185113434751736
1457,2,0,0.46072606637348
1462,1,0,0.5823668173105264
1465,2,0,0.3266193338125659
1470,2,1,0.47034965854047467
1473,1,0,0.26014850849702487
1475,2,1,0.39844814987421284
1479,2,1,0.4741058995764131
1485,2,0,0.45483434336646833
1486,2,1,0.8970877052142499
1487,1,0,0.4334841287745465
1488,1,0,0.5361879930440292
1493,2,0,0.7270326659427713
1498,2,0,0.5068251115590783
1499,2,0,0.5755339155746971
1501,2,0,0.5150957611209536
1504,1,0,0.5341551689660606
1515,2,0,0.480769480860031
1517,2,0,0.39378012554856034
1518,1,1,0.7746741697845285
1527,2,1,0.46291670550989195
1528,1,0,0.5243151994614977
1532,2,0,0.14898836409968008
1535,1,0,0.551792007722678
1536,1,0,0.3589098351196171
1539,2,1,0.29640368389344696
1551,1,1,0.520651832138505
1554,2,0,0.5854739215318545
1555,1,0,0.6793507060911762
1557,1,0,0.5549099084076455
1559,2,1,0.7049287692391173
1560,2,1,0.47119591227443214
1562,2,0,0.29451173202596215
1564,2,0,0.6051350401839741
1569,2,0,0.6314927919025827
1578,1,0,0.4879066582653372
1580,2,0,0.34131707464911076
1581,2,0,0.4157407699176895
1582,1,0,0.5052035295879544
1583,2,0,0.4951860932094942
1586,1,0,0.49059218336382693
1589,2,0,0.24438068502407065
1591,2,0,0.540104402249635
1592,2,0,0.6857089460730393
1594,1,0,0.1571620898845361
1610,2,0,0.5020300881520748
1613,2,0,0.41723390479609906
1615,1,0,0.3137609143676194
1618,1,0,0.20355767191208624
1630,1,0,0.49742015593930483
1632,2,0,0.26763466158542826
1633,2,0,0.4632490988080044
1635,2,0,0.4444828979916529
1640,2,0,0.36114392130557704
1641,1,0,0.3804906949607681
1643,1,1,0.5611766011821602
1646,1,1,0.5808164854191092
1649,2,0,0.18637525102898694
1651,2,0,0.17204036299948733
1654,1,1,0.5994231502136033
1657,2,1,0.4713508536728392
1661,2,0,0.7397325531547725
1664,2,1,0.1619243613763984
1666,1,0,0.5426076408803452
1668,1,1,0.7022657742823281
1670,1,0,0.5863375974778116
1671,1,0,0.5701312436326511
1672,2,0,0.4908175157686018
1673,1,0,0.2115001779406013
1674,2,0,0.20177356439258476
1678,2,0,0.4259666872397588
1679,1,0,0.4290879245627228
1680,2,0,0.4709412572290454
1681,2,1,0.19104965671874097
1682,2,0,0.4505447199242336
1683,1,0,0.4892051389185184
1689,1,0,0.5449404349168511
1694,2,0,0.4008926154845302
1695,2,1,0.40414251922226474
1696,1,0,0.3453763345314606
1697,1,1,0.7552159699087726
1698,2,0,0.3434761719220915
1702,2,0,0.5460703549151057
1707,1,0,0.7891996681305048
1708,2,0,0.4061721263871651
1709,2,0,0.3380408560824055
1710,2,0,0.18261549205295904
1713,1,1,0.6963482046937512
1714,2,0,0.40670901088940276
1720,2,1,0.7714676666053915
1722,1,0,0.517047703263057
1723,1,1,0.7646797673489872
1725,1,0,0.3482676459180331
1727,2,0,0.6891330791510242
1734,1,0,0.46660664096100984
1735,2,0,0.2128988102321764
1738,1,0,0.341828606640105
1742,1,0,0.3495374175778232
1743,2,0,0.18625938005071355
1744,1,0,0.3320685110924596
1745,1,0,0.28425822131883655
1752,1,1,0.8588259222301865
1753,2,0,0.12043184437193824
1755,1,0,0.5112815859270259
1758,2,0,0.18132205943141091
1764,1,0,0.2768097250998623
1766,2,1,0.5135377373628549
1770,2,1,0.37876055196158515
1776,2,1,0.8286655113709339
1777,2,0,0.508454464201931
1779,1,0,0.5027421042216712
1780,1,0,0.5287911761793326
1782,2,0,0.5330536654965503
1785,1,0,0.45826233103612685
1788,2,0,0.26988196801718584
1792,2,0,0.46489786176056436
1795,2,1,0.3046378623588923
1796,1,0,0.5625025236467425
1800,1,0,0.39166921349533496
1802,1,0,0.3795978781327668
1803,2,0,0.2945567744136449
1804,2,0,0.2121929297672263
1806,1,0,0.0769136547473673
1808,2,0,0.46151446339654023
1812,1,0,0.575471440622444
1814,2,0,0.6470440082298788
1817,1,0,0.6488204275995285
1818,2,0,0.3599293543641674
1824,2,0,0.2681607332098737
1830,1,0,0.310578157355074
1833,1,0,0.2755939051486122
1835,2,0,0.2893811327934999
1836,2,1,0.7248554832758387
1837,2,0,0.50321195936349
1839,2,0,0.4199446146363096
1845,1,0,0.24262455340425462
1846,2,1,0.5545902440907312
1847,1,0,0.5211540085672491
1850,1,1,0.48253968115931994
1862,1,1,0.8572735627299313
1863,1,0,0.30394021878479527
1865,2,0,0.20994449139933674
1871,2,0,0.42298883663685294
1872,2,0,0.5002208204570346
1873,2,0,0.24728823539564043
1875,1,1,0.37405376476236896
1877,1,0,0.5534082805933773
1878,1,0,0.40959715090645094
1888,2,0,0.4044045794572473
1889,2,0,0.7034164776941771
1896,1,0,0.5296875778644381
1906,2,0,0.1627111170871398
1909,1,0,0.8930471508166998
1915,2,0,0.2302746288324378
1920,1,0,0.5533249343120381
1921,2,1,0.6474099956523357
1923,1,1,0.5288618042291724
1924,2,0,0.39518748653338415
1932,2,1,0.3669305283979123
1935,2,1,0.6858918662996606
1939,1,0,0.5027629661201487
1941,2,0,0.3110294200557874
1944,1,0,0.30731046964346437
1945,1,1,0.6394765018260493
1949,1,0,0.4696830564158377
1952,1,0,0.574417569403362
1953,1,0,0.3272176292475012
1965,2,1,0.5896939673713962
1966,2,0,0.42662922956658433
1970,2,0,0.21487542159543505
1980,2,1,0.44897610926625586
1981,2,1,0.5896939673713962
1984,1,1,0.5950459422480363
1986,2,1,0.6937715641059308
1993,1,0,0.6181726886274852
1997,2,0,0.5020204923619237
1998,2,0,0.5606776860656237
2003,2,0,0.3789018581240436
2004,2,1,0.7315330060257779
2014,2,0,0.5836752457143994
2016,2,1,0.17229686170122022
2021,2,0,0.5085935036479513
2023,1,0,0.28017768055779524
2025,1,0,0.42197840761106453
2027,1,0,0.48412255472852156
2032,2,0,0.6474726780741016
2034,2,0,0.5737948523653642
2035,2,0,0.339873738469928
2036,2,0,0.5246644343012697
2044,2,1,0.4827173517855679
2045,1,0,0.4218149963325045
2050,2,0,0.49861967055445344
2058,2,0,0.5805075307364488
2059,1,0,0.7829488584200041
2060,1,0,0.21290520417265216
2063,2,0,0.5180518016678454
2067,1,0,0.5429973497971533
2069,1,1,0.556537468751501
2085,2,0,0.41238950493455895
2093,1,0,0.4814487394957332
2095,1,0,0.790776182758428
2100,2,1,0.7930774182746995
2102,2,0,0.8060529886290055
2108,2,0,0.6318174316895733
2112,1,1,0.559586598088975
2116,2,0,0.4774309245504889
2119,2,0,0.5613475069457862
2120,1,0,0.4101460738109991
2122,2,0,0.7763625699329295
2126,2,0,0.30942635885036324
2128,2,0,0.7725760240072939
2130,2,0,0.19085198488567262
2143,2,1,0.6587513000311578
2147,2,0,0.34356745761814445
2149,1,1,0.7989981621228956
2150,2,0,0.28752502336558367
2153,1,0,0.535219663561149
2155,2,0,0.46906729787707885
2156,2,1,0.7769460760545613
2161,2,0,0.4813091896990879
2164,1,0,0.5915183717126993
2167,2,0,0.22353660864385802
2170,2,0,0.5253588519650692
2171,2,0,0.4935774811336207
2173,1,0,0.5945543360061752
2174,1,0,0.20317415505325878
2175,2,0,0.08926471221321654
2178,2,0,0.2467431085147331
2179,2,0,0.29909623441925764
2181,1,0,0.5207548369796182
2185,1,0,0.5523768160732049
2188,1,1,0.7044968645900105
2190,2,0,0.4723836008016416
2191,1,0,0.42771722818747043
2192,2,0,0.5405828648490095
2195,1,0,0.35493483731195763
2200,1,1,0.4844154640227025
2209,1,0,0.6685311534907596
2213,1,0,0.5084911033496403
2217,2,0,0.3106617991991365
2219,1,1,0.9466003989847973
2222,1,0,0.7044741221641349
2225,1,0,0.24069274021121342
2226,1,1,0.6181325060884474
2229,2,0,0.4674797117838246
2232,2,1,0.7735738609430445
2235,1,0,0.7280489249428039
2237,1,0,0.4918214753588673
2238,2,0,0.48757184323737945
2240,2,0,0.33618137809809
2241,2,0,0.1506600710746773
2245,1,0,0.21383945366438417
2247,1,0,0.48225382464036093
2250,2,1,0.0283170583512351
2255,2,0,0.27096049923108134
2257,2,1,0.7061171193089949
2260,2,0,0.4520807183748889
2261,2,0,0.5033557581128368
2268,2,0,0.39570260869447293
2269,1,1,0.8531766058326242
2270,2,0,0.519641934429864
2275,1,0,0.4982081293025254
2277,1,0,0.2789540030453638
2280,2,0,0.5410897221233663
2281,2,0,0.5185092779253206
2282,1,0,0.4195656748320851
2284,2,0,0.5518607322556441
2287,1,0,0.7091323259565165
2288,2,0,0.3509555235871016
2289,1,0,0.6534089362752818
2291,1,0,0.6913389865220592
2292,1,0,0.6788968889682878
2293,2,1,0.8165875992055164
2296,2,0,0.6997468299064747
2298,1,1,0.20773356352077038
2307,2,0,0.5259763089466656
2310,1,0,0.5350366676815259
2311,2,0,0.7203275614581283
2316,2,0,0.5063209027210641
2318,1,0,0.5733119260082159
2319,2,1,0.49904671225576436
2323,2,0,0.5626943752243175
2324,1,0,0.41577158518480456
2325,2,1,0.9879994430755604
2326,1,0,0.44469451422250106
2327,2,0,0.4646229813624401
2328,2,0,0.4757706859182667
2338,2,0,0.29485427547838833
2339,2,0,0.2758402521984878
2341,1,0,0.6774193737475939
2342,2,0,0.4813554122653055
2343,1,0,0.49884779379298194
2346,1,0,0.4368406898872093
2353,1,1,0.6119002964816452
2358,2,0,0.5189534560686632
2359,1,0,0.4141267323425115
2366,1,1,0.7267706573304542
2375,2,1,0.8717892006073998
2376,1,1,0.8416627406689113
2380,2,0,0.39537640243644867
2381,2,0,0.43369767454784475
2382,1,0,0.4504065196739494
2383,1,0,0.39675139489934275
2384,1,0,0.5261221680158071
2385,1,0,0.5136838728915043
2387,2,0,0.5036431904076714
2388,2,0,0.5289557837112047
2390,2,0,0.6952315421614378
2393,1,1,0.8276789284283951
2397,1,0,0.5142447873743484
2403,2,0,0.673750898294148
2406,2,1,0.8933697939169375
2409,2,0,0.17283124952737922
2410,2,0,0.5176775911700208
2413,1,1,0.7644866917225425
2414,1,0,0.5282397771719985
2418,2,1,0.708057347373823
2422,2,1,0.9314517888252055
2425,1,0,0.504786777032085
2427,2,0,0.73294501384553
2432,1,0,0.7030728610068444
2434,2,0,0.592846297147946
2440,2,0,0.20014099865006668
2441,2,0,0.3579568651688246
2442,2,1,0.5832660444215532
2447,2,0,0.4847485605499849
2449,2,0,0.4985654980034768
2452,1,0,0.4300772623496563
2454,2,0,0.5313305013904854
2455,2,0,0.2843367828247391
2456,1,0,0.311043630767066
2458,2,0,0.5440773470898602
2462,2,1,0.7924558506311402
2467,1,1,0.3173365229814828
2468,2,0,0.5135843923337212
2470,2,0,0.3943387917582473
2471,2,1,0.7852442960422993
2472,1,1,0.8524729798773483
2475,2,0,0.2991698220541344
2481,1,1,0.6684242354778986
2486,2,0,0.3390038478672981
2494,2,0,0.4446173626688452
2500,2,0,0.249731603248814
2503,2,0,0.47658587943850256
2505,1,0,0.2742593864088914
2509,1,0,0.530254511366841
2510,1,1,0.8144306911069332
2512,2,1,0.24127291833180672
2521,2,0,0.4533591302358198
2523,1,0,0.48569002868860833
2528,1,0,0.5357120566518659
2535,1,0,0.3385238942155735
2536,1,0,0.5673814509586879
2548,1,0,0.48489823254313713
2552,1,0,0.4853381274651667
2556,2,0,0.5109574164533591
2560,2,0,0.519850448085661
2562,1,0,0.4544627066277892
2566,2,0,0.47214497339825384
2567,1,0,0.5959787941693017
2569,1,0,0.6413576936417673
2573,2,0,0.32637963808562187
2580,2,1,0.6216500692308513
2587,1,1,0.4890273628000914
2588,2,0,0.5652367260004868
2590,2,1,0.7837992492296331
2593,1,0,0.12035152083046842
2595,2,0,0.5680476036040294
2597,2,0,0.12327294409061611
2600,1,0,0.35627575857781274
2602,1,0,0.5269032782933146
2603,1,1,0.7303755970839825
2605,1,0,0.3441542478189053
2608,1,1,0.3284581752097449
2613,2,0,0.1451560039569973
2614,1,0,0.7222032787187794
2615,2,0,0.14327904319570303
2617,1,1,0.3065654330012572
2623,2,0,0.4308920919635453
2627,1,0,0.41016112174872243
2629,2,0,0.28831728393159095
2630,2,1,0.784551255860177
2631,1,0,0.36685076291946633
2634,1,1,0.7348524804569008
2635,2,1,0.23720532047175327
2637,1,0,0.6988187972430184
2638,1,0,0.3187469527227392
2641,2,1,0.7946688425233454
2649,1,0,0.5048373594725202
2655,2,0,0.42766277688584187
2663,2,0,0.32862097227255166
2668,2,0,0.37966047040420126
2669,1,0,0.5250275980801363
2670,1,1,0.3585373256437201
2680,1,0,0.5454499105757113
2684,2,0,0.22539375478416948
2690,2,0,0.20738597084975624
2692,2,0,0.4477051741625687
2694,2,0,0.44389647801110016
2696,2,0,0.5654252549067801
2697,2,0,0.3419896340471749
2700,1,0,0.7728685237904817
2704,2,0,0.774012889682567
2710,2,0,0.41162277105552575
2711,2,0,0.22206600257045023
2716,2,0,0.6762047632211865
2717,2,0,0.4836683632309883
2719,2,0,0.28799208124328607
2721,2,0,0.33750551627215775
2724,2,0,0.3643934887575798
2726,2,0,0.5114801213010417
2728,1,0,0.5269040979341746
2729,1,0,0.5563989383410339
2735,2,0,0.14701959389430813
2738,2,1,0.6815465881831385
2739,2,0,0.3432935599455121
2748,2,0,0.42440099178542984
2759,2,0,0.1821440762779031
2761,2,0,0.5055311184091881
2766,1,0,0.5060618593532993
2767,2,0,0.4454652754844694
2768,2,1,0.46217824040563804
2773,2,1,0.8203761750190401
2776,2,0,0.33503467287353494
2778,1,0,0.3342992277141345
2779,2,1,0.6292670643754129
2790,1,1,0.6363453776021604
2792,1,0,0.5669059318445798
2793,2,0,0.43938028642714405
2797,2,0,0.4623022019484977
2800,1,0,0.5255179128574677
2809,1,0,0.4964835501846697
2817,1,0,0.5586652040128064
2818,2,1,0.9266503178565839
2819,2,0,0.3899385375152384
2824,2,1,0.3967388006208347
2825,2,1,0.3197588150678627
2826,2,1,0.37623362823880335
2827,2,0,0.1434646687341404
2830,2,0,0.39432295306613196
2832,2,0,0.3721424570007042
2838,2,0,0.39342368135634587
2841,2,0,0.2647784712223381
2842,1,0,0.3901411943016047
2843,2,0,0.5813183812186381
2847,2,0,0.253664710814471
2849,2,0,0.4485226616598923
2850,1,0,0.6714962743003506
2856,1,0,0.4476685166674558
2860,2,0,0.49818846876540446
2866,1,0,0.5458701409065797
2868,1,0,0.5069392101225283
2873,1,0,0.20424854904718506
2874,2,0,0.4025694066847375
2877,2,0,0.6615575264653408
2885,1,0,0.30957126553475617
2887,1,0,0.18790837451513
2893,1,0,0.3539756565153952
2896,1,1,0.6284574802430872
2899,1,1,0.5541572081173699
2906,1,0,0.27783786345555445
2907,2,0,0.40791896404485267
2910,1,0,0.4253771706478991
2915,2,0,0.33382819903431443
2921,1,0,0.5545127153711744
2924,1,1,0.5123025898044404
2927,2,1,0.8271497144101915
2928,1,1,0.3702808434927488
2929,1,0,0.5418751164752431
2946,1,0,0.36790232932234346
2950,2,0,0.5383637944828877
2951,1,0,0.760862878696716
2954,1,0,0.3823512484672338
2956,2,0,0.3911901826221704
2962,1,0,0.07232789974990107
2963,1,1,0.3940680740696472
2965,2,0,0.42619291846433255
2973,2,0,0.39079791861857355
2975,1,0,0.3064788126041377
2989,1,0,0.4807632466392747
2992,2,1,0.35097481712948453
2993,2,0,0.4633875075395091
2994,1,1,0.7272277457132249
2995,1,0,0.18455421305417585
2996,2,1,0.31718706713144695
2998,2,0,0.3706850163028345
3003,1,1,0.9401121700336383
3010,1,1,0.7799618578313707
3013,1,0,0.5100135677398322
3021,1,1,0.8294279166810843
3023,2,0,0.47948642290616655
3025,2,1,0.45121685625835684
3026,1,0,0.25738111325054125
3030,2,0,0.2931667156169254
3031,1,0,0.3028798199939576
3032,1,0,0.5514544266040053
3034,2,0,0.6121173039150314
3035,1,0,0.13834824372716623
3038,1,0,0.348220937337007
3042,1,0,0.512990724233288
3044,2,1,0.7848515597347776
3045,1,0,0.10589533334205421
3048,2,0,0.28284089181946775
3052,1,0,0.23032909212733246
3053,1,0,0.593913081118841
3054,1,0,0.23697651147888701
3055,1,1,0.6638933419492716
3057,1,0,0.08852672850178851
3061,2,1,0.44579695301474015
3062,1,0,0.5185196352218396
3063,1,0,0.49061925542048984
3067,1,0,0.5927720335811227
3071,2,0,0.06595084626560484
3077,1,1,0.4119097331005816
3083,2,0,0.4658736256197743
3084,1,0,0.30929200359288356
3090,1,0,0.25227672494228814
3094,2,0,0.6967540106265183
3102,1,0,0.17530605667101992
3105,1,0,0.33121657947325267
3110,1,0,0.35571081162020407
3111,1,0,0.4920604904994516
3114,2,0,0.32846763314354527
3115,2,0,0.34771905633440253
3116,1,0,0.4514716298481502
3121,1,0,0.4999179495241031
3122,1,0,0.22490650763699774
3123,2,0,0.3991823568318376
3124,1,0,0.35017678053298823
3125,2,0,0.4530104431477806
3128,1,0,0.3169956461660561
3130,1,0,0.484990109329645
3131,2,0,0.3784979853619248
3132,2,0,0.2224091819252128
3139,1,0,0.1870196462456004
3140,1,0,0.4428748104070292
3141,2,1,0.7434891535403362
3147,1,0,0.335917790903601
3150,2,0,0.17928450281478317
3151,2,1,0.1621355337903872
3152,1,0,0.7132858478936629
3155,1,0,0.6071811429443931
3156,2,0,0.3530771260009167
3157,2,1,0.7446996942301009
3160,1,0,0.33808703688389363
3164,2,0,0.5868012351865391
3165,1,0,0.5501043800886563
3167,2,1,0.5918633750172447
3169,1,0,0.3846287361557085
3171,2,1,0.7212501328302936
3173,1,0,0.2711409960551603
3176,1,0,0.33505016299923507
3180,2,0,0.11420350309640273
3184,1,0,0.036926231486615044
3185,2,0,0.21914716461188238
3200,1,1,0.4132487553807878
3205,1,0,0.11036047950871046
3207,2,0,0.3573825176505399
3218,1,0,0.46038939433517306
3221,2,0,0.010363651860017163
3222,2,0,0.44266363536352177
3226,2,0,0.5810400290391289
3227,2,0,0.417477177331433
3233,2,0,0.5467158179629044
3234,2,0,0.8143951346505292
3235,2,0,0.5395628537939441
3241,1,0,0.30772355265913787
3242,1,1,0.7187945971083903
3243,2,1,0.7642385327507736
3247,1,0,0.2247956314997623
3251,2,0,0.36202389890339187
3253,2,0,0.3338037140220778
3255,2,0,0.5320131711967558
3256,1,0,0.4815169850380828
3257,2,1,0.7915102286366457
3264,2,0,0.28673279230974835
3266,2,1,0.4874174451629558
3267,1,0,0.4572268855882885
3275,2,0,0.5185039491083475
3276,1,1,0.7823372881972988
3288,2,1,0.8437917811889516
3294,1,0,0.5191273276436087
3296,2,1,0.785875846671132
3298,1,0,0.3808140705855903
3304,1,0,0.47572737118628544
3307,2,0,0.20387049293954781
3308,2,0,0.4366668968919586
3312,2,0,0.4013005555878473
3315,1,0,0.17436235249998186
3317,2,0,0.16890534452337946
3320,2,0,0.2900068992239816
3321,2,0,0.17990302176624248
3322,2,0,0.5581539958008565
3327,2,0,0.3514367108612236
3328,2,1,0.11102326161316764
3334,2,0,0.20958928710128633
3335,1,0,0.40015234476044415
3336,2,1,0.5108491321476457
3337,1,1,0.750905119679185
3341,1,0,0.43967393215650485
3342,2,0,0.3905141589857116
3349,1,0,0.7385521943327436
3350,1,0,0.512141601891643
3353,2,0,0.15103684530944256
3357,1,0,0.5026177890544636
3363,2,0,0.08432895196988974
3372,2,0,0.505533084531986
3376,1,0,0.23206358640955893
3378,1,0,0.5210364788864532
3379,2,0,0.8624708090158227
3382,2,0,0.4492496202369203
3385,2,1,0.2888885941419343
3386,2,0,0.1587428240533186
3387,1,0,0.30294203849764767
3388,1,0,0.33777910570520836
3393,2,0,0.3635002409206965
3396,2,0,0.3766473622255804
3409,2,0,0.20546984309811886
3411,1,1,0.5168927009025959
3413,2,0,0.14949291858299482
3414,1,1,0.7071282817636347
3417,1,0,0.44919215788735645
3421,2,0,0.20531557656143445
3423,1,0,0.48469454616486485
3426,1,0,0.32755189656127737
3429,2,0,0.5625934948527367
3431,2,1,0.3269125313590144
3435,1,1,0.43162976894559124
3441,2,0,0.43033690310617284
3442,1,0,0.5906492754706893
3445,2,0,0.3473503607693125
3446,2,0,0.4287739861703811
3447,2,1,0.36981517325441354
3452,2,0,0.5435161991146622
3453,1,0,0.5081804830235997
3455,2,0,0.7911344906833996
3458,1,1,0.6643363834869632
3459,1,0,0.38230027081360834
3460,1,1,0.5026185248696001
3461,2,0,0.4618791401666184
3463,1,0,0.4315299066846091
3467,1,0,0.4306751305148003
3469,2,0,0.5789102198631447
3477,1,1,0.5422931776221287
3478,2,0,0.35783567896690543
3479,2,0,0.24759362075137722
3483,2,0,0.3060480123406641
3484,1,1,0.56017439064067
3488,2,0,0.34739680439211507
3495,2,0,0.7373481959729357
3504,2,1,0.3395408464213897
3505,1,0,0.4122729772875157
3508,2,0,0.5108266578462595
3512,1,0,0.03767690809181206
3515,2,0,0.40012232696330413
3516,1,0,0.3309639540051123
3525,1,0,0.5455511764155626
3528,2,0,0.7849275982318964
3529,2,0,0.46439191214043335
3535,2,0,0.4917091818553273
3536,1,1,0.641729754588434
3538,2,1,0.9624033879795875
3543,2,0,0.4698852276113866
3546,1,0,0.5603879866260272
3547,2,0,0.43137127247221174
3548,1,0,0.3114319164734397
3549,2,1,0.7428037269256359
3550,1,0,0.4558642197566755
3554,2,0,0.4026645888974107
3555,2,0,0.5336621411807467
3560,2,0,0.34389755830411356
3563,2,1,0.45628590726290297
3567,1,0,0.24977231617230267
3573,2,0,0.6825887350848358
3575,2,0,0.5460653368971897
3576,1,0,0.7804228715779632
3581,1,1,0.42295732055961766
3586,2,0,0.5753049324372105
3591,1,0,0.5950896123263366
3592,1,0,0.19133629387951298
3597,1,1,0.714955132125538
3599,1,0,0.6078625866101095
3606,2,1,0.6632221876718428
3607,1,0,0.5329476933614743
3616,1,0,0.09829142195564508
3622,2,0,0.48987927304015216
3637,1,0,0.5096152644172407
3639,2,0,0.4374843624396019
3647,1,0,0.11760170729384342
3652,1,0,0.5063678442345262
3653,2,0,0.35623479779667283
3654,1,0,0.5249386205503864
3655,1,0,0.43205285420669504
3660,2,0,0.3820420412068656
3664,2,1,0.8246371512824514
3668,2,0,0.38792142836550436
3674,1,1,0.8499508564775597
3679,2,0,0.5189696741215688
3682,2,1,0.4707335790538317
3684,1,0,0.4721852411252946
3685,2,0,0.4379802446958652
3686,1,0,0.2565417459436353
3687,1,0,0.8215131076523177
3689,2,0,0.49626320972713844
3694,1,0,0.41782806179028714
3697,2,0,0.4722648659046945
3701,2,0,0.4303661634050438
3703,1,0,0.5348207723967668
3704,2,0,0.3793803251383146
3713,2,0,0.5663402965719039
3718,2,0,0.5520021386906369
3719,2,0,0.49463488966012215
3722,1,0,0.5748777437728091
3727,2,0,0.36583099353312803
3728,2,0,0.2996616119227889
3731,2,0,0.7204726427523216
3740,2,0,0.47110596587100434
3743,2,1,0.3724986470645964
3745,2,0,0.11498064128325533
3753,2,0,0.20046656152423303
3755,2,0,0.17830169289103362
3764,2,0,0.41875258689924016
3768,2,0,0.2784182558184409
3770,2,0,0.6020475480415098
3776,1,0,0.41498561905848297
3777,2,1,0.7214438808232884
3778,1,0,0.5225064389962221
3779,1,0,0.42352393019593615
3782,2,0,0.30138838637633814
3790,2,0,0.6823799461870063
3795,2,0,0.45764728108727565
3800,2,0,0.5053915316166587
3801,2,0,0.4380298126335535
3821,1,0,0.6177034071895938
3824,1,0,0.19031355155406027
3826,2,0,0.18203196223416818
3838,1,0,0.5436050057128591
3839,2,0,0.48111749166519746
3844,2,0,0.4932215707132955
3846,2,0,0.5348119169209022
3853,1,1,0.3929077218437744
3854,1,0,0.7376279977851579
3856,2,0,0.41507474844467185
3860,2,1,0.840309487033063
3864,1,1,0.7448838131672013
3866,1,0,0.32541148440082873
3867,2,1,0.7429761972518268
3871,1,1,0.595341971049829
3877,2,0,0.44754116477712674
3879,1,1,0.8579004535443056
3884,1,0,0.46606352834713016
3885,1,1,0.4192822044433463
3886,1,0,0.12114271535001322
3890,2,0,0.35726400565445715
3891,2,0,0.2901349953928333
3893,2,0,0.36560098523014034
3901,1,0,0.5146942715202829
3903,1,0,0.5546693529031129
3913,1,0,0.5075706686532099
3916,2,0,0.16529248287991888
3928,2,1,0.3359906063532302
3935,1,0,0.49960215077357734
3937,2,0,0.23523718462177287
3938,2,0,0.7240113252517442
3940,1,0,0.4741822960221441
3946,2,1,0.17065450475772428
3948,1,0,0.5687380468353529
3953,2,0,0.2612903209209655
3959,2,1,0.6031887509606053
3960,1,0,0.37069252536193753
3961,2,0,0.4909787506689835
3963,2,1,0.575856241562681
3966,2,0,0.3368733815061532
3968,1,0,0.653332093405867
3969,2,0,0.5825464767541544
3971,1,0,0.20839214723757873
3974,1,0,0.3141420609072466
3989,1,0,0.3558848426088875
3993,1,1,0.878990348698204
3996,1,0,0.5516878117695687
3998,1,0,0.48683742056826834
3999,2,1,0.8152471292346632
4001,2,0,0.726299081708366
4011,2,0,0.40274438511385546
4012,1,0,0.5835439874618028
4019,2,1,0.525066591300159
4021,1,0,0.4903502804117842
4023,2,0,0.20054155078997904
4024,1,0,0.2659469171283312
4026,2,0,0.17604479987467636
4027,2,0,0.2798002143607197
4028,1,0,0.6456037525535078
4033,2,0,0.47195656086766624
4034,2,0,0.38760523449095985
4035,1,0,0.6213923221684593
4038,2,0,0.2935385597787516
4040,2,0,0.7271879320700918
4043,2,0,0.18601184625832862
4045,2,0,0.5002854248681852
4048,2,1,0.8633879044116258
4049,1,1,0.5172100113939744
4050,1,0,0.37325695089418115
4052,2,0,0.4558773501173066
4053,1,0,0.5773047570098266
4055,1,0,0.3461012874576
4056,2,0,0.4484274849128342
4057,2,0,0.4704093249289579
4059,1,0,0.5532241442174909
4060,2,0,0.11796519910546312
4063,2,0,0.47529892044094757
4064,1,1,0.5461840630026615
4065,2,1,0.7726434232830948
4075,1,0,0.509354469534577
4079,1,0,0.34853834617218393
4086,2,0,0.5101929684931206
4088,1,0,0.4533387367573901
4092,1,1,0.3540947562159948
4100,2,0,0.1687084436817558
4101,1,1,0.3660865770226267
4104,2,0,0.43974931501063924
4106,2,0,0.30720161212758473
4119,1,0,0.5757455545701224
4129,2,0,0.17700900837813188
4130,2,0,0.46795521550278646
4133,2,0,0.06283849849853997
4135,2,0,0.345608672367623
4145,2,1,0.41104092429928024
4148,1,1,0.8898984832068237
4150,1,0,0.46801861827590907
4156,1,0,0.6343436622677218
4158,2,0,0.35909403463396544
4160,2,0,0.4488944430414845
4163,1,1,0.3767929633385324
4170,1,1,0.5829689481848455
4175,2,1,0.5529650640895732
4188,1,1,0.5363102438630781
4190,1,0,0.6955514845395041
4200,2,0,0.22008051797467956
4201,2,0,0.5531507164302761
4202,1,0,0.285199339869058
4203,1,0,0.3911906101367427
4206,1,0,0.5021628525791039
4207,2,0,0.36182492142718936
4211,2,0,0.4388638486465776
4214,1,0,0.48686626851048936
4218,1,1,0.7264457030841638
4232,2,0,0.25674492930046167
4239,2,0,0.5256293845474657
4242,2,0,0.5403228278734531
4243,1,0,0.3829063714712996
4255,2,0,0.47785480235434075
4256,1,0,0.49330816641641373
4260,1,1,0.6887945999863583
4262,2,0,0.5852821122689094
4264,2,1,0.6960244376561658
4268,1,0,0.23771516163102732
4276,1,1,0.607479135208072
4279,2,0,0.408283413746561
4280,2,0,0.4641740464940944
4285,2,1,0.5032259764720645
4286,1,1,0.7090523709293577
4294,2,0,0.38208769194148
4299,2,0,0.32471018859398687
4304,2,0,0.367374198149918
4305,2,0,0.35324096622494044
4309,1,0,0.1862651235902141
4310,1,0,0.35254855831500753
4322,2,0,0.521263223542689
4333,2,0,0.5196171642191301
4334,1,0,0.434483385895037
4335,2,0,0.5158543273755318
4339,2,0,0.8701991784297662
4341,2,0,0.6641368448022555
4351,2,1,0.34559203953571355
4352,2,1,0.5471793820215664
4357,2,0,0.39432811325737543
4360,1,0,0.3323324824739713
4367,1,1,0.9344191552790783
4373,2,1,0.2639421357401904
4374,2,0,0.3482010882730862
4375,2,1,0.9431264397146395
4376,1,1,0.6547328753605997
4377,2,0,0.5731820582549718
4379,2,1,0.7840031276543692
4382,2,0,0.37505056238690865
4385,2,0,0.2893862023451713
4393,1,0,0.5222865281810204
4394,2,0,0.49543066363202604
4402,2,0,0.4751914182274051
4403,1,0,0.7643204093061476
4409,2,0,0.445468318841617
4416,1,0,0.4165143176444106
4418,2,0,0.41844730274431374
4419,2,0,0.15348075045694762
4420,2,0,0.26972192018655533
4421,1,0,0.387837723777546
4434,2,0,0.06462258412952758
4436,2,0,0.2028319286942933
4440,1,0,0.19260508893643352
4441,2,0,0.4664095407618846
4442,1,0,0.5651866133765133
4449,1,1,0.18592580515540996
4451,1,0,0.54057628670697
4453,2,0,0.5092640760683639
4455,2,1,0.5329352265181632
4456,2,0,0.6633136531292861
4457,2,1,0.5148718055278019
4459,2,0,0.4305528728070761
4460,2,0,0.5091234214740022
4461,2,0,0.47874922719637764
4463,1,0,0.5105611128960869
4467,1,0,0.5127215569762316
4471,1,0,0.8329027422525076
4473,1,1,0.41993949072529957
4479,2,0,0.18756378449725172
4484,2,0,0.3320869339567466
4487,1,0,0.5149645866511028
4496,1,0,0.5957701760177001
4509,2,0,0.3206765044931362
4510,2,0,0.7717666878563257
4514,1,0,0.4306073458108397
4525,2,0,0.14490652976813823
4530,2,0,0.4534208135580616
4532,2,0,0.46718845907788237
4534,2,0,0.2120952602643611
4540,2,0,0.4688099078703167
4543,2,0,0.7733061647185218
4549,2,0,0.48641847505163205
4552,2,0,0.372953293923529
4553,2,0,0.16021399127720548
4562,2,0,0.5383725606395648
4563,2,0,0.2969269157032575
4569,1,0,0.4934733639450914
4573,2,1,0.9134496213993777
4574,1,0,0.42202844933570105
4575,2,1,0.3587771246320201
4584,1,1,0.851372766199999
4589,1,1,0.7886890658661865
4597,1,1,0.37943419245117777
4604,2,0,0.07274292836558063
4609,1,0,0.7850389036379127
4617,1,0,0.5656968367672768
4620,1,0,0.505688401008397
4624,1,0,0.5056762177238961
4625,2,0,0.4474462369554775
4629,2,1,0.5667072612053083
4630,2,0,0.4415932169063921
4631,1,1,0.7395318667266028
4636,1,0,0.5470955162769479
4637,2,1,0.31594035147777216
4638,1,0,0.5193064838073117
4645,2,0,0.27774773342937836
4648,1,0,0.3579281253964982
4654,2,0,0.7735465376001661
4655,2,0,0.5714533805764767
4657,2,0,0.4204997469584266
4663,2,0,0.4419864311373897
4672,1,0,0.4669424946945115
4673,2,0,0.5168188044684241
4688,1,0,0.19224403659581502
4691,2,1,0.7286053793665772
4693,2,0,0.3076723221616181
4694,2,1,0.46219269369860705
4698,1,1,0.7572361057391357
4700,2,0,0.47036993439135083
4701,1,0,0.8198591381475788
4716,2,0,0.2315392515462829
4717,1,0,0.5313708703175697
4719,1,1,0.3779523084637728
4721,1,0,0.33986096883091016
4724,2,0,0.4584776576868822
4725,2,0,0.6704908489597123
4726,1,0,0.33577240361548977
4732,1,0,0.41949318340284775
4735,1,0,0.3275636362275064
4736,1,0,0.13184786463992967
4742,1,0,0.4785112040308041
4743,2,1,0.5071006853956652
4744,1,0,0.4483428185830673
4746,1,0,0.6458951056054422
4747,1,0,0.7255057605838456
4750,1,0,0.43291294138231506
4751,2,1,0.5443731928876462
4752,2,0,0.44126682951351837
4754,2,0,0.5746452117141474
4757,2,0,0.42684207047231476
4758,2,1,0.35385610794985717
4764,2,0,0.42708521317173687
4765,1,0,0.7076333394892267
4769,1,0,0.34656144424547086
4770,2,1,0.8443566208762305
4781,1,0,0.25402051592884656
4787,2,1,0.5497421691489845
4790,2,0,0.735297982198057
4791,2,1,0.7284761226380851
4792,1,1,0.5549742207108119
4796,1,0,0.5520325752274508
4801,1,0,0.48972198102912007
4808,1,0,0.48609981028426524
4812,1,1,0.5386213370683974
4814,2,0,0.5060195750702845
4817,2,0,0.46495560772107947
4819,2,0,0.2632556482978042
4824,2,0,0.2168675618773609
4828,2,0,0.47266304732097697
4831,1,0,0.47061199787518615
4832,1,1,0.4747278152509386
4833,2,0,0.40167039758682127
4834,1,0,0.5638315959946851
4841,1,1,0.8833066198835859
4843,1,0,0.4269497274716915
4855,2,0,0.43496592553960495
4856,2,1,0.5305584287435332
4859,2,0,0.5415412734777668
4862,2,0,0.4863734767372985
4864,2,1,0.349102847389781
4866,2,0,0.24570408098033902
4867,2,1,0.7959882588109921
4871,2,1,0.3072460305636448
4876,2,0,0.7394444076046258
4879,2,0,0.33909370544115536
4883,1,1,0.8080362637949975
4888,1,0,0.49590353544809734
4890,2,0,0.4634415065075912
4891,2,0,0.27857336365119406
4893,2,0,0.5393655266422809
4897,2,0,0.4204659654337035
4898,2,0,0.5110425745751811
4899,2,1,0.45190931893796066
4903,2,1,0.6766926359605249
4915,1,0,0.7984431791449206
4917,2,0,0.19997840267696798
4918,2,1,0.7725801721054959
4919,2,0,0.3334263771044133
4923,2,0,0.32411832822226466
4928,2,1,0.35580317206680745
4930,2,0,0.2865160024612681
4933,1,0,0.5194625060591851
4936,1,0,0.5019471225231562
4938,1,0,0.5705288364052244
4944,2,0,0.474178279438906
4946,2,1,0.3176874371499578
4947,1,1,0.474904661591342
4948,1,0,0.4733127269658569
4954,2,0,0.4416406146933196
4956,1,1,0.5075491869682457
4962,1,0,0.5388732228385817
4967,1,0,0.5330648378706396
4970,2,0,0.5208734352108615
4978,1,0,0.33771710320378234
4979,2,0,0.517640930285629
4980,2,0,0.4169632254353123
4982,1,1,0.4403242732470085
4986,2,1,0.7875185383610369
4987,2,0,0.18671204330119753
4996,2,0,0.5426381261496853
4999,1,0,0.36974277345308415
5007,2,0,0.18720447989030806
5008,1,0,0.6218697293834639
5010,2,0,0.4835169713452585
5011,1,0,0.4128283240770897
5012,2,1,0.1718156887284128
5018,2,0,0.5296166824280416
5022,2,0,0.3022635963581526
5026,1,0,0.45753469950783315
5028,1,0,0.20568995208287996
5031,1,1,0.2749661002012681
5033,2,0,0.5051007309462318
5036,1,0,0.21495885057557557
5047,2,0,0.34116891349985173
5049,1,1,0.7733766639640282
5051,2,0,0.5251728878460824
5053,2,0,0.3069474707368364
5059,2,0,0.35814758196559243
5060,2,0,0.3265806831197539
5061,1,1,0.7953106947489519
5069,1,1,0.4512091909262149
5070,1,0,0.3603271371351012
5073,2,0,0.5509912900472288
5075,2,0,0.5050543155675344
5077,1,0,0.716345368820837
5080,2,0,0.7677531180130435
5082,2,0,0.1940547043375436
5089,2,0,0.1479365588159559
5093,1,0,0.32183623989854837
5094,2,1,0.5627016935642107
5098,2,0,0.38769831351729356
5100,1,1,0.8178534738724104
5101,2,0,0.22622347630476897
5106,1,0,0.5145171829135627
5108,2,1,0.3818860422623745
5109,1,0,0.4726454536102789
5111,1,0,0.4224750526993366
5122,1,1,0.4592231739297988
5124,2,1,0.6290127271499529
5126,2,1,0.5602917226834441
5128,1,0,0.3414737710893891
5129,2,0,0.7414534266789828
5131,1,0,0.4619657649572631
5134,1,0,0.5817565038515199
5137,1,1,0.7506712512886331
5139,2,0,0.47721039276502164
5141,1,0,0.13004877708317952
5142,2,0,0.49914294466538833
5144,2,0,0.36286439510739094
5149,1,1,0.6566966980571924
5159,1,0,0.25558010264658443
5160,2,0,0.2931669904040827
5163,1,0,0.34908481680021725
5166,1,0,0.23823858437494486
5169,2,0,0.19991412266945494
5172,1,1,0.8365435711603966
5174,2,0,0.5122352565216453
5176,2,0,0.26605646713227377
5188,1,0,0.21489510538701895
5193,2,0,0.3307761945205974
5204,1,0,0.2691303589099006
5205,2,0,0.2828821124029529
5206,2,0,0.21483423316763733
5209,2,0,0.5291294127947616
5211,1,1,0.5764578746375841
5212,1,0,0.6724027690678566
5213,1,0,0.5380905685800723
5215,1,0,0.5486474456371604
5218,2,0,0.509993720732345
5224,2,1,0.781888557223019
5225,1,0,0.7845037497181058
5226,2,0,0.48444074578656243
5228,2,0,0.3519231653569443
5231,1,0,0.5065971024120206
5234,1,0,0.8683172712266032
5237,2,1,0.7022238459329377
5240,2,0,0.3037835015882404
5250,2,0,0.4568313556979648
5264,2,0,0.47871506202097
5269,1,0,0.43740619128547775
5270,2,0,0.4696222206503774
5272,2,0,0.49625078124330874
5273,1,0,0.42350196547217656
5275,1,1,0.35695791887300743
5276,1,0,0.5649844225961307
5278,2,0,0.3210800980284351
5279,1,0,0.3160647399276001
5280,2,0,0.5541867740967472
5287,2,1,0.1682489942546866
5293,1,0,0.5713645210538398
5296,1,0,0.42464132896889856
5301,2,0,0.25624410011086624
5302,1,0,0.3556178592434457
5312,1,0,0.6006596919254803
5315,1,0,0.4641114486576646
5317,2,1,0.7400563789355321
5318,2,1,0.2852177799175213
5319,2,0,0.2800085414450899
5320,2,0,0.5797744148629663
5325,2,0,0.49097712607194255
5326,1,0,0.4155378422894365
5328,2,0,0.44691065885795805
5332,2,0,0.5766631489484263
5334,2,0,0.20129118538162924
5347,2,0,0.3909953235163685
5348,2,0,0.31461158719947185
5353,2,0,0.7567608154734191
5354,1,0,0.5858201763789952
5355,1,0,0.38395749233286824
5358,2,0,0.30172352572814803
5360,2,0,0.40854525559995014
5362,1,0,0.46371333325560027
5366,1,1,0.5014148724594997
5371,1,0,0.2861173347949675
5375,2,0,0.5159342962535504
5380,1,0,0.3067249260188801
5381,1,0,0.6653596732979093
5382,1,1,0.3643877980295285
5384,1,1,0.7612915423672911
5390,2,0,0.4658062556518798
5392,2,0,0.4393041173812687
5395,1,0,0.3808788577439729
5398,1,0,0.4006284045519604
5401,2,0,0.025031747555546893
5404,1,0,0.28769310713775276
5405,2,1,0.5525948323458492
5406,2,0,0.48541096762303737
5408,1,0,0.34760516343601344
5413,1,0,0.5444589303995698
5414,2,0,0.15136750884292843
5420,1,1,0.8940221841192769
5423,1,1,0.48833195440111477
5427,2,1,0.34302502403250357
5428,2,0,0.5757705139290746
5429,1,0,0.6350938988043318
5430,1,0,0.46536366008472235
5431,2,0,0.5096962162772328
5433,1,0,0.29189488560678245
5438,2,0,0.29211981037555773
5439,1,0,0.43811792705485425
5446,1,0,0.5743411853027646
5449,1,0,0.5686420822989756
5450,1,0,0.11103583118429304
5452,2,0,0.7284489969070987
5453,2,1,0.33560178301292165
5455,2,0,0.46040563868629114
5457,1,0,0.4266069045270118
5461,1,0,0.3677798622495
5465,2,0,0.4746236758675861
5466,2,0,0.561588413149811
5472,1,1,0.5095363323622525
5476,2,0,0.5065924828830648
5480,2,0,0.363532910253388
5483,2,0,0.4860822054090111
5498,1,0,0.5702513463657216
5506,1,0,0.5387281917107429
5513,2,1,0.8569660644746839
5517,2,0,0.6730908993535264
5518,1,0,0.40424118469572295
5522,2,0,0.5116335144897439
5525,1,0,0.34009221295288095
5531,2,0,0.4809717301096945
5533,1,0,0.4967594898694368
5536,2,0,0.5237791782147706
5537,2,0,0.528438758390815
5539,2,1,0.34614182533881543
5542,1,0,0.6697657600706681
5546,2,0,0.5740961104152444
5549,2,0,0.332133069133986
5554,2,0,0.5571930327031387
5555,2,0,0.20422660925130717
5558,2,1,0.7150721762810716
5561,2,0,0.3320217614756237
5562,1,1,0.5354076992744015
5565,2,1,0.4823796888817744
5566,2,0,0.4846611124623497
5567,2,0,0.4479956292252617
5573,2,0,0.513691400395772
5575,2,1,0.4745798907609339
5578,1,0,0.4896593001666338
5579,2,0,0.48678720565283123
5580,2,1,0.7725805071044738
5581,1,0,0.7096671655690276
5583,1,0,0.5317059109219374
5585,2,0,0.5829871053116008
5587,2,0,0.41912309579346774
5588,2,1,0.2174068619453379
5598,2,1,0.5367012743442512
5599,2,0,0.3638331685420525
5601,2,1,0.726524181629809
5603,2,0,0.47022029977431706
5606,2,0,0.38083358715984855
5609,2,0,0.1968345983083016
5611,2,1,0.7226876727270495
5613,2,0,0.3903458183434877
5614,2,0,0.3306613412908308
5621,2,0,0.50085934435245
5622,1,0,0.5782274307958413
5625,2,0,0.39678122119075676
5627,1,1,0.7629447382996787
5628,2,0,0.3845846614301996
5630,2,0,0.38283799901896987
5635,2,0,0.3852570430655029
5640,1,0,0.4963741421909601
5652,2,0,0.39389239709422685
5655,2,0,0.1315933457255894
5663,2,0,0.3209111313360328
5667,1,0,0.2135852138331549
5668,2,0,0.2630605902642919
5669,2,1,0.43673335670702146
5673,2,0,0.5045579210804088
5678,1,0,0.5330445458266205
5682,2,1,0.8150719372465679
5684,2,0,0.5313838513030069
5686,1,0,0.12997219057820392
5689,2,0,0.43018947530979995
5704,2,0,0.1713617077039782
5705,2,1,0.2725573298026805
5707,2,0,0.048646196402638946
5709,2,0,0.36991291451400915
5713,2,0,0.11203955264440589
5714,2,0,0.8320734832113339
5716,2,0,0.1650192295401888
5717,2,0,0.46714854598316147
5719,1,0,0.28312874349583106
5725,2,1,0.8051763288407958
5734,2,0,0.4685935072803954
5736,2,0,0.38460307588186404
5738,2,0,0.33359662187253947
5739,1,1,0.7056974429919816
5741,1,0,0.35641129161671115
5742,1,0,0.07740631693485771
5759,2,1,0.5034914886967148
5760,2,0,0.4313146072819925
5763,1,0,0.5920398304638903
5771,1,1,0.746911971220442
5778,2,0,0.35036876892723523
5779,2,0,0.47084606910214094
5780,1,0,0.5465764411747148
5785,2,0,0.30513630826308263
5786,1,1,0.77326363965028
5787,2,1,0.8312277357816994
5789,2,0,0.20469831584941894
5798,2,0,0.20224782362741145
5800,1,0,0.9273493330768822
5802,2,0,0.27898507862738514
5806,2,0,0.46887776010697707
5808,2,1,0.5165600795976798
5809,1,0,0.271676983970633
5818,2,1,0.7935979499688747
5827,2,1,0.4838884532427123
5834,2,0,0.7089679219567409
5836,2,1,0.2053662179225963
5840,2,0,0.2017963690144051
5843,1,0,0.3496105450377269
5844,1,0,0.3241983714513925
5848,2,0,0.5724612988032309
5849,1,0,0.48811874521716225
5860,1,0,0.5813809119223197
5862,1,0,0.4764475419431043
5863,2,0,0.4441827981159906
5867,1,0,0.3926088734535486
5875,1,1,0.7563435038502458
5876,2,1,0.2584999530052147
5877,2,0,0.22898742536391503
5881,1,0,0.5227687950534179
5886,2,0,0.7416962046514769
5889,1,0,0.27405928102957156
5900,2,0,0.5649000086980684
5908,1,0,0.6953962923375279
5909,2,0,0.5235484313871379
5910,2,0,0.4423752549697598
5916,2,0,0.9181705292512999
5921,2,1,0.3321587803006652
5923,1,0,0.4026884515330414
5924,2,0,0.3008015416416059
5926,2,0,0.35708271180664897
5927,2,0,0.4947286903847295
5928,2,1,0.38504875644521636
5930,2,0,0.5531926873367163
5933,2,0,0.5381495510470231
5936,2,0,0.5064018760060205
5937,1,0,0.265867712510094
5941,2,0,0.4868953050247807
5949,2,0,0.43492562425759546
5950,2,1,0.4956146784104647
5952,1,0,0.2545381946913114
5957,1,0,0.19956641352175325
5958,2,0,0.4261214479117314
5964,2,0,0.6925227186596278
5965,1,0,0.4968314635570247
5968,1,0,0.22530217921569512
5969,2,0,0.3339003249740716
5971,2,1,0.38826305883848494
5977,2,0,0.34666184278877443
5980,2,1,0.7209238980775973
5981,2,0,0.3371234105703331
5982,1,0,0.515488011977001
5984,1,0,0.46626179350545505
5985,1,0,0.5163174198682815
5987,2,1,0.32961769969944005
5992,1,0,0.3917553292541741
5994,1,0,0.24151983083985817
6000,2,0,0.581396690375026
6007,2,1,0.344318580731495
6011,2,0,0.5366055189127342
6016,2,1,0.604467050792828
6020,1,1,0.7632556588304568
6022,2,0,0.2849833331662071
6031,2,0,0.5653809792264627
6032,2,0,0.5340180142904937
6034,2,0,0.08805042580050063
6036,1,1,0.33964567881188834
6042,2,0,0.4377769968992428
6043,2,0,0.47858689830349466
6045,1,1,0.8476308627018639
6046,2,1,0.639336640847732
6047,2,0,0.38478276076727874
6051,2,0,0.5075051733421538
6057,2,0,0.27044588386119084
6063,2,0,0.3206704232834413
6068,2,0,0.4133289530188787
6073,2,1,0.4400392460582154
6074,1,1,0.2455415747417743
6077,1,1,0.7849717050197117
6079,2,1,0.8401490924024644
6080,1,0,0.36774607645526725
6081,1,0,0.22690907461603851
6091,2,0,0.20290135075908056
6095,2,1,0.34312286587965873
6103,1,0,0.5237369496921676
6109,1,1,0.7340114617870888
6110,2,0,0.4391893171270089
6111,1,0,0.5207635287116373
6116,1,0,0.16643283123764363
6119,1,0,0.306407783763269
6120,2,1,0.7264410007469784
6124,2,0,0.23321298915329206
6126,2,0,0.1382577874176613
6129,2,0,0.29704056538326257
6130,1,1,0.7621478478331043
6141,2,0,0.19640077882374427
6146,2,0,0.5321301576557113
6148,1,0,0.3244869728119339
6152,1,0,0.4669241477984809
6160,2,0,0.6918020949665679
6163,1,0,0.5354113699618698
6164,1,1,0.31472106859820786
6166,2,0,0.14741525567028033
6168,1,0,0.41508427445063806
6169,2,0,0.4193494137922785
6170,1,1,0.192096705304543
6172,2,0,0.5113218917449918
6173,2,0,0.5235854902131062
6176,1,0,0.8124714230188316
6177,1,1,0.7846286999928561
6178,1,1,0.47951903778524607
6179,2,0,0.19481878417690848
6180,1,0,0.41899541643307514
6189,1,0,0.4521524613839279
6194,2,0,0.7368626438436192
6197,2,0,0.7229141243995695
6199,1,0,0.6500275454657356
6206,1,0,0.3816314395956418
6213,2,0,0.4467127437813226
6214,2,0,0.3941509144111429
6215,2,0,0.34416266811674867
6218,2,0,0.7230617836670353
6220,1,0,0.33913151622793614
6222,2,1,0.6981991671567808
6224,2,0,0.40153691444069145
6226,2,0,0.416911679972579
6227,2,0,0.24543732563141293
6235,1,0,0.5067991553798119
6237,1,0,0.36429999837185556
6240,1,0,0.45283092743609177
6242,1,0,0.346163101467408
6251,2,0,0.5024575323929255
6264,1,0,0.1825575813296108
6265,2,0,0.7552067225850494
6267,1,0,0.2861956586374862
6273,1,0,0.4822268041219919
6275,2,0,0.3580919962860636
6277,1,0,0.5192873591500159
6278,2,1,0.6696754152616119
6279,2,0,0.6007832375657907
6282,1,1,0.9338673311839363
6286,1,0,0.6911695522755875
6287,2,0,0.512310805232391
6288,2,0,0.4488497225728203
6289,1,0,0.3734746030788793
6291,2,0,0.4594930986992131
6294,1,0,0.4570825704496214
6297,1,0,0.4416649840688757
6298,2,0,0.2582751918710763
6299,2,0,0.137395676841508
6300,2,0,0.13807890174283385
6301,2,0,0.7061125584616978
6302,2,0,0.5253411546198454
6303,2,0,0.20982823846210866
6304,2,0,0.4813069374131984
6309,2,0,0.5225676591406885
6311,2,0,0.1903018457627186
6312,1,0,0.290990841182181
6317,2,0,0.18281837293516215
6318,1,0,0.48223003358827987
6327,2,0,0.2684412609519091
6330,2,0,0.4673236526676773
6335,2,1,0.8145835146213669
6336,2,0,0.36981070433242236
6340,2,0,0.2548272312206551
6343,1,0,0.4012833536137468
6346,2,1,0.4705927492753597
6348,2,0,0.42965593406944014
6358,2,1,0.4780140739768688
6359,1,0,0.49944688373414886
6361,2,0,0.40772422625270455
6362,2,1,0.7098122250812878
6363,1,0,0.6633658609705262
6366,1,1,0.5630534749140095
6368,2,0,0.5856972660293627
6369,2,0,0.5089491174630703
6374,1,1,0.9641982116732296
6375,1,0,0.493754287068272
6380,2,1,0.7982110273589441
6381,1,0,0.4512030875909524
6385,2,0,0.4781049887756072
6386,2,0,0.5783854809953304
6388,2,0,0.21431006450575563
6391,2,0,0.2772351132784076
6394,2,0,0.3867775790938472
6398,1,0,0.47991878569203283
6402,1,0,0.5087540705767986
6405,2,0,0.4377345056402291
6407,2,1,0.3120548066915597
6414,1,1,0.5650562775540638
6418,1,0,0.4421002823504421
6419,1,0,0.6429105908434376
6422,2,0,0.37158623369799576
6423,1,0,0.5046375301097187
6426,1,0,0.31111661813281855
6433,2,0,0.5448385895895677
6435,2,0,0.8832003178459337
6436,1,0,0.4575030416262157
6447,2,0,0.2681969460795224
6449,2,0,0.47444734933282023
6450,2,1,0.42785350213606915
6452,2,0,0.49480595424338686
6453,1,0,0.33797717429247637
6456,2,0,0.7089623113175959
6460,1,0,0.48777532933970236
6461,2,0,0.1619005030811294
6462,1,0,0.24452677165246642
6463,2,0,0.3654094678360005
6466,2,0,0.281558391612493
6468,1,0,0.5534059394193716
6471,2,0,0.5329285535599785
6472,2,0,0.0529668436662798
6473,1,0,0.578792320814899
6477,1,0,0.3495944972851742
6479,1,1,0.5395552065462713
6489,2,0,0.32398124456612665
6490,2,1,0.5381967364686421
6493,2,1,0.8502506267540283
6502,2,0,0.43345912499355416
6507,1,0,0.7246785169634876
6508,2,0,0.267333090059661
6510,1,1,0.8381595269276714
6512,2,0,0.40083000714863565
6513,1,1,0.4784241542148141
6523,2,0,0.3040334012928793
6524,1,0,0.5665937343597075
6525,1,0,0.5563226344192892
6533,2,0,0.3387772714372351
6534,1,0,0.4911105343402579
6540,2,1,0.5404261070960514
6542,2,0,0.3603726754041501
6544,2,0,0.2966854302866781
6549,2,0,0.5648747432589392
6551,1,1,0.6886334847528165
6554,1,0,0.33427320668744165
6562,1,0,0.28644262732530906
6564,1,0,0.5550224601418093
6565,1,0,0.49102156688122467
6567,2,1,0.4884914762231824
6569,2,0,0.17523606141728507
6570,1,1,0.876234541004077
6572,2,0,0.5042721442875041
6573,2,0,0.49702559408211827
6579,2,0,0.2398792275256567
6581,1,0,0.5045790401235645
6582,1,1,0.7665782647636015
6586,1,0,0.7479609997635375
6591,2,0,0.21642084818455354
6599,1,0,0.4823969884218525
6602,1,0,0.35910328889812376
6603,2,0,0.4993199400572441
6606,1,0,0.5848568070965325
6607,2,0,0.44498684305648917
6614,2,0,0.4894046523680096
6622,2,1,0.8227564385062739
6623,2,0,0.48143710232651615
6624,2,1,0.656946614780034
6630,2,1,0.8282252598589278
6634,2,0,0.41229265454436786
6643,1,0,0.445560305249246
6645,2,0,0.5464270325151289
6646,2,1,0.7643350172812944
6649,1,0,0.3279139712373418
6658,2,0,0.7588846099479949
6660,1,0,0.7592631450881946
6664,1,0,0.4076359102986269
6666,1,0,0.6046531335051708
6667,2,1,0.7188984208896058
6676,2,0,0.5563692505014486
6677,1,0,0.5134102611588413
6678,1,0,0.6443844599697222
6680,2,0,0.6397208350081951
6682,2,0,0.47622718617953397
6684,1,1,0.5018003607361026
6685,1,0,0.2881684969033609
6689,1,0,0.72230376784536
6690,2,0,0.15743999782958715
6695,1,0,0.5086545417726355
6697,1,0,0.5007814974840084
6698,1,0,0.4472976638141251
6702,2,0,0.561698844009795
6704,1,0,0.5066644328053654
6707,2,0,0.5272941071090558
6709,2,0,0.7822969729182588
6714,1,0,0.3897129835510249
6719,2,0,0.42135443305550413
6720,2,1,0.36015395966332653
6722,1,0,0.27535921203676217
6725,2,0,0.37025065606247615
6734,2,0,0.46235180685401456
6735,2,0,0.21375917251673973
6737,2,0,0.5575614325690734
6744,2,0,0.5326907302389495
6745,1,1,0.5561638547136054
6746,2,0,0.42036157134845115
6748,2,0,0.3853120992501521
6751,2,1,0.8339363803280602
6752,1,1,0.5787585624540634
6753,2,1,0.8307277658611829
6757,1,0,0.4769928821856264
6759,2,1,0.4738998261437758
6762,2,0,0.16915678267154785
6764,2,0,0.31919904823506634
6766,2,0,0.44919340529343393
6767,2,0,0.4157339986192659
6769,2,0,0.2515713596478617
6770,2,0,0.5026550118233183
6772,1,0,0.6520519111986338
6774,2,1,0.0032720541935714444
6779,1,0,0.39257594104108295
6784,2,1,0.715936659714583
6785,2,0,0.4829918291668843
6788,2,0,0.48078848259615026
6792,1,0,0.5508090556607476
6811,1,0,0.5599409274070307
6814,2,0,0.4956978620046065
6815,1,0,0.486920643968532
6817,2,0,0.1910798905080374
6821,2,1,0.08223309959205416
6826,2,0,0.459325968785232
6830,1,1,0.48206988858675487
6832,2,0,0.48193333277470146
6833,1,0,0.7447974529464665
6834,1,1,0.5125901324023294
6842,2,0,0.19043008633856195
6847,2,0,0.6780774680832254
6850,2,0,0.5202483266511863
6852,2,1,0.502139299585296
6854,1,1,0.28361586404006595
6855,1,1,0.7222136083812086
6862,2,1,0.7394276498174525
6863,2,0,0.45251339621071807
6868,1,0,0.4915530582448517
6871,1,0,0.7457800466605105
6872,1,0,0.30636701514683823
6884,1,0,0.2599708998174041
6885,1,1,0.8019388168866316
6892,2,0,0.48078331583348627
6903,2,0,0.18183526395443025
6904,2,1,0.5134328264194489
6906,1,1,0.8250228044085474
6914,1,0,0.5213736274233621
6919,2,0,0.19763706703041276
6925,2,0,0.4634815906839019
6929,2,0,0.4477399706431541
6930,1,1,0.7449884528411904
6932,1,0,0.36008238091149236
6936,1,0,0.5635290334864125
6938,1,0,0.6560230607904813
6943,1,1,0.5527892342163172
6944,1,0,0.42267610756956947
6945,2,1,0.37953644582472107
6950,2,1,0.3861549350697415
6954,1,0,0.5736732031239694
6960,2,0,0.4872185930379139
6962,1,0,0.7006757472013837
6963,1,1,0.3979089304455066
6964,1,1,0.595096403159505
6970,2,0,0.5180881178198721
6974,1,0,0.7477583483470904
6978,1,0,0.2647077270035756
6980,2,0,0.4094351098715045
6992,2,0,0.3488596266214553
6995,2,0,0.49800425881795357
6997,1,0,0.7098018319051623
6999,1,0,0.28388182008936236
7016,2,0,0.3927681643415061
7017,1,1,0.4590332939511805
7018,1,0,0.5370814467276539
7023,1,1,0.8425718735468535
7028,2,0,0.2554394816215017
7030,2,0,0.5363507702194322
7032,2,0,0.3231459091368696
7036,2,0,0.34111391329683055
7042,1,0,0.5851723289686221
7045,2,0,0.3594110656929978
7047,2,0,0.7706098557240035
7048,1,1,0.5584645724891943
7051,2,1,0.40449392209927487
7055,2,0,0.4928590402795537
7056,1,1,0.834351227986258
7057,1,1,0.8264918410742055
7058,1,0,0.43241546742478143
7059,2,0,0.42180050582304085
7061,2,0,0.5378614197486802
7062,2,1,0.6532095804468926
7067,2,0,0.5427561592813998
7072,1,0,0.7057881643358436
7073,2,0,0.22172914021804296
7075,2,0,0.24979107688472518
7079,2,0,0.4086494394287688
7080,2,0,0.3363796459969669
7085,2,0,0.42114421489654275
7087,1,0,0.5611480324870908
7090,2,1,0.42974207876850207
7091,2,0,0.4163831550327063
7093,2,1,0.4679678822095152
7094,2,0,0.5510327628916125
7095,2,1,0.41947680095639384
7098,1,0,0.5406837713569442
7099,2,0,0.5189868646772601
7104,2,0,0.39337070273417574
7105,2,0,0.21773592659812815
7109,2,0,0.3034774909399416
7110,2,0,0.4921927891753794
7111,1,0,0.05031317599347805
7113,2,1,0.27867451806560395
7114,2,0,0.5018629138470694
7115,1,0,0.5303807454891901
7117,1,0,0.14890116763031677
7126,2,0,0.3993483497690683
7133,1,1,0.46974678083885235
7134,2,0,0.38798954082634274
7140,2,0,0.5518359727080844
7142,2,0,0.17740864911098275
7144,1,1,0.586866230101819
7145,2,1,0.7683406214828684
7146,1,0,0.8040560647153064
7149,2,0,0.5758994603323333
7152,2,1,0.4757995795399213
7162,2,1,0.34377392330618906
7164,1,0,0.5877810400620389
7165,2,1,0.1836588974254244
7166,2,0,0.20536253040267896
7170,1,1,0.5420504882383594
7174,1,0,0.4190940089920092
7179,2,0,0.5221799051316015
7180,1,0,0.27884336595026293
7184,2,0,0.45888098158305307
7187,2,0,0.3440304600426911
7191,2,0,0.3617007739258542
7196,2,1,0.4493303077929106
7197,2,0,0.2832427054382419
7198,2,0,0.49602966706371
7200,2,0,0.4882951275041183
7204,1,0,0.585960644976698
7207,2,0,0.3818142015452665
7209,1,0,0.5300002319492733
7212,1,0,0.33962617547994217
7217,2,1,0.7079741993720973
7221,1,0,0.5137437523016319
7223,2,0,0.2308240972225088
7229,2,1,0.4984447118420253
7230,2,0,0.5039880579728598
7231,2,0,0.35077956225621443
7236,2,0,0.5600932132107639
7238,2,1,0.510846965494408
7242,2,0,0.48028049625222413
7249,2,0,0.5576707597263083
7250,2,1,0.3188676899225035
7251,2,1,0.27479118106674455
7254,1,0,0.6992764926144476
7256,2,0,0.5784394511647075
7257,1,0,0.35127289877500906
7258,2,1,0.450418657224122
7259,2,0,0.44557814653711125
7264,2,0,0.6656705628840753
7265,1,1,0.34404710185260345
7268,2,0,0.49731472608544197
7270,2,0,0.4287678337418571
7274,2,0,0.4674193603394392
7280,1,0,0.42119397547942283
7282,1,0,0.12070992313231925
7283,2,0,0.3427961810306781
7284,1,1,0.5869914954551131
7289,2,0,0.4360635662693208
7295,2,0,0.4954085798222081
7298,1,0,0.10142027887768157
7312,2,0,0.45635168589308567
7316,1,0,0.34610889045659926
7318,1,0,0.510357996583353
7322,1,0,0.2061335595109862
7326,2,0,0.45658819856164956
7328,2,1,0.3008903008964696
7335,2,0,0.5661020398861044
7336,1,0,0.2776010263550627
7338,2,1,0.40530394326589164
7341,2,0,0.38065590855884535
7342,2,0,0.5153628807909217
7344,2,0,0.43419568958694743
7348,2,0,0.4392974573453867
7350,1,1,0.7429598587720819
7353,2,0,0.5042065757972953
7355,1,0,0.49628382053464415
7359,2,0,0.3694243176132257
7361,2,0,0.39305094986051353
7364,2,0,0.26829302125364024
7366,2,0,0.16962064691018125
7369,2,1,0.8024099081023113
7376,2,0,0.7196761949077894
7383,2,0,0.3949626508117144
7392,2,0,0.2820367013915526
7394,2,0,0.48312601355760254
7395,2,1,0.874039982216152
7399,2,0,0.3382860009627185
7400,2,1,0.8181051115586717
7403,2,1,0.2888567647427343
7407,1,1,0.5339959843931148
7408,2,0,0.1992795723517464
7409,2,1,0.8225938512144236
7411,1,0,0.608916934447046
7412,2,0,0.43810082105564335
7414,2,0,0.3604435650498632
7419,1,0,0.5121609973401681
7422,2,0,0.4624362385695323
7429,2,0,0.4417079095587444
7431,2,0,0.19596131466738617
7432,2,0,0.3587165148043778
7437,2,1,0.8041479118898346
7442,1,0,0.5286842581025006
7445,2,0,0.4495564264873523
7448,2,1,0.7027785074203898
7449,1,0,0.39541906551018174
7452,2,0,0.46209620094485937
7453,2,1,0.1824270433530001
7455,2,0,0.44365497759986744
7457,1,0,0.08696654284396446
7458,2,0,0.46731651797488916
7470,2,0,0.4611286357775832
7471,2,0,0.37193531854478645
7473,2,0,0.4428909738884295
7475,1,1,0.8118047169762094
7476,2,0,0.4352511628161443
7479,2,0,0.4771511799227039
7482,2,0,0.5578240957201669
7487,2,0,0.5013743550925577
7497,2,0,0.31555423186087744
7500,2,0,0.8697665898997209
7501,2,0,0.5671103133373007
7504,2,1,0.7719952041887306
7507,2,1,0.20486899524580612
7508,1,0,0.3205210132337674
7513,2,0,0.3802946426515362
7514,2,0,0.14887279645128326
7515,2,0,0.4319147041706211
7517,2,0,0.6070825440222876
7519,1,0,0.4497754132450786
7520,2,0,0.3175868128152236
7521,2,0,0.22215921384667264
7522,2,0,0.38772586954372984
7523,1,0,0.349347301386696
7526,2,0,0.5598580953206727
7529,2,1,0.5134231287936364
7532,1,1,0.8321867425270814
7533,1,0,0.321960871382954
7542,1,1,0.4669325372206825
7544,2,0,0.36237751317534667
7545,2,0,0.4832291393982801
7546,2,0,0.1752938113058501
7547,1,0,0.427613077889324
7549,2,0,0.771580659779213
7552,1,0,0.4950774629153211
7554,2,0,0.5370498314337421
7558,1,1,0.5358498028549185
7559,2,0,0.3495388278219886
7560,2,0,0.3651827372040992
7562,2,0,0.3607038759958275
7564,1,0,0.5037494785917223
7567,2,0,0.5210492393292234
7568,2,0,0.28315241495611376
7571,1,0,0.5279719517222355
7578,1,0,0.3813695976611663
7579,1,0,0.5478693075213402
7580,2,1,0.7208941856324202
7582,2,0,0.4531395835344254
7583,2,1,0.37768622936931173
7586,1,0,0.21436198129075518
7587,2,0,0.1885649800423171
7590,2,0,0.7285356716577132
7591,2,0,0.4459831858396162
7595,2,0,0.5163733879628916
7605,2,0,0.33064596439044996
7606,2,0,0.29856814635209517
7608,2,0,0.6065489060499193
7612,1,0,0.5319005240218263
7614,1,0,0.4092473117678572
7615,2,0,0.5254610713020926
7619,1,0,0.5106962145229076
7620,1,0,0.4365251337778053
7621,1,0,0.5665304450417349
7622,1,0,0.40128585780106696
7629,2,1,0.6455400846927115
7631,1,0,0.33765118801282623
7634,2,1,0.4638271535270283
7637,2,0,0.38917310477697853
7638,2,0,0.4391016064281796
7643,1,0,0.49536927549409376
7645,1,0,0.4124743441644294
7647,2,0,0.571210867782244
7648,1,0,0.5591857884727057
7651,1,1,0.1409990352958839
7657,1,0,0.39646535437453895
7658,2,0,0.6461883092226512
7666,2,0,0.17164943501725777
7673,2,1,0.6491861311636135
7677,2,0,0.4833550768646467
7680,2,1,0.8014589138946431
7681,1,0,0.4531193808523704
7683,1,0,0.45019026474322776
7685,1,0,0.351508816679033
7690,1,1,0.47097085454289306
7692,2,0,0.4405530812856238
7696,2,0,0.1433936467890484
7702,2,0,0.3491633766558588
7703,1,0,0.27274921081059567
7705,1,0,0.44910895137718204
7706,2,0,0.7656222698253194
7707,1,0,0.2077666922470996
7708,1,0,0.5764542220963575
7710,1,1,0.44843325764700476
7711,1,0,0.4960294661930782
7712,1,0,0.6780925382846286
7713,1,0,0.5437685520008629
7714,1,0,0.45275526981804115
7719,2,1,0.6406707171213286
7722,2,1,0.5389862169488258
7730,1,0,0.6840716802166348
7734,1,0,0.3492990486064179
7736,2,0,0.4610706443895581
7738,2,0,0.3979190273714861
7739,2,1,0.6931958508423783
7741,1,0,0.3952158642158632
7742,1,1,0.4224012288236244
7749,2,0,0.38502820729147014
7752,2,0,0.6002262342515665
7754,1,0,0.5309395920839232
7756,2,0,0.4607665277055171
7757,2,0,0.3403277980710714
7758,1,0,0.3410962826393744
7759,1,1,0.26190849600798766
7762,1,0,0.31708478415119223
7763,1,0,0.5025418765916718
7765,2,0,0.4390519634634821
7781,2,1,0.4791799360420185
7784,2,0,0.17803666031192983
7786,1,1,0.6849402110313898
7789,1,1,0.8677816094048858
7790,2,0,0.41080872250824857
7791,2,0,0.5767730242384457
7792,2,0,0.3506766572842155
7793,2,1,0.812108177326269
7794,2,0,0.4502418328789382
7796,2,0,0.3896812513583148
7797,1,0,0.5720646564854411
7798,2,0,0.6639295493980196
7799,1,0,0.51970453983149
7800,2,0,0.4469149581553107
7803,2,1,0.8009394598715471
7805,2,0,0.1967998129673052
7806,1,0,0.3565886440768053
7808,1,0,0.5104405147215331
7809,1,0,0.46150084353941423
7810,2,0,0.4886012722405861
7814,2,0,0.32013240518548475
7818,1,0,0.7252881305910139
7821,1,0,0.4388733904402548
7829,1,0,0.481135581703699
7831,1,1,0.36521695262682086
7836,2,0,0.5440730878087842
7846,1,0,0.5006479692715226
7849,2,1,0.5052703552483666
7851,2,0,0.9173540243140539
7860,2,0,0.5235735832859287
7863,1,0,0.4651922604710495
7865,2,0,0.49499460147447294
7868,2,0,0.5088838665447425
7870,2,0,0.050611568680151625
7872,2,0,0.37324920029314573
7876,2,0,0.49026849671942535
7877,2,1,0.7878274254479865
7880,2,0,0.38931934185006006
7881,2,1,0.885975387001199
7882,2,0,0.6322771714553811
7883,1,1,0.26630710510934164
7885,1,0,0.4520419006328692
7889,2,0,0.13535162103547366
7892,1,0,0.10939638264592028
7896,2,0,0.40481455031627955
7897,1,1,0.38704301742032693
7898,1,1,0.32219498400597857
7902,2,1,0.8121899435338755
7904,2,0,0.49077986949960845
7905,2,0,0.5642452236143789
7907,2,0,0.4303919282588666
7908,1,0,0.5816265232591612
7924,2,0,0.53766759570802
7925,2,0,0.3246943699815147
7938,2,0,0.32611359112890875
7939,1,0,0.40735052528370663
7945,2,1,0.7937749873804955
7946,2,1,0.5934836621582844
7949,1,0,0.41930782230983193
7954,1,0,0.5419412006249462
7960,2,0,0.7814774480894963
7961,2,0,0.5151351017735285
7964,1,0,0.36850853152960555
7972,1,0,0.46958656212011446
7974,1,0,0.4586521720204941
7975,1,0,0.4998337154129022
7976,2,0,0.16518213082570163
7983,1,0,0.6914196770997152
7988,2,1,0.7908443267883644
7993,2,1,0.7888886808888831
7998,2,0,0.4311470186808179
8001,1,0,0.6136085474439058
8008,2,1,0.2582432133277269
8009,2,0,0.3496647324117416
8014,2,0,0.5090873469721892
8015,2,0,0.35121960072313807
8021,2,1,0.5566569096563122
8023,1,0,0.5041426879416437
8024,1,0,0.2501674551839676
8032,2,0,0.30438766128138817
8037,2,0,0.18211175412592917
8042,1,1,0.8546589883750324
8044,1,1,0.28258357350576335
8049,1,1,0.8300935278652088
8050,1,0,0.33688777868865366
8057,1,0,0.36537739078716336
8059,2,0,0.4787854592915719
8063,1,0,0.35654816638638465
8065,2,0,0.371590148354982
8071,2,0,0.33083914497838063
8079,2,0,0.3283848686306864
8081,1,0,0.3955853219885381
8083,1,1,0.7983679972316424
8087,2,0,0.3126106006673004
8091,2,1,0.749203906211531
8093,2,0,0.39345906134095865
8108,1,0,0.5387509284841865
8112,2,1,0.6963656321999873
8116,2,0,0.48970802961133864
8119,1,1,0.42766209676053324
8122,1,0,0.476368198021671
8124,2,0,0.08412067604772386
8125,1,1,0.8457215289245623
8126,2,0,0.5121705232240342
8129,1,0,0.5196166742475498
8132,2,0,0.3965325512298356
8134,2,0,0.36915216487890873
8136,1,0,0.41423164159011033
8141,1,0,0.5435076716919215
8143,2,1,0.23064545443129078
8148,1,1,0.5396603722957964
8149,2,1,0.6080458829785477
8151,2,0,0.4294738305715695
8152,2,0,0.3328354710163625
8153,2,0,0.462198459565194
8155,1,0,0.44606673989326195
8157,2,0,0.6967292116982238
8160,1,0,0.29107394084884647
8178,2,1,0.9112689666287382
8181,1,1,0.46800741533106605
8183,1,1,0.45487057188083946
8186,1,1,0.5586523075961384
8187,2,0,0.41273321197968166
8188,2,1,0.5239694794829871
8189,2,0,0.3130936259565552
8193,1,0,0.47665777727508435
8194,1,0,0.29943206130447647
8196,2,0,0.40531174348329274
8198,2,0,0.0946480941975174
8201,2,0,0.5137314949387127
8207,1,0,0.5325760166882917
8217,1,1,0.5387327977174393
8219,2,0,0.5437798535076618
8220,1,1,0.591806336929835
8224,1,0,0.9303770455631574
8236,2,0,0.35421716062661895
8239,2,1,0.7018191327216715
8243,2,0,0.5800109056200164
8246,2,0,0.20068000622364868
8248,2,0,0.1060183660832763
8252,2,0,0.5274929055985327
8253,1,0,0.4589042715181096
8256,1,0,0.5024680826772854
8257,1,0,0.21508876685738346
8258,1,0,0.13450596822554511
8270,2,1,0.8300827885436193
8271,1,0,0.5420556858396982
8279,2,0,0.5632900130244636
8280,2,0,0.31345629253059776
8285,2,0,0.5255264133629407
8290,2,0,0.20903855364363982
8299,2,1,0.5262885893550971
8303,2,0,0.701014887234126
8307,2,0,0.20643703487211978
8310,2,0,0.47692482781463225
8311,2,0,0.46635787969813947
8313,1,0,0.3399926679076105
8314,2,0,0.5046643475192284
8322,2,0,0.47134472801609556
8324,1,1,0.8509730197813585
8325,2,0,0.21144483498529978
8332,2,0,0.43608285237796396
8335,2,0,0.49979922589478426
8337,2,0,0.4218541772103635
8338,2,0,0.817180686898158
8341,2,1,0.706882246697088
8346,2,1,0.7812708464296906
8349,2,1,0.6249554020587891
8353,2,0,0.2848726532045591
8363,2,1,0.5736791078549297
8369,1,1,0.7330798315300089
8378,2,1,0.5789102198631447
8380,2,0,0.5065192111926019
8384,1,1,0.34783903898684027
8387,1,0,0.47822057055386075
8395,2,0,0.47550967485753304
8398,2,0,0.3959411786758637
8400,1,0,0.2520577833074297
8405,2,0,0.3746393311896598
8408,2,0,0.8141519734707605
8412,1,0,0.3569767600205071
8416,2,0,0.36234208745271085
8418,1,0,0.48807648796487224
8419,2,0,0.45668182844101096
8426,2,0,0.7556754483157083
8431,1,0,0.9039740634896718
8433,2,0,0.3981631935207515
8438,1,0,0.7479507228133979
8444,1,0,0.7446338805105271
8445,2,0,0.17341042983947969
8446,1,0,0.520515281194267
8456,1,1,0.7631976953733176
8459,2,0,0.37319500091987357
8460,2,1,0.4976711307021106
8461,2,0,0.2146524806909608
8462,2,0,0.4769157707307004
8466,1,0,0.36816029865046357
8467,1,1,0.49530699834930936
8470,2,1,0.4736504918368733
8479,2,0,0.33672333142096983
8486,2,0,0.5189438191282049
8491,1,0,0.5311774143305747
8493,1,1,0.7788978717644377
8509,1,1,0.5397596473842231
8512,2,0,0.32129352186361576
8513,2,0,0.6528029141029954
8515,2,0,0.6384512633504278
8519,2,0,0.3299311053110675
8520,2,0,0.40555579687398413
8525,2,0,0.12163559458872389
8526,2,0,0.6776347293379706
8527,2,0,0.46751366929415217
8532,1,0,0.5604812566405174
8534,2,0,0.6800686482025846
8543,2,1,0.7282787905932356
8546,2,1,0.6870747045471918
8549,1,0,0.41831208366239936
8550,1,0,0.17935051469109406
8555,1,0,0.29082716854261653
8558,1,0,0.24375207971326895
8559,1,0,0.4168915707459748
8560,1,0,0.44126953328419316
8566,1,0,0.4969361617417268
8567,2,0,0.5272684953521627
8580,2,0,0.5501184757705693
8584,2,0,0.3671004968187453
8585,1,1,0.592618526472038
8588,2,0,0.4494541394833403
8592,1,0,0.7089900717994123
8597,1,0,0.2311548303037908
8598,1,0,0.3092517077149905
8602,1,0,0.44445887553064234
8604,2,0,0.5472990274184153
8608,1,0,0.7842412170051686
8609,1,0,0.8822941660605914
8610,1,0,0.5546120874785806
8611,1,0,0.22565778882360174
8612,2,0,0.20651879478538826
8616,2,0,0.5231508932878401
8620,1,0,0.44358214386806477
8623,1,0,0.48017822898877194
8625,2,0,0.5678473347872833
8628,1,0,0.6346840841795073
8634,2,0,0.2187286255990079
8639,2,0,0.5280082146397417
8643,1,0,0.44484448199863946
8644,1,0,0.5263353893443118
8645,1,0,0.5538792059959182
8648,2,0,0.4688937924632558
8649,1,0,0.5093801023610007
8651,1,0,0.5597200300037157
8652,1,0,0.3989136894534259
8654,2,0,0.32876386603630237
8659,2,0,0.0654616195729932
8661,2,0,0.4530484905804612
8662,2,0,0.2738126607847861
8664,2,0,0.5102324466625686
8668,2,1,0.2240235002938292
8672,1,0,0.26266033558895796
8675,1,0,0.5701823436658237
8676,2,0,0.43418847471956196
8687,2,0,0.5473524504193489
8688,2,0,0.5061934638202562
8690,2,1,0.2884249027875652
8695,2,0,0.26961245004124057
8699,1,0,0.5660169666344967
8703,1,0,0.4398896417612955
8705,2,0,0.5329084687551865
8707,2,0,0.027470206395921674
8722,2,0,0.41171349978071803
8723,1,0,0.483518863824287
8728,1,1,0.7707831301186082
8732,2,0,0.4333986583092556
8735,2,0,0.2204619601099031
8740,2,0,0.40932072033511563
8746,2,0,0.24768198879580777
8753,1,1,0.496645090275946
8757,2,0,0.444037036546162
8758,2,0,0.33355719495840414
8760,2,0,0.5084661645458601
8769,1,1,0.7302854475353402
8773,2,1,0.9896324281605051
8777,2,0,0.1693301586224699
8785,2,0,0.49131147786205226
8788,2,0,0.398110944057654
8796,2,0,0.50371773783052
8797,2,1,0.4562874295093095
8799,2,0,0.42777756557699137
8803,1,0,0.8595605085815131
8804,1,0,0.5750420956893997
8808,1,0,0.4140510406144795
8811,2,1,0.5965138376886527
8814,2,0,0.3080040683725285
8815,2,0,0.7724129716726036
8818,2,1,0.3263496780480586
8822,2,1,0.8852686695621641
8823,1,0,0.4145534128313083
8824,2,0,0.2830681374226581
8825,1,1,0.19204228612083984
8827,2,0,0.2218012818671032
8828,1,0,0.5041113586603105
8829,1,0,0.42319072864969615
8834,1,0,0.5429434849430606
8842,2,0,0.2239869410065518
8845,2,0,0.7127322568927718
8848,1,0,0.33855742190126026
8854,2,0,0.4726618435464995
8858,1,1,0.6933388810177851
8859,2,1,0.5371193617997224
8861,2,0,0.5017934552776712
8866,2,1,0.5357327718656076
8869,2,0,0.6462252879788812
8870,1,1,0.40087824678682765
8874,2,0,0.1425517301317014
8879,2,0,0.38502145366285767
8881,2,0,0.12974905274470927
8886,1,0,0.44657883936229803
8890,1,0,0.15868007143640464
8891,2,0,0.3888808573825274
8893,1,0,0.44838467829379813
8896,1,0,0.34562375119418043
8898,2,0,0.4025844320902073
8906,1,0,0.8324308081291791
8913,2,0,0.42470227137312555
8916,2,1,0.5104246634242803
8922,1,0,0.3269297574021115
8925,2,0,0.4609731487247799
8927,1,0,0.4275223865892221
8930,1,1,0.829067406624198
8931,2,0,0.3979544076314297
8939,2,0,0.48866238854932637
8946,1,0,0.4767816308892308
8947,1,0,0.5831544770336602
8950,2,0,0.5286418675951715
8955,1,0,0.28657845132762716
8957,1,0,0.3349001972867485
8958,2,0,0.27525949091403223
8962,2,0,0.4029340438891305
8964,1,0,0.26117142606302923
8965,1,0,0.552472319735916
8966,2,1,0.3913847303214443
8967,2,1,0.7588786965433729
8968,2,0,0.253331983483876
8969,2,0,0.47434363431411275
8978,1,0,0.17880815729605637
8979,2,0,0.4221614413515642
8981,1,0,0.2672331091675961
8987,1,0,0.316156493375519
8994,1,0,0.5133764122667259
8996,1,0,0.4068339018140368
8999,2,1,0.5479280763395602
9001,1,0,0.4715667167358718
9002,2,0,0.29344456572250494
9005,1,0,0.7543364377431164
9017,2,0,0.7356663003743674
9021,2,0,0.5188089725579181
9023,2,0,0.6315979674949483
9024,1,1,0.6831959279871379
9026,1,0,0.5410091895629531
9028,1,0,0.2038075369130905
9029,2,0,0.44742818487853286
9031,2,0,0.505547915858688
9032,1,1,0.7740750492182109
9034,2,0,0.7602563708500937
9035,2,0,0.6420109325892672
9038,1,0,0.7064172036441053
9039,2,0,0.4141307735276535
9042,2,0,0.20851663648480775
9045,2,0,0.03940699282114333
9050,1,0,0.44806632293435916
9055,1,1,0.5299687251650047
9057,1,0,0.34295009853074665
9066,2,0,0.45020497577766433
9067,2,0,0.7590712708673099
9078,2,1,0.21791017134923
9079,2,1,0.5765646926744009
9080,1,0,0.818973991375593
9083,2,0,0.6953997728636364
9096,1,1,0.5720308587564154
9097,2,0,0.2911933220810611
9100,1,0,0.5188076904585466
9101,1,1,0.5478096991765736
9102,2,0,0.46522789989018715
9103,1,1,0.8131894197358703
9105,2,0,0.5857140083934933
9108,1,1,0.8229131378407579
9117,1,0,0.1942581143040823
9123,2,0,0.4365341536815342
9126,2,0,0.1663872204030029
9128,2,0,0.4555874472810419
9129,2,0,0.3595662040408108
9132,2,1,0.5196214144899374
9140,2,0,0.4683139065931874
9142,1,0,0.14418238658837748
9145,1,0,0.5301718930244997
9150,1,0,0.5515334877266891
9153,1,0,0.42970036770526965
9155,2,0,0.17554158765180924
9157,2,0,0.5065272566741688
9160,2,0,0.4504283144628483
9163,2,0,0.4786466884079361
9167,1,1,0.8407699816738952
9179,1,0,0.4979628055934714
9180,1,0,0.19757131682929654
9182,2,0,0.39167092278298227
9193,2,1,0.7497385543160032
9197,2,1,0.34736273745023033
9199,1,0,0.49097129798269823
9200,2,0,0.4062377461551725
9205,2,0,0.44526626896077487
9213,1,0,0.7242331531983007
9216,1,1,0.3589052552263596
9223,2,1,0.7417006187835229
9229,1,1,0.3442435173135463
9232,1,0,0.29521929256358037
9236,1,0,0.490211176816115
9237,2,0,0.2586693385750851
9239,2,0,0.3479601048752252
9247,1,1,0.7353658098317344
9248,1,1,0.12911442118239416
9251,2,0,0.4614984320373235
9258,2,0,0.31459714705131886
9269,2,0,0.41603035995229193
9270,2,0,0.47581975336584703
9273,2,1,0.8229357107135594
9274,1,0,0.39049119623595296
9276,2,0,0.22912236060425326
9277,1,0,0.2612761414205382
9278,1,0,0.35843659246013215
9279,1,0,0.14483082008758014
9280,1,1,0.6260741472894376
9282,2,0,0.2992787333455282
9288,2,1,0.7032770331867887
9292,2,0,0.29809972576355565
9293,2,1,0.5222025999631323
9302,2,1,0.7093398653560951
9303,1,0,0.35637715678927157
9304,1,0,0.05062005802499017
9305,1,0,0.489920175242756
9308,2,1,0.48180044303161046
9313,1,0,0.5336356242449848
9321,2,0,0.5148914098038575
9326,2,0,0.46823570238131734
9327,1,0,0.46943858526496324
9328,2,0,0.22913616048708055
9330,1,0,0.21174580200312723
9335,1,1,0.531313406440832
9336,1,0,0.29933055898131616
9339,2,0,0.49798962298362803
9341,2,1,0.834126347523666
9342,1,0,0.5034142879269912
9345,2,0,0.37396911055551363
9350,2,0,0.29351046324912466
9354,1,0,0.5184284792500341
9363,1,0,0.3182246626657795
9368,2,0,0.3569190952363096
9379,1,0,0.4748147874727589
9384,2,0,0.5264187255063415
9386,2,1,0.7612731214205625
9389,1,0,0.41169308235229946
9394,1,0,0.4461052126976468
9398,1,0,0.5526481461498616
9403,2,0,0.3373123690650378
9404,2,0,0.3686850500323987
9412,1,0,0.548835117936835
9416,2,0,0.536175798529429
9423,1,0,0.17053335933457187
9424,2,0,0.1969790788811642
9433,2,0,0.18945779393704648
9438,2,1,0.7423295349685339
9439,2,0,0.6277956965790055
9442,2,0,0.5339274021231606
9443,2,0,0.47651190163691987
9444,1,0,0.3613629175064899
9448,1,0,0.35391398319624706
9450,1,1,0.3450413328319033
9452,1,1,0.8554532203054858
9453,2,0,0.3734637769175893
9456,1,0,0.4548070453383273
9458,1,1,0.7295955014578623
9460,2,0,0.27745831552564154
9462,2,0,0.43445440449948153
9463,1,1,0.8312296677024228
9467,1,0,0.4810473170743225
9470,2,0,0.45337704603797324
9472,1,0,0.2648317785905853
9477,1,0,0.6084619988759155
9478,1,1,0.47370246244666603
9479,2,0,0.14203364465289053
9484,2,1,0.8286174282150789
9485,1,0,0.4402939238879936
9488,2,0,0.4036017217980356
9494,2,1,0.18241402592624995
9495,1,1,0.7405818947030207
9496,1,0,0.3250959409354321
9499,2,0,0.5600289351692941
9502,2,0,0.38023683578322476
9503,2,0,0.4828880307743804
9505,1,0,0.5422070804270978
9506,1,0,0.5534806328709512
9508,2,0,0.47812323646266164
9512,1,0,0.5585990717308968
9513,2,0,0.3116226403616752
9517,1,0,0.27857261255319427
9518,1,1,0.7117786945539962
9520,2,0,0.7319942244964877
9530,2,0,0.33440726556585504
9536,1,0,0.2128653949925893
9538,2,1,0.8068356957986135
9539,1,0,0.44325110682648433
9544,2,1,0.3361492012735346
9546,2,0,0.3474957073161153
9550,1,0,0.6383005298427404
9553,2,0,0.5329353550417704
9556,1,0,0.21350960394595755
9559,2,0,0.4543801673784926
9562,2,0,0.41302672746129143
9564,2,0,0.3207968161415743
9567,1,1,0.7368800048989264
9568,2,0,0.20290011788063886
9570,1,0,0.5925913322359239
9571,2,0,0.7780595991796955
9574,1,0,0.37190387078231535
9575,1,0,0.5299027076078
9576,1,0,0.263191147019708
9581,2,0,0.48830228098701944
9583,2,1,0.7582742692071622
9590,2,1,0.563788573461628
9592,2,0,0.4933034986171247
9594,2,1,0.8268512716542582
9596,2,0,0.3077486905891516
9598,2,0,0.447633341682231
9600,2,0,0.47646001315389347
9601,2,0,0.5240856458445811
9604,2,0,0.5405080360053885
9606,2,0,0.45714857820109484
9607,1,0,0.5020652557799798
9611,1,0,0.2832446181930655
9619,1,0,0.4241822654744451
9621,2,0,0.21335380651464225
9622,2,0,0.17014826767638822
9624,2,0,0.2785501502901656
9631,2,0,0.7246544810882247
9642,2,0,0.4063472806435019
9643,2,0,0.36037423535423424
9648,2,0,0.4248336969739988
9650,1,0,0.4986916970065171
9653,2,0,0.3078360126602918
9654,2,0,0.4092608225022362
9655,1,0,0.28551675236465407
9657,2,0,0.5501968176449109
9659,2,0,0.5410750006786776
9660,2,0,0.6116463310721469
9662,2,1,0.831504983645416
9664,2,0,0.2683513768654905
9665,1,1,0.555325841018721
9666,2,1,0.44747370202997283
9669,1,0,0.11406130899570618
9673,2,0,0.33910941991529037
9674,1,0,0.3410229642749423
9675,1,1,0.4120015753524738
9679,2,0,0.40905216565746677
9683,2,0,0.4227904570230467
9691,2,0,0.33811836814602503
9698,2,0,0.46312375305612125
9700,1,1,0.6614039278377832
9702,2,0,0.3216425088270238
9704,2,0,0.3474756935881257
9709,1,0,0.14420785278135684
9714,2,0,0.6197347894701358
9715,2,0,0.760434262681176
9718,2,0,0.42321684049502817
9720,1,0,0.09966894526393427
9721,2,0,0.4256193598456728
9722,1,1,0.4440274360885917
9723,2,0,0.17375299669645417
9724,1,0,0.42125169992663014
9731,2,0,0.5429776927554868
9732,2,1,0.7301163333552887
9734,1,0,0.547577022090794
9736,1,0,0.5318036586557411
9744,1,0,0.3349660107145041
9745,1,0,0.512952568092667
9753,2,0,0.28564185939511705
9754,2,0,0.48407512877622627
9765,1,1,0.8190160162043627
9767,1,0,0.6386594402723617
9774,2,0,0.4982458706552786
9775,2,0,0.1678901422774886
9776,1,0,0.5572280190792328
9777,1,0,0.3923206028363931
9781,1,0,0.39490582991004164
9782,1,1,0.8445617166336163
9786,2,1,0.6459414338502978
9787,1,0,0.35103180690763724
9788,1,1,0.8016700718233118
9790,2,0,0.2994477216907964
9791,1,0,0.5147788767942505
9798,2,0,0.35406515240178293
9799,2,1,0.6665462048405227
9802,2,1,0.4324316324582504
9804,2,0,0.6530622747541455
9809,2,0,0.2828201606252501
9812,1,1,0.8228768133530207
9814,2,0,0.5341153475856902
9819,1,0,0.5565608967347738
9820,2,0,0.4602751466462231
9828,2,0,0.19097209167824777
9832,2,0,0.47725629011881554
9833,1,1,0.862483855510019
9837,2,0,0.17298731220119948
9838,2,0,0.41498057425501966
9840,2,0,0.576963189219281
9841,2,1,0.35171471054433207
9844,2,0,0.4753407656624141
9847,2,0,0.20254219421761477
9851,2,0,0.5244949414133789
9854,2,0,0.5367711384825256
9855,2,0,0.3063535261667895
9856,1,1,0.6981265102570292
9858,1,1,0.8525957759192576
9860,2,0,0.3258413172926988
9864,2,0,0.35269051477188723
9866,2,1,0.5155448391360558
9867,2,0,0.48743541146548053
9868,1,0,0.2162317463901753
9869,2,0,0.8724949671976368
9879,2,0,0.3327222006419123
9882,1,0,0.38845105291323606
9885,2,0,0.3168876341867362
9887,2,0,0.4503726659869245
9892,1,0,0.5327792945175435
9893,2,1,0.4797255055695568
9894,1,0,0.5993376727867479
9895,2,0,0.1833537037140421
9898,2,1,0.5702565613732778
9899,2,0,0.2924263769480616
9901,2,0,0.7063887333006251
9902,2,1,0.736228743184339
9905,2,1,0.47256972430127153
9906,2,0,0.49797384602703226
9907,2,0,0.41365175002965127
9909,2,0,0.5181147589691749
9918,1,0,0.6387063475157747
9921,1,0,0.5697222235449965
9923,1,0,0.8421501429396379
9926,1,0,0.5403541987517616
9929,2,0,0.27615840042832535
9934,1,1,0.31787742161570237
9935,2,1,0.36310686030233025
9949,2,1,0.2869269243388316
9954,2,0,0.5130478308475891
9955,1,1,0.6543826968238017
9963,1,0,0.849901113909708
9964,2,0,0.29216719636003413
9978,2,0,0.21629590868736326
9981,1,0,0.44175642880204785
9982,2,0,0.2137968260071198
9986,2,0,0.3039460230960694
9988,1,0,0.5530393503979685
9992,2,1,0.7538966836348129
9993,1,1,0.7156543031647501
9994,2,1,0.32187363209757786
9997,2,0,0.2000267154290183
9998,1,0,0.42330300732332604
10002,2,0,0.32493106374326525
10003,1,0,0.5439079424577091
10010,2,1,0.45158708073094384
10011,2,0,0.5242051867856935
10014,1,0,0.4031769407423168
10019,1,0,0.42414004762285457
10023,2,0,0.32965481484547154
10024,2,0,0.8858083144535467
10026,2,1,0.46073499491974806
10035,1,1,0.33465737924799993
10051,2,0,0.47338023737481816
10053,1,0,0.5154418067221112
10057,2,0,0.5469080558142181
10059,2,0,0.6496034698857205
10060,1,0,0.4515149004017161
10062,2,0,0.5641525266863726
10064,1,0,0.5230566462606185
10067,2,0,0.7885610082866158
10071,2,0,0.409758161493411
10073,1,0,0.3322645679525439
10077,2,0,0.26721210285368774
10079,2,0,0.4598316949835678
10080,2,1,0.25954844727114146
10082,1,0,0.5353660629730028
10083,1,0,0.3307361579085557
10087,2,1,0.6184368720329882
10089,1,1,0.5844127363614139
10095,1,0,0.33751189061396375
10097,1,0,0.5313841875844221
10098,2,0,0.49697861181563036
10099,2,1,0.7784473742490904
10105,2,0,0.5803279053919937
10106,1,0,0.7720600184199884
10113,2,0,0.4282116712344283
10114,2,0,0.3472473662615692
10115,1,0,0.49420213887681474
10119,2,0,0.4091265874371837
10120,2,0,0.45118491330046623
10121,2,1,0.7765010554688746
10127,2,0,0.43202684675555114
10136,2,1,0.4075804365369999
10142,2,0,0.5027805572552732
10143,1,0,0.7998798500017187
10147,2,1,0.2983715631860999
10148,2,0,0.48971228620980883
10152,2,1,0.8326646248572377
10155,1,0,0.5451209379920043
10161,2,0,0.24625732314135979
10163,2,0,0.6972383927141097
10165,2,1,0.13437039461621822
10166,1,0,0.5143813180758209
10167,1,1,0.5142218220784465
10168,2,1,0.3198131698856091
10170,2,0,0.5203681894864343
10175,1,0,0.20932387350332146
10178,2,0,0.5121499652812957
10191,2,0,0.5568955106690757
10192,2,0,0.3939653938611665
10196,2,0,0.3160982917599556
10198,1,0,0.49306705531721323
10202,2,0,0.7070179903287699
10204,1,0,0.4689083950465248
10210,2,0,0.7369695059921023
10215,2,0,0.5139088712617965
10219,2,0,0.5245625451122506
10222,1,0,0.5312006240843969
10226,1,0,0.5133116512740661
10227,2,0,0.5085731401768194
10234,1,0,0.46148347153760194
10239,1,0,0.603829376856194
10243,2,0,0.4067557104275272
10248,2,1,0.4881829304852684
10249,2,0,0.30451060285099696
10250,1,0,0.19719402214082135
10260,2,0,0.269937275740579
10262,2,0,0.4830997693904566
10266,2,0,0.4873858436131093
10269,1,0,0.5706643663287155
10274,1,0,0.36072091824202523
10280,2,0,0.3123980404384723
10281,2,0,0.020756956271978308
10289,2,0,0.4506503136289914
10292,1,0,0.3900345918590046
10298,1,0,0.49353132157339547
10302,2,0,0.47764048281562044
10303,1,0,0.6173469382569476
10305,2,0,0.4158147798134449
10306,2,0,0.32337959831401686
10307,2,0,0.32840186747400046
10310,1,1,0.5823854131923565
10317,2,1,0.5163808843682911
10318,1,0,0.5159252760103548
10320,2,0,0.39017111685338285
10322,2,0,0.6266442425268243
10323,1,0,0.6744211493155547
10324,2,0,0.7132089522578037
10329,2,0,0.5087092277056277
10334,1,0,0.4809699686151417
10335,2,0,0.13973774209940173
10336,2,0,0.5082090576294139
10337,1,0,0.5834130909142061
10338,2,1,0.9042377524041838
10341,2,0,0.48147103295909177
10343,2,0,0.5047909214351146
10347,1,0,0.1977876979770626
10348,1,1,0.3646730389537718
10353,1,0,0.37038500340174013
10359,2,0,0.48119348616050805
10363,2,0,0.4784878615255854
10364,2,0,0.478051083812967
10368,2,1,0.43670820381735004
10369,2,0,0.33709342252105434
10370,2,1,0.797163667450601
10376,2,0,0.4706988222753623
10380,2,0,0.18425165938266796
10382,2,0,0.46496748355225814
10384,2,0,0.48707876783330717
10390,2,1,0.8600277886881792
10392,2,0,0.4685225741557825
10393,1,1,0.39667536741942805
10397,1,1,0.21121376378660905
10398,1,0,0.4847651960867854
10400,1,1,0.621156518040361
10401,2,0,0.37987723549242947
10404,1,0,0.5217404904863067
10405,2,0,0.45876866939150895
10412,1,0,0.49527541622669535
10417,2,0,0.5038592514722583
10423,2,0,0.38656962500181724
10424,2,0,0.33787975770311035
10428,2,0,0.23737518557038975
10432,1,1,0.41965790721337076
10434,1,0,0.5483670375283528
10441,1,0,0.28535168300557767
10444,1,0,0.1235032219797558
10445,2,0,0.341513808222746
10446,2,0,0.3731968684927756
10457,2,1,0.3972001895484218
10460,1,1,0.8527192064497164
10462,2,0,0.3413031882800952
10463,2,0,0.45452624882792747
10465,2,0,0.36069521847729163
10470,2,0,0.3977795871014481
10473,2,0,0.6898208717174807
10474,2,0,0.3972777768026066
10490,2,0,0.5768643725539416
10496,2,1,0.4689854434141486
10502,2,0,0.5150715444738783
10505,1,0,0.2909117606462238
10506,1,0,0.4963799633944594
10508,2,1,0.5113413420228518
10512,1,0,0.3527028195007619
10514,2,0,0.07964859357291733
10520,2,0,0.1949396087790889
10525,1,1,0.718821182137646
10528,2,1,0.3214718353759189
10535,2,0,0.44612957130365705
10541,1,0,0.5121284750357404
10542,2,1,0.4672010580301407
10543,1,0,0.19309004202204555
10550,1,1,0.4449160269950266
10559,1,0,0.45805676755472874
10560,2,0,0.2966662491721086
10562,2,0,0.16429479950989823
10564,1,0,0.3215751836452092
10566,2,0,0.3292352246516288
10573,2,0,0.27481906823985
10579,2,0,0.48013302512632955
10586,2,0,0.2876966331058765
10598,1,1,0.7893102657593635
10606,2,0,0.4186596486419101
10608,2,0,0.48378386599081147
10610,2,0,0.4222546588680532
10615,1,0,0.4841948215056659
10618,1,0,0.14786847391110938
10622,2,0,0.5028311321474405
10625,2,1,0.3239863886744727
10626,1,0,0.5365451068134736
10628,1,0,0.4308901966326068
10632,2,0,0.47340381764590317
10640,1,0,0.5191312721104545
10641,2,0,0.5918913609912213
10644,2,0,0.6483434033526567
10647,2,0,0.5559423826746923
10657,2,0,0.1577566071467887
10658,2,0,0.20212690388711665
10659,2,0,0.32784513918277275
10662,2,0,0.17891304028908106
10666,2,0,0.44535502592774884
10667,2,0,0.757458381850736
10668,1,0,0.323413724811107
10670,1,0,0.4569210385775892
10672,2,0,0.19057563251245155
10673,1,0,0.7289032866929671
10675,2,0,0.26947051011130896
10676,1,1,0.5811042579557117
10678,2,0,0.6108894523195467
10685,1,1,0.49244866284871047
10689,2,0,0.19691922020434394
10693,1,0,0.4829172042691745
10694,1,0,0.14526128826596024
10695,1,0,0.46681101135584274
10703,2,0,0.45147893655392246
10704,2,0,0.51423225187296
10708,2,1,0.8126070386611601
10713,1,1,0.607327570312621
10715,2,0,0.5647720686570965
10716,2,1,0.7835018848680768
10721,1,0,0.3309258577266621
10724,2,0,0.31185195041426905
10726,2,0,0.42343136079074467
10733,2,1,0.2886011065570636
10737,2,0,0.6525821761431995
10739,1,0,0.3738947151865574
10741,1,1,0.6331971121654361
10745,1,1,0.8559028417230148
10747,2,0,0.5410451148627861
10750,1,0,0.5768561325597991
10751,1,1,0.5697218050731426
10757,1,1,0.7950880238873103
10759,2,0,0.8418052880459009
10764,2,0,0.20993135463414633
10766,1,0,0.7424405511389388
10768,2,0,0.18420789652540062
10769,1,1,0.42229130657544156
10772,1,0,0.7934876810145568
10778,2,0,0.3179550246109944
10783,1,0,0.5917900114232649
10786,2,0,0.474274415524419
10794,1,1,0.4301832377011873
10801,1,0,0.37699808641253174
10804,1,1,0.8324463235105437
10806,2,0,0.4348971514792387
10807,1,0,0.2294497333191185
10808,2,0,0.4383238758918041
10821,2,0,0.476199385798656
10823,2,1,0.779874326055296
10828,2,0,0.6445647170424338
10836,2,0,0.574686872039369
10837,1,0,0.5521370498126765
10838,2,0,0.5263017033170653
10840,2,0,0.2775972219042103
10843,2,1,0.7667126287790461
10853,2,1,0.4415079022033663
10857,2,0,0.05524019924391366
10869,2,0,0.5048588596755034
10874,1,1,0.7834681205352211
10876,1,1,0.34455768752313864
10883,2,0,0.3635156849474581
10890,2,0,0.44491330107062277
10897,2,0,0.41561887362144057
10900,1,0,0.7716348076812384
10906,2,0,0.3734234546472079
10907,2,0,0.5027337860170277
10909,2,0,0.5138096471911558
10922,2,0,0.3812461808606647
10924,1,1,0.4493934524587055
10929,2,1,0.48682934856121873
10934,2,0,0.2727006262492418
10935,1,0,0.20751546373684635
10936,2,0,0.44213965109684306
10937,2,1,0.7715841767472421
10941,2,0,0.21476937994902678
10942,1,0,0.5241574258263126
10943,2,1,0.38068404326183086
10946,1,0,0.3947262459844233
10948,2,0,0.4499508871454137
10951,2,0,0.19396069919063705
10952,2,0,0.7306536928838239
10954,2,0,0.4712447805341611
10955,2,0,0.43073628563915106
10956,2,0,0.3947477471040864
10958,2,0,0.37783718245272485
10963,2,1,0.3526480319582593
10968,1,0,0.6960096034626413
10971,1,1,0.5354764383487076
10976,2,0,0.4404910761895364
10984,2,0,0.5216384375239216
10988,2,0,0.3412198019975222
10990,2,0,0.6167849584358585
10991,1,0,0.28629553713845657
10992,2,0,0.576936962653366
10993,2,0,0.3575863631960969
10994,2,0,0.4053491165940305
10998,2,0,0.2547135763621707
10999,2,1,0.2982981619892
11004,1,0,0.5392359733837211
11007,1,0,0.7160566067892569
11010,2,0,0.2550368690782901
11011,2,1,0.42684254140276795
11014,2,0,0.23966965168516396
11023,1,0,0.3167531809984425
11025,2,0,0.7547356125667553
11028,1,0,0.09012027179297809
11032,2,1,0.5458862086914409
11033,2,0,0.12736396831813343
11037,1,1,0.7290646107341633
11038,1,1,0.7489066479367692
11040,2,0,0.5931214530856058
11041,2,1,0.6733600537531139
11042,1,0,0.6530889577229543
11045,2,1,0.547818045795961
11052,2,0,0.5550023919729599
11055,2,0,0.5548503155606105
11058,2,0,0.4084666634855042
11059,1,0,0.44499523003376706
11062,1,1,0.5623123477043968
11069,2,0,0.27578314597946246
11071,1,0,0.44834272017276355
11073,1,1,0.7071675967065952
11075,2,1,0.8261492019953143
11079,1,1,0.39066758915969696
11080,2,0,0.47132231716714995
11081,1,1,0.3171481813773483
11083,2,0,0.5055011055552066
11086,2,0,0.42563573481144956
11091,2,0,0.23566794822744755
11095,2,0,0.23621091144048123
11096,2,1,0.3880024103026493
11098,1,0,0.5094526289063819
11106,1,1,0.31972542329356485
11107,1,0,0.6872957836494459
11108,1,0,0.28296313662443245
11115,1,0,0.20737157078764318
11117,1,0,0.5975892427467059
11120,2,0,0.6773000002706974
11126,2,0,0.414121541894042
11128,2,0,0.3734701299024805
11129,2,0,0.3145403147006211
11137,2,0,0.4585400654923444
11138,2,0,0.16415389792254625
11139,1,0,0.4006886185351616
11141,2,0,0.4217181452919837
11142,2,0,0.3025129202674033
11150,1,0,0.7319573089264624
11152,1,1,0.880258370574866
11153,1,0,0.28172748788771446
11155,2,0,0.29097136187842826
11159,2,0,0.5033156324722438
11162,2,0,0.2117530071563019
11163,2,0,0.1619233602014384
11165,1,0,0.3370277005217235
11169,2,0,0.5159641955470272
11172,1,1,0.5453711814465947
11179,1,0,0.5105284484219792
11181,2,0,0.6933997962898122
11183,1,0,0.6639094735622569
11187,1,1,0.48084152935431457
11188,2,0,0.3923637848083511
11191,1,0,0.5028758721840868
11193,1,0,0.10963716648258348
11199,1,0,0.38379105859159657
11201,1,0,0.5116898729887404
11202,1,0,0.18527726443745707
11211,2,0,0.6266424169933824
11214,1,0,0.21249279173218114
11218,2,1,0.5212267780433237
11221,1,0,0.5333760206024615
11225,1,1,0.5088431098093315
11232,1,0,0.5432217121504578
11238,1,0,0.43127236762487015
11239,2,0,0.20968500777456095
11244,2,0,0.9414210776522831
11245,1,0,0.5006124332579831
11248,1,0,0.4153999435455136
11251,2,1,0.39581725616360824
11253,1,0,0.47392652971103716
11255,2,0,0.31867311905194456
11256,1,0,0.5440651425068707
11257,2,0,0.4738877827717341
11266,1,0,0.5747830439584197
11268,1,0,0.26388472536459245
11271,1,1,0.5593710958887869
11275,2,0,0.4876779476090042
11276,1,0,0.5358308082234657
11277,1,1,0.5164499458635038
11280,2,0,0.32399043467197947
11281,2,0,0.18989255892067403
11282,1,0,0.32532168007218254
11283,1,1,0.7035393525482289
11284,2,0,0.6994663471492653
11287,2,0,0.5178129175543236
11290,2,0,0.18616183462053676
11295,1,0,0.520847229484216
11296,2,1,0.874307253316706
11298,2,0,0.30715095800836206
11299,1,0,0.48223801296436913
11302,1,1,0.390386994419285
11307,2,0,0.6916669667501261
11308,1,0,0.29631781865506646
11309,1,0,0.3677532478931818
11310,2,0,0.28709909226811525
11321,2,0,0.33450580390713236
11323,2,0,0.3220154358308514
11324,1,0,0.3272988239720023
11326,2,0,0.29724254681362716
11327,2,0,0.20639272710639964
11334,2,1,0.770823343194764
11335,2,1,0.5520758339901286
11336,1,0,0.20771455650256873
11338,1,0,0.5011351886910211
11339,2,1,0.36359270931164456
11346,2,1,0.8147179630466014
11347,2,0,0.559655271384517
11348,1,0,0.5441071863390725
11349,2,0,0.362216989459158
11350,2,0,0.42336001362991404
11363,2,0,0.5154082555852797
11364,2,0,0.424367122558808
11368,2,1,0.5708153671300895
11373,2,0,0.4183885349183712
11375,1,0,0.4066025979212281
11381,1,0,0.5333950491601743
11382,2,1,0.2808347725661926
11383,2,0,0.4730901490259599
11386,2,0,0.3107234774889945
11389,1,1,0.8141212892172784
11392,2,0,0.33116999204786435
11394,1,0,0.39698489415153543
11401,1,0,0.4493799888260938
11402,2,0,0.39183027208060245
11407,2,0,0.16186380972381229
11408,2,0,0.3932710003504847
11410,2,0,0.17352969607752167
11413,1,0,0.5472698783165282
11419,2,0,0.5312829906718378
11422,1,0,0.4052232706485374
11423,1,0,0.3969587314499962
11427,1,0,0.26404147357314306
11428,1,1,0.796368478560907
11429,2,0,0.4066183020925059
11430,1,1,0.3028362355450538
11431,1,0,0.3318027057734541
11433,2,1,0.47827493518753034
11439,1,0,0.5242432662524399
11443,1,1,0.8444227737891072
11445,2,0,0.43459361268563274
11454,2,0,0.3891539472120511
11464,1,0,0.5885740334964267
11466,2,0,0.5029340897751348
11467,2,0,0.6054748389572372
11468,1,1,0.4858519786436488
11470,2,0,0.4881569177909338
11477,2,0,0.26391531840680815
11485,2,1,0.8106960823369844
11488,2,0,0.47991390241215587
11489,2,0,0.5106081857328385
11494,2,0,0.48379516416471946
11501,2,0,0.2546915495788817
11506,1,0,0.366457085024326
11507,1,0,0.5136821925291083
11511,1,0,0.8983946834511461
11515,1,0,0.32587649176875916
11516,1,0,0.4726322224425189
11518,2,0,0.3738462683591924
11523,2,0,0.35397217073555626
11526,1,0,0.28650897507711776
11535,1,0,0.3260590804232236
11543,1,0,0.22679164146627034
11544,1,1,0.3916212306670128
11546,1,0,0.5103705456682913
11552,1,0,0.34584214688953135
11553,1,0,0.5666623558734354
11561,2,0,0.5474951109660147
11564,1,0,0.5822184607444686
11567,1,0,0.38734355184196845
11582,1,1,0.6884138020539197
11588,2,0,0.04510325343237261
11596,1,0,0.5181965040173931
11602,2,1,0.4335709531836105
11609,2,0,0.7162296668232985
11610,1,0,0.4687702172606759
11611,1,0,0.49459579956820615
11614,1,0,0.5203922188066049
11617,2,1,0.8855631357422371
11618,1,1,0.48445690180244017
11622,2,1,0.4443648529327935
11629,1,0,0.47120082150793435
11631,2,0,0.2272846764575426
11632,1,0,0.5740700371854783
11634,2,0,0.318260582828581
11635,1,0,0.26504480526983465
11637,1,1,0.4972417215692209
11639,2,0,0.4783598525589097
11642,1,1,0.7894731086564568
11650,1,1,0.22292719742568404
11652,2,0,0.5441557968367499
11655,2,0,0.4527364569694632
11664,2,0,0.7965292121121499
11671,1,0,0.5509450642309975
11674,1,0,0.5804860467088281
11675,2,0,0.2219940796497431
11679,2,0,0.44416327556350116
11683,2,0,0.4328176614052812
11695,2,0,0.3500271963647102
11703,1,0,0.41644870492483965
11706,1,0,0.8411588475836647
11710,2,0,0.5082342250840439
11713,2,0,0.6613089609988971
11717,1,1,0.8045966229969305
11718,1,1,0.3134569615537271
11732,1,0,0.605917442205046
11733,1,0,0.5484518936609635
11736,2,0,0.46924993773278556
11738,1,0,0.512640749584724
11740,2,1,0.843243219219825
11743,2,0,0.4254619365610252
11744,1,0,0.5923376002687765
11745,1,1,0.2635119562163316
11753,2,0,0.5373889563590691
11754,1,0,0.44733440459074425
11755,2,0,0.5367237652619298
11757,1,0,0.49744437501149924
11759,2,0,0.5230161933221311
11765,2,0,0.18438358876395833
11767,2,0,0.8157268584507984
11771,2,0,0.4306633700449078
11772,1,0,0.746102149178014
11777,2,0,0.7758212787072701
11779,1,0,0.5538538211061634
11782,1,0,0.1704429021404348
11789,1,0,0.18923373904722943
11790,1,0,0.2330841389643758
11796,2,0,0.15890488026760624
11798,2,0,0.4854329067039272
11802,2,0,0.42256068179403833
11807,2,0,0.4632598897962558
11808,2,1,0.2931013653293321
11816,2,0,0.2979398803571562
11820,2,0,0.35604867286909947
11822,1,0,0.6683739551222806
11825,1,0,0.7782884454769604
11826,1,1,0.5541963894171514
11828,2,1,0.7172437166279557
11831,1,1,0.5763709716268783
11835,2,0,0.7676837197456784
11837,1,0,0.4388879213135844
11851,1,1,0.37073484638444865
11854,1,0,0.04976567085404253
11855,2,1,0.8127148703212117
11856,1,0,0.43755306433208463
11857,2,0,0.7315906671481066
11858,1,0,0.44609105898780604
11859,2,0,0.5267570209457171
11866,1,0,0.2882351402459178
11874,1,0,0.8120070315097369
11877,2,0,0.5180483566408473
11884,1,0,0.30268281909230976
11887,2,0,0.5057402366637705
11892,2,0,0.405553944701046
11893,2,0,0.3480322737326095
11906,2,0,0.28945344256776206
11907,2,1,0.47745290339462004
11912,2,0,0.5581168277414135
11916,2,0,0.31741917888578897
11923,1,0,0.5407901225635683
11927,2,0,0.7238223708955664
11929,1,0,0.43289309420959093
11934,2,0,0.5764972694837122
11936,2,0,0.4735457409511079
11938,1,1,0.4283075426952761
11942,2,0,0.32127514345949587
11943,2,0,0.7361998376506711
11944,2,0,0.4582292529594016
11950,1,0,0.21983076827984102
11955,1,1,0.45501829521956483
11957,1,0,0.4817308945187573
11959,2,0,0.10214393408029113
11964,2,1,0.21745865370144857
11965,2,1,0.45685120508608784
11968,1,0,0.2814408298985529
11973,2,0,0.25765833827599455
11975,1,0,0.2226046306079378
11977,1,0,0.1959059011109012
11981,2,1,0.12291864195666233
11985,2,1,0.16014364204694714
11988,1,1,0.8559978436495176
11989,2,0,0.5115375127646361
11993,1,0,0.1724851036972726
11998,1,0,0.5133946388393522
11999,1,0,0.3836423794597
12002,2,0,0.37289346801512685
12004,1,0,0.6087880145285467
12007,2,1,0.6798038723870603
12008,1,0,0.49361003614260973
12015,1,0,0.5304990151869692
12017,2,0,0.4538082394247496
12028,2,0,0.20748824105820485
12035,1,0,0.5044121869221615
12036,1,0,0.945634125025214
12037,2,0,0.18509018147133277
12038,2,0,0.410371678547212
12043,2,0,0.47130344060749213
12048,1,0,0.5082655539910412
12050,1,0,0.5192082182003308
12057,2,0,0.49118281438745987
12058,2,0,0.2482872303505093
12059,1,0,0.5867186071096769
12065,2,0,0.743065972170457
12073,1,1,0.7491979720304325
12080,2,0,0.2935625948108053
12081,2,0,0.3391282163664509
12086,1,1,0.3623076093778522
12088,2,0,0.4822262933485703
12098,2,0,0.41912147107876385
12107,2,0,0.4933153498249757
12108,1,1,0.33664542866369856
12111,2,0,0.37185972405465684
12112,2,0,0.39020754161749127
12114,1,0,0.21001751578226
12119,2,0,0.442070475164857
12130,2,0,0.5219439987177308
12131,1,0,0.4390673055114518
12137,2,0,0.4087011875735044
12140,2,0,0.4221600624207764
12148,1,0,0.49555593947071286
12149,2,0,0.41178085150092875
12154,2,0,0.3079503546801376
12155,2,0,0.9444678240300719
12158,1,0,0.7317886808860995
12160,1,1,0.6092137534163475
12163,1,1,0.817325281126267
12171,2,0,0.44514965504888954
12173,1,0,0.47739890247380645
12175,1,1,0.3248689596404016
12178,2,0,0.3763700998282392
12180,1,0,0.3116779901631133
12182,2,0,0.27651085002645504
12185,2,0,0.49298224034021243
12189,1,1,0.5111506887230401
12193,2,0,0.669802925262895
12194,2,0,0.6442677750285476
12195,1,1,0.32041449194202387
12196,1,0,0.6584479684254052
12199,1,0,0.41451421991860804
12203,1,0,0.38690263666492225
12205,1,0,0.337032941045356
12207,1,0,0.7929917853917323
12215,1,0,0.5750766889839354
12217,2,1,0.7489855014717701
12218,2,0,0.5434626554160469
12220,2,0,0.5433070812880701
12221,1,0,0.41456980131066157
12224,2,1,0.4502113069963039
12226,2,0,0.5574538615465003
12228,2,0,0.20648005463277394
12230,2,0,0.3180420959072385
12233,2,0,0.4673418905339484
12238,1,0,0.9374521404547874
12241,2,0,0.3660707434535602
12246,2,0,0.5179939682410137
12249,1,0,0.10868100556942802
12250,2,1,0.24182743205370322
12252,2,0,0.2221075625902184
12256,2,1,0.36369078002864463
12259,1,0,0.5358875108611242
12261,2,0,0.8460473813306337
12270,1,0,0.5288406715942598
12276,2,0,0.5059417792645968
12279,1,1,0.6345208863746878
12286,2,0,0.42674364682755217
12293,2,1,0.41366951510651034
12295,2,0,0.335018192168121
12300,1,0,0.18504452414352174
12301,2,0,0.18675233702214333
12303,2,1,0.6849731067717372
12305,2,0,0.28885354649523004
12306,2,0,0.29601081951100605
12307,2,0,0.49669440957537764
12309,1,0,0.5195860342534192
12311,2,0,0.471028134981037
12314,1,0,0.5168023108852318
12319,2,1,0.8758189487973377
12325,1,0,0.5295803584196251
12327,2,0,0.4045881484268763
12329,1,0,0.28790457241441886
12335,2,0,0.3380287170135876
12344,1,0,0.4944322384047337
12346,2,1,0.8185825665790165
12357,2,0,0.32034261594794333
12361,2,0,0.21363767425919966
12363,2,1,0.5486534823797565
12366,1,0,0.29779788474775104
12375,2,1,0.9303015495661588
12376,1,1,0.4985478644464104
12378,2,0,0.5046138449300476
12380,2,0,0.2908403399905607
12386,2,0,0.4774685468487464
12398,2,0,0.5417098163738779
12403,2,1,0.4990614849514443
12406,1,0,0.4819360106037916
12409,1,1,0.7451314113647305
12410,2,0,0.27123350280503344
12411,1,0,0.3020364127176616
12415,2,0,0.32601938624527654
12422,1,0,0.544391633707558
12426,2,0,0.41689242657350756
12427,2,0,0.35435373308303275
12430,1,0,0.21358103198609096
12431,1,1,0.8563995389358333
12433,1,0,0.8563995389358333
12434,1,0,0.3642689091540208
12436,2,1,0.4012980810760069
12442,1,0,0.2473219298060797
12445,2,1,0.5283952427252921
12447,1,0,0.2555513479659287
12452,1,1,0.5521855278128117
12455,1,0,0.4039751771481643
12456,2,0,0.53142953380409
12459,2,0,0.30802846404810913
12463,1,0,0.6639474476120872
12464,1,0,0.48137819720188685
12465,2,0,0.3056767113194937
12466,1,1,0.7122049135056281
12468,2,0,0.494332104641302
12482,2,1,0.7686706028648648
12484,2,0,0.39700849099418034
12489,1,0,0.5722727592040077
12492,2,0,0.4576960563981377
12496,1,1,0.7773522206893654
12499,1,0,0.5127565403070825
12501,2,0,0.7426119689572768
12504,2,1,0.5685861338991166
12506,2,0,0.5042734491375385
12511,2,0,0.4884728956198411
12514,2,0,0.3494383505274494
12515,2,0,0.43304663240586677
12516,1,1,0.3610708774324184
12520,2,1,0.7950554366321375
12521,1,1,0.43788391168182333
12523,2,0,0.6274009883414875
12526,1,1,0.29280588472357283
12527,2,1,0.4043190507885165
12528,2,0,0.23074402499834704
12531,2,0,0.18965062904818597
12534,2,0,0.3554924419993694
12535,2,0,0.40813698659771547
12540,2,1,0.20187151134905584
12548,1,0,0.6557679934174936
12551,1,1,0.7970552150133051
12554,2,1,0.31411132933937286
12561,2,0,0.2615810809717852
12567,1,0,0.4969386772268522
12568,1,0,0.02853522416826689
12571,2,0,0.3331361671733059
12573,1,0,0.5044033824307254
12575,1,0,0.16680195919855936
12576,2,0,0.3910075863757035
12578,2,0,0.544893350123664
12579,1,0,0.10604703820478474
12582,2,0,0.4758833180200803
12584,2,0,0.49026162464696427
12589,2,1,0.818509150739303
12591,2,0,0.5277758968553654
12595,1,0,0.5610763244420671
12596,1,0,0.5154097277774037
12602,1,0,0.5071237597178331
12607,1,1,0.3629879690856939
12608,2,0,0.48978059250403155
12609,1,1,0.3859172022307448
12612,1,0,0.495173632360816
12623,2,1,0.6978774492210461
12624,1,0,0.3228298300665298
12626,2,0,0.4103710321601555
12629,2,0,0.5968108799344322
12633,2,0,0.22580638936638442
12641,1,0,0.5102848573540149
12645,2,1,0.7377024046847909
12646,2,0,0.36010889895757875
12649,2,0,0.5643835057797685
12651,2,0,0.4397558599235011
12654,1,0,0.5292983037265201
12657,1,0,0.12460700221720412
12658,1,0,0.44979211129413416
12662,1,0,0.4773688336150115
12666,2,0,0.5691632840545433
12670,1,0,0.2567124403825367
12671,2,0,0.36485438218028915
12673,1,0,0.041466039469797114
12681,2,0,0.33667617499443436
12682,1,1,0.5048964897434942
12684,2,0,0.43202213204782397
12686,1,0,0.5942841087485603
12688,1,0,0.2998956247616188
12690,1,0,0.3997595820511696
12691,1,0,0.34034858885798613
12693,1,0,0.48918428912097756
12694,2,0,0.19988673314980154
12695,1,0,0.7093050644730614
12702,2,0,0.4034385009876088
12711,1,0,0.5116951224079405
12726,1,0,0.2763039615273061
12731,1,0,0.3866221719447781
12733,2,0,0.742482473646651
12735,1,1,0.6104285062944498
12739,2,0,0.44530787571011915
12740,1,0,0.5038955483411989
12744,2,0,0.028808534262938897
12745,2,0,0.40858060855255984
12746,1,0,0.8495987865046022
12749,2,1,0.4711604892659407
12753,2,0,0.32211957940095964
12754,2,0,0.618564002719472
12756,1,1,0.3574975256287137
12759,2,0,0.3509456266024313
12761,1,0,0.5904380981814765
12763,1,0,0.28035831189823324
12767,2,0,0.43548509490386234
12770,2,0,0.3200331236305464
12777,2,0,0.47626197688419775
12780,2,1,0.5525806175600717
12782,1,0,0.2901564351318518
12795,1,1,0.2403303264484137
12803,2,1,0.6841065277914982
12804,1,1,0.5210591341875354
12809,2,0,0.6921536147141575
12811,2,1,0.7384765753928582
12812,1,0,0.5542448407690542
12816,1,0,0.5045805510988088
12817,1,1,0.5506756808193118
12819,2,0,0.44811264054442207
12821,1,0,0.27836705709895354
12827,2,0,0.7093286247441581
12833,1,0,0.43248562510427824
12839,2,0,0.3367500807749912
12841,2,1,0.7397347933374689
12843,2,0,0.13216742024830136
12844,2,0,0.3516008940860707
12845,1,0,0.4179870197889798
12848,2,0,0.29348720357217817
12850,1,0,0.4755718778699462
12855,2,0,0.12799590641520533
12856,2,0,0.18669417040145775
12860,1,0,0.4247392381006198
12869,1,0,0.46974744247462963
12870,1,0,0.17389109734616354
12872,1,0,0.3969988227767852
12874,1,1,0.5052676738698711
12875,2,0,0.44223092417507365
12882,2,0,0.5319701172567045
12888,1,0,0.5159685047326872
12892,2,0,0.15564038962847773
12897,2,0,0.15125098149690405
12901,2,1,0.5524281632839482
12902,1,1,0.3502397720380589
12903,2,0,0.3901035525958017
12904,1,0,0.41391756867678947
12905,1,1,0.8869963351050584
12907,2,0,0.11752949011194955
12908,2,0,0.6018183902923658
12910,2,0,0.4162640169251076
12911,2,0,0.3522735185600872
12914,2,1,0.6169095322210651
12917,2,0,0.19785630216005318
12920,2,0,0.4864791886544531
12921,2,0,0.4528858933450618
12926,2,0,0.5212295302784018
12935,1,0,0.22615119825102395
12941,2,0,0.47764384603778287
12946,2,0,0.21113919641387405
12947,1,1,0.7888629268642968
12948,1,1,0.41126152577452724
12949,2,1,0.6781237667434225
12950,2,0,0.496891835726173
12954,2,0,0.2252169150897723
12955,2,0,0.3240348033875024
12956,2,1,0.8495522717232453
12960,2,0,0.4177751124779204
12963,2,1,0.7209845468080444
12966,2,0,0.4609587392396731
12969,2,0,0.37667138917621945
12975,2,0,0.3613888316777526
12976,2,0,0.4657264489695779
12978,1,0,0.4989461056103615
12979,1,0,0.6207064759890119
12985,1,0,0.3923167578953705
12987,1,1,0.7030101474019199
12988,2,0,0.4866171433157599
12992,1,0,0.5125372429849756
13005,2,0,0.21986705885746186
13008,2,0,0.5106183423244086
13010,2,0,0.17364621238427538
13011,1,0,0.3928540686941317
13014,2,0,0.42956404631108847
13016,2,0,0.31999402458135723
13018,1,0,0.4923843286577044
13020,1,0,0.45176419365996173
13021,1,1,0.9195167640404371
13022,1,1,0.5394266852996011
13028,1,1,0.5409734273832252
13029,1,0,0.5911635580230972
13031,2,0,0.43566895169097125
13039,1,0,0.39391867718433643
13040,2,0,0.40498926342296415
13041,2,0,0.5956895782011149
13044,2,0,0.39214417709014265
13046,1,1,0.7508675403896772
13057,2,0,0.7786405521318277
13059,2,1,0.7348947060025675
13066,2,0,0.45852790759827433
13073,2,1,0.8134434058761862
13075,2,0,0.029153616015876006
13077,1,0,0.4894274286468134
13078,2,1,0.5653661358436963
13079,2,0,0.4100177983560406
13080,2,1,0.702228558588405
13081,2,0,0.5104686490194826
13086,1,0,0.414363944650644
13089,2,0,0.22392708457159607
13098,2,0,0.18845717982973298
13099,1,0,0.1321274935545828
13102,2,0,0.44570378451441683
13104,2,0,0.49389929689264345
13106,2,1,0.6059385762558516
13110,2,0,0.4535756465845105
13114,1,0,0.3641948444553862
13122,2,0,0.43283112016613995
13125,2,0,0.33904826809204264
13131,2,0,0.3389306794089526
13133,2,0,0.20948859353521457
13137,1,0,0.5390291353173187
13138,2,0,0.4131162722929538
13140,2,1,0.34660031893163007
13141,1,0,0.37157705841818
13143,2,0,0.4019910378434836
13151,1,0,0.30882147400847787
13155,1,0,0.5326185723565756
13156,1,0,0.5572121871733245
13160,2,1,0.5412732244979069
13164,1,1,0.4871740795245946
13165,2,0,0.5121812067476771
13166,1,0,0.5666278738258331
13167,2,0,0.5706156049389819
13175,2,0,0.3397618594484223
13178,2,1,0.79709297798956
13179,1,0,0.48299075767594657
13181,2,0,0.3389873934268518
13182,2,0,0.5156379410350332
13187,2,0,0.0015058926152954001
13189,1,1,0.7159308614720711
13190,2,0,0.4917197262624775
13197,1,1,0.7715151145816261
13198,2,0,0.3772539681907421
13201,2,0,0.518262764002965
13204,2,0,0.4570995433120897
13212,2,0,0.49887625926313167
13213,1,0,0.61243867814998
13217,2,0,0.5524011906242707
13221,1,0,0.5006380794272772
13232,1,1,0.8964204987736449
13237,2,0,0.5029555400044746
13238,2,0,0.32242026909835025
13239,1,1,0.7321193673463793
13240,1,1,0.41796289363341005
13241,2,0,0.3218242918511789
13243,2,0,0.44427483322828515
13251,1,0,0.5439061585260737
13253,2,0,0.438118074886493
13257,2,0,0.4110769745640676
13269,1,0,0.4304263434718761
13271,2,0,0.40305368740284103
13274,2,0,0.32231830602815187
13279,2,0,0.06374065265407902
13281,2,0,0.2669416155895447
13288,2,1,0.6521789118758302
13306,1,1,0.38966303513187195
13308,1,0,0.7121772038235394
13310,2,0,0.4995357312383728
13313,1,0,0.18765319983508535
13314,2,1,0.7925170811922868
13322,2,0,0.380029748786872
13325,2,0,0.28269887987802983
13326,2,0,0.54111679896407
13329,2,1,0.27293808650921614
13331,2,1,0.5578432919662596
13332,2,1,0.48180689907150354
13336,1,1,0.23202016487371688
13337,1,0,0.35324066783977676
13345,1,1,0.3630711569589724
13347,2,1,0.20067552307333564
13360,2,0,0.45824211889280064
13361,2,0,0.4911879012832832
13364,2,0,0.08900548531032829
13365,1,0,0.4865403563659592
13367,2,0,0.5584554755915543
13370,1,1,0.7945554942649091
13371,1,1,0.2044294029858197
13377,2,0,0.4855077927607599
13379,2,0,0.26342305804828686
13380,2,0,0.4386976214902157
13390,2,0,0.32916320275243655
13396,2,0,0.515278662534034
13398,2,0,0.4524155994748041
13400,2,1,0.4848866906600391
13402,2,1,0.07954631381241391
13403,2,0,0.19030462288612865
13407,1,1,0.8976284644111417
13410,2,0,0.8272810617764428
13415,1,0,0.62231811692847
13419,2,0,0.4124045374108066
13423,2,1,0.35450863281496425
13426,1,0,0.3559132481957121
13428,1,0,0.4851513968934631
13431,2,1,0.7567307433421692
13435,1,0,0.524369860826866
13436,1,0,0.47692190493825376
13437,1,0,0.33272252310387096
13440,2,0,0.3223439031296636
13442,1,0,0.3473018921761658
13443,2,0,0.23424720393764026
13447,1,0,0.3891635597716707
13449,1,0,0.42014956759905575
13450,2,0,0.40481811399578577
13452,2,0,0.2852965770536689
13455,2,0,0.7052063499199472
13457,1,0,0.3594785283806338
13462,2,0,0.5288245108636636
13469,1,1,0.7562772674098933
13470,2,0,0.7541190566718399
13472,1,0,0.4878085397143041
13478,1,1,0.033282374847718954
13479,1,1,0.8234799104479573
13481,2,0,0.4080368662145365
13487,1,0,0.6969116129016064
13488,2,0,0.4968164322879254
13496,1,0,0.3640100944035411
13498,1,1,0.37413994868966105
13501,1,1,0.7194243004032758
13502,2,0,0.5335414194855015
13512,1,0,0.4005035497305078
13517,2,0,0.6671123078257555
13520,2,0,0.4925222354049718
13526,2,0,0.21343623325693695
13530,1,0,0.3732587896646642
13533,2,0,0.3845119339659422
13536,1,0,0.5266320162777302
13544,2,0,0.1555847112246123
13546,2,0,0.6948824795380913
13550,2,0,0.16227822220519542
13554,2,0,0.12617176819841666
13557,1,0,0.21290097667955607
13564,2,1,0.21701769854675773
13568,2,0,0.4463720797848548
13575,1,0,0.5415874866473396
13576,2,1,0.7991748670169811
13578,2,1,0.4443782706505167
13584,1,0,0.529005867689112
13594,2,0,0.2711968069437476
13597,1,0,0.5772582165335651
13606,2,1,0.8780541569700381
13614,1,1,0.3310239528782965
13615,2,0,0.3726512151326134
13617,2,0,0.428872748517015
13625,2,0,0.22798284823627182
13629,1,0,0.6183948604820416
13636,1,1,0.9961847261391328
13640,2,1,0.7200167121919453
13646,1,0,0.3998582734050022
13648,2,1,0.4026054330316285
13649,2,0,0.3138205760706567
13654,2,0,0.8017654823176973
13655,2,0,0.4794563133891835
13656,2,1,0.7890321348798683
13657,1,0,0.5449220882564241
13658,2,0,0.31343113192949307
13659,2,0,0.2531122775400575
13660,2,0,0.1412743591724359
13663,2,0,0.5297571149499842
13666,2,0,0.4810821975549495
13670,1,0,0.3485566954908637
13672,1,0,0.41018581321004527
13678,1,0,0.5651446665608603
13682,2,0,0.3662427268934928
13683,2,0,0.31814844997192127
13684,1,0,0.07469492781190501
13685,1,0,0.35955537031556273
13687,2,0,0.29415097061292095
13700,1,0,0.331366053116586
13704,1,0,0.3706949972117511
13707,2,0,0.458848635181736
13712,1,1,0.8441752556708878
13714,2,1,0.5433682929823348
13715,1,0,0.6452023628676434
13718,2,1,0.7877151866110074
13720,2,0,0.8194460551235275
13721,2,1,0.42531438258231863
13723,2,0,0.3773816746417146
13729,2,0,0.2693585653634428
13731,2,1,0.7306299072319516
13736,2,1,0.5057999773619741
13738,1,0,0.3075825789933757
13740,1,1,0.9032898977221033
13744,1,1,0.8196518607100649
13748,2,0,0.39624687420397714
13749,2,0,0.3138879172752879
13754,1,1,0.5570111933931576
13760,2,0,0.7264846653020606
13762,2,0,0.4724663524043141
13766,2,0,0.5325387655340698
13768,2,0,0.34510666675376306
13769,2,0,0.4681761920340823
13784,2,1,0.9603646550470544
13786,2,1,0.8042278483234886
13787,2,0,0.36212426778119955
13798,2,0,0.7032248761809735
13801,1,0,0.7529572250329153
13806,2,0,0.44733342285434724
13807,1,1,0.7808905332817317
13808,2,0,0.530673343159285
13811,1,0,0.8733367205855554
13820,1,1,0.4656352802545319
13822,2,0,0.3853115753473047
13832,1,0,0.48624709423030055
13833,2,0,0.5023283479932316
13836,1,0,0.3428906166505251
13845,2,0,0.49414575276824785
13846,1,0,0.4707387970811393
13851,2,0,0.33091928496525636
13852,1,1,0.672754908968358
13854,1,0,0.4179411736917872
13855,2,1,0.5314506393949039
13856,2,0,0.45637167858728495
13859,1,0,0.49103490767014746
13860,2,0,0.3483296754545016
13862,2,1,0.38011986920915314
13867,1,0,0.3739107873784877
13868,2,0,0.3880819342523095
13876,1,1,0.5584522792353774
13878,2,0,0.3569197544753791
13880,2,0,0.3336572754905521
13883,1,0,0.5027750426113343
13886,1,0,0.20786239239114457
13887,1,0,0.295685464970402
13890,2,0,0.22487638639776172
13897,2,1,0.679064511024714
13898,1,0,0.8038270545360326
13901,1,0,0.509775504515227
13903,2,1,0.5715372699482141
13912,1,0,0.06758663006409187
13914,2,0,0.23497915502134392
13921,1,0,0.4206448780875252
13923,2,1,0.5137409507979438
13924,1,0,0.11785937308981255
13935,1,0,0.34414738641181974
13937,2,0,0.16407385997202548
13944,2,1,0.4245441529713697
13951,1,0,0.49441779415889114
13953,1,0,0.3718573366065559
13955,2,0,0.5277641315196571
13956,2,0,0.22356039051615362
13961,1,0,0.7250004961473726
13962,2,0,0.31178565509057216
13965,1,0,0.386082750556112
13968,2,0,0.5624331721160951
13971,2,0,0.5104405231834409
13976,1,0,0.23398659402517744
13977,1,0,0.325740694633993
13980,2,1,0.46953170438843184
13981,2,0,0.17457942383268926
13987,2,0,0.1478863952009255
13989,1,0,0.49467511992783675
13997,2,0,0.4336881782417976
14000,2,0,0.17721785225778253
14002,1,0,0.6374090132793278
14003,2,0,0.17015278433394615
14004,1,0,0.5350517348682855
14007,1,0,0.3424000793050419
14015,2,0,0.4025474810507577
14023,2,0,0.7464302890072892
14028,2,0,0.5659858208100002
14029,2,0,0.5532817061777028
14039,1,0,0.40668893700936715
14042,2,0,0.18985565578826558
14046,2,0,0.568339823710653
14049,2,0,0.45298966232295595
14053,2,0,0.37035795764298407
14054,2,0,0.31700223836750824
14066,2,0,0.49046263216216596
14069,2,0,0.2956407809810215
14074,1,0,0.4679537238510327
14078,2,0,0.36918276541097766
14086,2,0,0.5003104420374751
14090,1,0,0.4683442056892348
14100,1,0,0.5084293483902319
14105,1,0,0.6538955163866245
14106,2,0,0.14317586226533852
14107,2,0,0.34635655918465136
14108,1,0,0.5005432854574905
14112,2,0,0.32091624962560245
14113,2,0,0.3153444622941166
14115,2,0,0.4563707912884595
14117,2,0,0.2902418222806345
14118,1,0,0.682950362410233
14119,2,0,0.477181028753635
14121,2,0,0.3272819580738316
14123,1,0,0.33286747350100737
14124,2,0,0.4260702475420174
14128,1,1,0.49622813307430313
14136,1,0,0.045683014797982834
14137,1,0,0.4576210982921633
14138,1,0,0.36490636041192726
14142,1,1,0.5631893797019494
14145,2,1,0.6293690167066411
14146,1,0,0.5171702179909536
14147,2,0,0.2961345562865871
14148,2,0,0.4234162860749907
14149,1,0,0.7042020702250193
14153,1,0,0.48143836645441535
14157,2,0,0.39845366334506044
14162,1,1,0.49232062752881034
14179,2,1,0.5986461525064185
14180,1,1,0.13479159246682282
14192,2,1,0.7707154509776382
14198,2,0,0.278295795915769
14203,2,0,0.3481950631066572
14206,2,0,0.4260196824928407
14209,1,0,0.5146200231767709
14220,2,1,0.5028794921995907
14221,2,1,0.8109722950758828
14223,2,0,0.5837513790742804
14229,2,0,0.21823573747411723
14230,2,0,0.49596992056160116
14231,2,1,0.5029269533212265
14235,1,0,0.500025194176509
14237,1,0,0.40533480425258245
14240,2,0,0.5073839274436982
14241,1,0,0.2968147435059893
14242,2,0,0.14807304511079303
14243,2,0,0.40607336574385156
14244,1,0,0.42680588847965334
14245,1,1,0.9285597234948241
14246,2,0,0.430209050520157
14252,2,1,0.6917247047320305
14255,1,0,0.6414040426994894
14257,2,0,0.32083980659463135
14261,1,0,0.5529432025310786
14262,1,1,0.41813797963452426
14266,2,0,0.426914975151285
14267,2,0,0.20344308532306143
14268,1,0,0.4017644006398906
14269,1,0,0.4601507199647035
14274,1,0,0.4502206239422175
14276,2,0,0.26733655514493065
14286,1,0,0.37265917579516555
14289,2,1,0.8896827057595987
14290,2,0,0.3382555979275289
14292,1,0,0.29633106290419514
14293,2,1,0.4559878974580261
14295,1,1,0.8563995389358333
14296,2,0,0.37609888929300805
14302,1,0,0.5208179750898798
14306,1,0,0.6054058901192783
14307,1,0,0.2908953859127472
14314,2,1,0.4567201317100036
14321,2,0,0.5220546053234597
14325,1,0,0.5286581153189206
14328,1,0,0.729353455563092
14331,2,1,0.8247535537769648
14333,1,0,0.16565628581085462
14336,1,0,0.31543257266161434
14339,2,0,0.4299068895354239
14340,1,1,0.6153288932667417
14341,2,0,0.803025154060389
14342,2,0,0.3502133161830948
14344,2,0,0.12786079431498942
14345,2,0,0.5374366968319144
14352,1,1,0.7320331078778813
14357,1,0,0.4159080910068333
14360,2,0,0.40845088671599844
14361,2,0,0.47424808924936696
14362,1,0,0.6895475950071666
14370,1,0,0.5548011483060832
14374,2,1,0.3249710217879929
14375,1,0,0.5490425836244698
14376,2,0,0.5473964316179761
14378,2,0,0.29964533473221155
14380,1,0,0.47008042953203155
14381,1,0,0.3600390812235607
14383,1,0,0.4527800067766025
14384,2,0,0.11577742385167157
14386,2,0,0.6739496090831412
14393,1,1,0.9168487408791532
14398,2,1,0.8592147953952535
14408,2,1,0.7429301678529606
14409,2,0,0.49278548267739786
14421,1,0,0.3452727318841156
14422,1,0,0.3256946267728983
14423,1,0,0.4441783552979547
14434,2,0,0.5045534534542223
14438,2,1,0.5092118881664246
14444,1,0,0.33327343374037427
14449,1,0,0.30095772438340745
14451,1,0,0.4250309265513274
14452,1,0,0.4071120256323469
14453,1,1,0.5160538020520915
14455,2,1,0.24011998494642328
14458,1,1,0.4955648960842105
14464,1,0,0.3316557562430106
14465,2,0,0.38374588502395207
14466,1,0,0.7340253401582901
14467,1,0,0.30951511481195965
14471,1,1,0.9039568167461064
14472,2,1,0.766593185812454
14475,2,0,0.3268287738825906
14483,1,0,0.5235614799707713
14484,1,1,0.7158410935858246
14485,2,0,0.442914037089425
14486,2,0,0.7196705119461659
14487,1,0,0.4778049495447424
14489,1,0,0.5119378240556793
14495,1,0,0.4696005737213822
14500,2,0,0.7035039292728303
14503,2,0,0.2143429038050809
14505,2,0,0.4420264010666728
14509,2,0,0.42536264294194354
14510,2,0,0.68740989257961
14511,1,0,0.7636847202388025
14517,1,0,0.5518383004402189
14518,1,0,0.5011937984271251
14521,2,0,0.34453718991252924
14526,1,0,0.4449747419519497
14536,1,0,0.36733336745315215
14538,1,1,0.4903035384526961
14539,1,0,0.4638433906045377
14541,2,0,0.566801684004687
14543,1,1,0.7902902386766388
14544,1,0,0.44837049483587044
14545,1,1,0.54553718205773
14547,2,1,0.6369467035934097
14550,2,1,0.32755507009923707
14553,1,0,0.3884519422500809
14554,1,1,0.007169070109236606
14559,2,0,0.5005839985917475
14566,2,0,0.2773880176855594
14567,1,1,0.8447221238117936
14569,2,1,0.5369078763190471
14573,1,1,0.49408128360334563
14575,1,0,0.4975014093161711
14578,1,0,0.5346140295464258
14579,2,0,0.29697525884027814
14586,2,1,0.552513645367581
14593,2,0,0.499751839672155
14596,1,0,0.5565937614066848
14602,2,0,0.2857196723377306
14604,1,0,0.4368220239833279
14610,1,1,0.486232255593725
14611,1,0,0.4271231946044506
14613,1,0,0.4346301964217461
14614,2,0,0.4752670999572075
14615,1,1,0.8795775328725184
14618,2,0,0.2877331721012412
14619,2,0,0.3705984580383184
14626,2,0,0.47484015983847133
14628,1,0,0.4272730688908666
14631,1,1,0.8814963216013538
14636,1,0,0.5027950593134121
14641,2,0,0.21257888315736218
14645,2,0,0.560040272356779
14646,2,0,0.5124761883589688
14653,1,1,0.816053888522951
14655,1,0,0.3520298993243963
14658,1,0,0.3861288845794983
14673,2,0,0.4076390642767325
14676,2,0,0.41343196227107365
14682,2,0,0.3594807904083652
14683,1,0,0.5830374616313372
14685,2,0,0.3412703009930949
14686,2,0,0.16950845195793815
14687,2,0,0.20032685285084048
14693,1,1,0.7235507671004424
14695,2,1,0.28115841490733534
14696,2,1,0.7734514828700443
14698,2,1,0.8316424064862104
14700,2,0,0.2713031094086643
14701,2,0,0.3956537160636745
14709,1,0,0.8472726742074386
14712,2,0,0.6560631833090081
14714,2,0,0.3652640307945603
14715,2,0,0.4872854457932435
14717,2,0,0.47990077545945464
14724,1,0,0.18453715986661773
14727,2,0,0.348425010520057
14733,2,0,0.4605072543742444
14740,2,0,0.4697230608008742
14746,1,0,0.39596189757252376
14749,1,0,0.3385943432092896
14753,2,0,0.29277089354053476
14764,2,1,0.7267424578111762
14767,2,1,0.19157934135270063
14768,1,0,0.32533985885043964
14769,1,0,0.04653363715374158
14770,2,0,0.4040241069965291
14773,1,0,0.5602239818128227
14775,2,0,0.42860251766471774
14782,2,0,0.4655723069319075
14784,2,1,0.14122042137973717
14785,1,0,0.5373071826549526
14793,2,0,0.16730179432765577
14795,2,0,0.4950461831243899
14799,1,0,0.5054852173477411
14802,2,0,0.6601703057780689
14807,2,0,0.30472778869489586
14812,2,0,0.2940326683485345
14813,2,1,0.585482229030181
14814,2,0,0.2638894578641823
14817,2,0,0.3792508005523588
14819,1,0,0.2920871763624152
14826,2,1,0.3540535687124262
14839,2,0,0.3866711402814797
14840,2,0,0.38035282426083333
14842,2,0,0.4168434320178828
14844,2,1,0.20674991632556128
14846,2,0,0.46468493863355215
14857,2,0,0.3334359214969515
14861,2,0,0.8100374138855561
14864,2,0,0.26277146439128307
14866,1,1,0.5604992481022274
14873,1,1,0.4361147055770353
14886,1,0,0.3957771550446495
14887,2,0,0.5158689142304763
14892,2,1,0.9032014134533556
14893,2,0,0.34536275507625636
14902,2,0,0.22669872425018403
14904,2,0,0.3044438893019642
14908,2,0,0.3559282556194362
14911,2,0,0.395859438182495
14915,1,1,0.8236018556369734
14919,1,1,0.2895540857243994
14923,1,0,0.8123041917278668
14926,2,0,0.3502429710981502
14932,1,0,0.3646484094669631
14933,1,0,0.7541508359169944
14941,1,0,0.6050449181274704
14948,2,0,0.5072530236182885
14951,1,1,0.865828298297196
14952,1,0,0.78600329799585
14956,2,0,0.5508117276647437
14957,2,0,0.5092225772102036
14962,1,0,0.5578938283695559
14963,2,0,0.484375207289476
14964,2,0,0.41485723670854135
14968,1,0,0.4678835822778208
14970,2,1,0.3338172098998908
14974,1,1,0.9230066689615333
14977,2,1,0.8441262338665888
14978,1,0,0.3530339158664473
14980,1,1,0.7926084301194285
14981,1,1,0.8272927461982486
14982,2,1,0.3078906818839346
14987,2,0,0.670117655830747
14988,2,0,0.22471568414955598
14993,1,0,0.4932962057458831
14994,1,0,0.08291865987318149
14996,1,0,0.3311756003898234
15002,2,0,0.3414344694071403
15003,2,0,0.5057301952082255
15004,2,0,0.34631383173163827
15005,2,0,0.416958312224322
15009,1,1,0.7752874398717463
15023,1,0,0.5383892933104678
15025,1,0,0.729368262354492
15026,1,0,0.5188151439803768
15027,1,0,0.3524666747532374
15036,1,1,0.24866249431852136
15041,1,0,0.4094238082410863
15042,1,0,0.21334765382053278
15043,1,0,0.31967990867949947
15048,1,0,0.556371255721236
15049,1,0,0.4675376728569594
15052,1,0,0.49184001716672016
15058,1,0,0.2405055089210382
15059,1,1,0.332012353305494
15060,1,0,0.4980566683823748
15068,1,0,0.31604404059281405
15069,1,0,0.1415163130641852
15075,1,0,0.4967017992269362
15076,1,0,0.3510535326028202
15084,1,0,0.14227953924713108
15090,1,0,0.4556968041125209
15093,1,0,0.17068653232720365
15094,1,0,0.4645486119355891
15104,1,0,0.358020021930818
15105,1,0,0.2939723398412321
15107,1,0,0.37946979381366747
15109,1,0,0.403048678524254
15110,1,0,0.5735849430709988
15116,1,1,0.5591795759612945
15117,1,0,0.5541770315740128
15120,1,1,0.7904386291225707
15124,1,1,0.414121878101093
15128,1,0,0.5286863924739221
15139,1,1,0.9240262169435934
15141,1,1,0.5612169939419528
15147,2,1,0.7369794282654011
15159,2,0,0.43813879584023097
15162,2,0,0.4668232489219631
15164,2,0,0.32765061488372327
15167,2,0,0.291923725749829
15168,2,0,0.45092823609568805
15175,2,0,0.46883917022260374
15177,2,0,0.42757520558409157
15178,2,0,0.5029683505171121
15182,2,0,0.465454425986081
15192,2,0,0.3334752076138514
15195,2,0,0.4208897558696687
15201,2,1,0.6860442991705642
15203,2,0,0.09122673447713021
15205,2,0,0.4225008390238565
15208,2,1,0.5691686992437016
15209,2,0,0.38892033343175236
15211,2,0,0.2719836992635644
15218,2,0,0.5079804617124886
15220,2,0,0.3507112726558623
15222,2,0,0.5021711357863907
15233,2,0,0.3166960365806201
15238,2,0,0.4880409307115141
15239,2,0,0.43264609286927624
15241,2,0,0.5656966795981796
15242,2,0,0.48503059570875
15247,2,0,0.4350005509828708
15248,2,0,0.5306481162456415
15253,2,1,0.198231870557435
15254,2,0,0.4742862617944888
15255,2,0,0.32955391770093273
15260,2,0,0.4855141629392075
15265,2,1,0.49691437528159876
15268,2,0,0.7291951872254144
15270,2,0,0.15616884931050232
15272,2,0,0.5249593916174603
15283,2,0,0.38397541280122804
15284,2,0,0.3138030704291994
15288,2,0,0.43275722163952735
15291,2,0,0.4465267139206276
15293,2,0,0.21909775777921744
15295,2,0,0.3240776475070751
15297,2,0,0.5659881449243991
15305,2,0,0.334663342335496
15309,2,0,0.7427392839760075
15310,2,0,0.5902178169931082
15311,2,0,0.6050610596017627
15312,2,0,0.5090422494249597
15315,2,0,0.528454930107113
15319,2,0,0.5385380438619183
15321,2,1,0.19366940060382812
15328,2,0,0.44926303267420586
15331,2,0,0.33815914962012344
15336,2,0,0.468686491613802
15338,2,0,0.171524317254805
15343,2,0,0.6044272864347451
15347,2,0,0.502302948573966
15349,2,0,0.5333591321709544
15350,2,0,0.294699042414008
15351,2,1,0.7590847710235331
15353,2,0,0.5755924759812764
15354,2,0,0.5510590236687265
15355,2,0,0.3147748071458986
15357,2,0,0.3543435151574869
15359,2,0,0.4539160950580497
15363,2,0,0.39671047407226
15370,2,0,0.5279899676638311
15376,2,0,0.29688883637471786
15378,2,0,0.2169581153745221
15380,2,0,0.15080619199223746
15384,2,1,0.8442485424724409
15385,2,0,0.5350321985499473
15386,2,1,0.4147157402963614
15387,2,0,0.5414777474868111
15388,2,0,0.4320169286106645
15391,2,0,0.3906622085982889
15393,2,1,0.5278043810573395
15395,2,0,0.40640109913029593
15398,2,0,0.5037148890877724
15405,2,0,0.3155855212332915
15406,2,0,0.31148288107140726
15415,2,1,0.3979102031011778
15419,2,0,0.1983266903385533
15425,1,1,0.7982197261581958
15427,1,1,0.48778626359031063
15429,1,0,0.49125774959489754
15432,1,0,0.3964356528780078
15434,1,0,0.4469297089895329
15435,1,0,0.3574901851154649
15436,1,0,0.5140033954218602
15438,1,0,0.2034659019070083
15445,1,0,0.4698886603737767
15446,1,0,0.5910378085701737
15447,1,0,0.47973891317814027
15454,1,0,0.3476594638795499
15464,1,0,0.3707294237947417
15465,1,0,0.29986879436695796
15466,1,0,0.36805696780509656
15470,1,1,0.799749941097916
15471,1,0,0.38163881521708354
15486,1,0,0.4930424934037663
15490,1,0,0.3360221102949845
15494,1,0,0.40740924118825617
15495,1,1,0.533104351264691
15503,1,0,0.531440020227453
15504,1,1,0.18094599725964433
15509,1,0,0.38115164669754414
15510,1,0,0.4857273017385682
15512,1,0,0.35797413949412793
15513,1,1,0.8474333006377794
15514,1,1,0.388142586123708
15519,1,0,0.48737775717584253
15520,1,0,0.39563796079718716
15529,1,0,0.35750469407879676
15530,1,0,0.4010410297366802
15532,1,1,0.7711434397162205
15539,1,0,0.425441663133891
15540,1,0,0.22336322819481233
15542,1,0,0.1961769424326651
15548,1,0,0.5273301686448796
15549,1,1,0.15197665262988666
15550,1,0,0.4456137542346398
15554,1,0,0.2009992294179652
15557,1,0,0.4431039909569767
15562,1,0,0.2954919787477388
15569,1,0,0.4263400726125545
15570,1,0,0.22978423707208037
15571,1,0,0.8448979178834545
15572,1,0,0.3594372934552162
15579,1,0,0.46653517497758595
15580,1,1,0.34366824229002185
15581,1,1,0.8357183413167346
15587,1,0,0.452781190102802
15590,1,0,0.1277619677288844
15592,1,0,0.20851360245503012
15597,1,0,0.551405023015872
15607,2,1,0.40067625980763694
15610,2,0,0.16287476727625727
15620,2,0,0.3738562963323387
15629,2,0,0.4152979705898617
15630,2,0,0.6868332627278879
15632,2,0,0.4615381380518449
15635,2,0,0.1804475187850785
15638,2,0,0.4290594205650289
15639,2,1,0.6152683528080533
15640,2,0,0.5457813992871886
15641,2,0,0.5125819089606161
15643,2,0,0.2639687283314272
15645,2,0,0.516139143861602
15646,2,0,0.5434399978017627
15647,2,0,0.4624383754981676
15651,2,0,0.2991259413738118
15656,2,1,0.5300549433075489
15661,2,0,0.5628401293396031
15663,2,0,0.4479905638944898
15666,2,0,0.5041945712761049
15667,1,0,0.559556344086804
15668,1,0,0.3916080641791569
15671,1,0,0.18190474715311203
15677,1,0,0.5161990707025692
15687,1,0,0.18101462969176255
15688,1,0,0.5201221479048589
15691,1,0,0.5025585371313754
15695,1,0,0.575456703680559
15698,1,0,0.5312145314156316
15700,1,0,0.8010950740155283
15702,1,0,0.37759798071247086
15705,1,0,0.19266023410158026
15714,1,0,0.22919469249667515
15715,1,0,0.33056342682435
15718,1,0,0.30594457114911644
15721,1,0,0.3341046359612611
15723,1,0,0.3635069198998748
15724,1,0,0.1826570177877479
15730,2,1,0.4433183912347589
15733,2,0,0.658525525576622
15742,2,0,0.13737625085857877
15745,2,1,0.5870070420437163
15750,2,0,0.4122589061885132
15757,2,0,0.4369648617645583
15759,2,1,0.7212991500813247
15760,2,0,0.748746820466618
15764,2,0,0.7548103686743252
15767,2,0,0.758102726007804
15770,2,0,0.18852362058037972
15774,2,0,0.3804614102994196
15775,2,1,0.7701849686369839
15777,2,0,0.41678514233975184
15785,2,1,0.7624178163671421
15787,2,0,0.4187701289615038
15788,2,0,0.42733027978763516
15799,2,0,0.6586780173489628
15803,2,0,0.5475075472944585
15807,2,0,0.4739420598983363
15808,2,0,0.3281902408400659
15812,2,0,0.5008264550997992
15813,2,0,0.441579933562243
15818,2,0,0.4269194186940534
15820,2,0,0.5105653888809789
15821,2,0,0.7468477082919811
15822,2,0,0.1976706805466393
15824,2,0,0.6859274967840477
15827,2,1,0.7933947924958811
15828,2,0,0.43580150261789175
15831,2,0,0.4338217261504517
15832,2,1,0.7124481608659261
15834,2,0,0.3044726364390292
15835,2,1,0.6622024279627138
15836,2,0,0.6686885376455565
15837,2,0,0.4600369077959713
15839,2,0,0.37924786574802066
15840,2,0,0.5445032954503116
15843,2,1,0.6130864571689921
15844,2,1,0.7744466631952228
15849,2,0,0.453642130219844
15851,2,1,0.7155915595584207
15852,2,0,0.6522576744298406
15861,2,0,0.3192892194099622
15862,2,1,0.7945416676697001
15866,2,0,0.2658348350256331
15869,2,0,0.4351652341708672
15870,2,0,0.28629975111015393
15871,2,0,0.23243287880676292
15872,2,0,0.8029407691703248
15875,2,0,0.5058543434366195
15876,2,1,0.6288144806842135
15882,2,0,0.5160523733281432
15883,2,0,0.46660147161516063
15885,2,0,0.4575022805398169
15886,2,0,0.8638236741268283
15887,2,0,0.32544112270146913
15894,2,0,0.40729388972572994
15895,2,0,0.3272970653330934
15904,2,1,0.6865669943299139
15906,2,0,0.16027031263291766
15911,2,0,0.43132298923052714
15912,2,0,0.1405933478667813
15913,2,0,0.43226563962458325
15914,2,1,0.5249676098352084
15916,2,0,0.3203109952579406
15917,2,1,0.5222001933275312
15918,2,0,0.3805723494237226
15919,2,0,0.4705624712525495
15922,2,0,0.4436316713652484
15926,2,0,0.19957577787472627
15927,2,0,0.38574098229852705
15933,2,0,0.4517859266867076
15935,2,0,0.29446940249336917
15940,2,1,0.7403405104234321
15941,2,0,0.30040792916922465
15943,2,0,0.3350198953637435
15944,2,0,0.47669486332115973
15947,2,0,0.21794057974199402
15948,2,1,0.9056066721030162
15949,2,0,0.42164685772123456
15953,2,0,0.2265392755765554
15965,2,1,0.7916704316939884
15969,2,0,0.509921364031348
15973,2,1,0.6063271501691093
15978,2,0,0.5045928628591768
15986,2,0,0.5662604173290148
15990,2,0,0.4450300725377878
15992,2,0,0.5387496835614871
16001,2,1,0.8973347978535311
16002,2,0,0.4518277178739396
16005,2,0,0.49001775011321885
16007,2,0,0.49660581346684307
16009,2,0,0.5001338286934527
16013,2,0,0.5532135533268067
16014,2,0,0.2968776575353159
16015,2,0,0.31426621398952137
16019,2,0,0.2211394789400241
16025,2,0,0.3728829422345933
16027,2,1,0.6677689697610089
16032,2,0,0.7348748946475057
16034,2,1,0.44257620953849464
16035,2,0,0.43060073205854277
16036,2,0,0.6440042024182188
16038,2,0,0.4564876421127378
16039,2,0,0.48188735860494497
16042,2,0,0.5288122358197007
16054,2,0,0.29750328836473566
16057,2,0,0.49583028391662315
16059,2,0,0.44749908457149906
16061,2,0,0.5904217521945687
16062,2,0,0.5135197165140285
16065,2,0,0.40260927192288737
16068,2,0,0.5049815818950982
16070,2,0,0.3081896651480618
16072,2,0,0.5144257777101623
16074,2,0,0.30958184891733853
16079,2,1,0.1523806118341928
16082,2,0,0.46429830344761
16083,2,0,0.7613195564739177
16084,2,0,0.6827921102283674
16088,2,1,0.1900902655735312
16089,2,1,0.18297277548872898
16091,2,0,0.7111446922967243
16092,2,1,0.8007320152449545
16094,2,0,0.38887505405257483
16095,2,1,0.6335445716698461
16100,2,1,0.359129508889325
16101,2,1,0.4971627086886902
16110,2,0,0.38260366967515436
16112,2,0,0.3657827848758564
16119,2,0,0.4921527862669785
16121,2,0,0.5263153755975893
16124,2,0,0.3588862755046689
16125,2,1,0.739093081858128
16126,2,1,0.7879229305755382
16134,2,1,0.5402997594176707
16137,2,0,0.6477017144622079
16142,2,0,0.6978391454892998
16146,2,0,0.1772644309581722
16149,2,1,0.3274479872968102
16152,2,0,0.45065390883348755
16157,2,1,0.3023942524317296
16163,2,1,0.731880978010749
16165,2,0,0.5005467365904692
16169,2,0,0.3563613867999602
16172,2,0,0.10217971867215103
16174,2,0,0.5381359393184915
16175,2,1,0.32898515206140355
16181,2,0,0.20982270303876832
16183,2,0,0.437588306159239
16184,2,1,0.5388201477385339
16185,2,1,0.4382794968460525
16191,2,1,0.6814914875222589
16194,2,0,0.2749403942439699
16196,2,1,0.11798762956438283
16198,2,0,0.5857806858441545
16201,2,0,0.5708153671300895
16202,2,0,0.23994253853308203
16203,2,0,0.3744466464661571
16206,2,0,0.4895289151458689
16210,2,1,0.7956788509118223
16212,2,0,0.7055363480497581
16213,2,0,0.5526070438152929
16219,2,0,0.4913848778038934
16221,2,0,0.252134411981427
16227,2,1,0.8157735351537184
16231,2,0,0.5114815549132193
16234,2,0,0.4096732362642247
16236,2,1,0.8549960646062246
16239,2,0,0.20211704558216118
16240,2,0,0.2230662473036796
16242,2,0,0.3820846880691999
16253,2,0,0.4394209110824111
16261,2,0,0.7364344967374633
16267,2,0,0.4185580426581408
16269,2,0,0.37953392111561907
16274,2,0,0.5055685482965808
16278,2,0,0.24313538506984514
16288,2,0,0.45416359459385297
16290,2,1,0.6778946048464467
16291,2,1,0.6104659469372198
16293,2,1,0.518215302760354
16300,2,1,0.7395669429897906
16302,2,0,0.42073873722628036
16304,2,0,0.28514949557054425
16305,2,1,0.9295594685270375
16310,2,0,0.8817096340249915
16314,2,0,0.4644602767451961
16316,2,0,0.4771973692190739
16324,2,0,0.5106384254496096
16328,2,0,0.25329851844961904
16329,2,0,0.501571900156296
16332,2,0,0.487473198424466
16333,2,0,0.4741625351214184
16339,2,1,0.24289317063347113
16342,2,0,0.39214670328841045
16345,2,0,0.5537291607058022
16352,2,0,0.36100318932151865
16354,2,1,0.49999247904174554
16356,2,0,0.4972356446507718
16360,2,0,0.4327517195678784
16361,2,0,0.1965174639302268
16364,2,0,0.3593686276544522
16370,2,0,0.310294002200076
16375,2,1,0.8510055113090307
16377,2,1,0.8626557409797582
16378,2,0,0.49862968681967046
16381,2,1,0.5267869094271892
16385,2,0,0.3480127858484958
16387,2,1,0.4039300004411931
16388,2,0,0.32058360592733764
16393,2,0,0.36345915790011346
16394,2,0,0.3230475735139144
16396,2,0,0.45678196677724764
16398,2,0,0.5252598400516191
16399,2,0,0.2981430138132249
16404,2,0,0.568015752638118
16408,2,0,0.5675158511948707
16411,2,0,0.5627250584515071
16415,2,0,0.5336557989426337
16418,2,0,0.3070581192372028
16426,2,0,0.3517697831862773
16431,2,0,0.37498384456706363
16434,2,1,0.5628486942708741
16438,2,0,0.4482391666927879
16440,2,1,0.6854691657750124
16441,2,1,0.55856209214062
16444,2,0,0.2347706835043439
16449,2,1,0.5676628139144492
16454,2,0,0.6027398825334173
16458,2,0,0.5079583430994075
16460,2,1,0.7085718040266707
16461,2,0,0.5422607263055742
16462,2,1,0.7577555571271757
16463,2,0,0.45254634848439396
16465,2,0,0.5202802040803445
16469,2,0,0.553591013082977
16473,2,0,0.14207712247952675
16478,2,1,0.8436798880138905
16480,2,1,0.7282951877669165
16481,2,1,0.5961331518253532
16490,1,1,0.8850080928346933
16494,1,0,0.4918136716730041
16509,1,0,0.5178578577810279
16510,1,1,0.7275363070534453
16512,1,1,0.8756791973708556
16516,1,1,0.7080853677299541
16517,1,0,0.4081528638134541
16518,1,1,0.9269386336150504
16522,1,1,0.7666412912214419
16525,1,0,0.5568097253124135
16528,1,0,0.21349120191015644
16530,1,0,0.2641379152194732
16537,1,0,0.35976428084950285
16539,1,0,0.5784134793320661
16540,1,0,0.18033442307705178
16541,1,0,0.6804691354697897
16542,1,1,0.7633697713646762
16545,1,0,0.45925618421371606
16548,1,0,0.2379197187242183
16551,1,0,0.43082953742694463
16552,1,0,0.5758772112932823
16553,1,1,0.42530266265707445
16556,1,0,0.5702164639874782
16558,1,0,0.1706571090198831
16559,1,1,0.892914350738357
16561,1,0,0.46121683627148596
16563,1,0,0.3226191708494277
16568,1,0,0.6516992403439357
16572,1,0,0.9364763133414152
16573,1,0,0.4679219814411994
16574,1,0,0.5045444078180914
16580,1,0,0.5495110172538267
16583,1,1,0.4508347723715156
16584,1,0,0.39512797585634657
16589,1,0,0.4363816776604349
16592,1,0,0.6735455150614217
16597,1,0,0.21329015318645905
16598,1,0,0.3183324641019549
16599,1,1,0.6882274986907693
16609,1,1,0.5449183296420123
16610,1,0,0.2217435418503774
16613,1,1,0.791568752215952
16615,1,1,0.2931774480344713
16620,1,0,0.5363110383312392
16621,1,0,0.8548807058266729
16622,1,0,0.543774127680566
16626,1,1,0.834208700586645
16627,1,1,0.4312935928431222
16628,1,1,0.537958142297576
16630,1,0,0.4607755839502978
16632,1,1,0.6986744919554345
16637,1,1,0.5225690978436922
16638,1,1,0.5545742653146706
16643,1,0,0.7548021411949253
16647,1,0,0.5334550475112262
16650,1,1,0.7652208719775632
16651,1,0,0.3874982104332709
16656,1,0,0.5278828470757554
16660,1,0,0.5691344137678087
16662,1,0,0.5158145659126424
16666,1,0,0.2344045189278276
16670,1,0,0.3908632829400576
16675,1,0,0.642789134654657
16677,1,0,0.5554984015316733
16679,1,0,0.7322613474162037
16680,1,1,0.6962172701548365
16687,1,1,0.7751015300022239
16695,1,0,0.4564442055286388
16697,1,0,0.799506819733511
16702,1,0,0.40169970917537595
16703,1,0,0.4759058742850094
16704,1,0,0.525581908162348
16705,1,0,0.7499965579979764
16707,1,0,0.3282917320456606
16711,1,0,0.7461767833031442
16712,1,1,0.5783806492652963
16714,1,1,0.8024631899956561
16715,1,0,0.5410950479185934
16721,1,1,0.5086150682415926
16724,1,0,0.5042598935671287
16725,1,0,0.445012274718848
16729,1,0,0.5302439883552836
16731,1,0,0.4202146321559635
16735,1,0,0.5521053052121055
16737,1,0,0.20599687943506903
16740,1,0,0.4121172558700475
16741,1,1,0.5703526110526272
16743,1,0,0.556438291817605
16746,1,0,0.5217813434204158
16748,1,0,0.20418719049263756
16754,1,1,0.7923273857929441
16756,1,1,0.5130668285124919
16758,1,0,0.5060983877951624
16763,1,1,0.775039196895674
16765,1,0,0.8192730970038196
16773,1,1,0.7089289961860721
16775,1,0,0.5351796327065926
16778,1,0,0.3107952469437145
16785,1,1,0.5419696532785783
16787,1,0,0.4374436275980181
16788,1,1,0.5499094429224839
16794,1,0,0.5271010654796406
16795,1,0,0.1973598712280715
16802,1,1,0.7452117740948823
16807,1,1,0.7388208655096363
16809,1,0,0.5435787041179398
16810,1,0,0.27551206338339074
16811,1,0,0.4494223685197547
16812,1,0,0.5192448688767509
16821,1,0,0.4445830289255815
16825,1,1,0.5398655051005146
16826,1,1,0.5178546196817695
16830,1,1,0.47071763203656797
16834,1,0,0.7917493802065408
16835,1,1,0.8303922460059926
16836,1,0,0.16827667488355613
16839,1,1,0.8397996360094168
16840,1,1,0.6396091633963822
16841,1,0,0.49368822093940723
16845,1,1,0.5931336712896599
16846,1,1,0.7060475776414247
16847,1,0,0.5557447027009391
16848,1,1,0.8146906649567038
16850,1,1,0.8150111202977769
16852,1,0,0.5859090933683548
16854,1,1,0.9095743552623008
16856,1,0,0.5654514471553618
16857,1,0,0.8215005226382829
16868,1,0,0.5688010897672063
16870,1,1,0.7956513839399876
16871,1,0,0.66048744317801
16874,1,0,0.25912618923182806
16876,1,0,0.34262614332402075
16879,1,0,0.2771170418805108
16882,1,0,0.5235461698942212
16884,1,0,0.609707575246607
16886,1,0,0.5234657831903797
16896,1,1,0.7179154144889711
16897,1,0,0.6409295793853951
16899,1,0,0.24138014032549296
16904,1,0,0.24387581381560364
16913,1,0,0.5669630015289021
16914,1,0,0.5636885120392855
16923,1,1,0.505823431597751
16926,1,1,0.7290860194831894
16927,1,0,0.49196009708242106
16928,1,0,0.16168160706517862
16931,1,0,0.557969147975855
16932,1,0,0.4136593980955514
16933,1,1,0.9231376471876663
16947,1,0,0.7955287875029269
16948,1,0,0.5069784110313468
16955,1,0,0.40395995569160964
16961,1,1,0.8530927704665351
16963,1,0,0.5473829179883402
16964,1,1,0.850627426491739
16966,1,0,0.430259778029826
16970,1,1,0.2253376357190283
16975,2,1,0.7882101869152723
16976,2,0,0.44947856305329265
16978,2,0,0.7525427565854764
16986,2,0,0.3633429111831712
16988,2,1,0.7502535506157395
16991,2,0,0.5135919760077907
16994,2,0,0.4757212350894423
16999,2,0,0.3353405044121067
17000,2,0,0.4650510550414293
17009,2,0,0.7818334592494421
17013,2,0,0.3395520124619885
17016,2,1,0.7535068290441236
17022,2,0,0.6693039630126892
17023,2,0,0.4302709038520959
17026,2,1,0.7733188680237586
17031,2,0,0.701775963620879
17032,2,1,0.7613463352745684
17033,2,0,0.541034888924466
17036,2,0,0.25467365812849674
17037,2,0,0.4480042186666681
17038,2,0,0.4385410203025755
17041,2,0,0.699962830860068
17042,2,0,0.4276891157054525
17043,2,0,0.3894239847891289
17045,2,0,0.4981962555461585
17046,2,1,0.34128980741316645
17052,2,1,0.570652109659674
17053,2,1,0.6657624718174459
17055,2,0,0.5181955859357299
17057,2,0,0.5011167066169822
17065,2,0,0.6638351034692979
17075,2,0,0.3403599281295628
17077,2,1,0.8407290568077805
17083,2,0,0.4534654543705366
17084,2,0,0.5685555213873598
17086,2,1,0.5551578471425209
17089,2,0,0.4924753004774963
17092,2,0,0.7257307880338981
17093,2,1,0.4504860550371003
17094,2,0,0.4767318231845523
17098,2,0,0.4392231405568931
17100,2,0,0.41797301881051313
17105,2,0,0.4844365355291741
17111,2,0,0.4918345370228604
17112,2,0,0.6787702255108127
17115,2,0,0.3316319418485371
17116,2,0,0.3884397166444572
17117,2,0,0.49497795624641133
17118,2,0,0.5095735085455427
17122,2,1,0.8227756850189429
17127,2,0,0.21094920706857825
17128,2,0,0.37163031989310735
17130,2,1,0.7886917306130091
17137,2,1,0.36906467901377904
17138,2,1,0.40142127040767195
17139,2,1,0.6380476410468687
17144,2,0,0.2225515108092075
17145,2,0,0.3176001964267635
17147,2,1,0.19363813502365543
17149,2,0,0.7286859631425081
17150,2,0,0.508065706570302
17154,2,1,0.8456018039640609
17155,2,1,0.8137428366486652
17162,2,0,0.4278458889934517
17165,2,0,0.30875567028628026
17171,2,0,0.4927146893214316
17173,2,0,0.46392192308905644
17180,2,1,0.3343799023840165
17183,2,0,0.4191863386369343
17190,2,1,0.7770494230031163
17193,2,0,0.12932577743194204
17196,2,0,0.4174130811967919
17199,2,0,0.30176114439130536
17200,2,0,0.47377277628531134
17201,2,0,0.34108009059821387
17204,2,1,0.7972604157698369
17213,2,0,0.5121222258261524
17217,2,0,0.3605319507970831
17223,2,0,0.4455457202472198
17224,2,0,0.6791630099304211
17226,2,0,0.3673850283701121
17228,2,0,0.3289104044649776
17229,2,0,0.4044698240758365
17235,2,1,0.8123923143300913
17240,2,1,0.9158353858842534
17246,2,0,0.5368612931074206
17251,2,0,0.4800602638995892
17254,2,0,0.4610275918138591
17257,2,1,0.7624475616493175
17258,2,1,0.43481270291731017
17262,2,0,0.4302771228488109
17263,2,0,0.5036952409391228
17269,2,0,0.6782832362004952
17270,2,0,0.4683557575776361
17271,2,0,0.43359555066716654
17274,2,0,0.5525160551001326
17281,2,0,0.5622304128955734
17288,2,0,0.14642186366058743
17290,2,1,0.44678518482566293
17292,2,1,0.5303563545427078
17295,2,0,0.822988869815618
17300,2,0,0.47650253860512765
17302,2,0,0.5576974747190444
17304,2,1,0.7738195053865262
17305,2,1,0.620934453421933
17311,2,0,0.5144099462149191
17313,2,1,0.3346115157605186
17319,2,0,0.7889241899830943
17320,2,1,0.6710569177728473
17322,2,0,0.3342123584054182
17323,2,0,0.4212031517797736
17330,2,0,0.41420401244673144
17333,2,0,0.5143563335507984
17337,2,0,0.35384631517844517
17348,2,0,0.4383515067986924
17350,2,1,0.6971972261797994
17352,2,1,0.7820387088136662
17356,2,1,0.5232645712319468
17362,2,0,0.7365920346490268
17368,2,0,0.20100018143389115
17369,2,0,0.38972009395464885
17370,2,0,0.5096508612895625
17374,2,0,0.21193339667745906
17375,2,1,0.8075508982854632
17376,2,0,0.45791762737314373
17382,2,0,0.4225893988076666
17384,2,0,0.329313203504532
17385,2,1,0.7055561184303311
17394,2,1,0.8166485445902639
17398,2,0,0.20039257784685863
17402,2,0,0.3823790499291998
17405,2,0,0.5173514385704011
17410,2,0,0.49037356513986513
17411,2,0,0.5120321574865706
17412,2,0,0.5157543688566051
17413,2,0,0.4740037736280371
17416,2,1,0.7273579470710191
17417,2,0,0.5511617242023166
17418,2,0,0.44708125194985043
17425,2,0,0.4157208484400278
17433,2,0,0.32182590060718963
17437,2,0,0.5211696240175352
17438,2,0,0.16314346304946867
17442,2,1,0.663076223696181
17444,2,0,0.5363008113630494
17451,2,1,0.47474687617258315
17452,2,1,0.44938004216523114
17453,2,1,0.7221561336567273
17454,2,0,0.4085818790865786
17460,2,0,0.3347329913380156
17468,2,0,0.38058592837852484
17477,2,0,0.3691548241759255
17478,2,1,0.6884260201716046
17480,2,0,0.293947515383844
17481,2,0,0.46392033313701986
17482,2,0,0.49067163311384343
17485,2,1,0.8053721256230757
17490,2,0,0.4721762736833635
17491,2,0,0.4375313707823994
17500,2,0,0.49275295367615113
17503,2,0,0.4053436539908708
17513,2,1,0.7398037551128973
17515,2,0,0.37380426984571424
17518,2,0,0.39762095090413196
17523,2,0,0.5107126229475045
17527,2,0,0.30024989623934273
17528,2,0,0.3938287265990341
17535,2,0,0.29867438508317923
17542,2,1,0.6735774271063502
17551,2,1,0.7075103977029773
17559,2,0,0.7653050304208128
17565,2,0,0.21239704749081414
17566,2,0,0.3315009803034783
17567,2,0,0.37639028145873343
17569,2,0,0.36706873562314274
17572,2,0,0.4541677187090614
17574,2,0,0.5205765907746076
17576,2,1,0.7640833848120763
17579,2,0,0.49227751074429843
17585,2,0,0.32842404894092236
17589,2,0,0.5679754515696865
17592,2,0,0.9333026705011335
17593,2,0,0.4942582953121492
17596,2,1,0.21589833664476452
17597,2,0,0.3040219085398407
17600,2,0,0.4767744544723708
17607,2,0,0.4611332856449059
17614,2,0,0.2589784906154363
17615,2,1,0.7923590988107262
17621,2,0,0.2994189523418526
17623,2,1,0.8765193519250538
17624,2,0,0.33149990640653937
17626,2,0,0.6897103583976822
17629,2,1,0.4055650609900624
17637,2,0,0.4605606177960784
17639,2,0,0.5997683743034746
17643,2,0,0.3760427295506768
17644,2,0,0.4774117294795287
17653,2,0,0.18189123231031587
17659,2,0,0.2410385168476492
17661,2,0,0.02154268029027136
17663,2,0,0.17435523325429897
17665,2,0,0.4996662483471416
17666,2,0,0.5402320067889366
17670,2,0,0.3699571583521681
17671,2,0,0.5180703907907107
17675,2,0,0.30145728148461154
17683,2,0,0.3710472646547775
17691,2,0,0.38764059060211215
17696,2,0,0.2468063545201328
17699,2,0,0.5691859176219732
17702,2,0,0.4035384112216958
17705,2,0,0.47484345846251225
17712,2,0,0.40724140796456615
17719,2,1,0.42020263294207605
17720,2,0,0.3858824494183754
17724,2,0,0.542655254804441
17725,2,1,0.7927824589410324
17728,2,0,0.38897986680438873
17729,2,0,0.6301609545060056
17730,2,0,0.5098068929597264
17734,2,0,0.5582261982351565
17735,2,0,0.6935542485222063
17738,2,1,0.6405971119433564
17740,2,0,0.5764098312059559
17742,2,1,0.5051549118545725
17744,2,1,0.6009552339278154
17749,2,0,0.22772237630935954
17753,2,0,0.43374382000307
17761,2,0,0.5528488232471146
17763,2,0,0.680281041909097
17767,2,0,0.403167007884194
17770,2,0,0.3658564959712947
17776,2,1,0.8305354409470308
17779,2,0,0.9610481626949984
17782,2,1,0.6423830132783332
17784,2,0,0.3964877351082467
17787,1,0,0.5529904215789719
17790,1,0,0.40811779554985506
17793,1,0,0.45297569762465795
17803,1,0,0.394414476895098
17804,1,0,0.1894420439665506
17810,1,1,0.2866082094144327
17815,1,0,0.5813774197128879
17816,1,0,0.5022650106251827
17824,1,1,0.7104183794109988
17825,1,1,0.5217308621975634
17826,1,1,0.20240508580297842
17827,1,0,0.5015144924513375
17829,1,0,0.5137228150413519
17831,1,0,0.1646241229251416
17834,1,0,0.3557756131385563
17838,1,0,0.4689580609307742
17840,1,0,0.29826267935168554
17845,1,1,0.8685347009461734
17846,1,0,0.24469054815448266
17852,1,0,0.7269863482372209
17853,1,0,0.5112374830638519
17856,1,0,0.3730174581043921
17863,1,1,0.9128242386877586
17864,1,1,0.7461828517451716
17866,1,0,0.5137424445833058
17870,1,0,0.30197446343344325
17871,1,0,0.5564825841771432
17874,1,0,0.3289663384126655
17876,1,0,0.244930668102123
17878,1,0,0.5268239111577512
17881,1,0,0.381716564522747
17882,1,0,0.5194529647833394
17887,1,0,0.5017206305911367
17894,1,0,0.3093516140208375
17902,1,0,0.47976221431271726
17906,1,0,0.5077652512980402
17908,1,1,0.4277028031785266
17913,1,0,0.4067434672198116
17914,1,0,0.5365763533821851
17915,1,0,0.5128035007327634
17924,1,1,0.7487754393559669
17927,1,1,0.9135943167788745
17932,1,1,0.5946522855254943
17934,1,0,0.39804762421685635
17936,1,0,0.5013201565020292
17938,1,0,0.33437766223823856
17944,1,0,0.5096885925992929
17948,1,0,0.5457583576830183
17949,1,0,0.49949659071674907
17952,1,0,0.6173445698527195
17953,1,0,0.5752398285275225
17960,1,1,0.8207317470087432
17966,1,0,0.6736996556386972
17967,1,1,0.7649433804232577
17971,1,0,0.4406934223689744
17975,1,0,0.720099052888684
17977,1,0,0.5492734430031513
17979,1,0,0.5370746762396961
17981,1,0,0.5131635449327807
17987,1,0,0.5348070962674365
17988,1,0,0.361284529329384
17990,1,0,0.5423907470101926
17991,1,0,0.42694919331222836
17992,1,0,0.5404404334949742
17994,1,0,0.44989290427570877
17996,1,0,0.19431205084043807
18003,1,0,0.47370188622592874
18008,1,0,0.2745325187903485
18010,1,1,0.27452510605685004
18012,1,0,0.5182509883385826
18017,1,0,0.5419377266298283
18021,1,0,0.6085041205809425
18024,1,0,0.25390271197661507
18025,1,1,0.7300713819767304
18028,1,0,0.5657478056114176
18030,1,0,0.3050492404143647
18043,1,0,0.7159442594740775
18044,1,0,0.543669820578853
18048,1,1,0.4775992917622341
18051,1,0,0.5003485820122466
18052,1,0,0.18156000348079215
18055,1,0,0.39347403974993894
18056,1,0,0.532555132626851
18062,1,0,0.3870791477771602
18064,1,0,0.6427917122460991
18065,1,1,0.584545624912907
18073,1,0,0.7414822566412512
18077,1,0,0.5149997799767152
18079,1,0,0.2369437886861085
18080,1,0,0.5083164754978893
18083,1,0,0.5616424758232944
18084,1,0,0.655927809968569
18085,1,0,0.5663445401866893
18087,1,1,0.1830235431748602
18089,1,0,0.4567526629515885
18098,1,1,0.5389187078641677
18107,1,0,0.2872225999823982
18109,1,0,0.2848454099964742
18111,1,1,0.827646770467041
18123,1,0,0.5494682075327949
18129,1,0,0.5096860169968366
18130,1,1,0.5143392021987538
18131,1,0,0.5127326421863755
18132,1,0,0.10707254683701357
18136,1,1,0.898569932388499
18139,1,1,0.4095345701143238
18145,1,0,0.3071404659321435
18150,1,0,0.5527402478070479
18151,1,0,0.28022565540766625
18152,1,1,0.7868994051659507
18157,1,0,0.49288942524042584
18159,1,1,0.8104044188396908
18160,1,0,0.1339848557704032
18163,1,0,0.3537367979268752
18165,1,1,0.41239990556324485
18167,1,0,0.531379202237203
18168,1,0,0.148413022677137
18171,1,0,0.25883936330258717
18173,1,0,0.5010045517208496
18177,1,0,0.9010401612576681
18180,1,0,0.34964332317873753
18181,1,0,0.20618762405592644
18183,1,0,0.15962521232883833
18185,1,0,0.40028464081052045
18187,1,1,0.4356965461540296
18188,1,0,0.37824474791287244
18190,1,0,0.4837323752573328
18192,1,0,0.5428425456717451
18193,1,1,0.823597429680639
18201,1,0,0.2855106537319007
18202,1,0,0.33088740698986097
18209,1,0,0.2622458385354392
18210,1,0,0.08153285724189607
18217,1,1,0.7209702115549893
18218,1,0,0.530999485806919
18219,1,0,0.5841021109922861
18222,1,1,0.8588215419908425
18224,1,0,0.6772765292742902
18226,1,1,0.8609638815834365
18227,1,0,0.5644607740961544
18228,1,0,0.7568642243089766
18233,1,0,0.5393543236817524
18235,1,0,0.7823621910425512
18247,1,0,0.7114944557575257
18248,1,0,0.33893170731535815
18249,1,0,0.5425886726258665
18250,1,1,0.8012859770182875
18252,1,0,0.5666398235065339
18257,1,1,0.9486879772232654
18261,1,0,0.22510173083439358
18265,1,0,0.48156398860445615
18266,1,0,0.5460241280060018
18271,1,0,0.5802348323728174
18273,1,0,0.42149159816492027
18285,1,0,0.6086775952283978
18286,1,0,0.5866764911575918
18294,1,0,0.26048138840220714
18303,2,0,0.6716120726564343
18311,2,0,0.17406730268145468
18314,2,1,0.47997878923968307
18316,2,0,0.16755939325439953
18327,2,1,0.31862788730742625
18337,2,1,0.49550331734488373
18342,2,0,0.3921922649510891
18347,2,0,0.6359901403573768
18349,2,0,0.49970256386937384
18350,2,1,0.24910130744336306
18353,2,0,0.1951441864012283
18355,2,0,0.2780405166176482
18356,2,0,0.16831916838003885
18361,2,0,0.5603362634229723
18363,2,1,0.27256955405776184
18366,2,0,0.3008912029361171
18367,2,0,0.34393713996184777
18370,2,0,0.5644610288672018
18376,2,1,0.8048877780526736
18379,2,0,0.43855494639540926
18381,2,0,0.6880388269047154
18384,2,1,0.7677570338985443
18387,2,0,0.20628965410837521
18391,2,1,0.5367953186899713
18405,2,0,0.302757039648446
18411,2,0,0.28924156972567877
18414,2,0,0.36759698285241743
18417,2,0,0.46785725383825394
18420,2,1,0.7935507600367877
18430,2,1,0.7041317134056422
18432,2,0,0.47491015543307535
18435,2,0,0.23566432947507648
18440,2,0,0.4409825656745707
18443,2,1,0.48692509592593985
18449,2,1,0.5526719156400373
18451,2,0,0.7207008793763562
18452,2,0,0.4037236544510646
18456,2,0,0.4337232850724001
18459,2,0,0.19269991946356355
18460,2,0,0.5162640150377572
18462,2,0,0.4095560794558851
18468,2,0,0.7497208547987838
18470,2,0,0.4585073407957452
18471,2,0,0.48065815275128293
18474,2,0,0.44538495424107205
18476,2,0,0.4934320106701142
18482,2,1,0.5151859945343246
18485,2,0,0.38928245207981993
18489,2,0,0.38832992702173885
18493,2,0,0.31794372412123145
18494,2,0,0.16963612822493304
18495,2,0,0.4702141442577856
18502,2,0,0.5068888140573549
18520,2,0,0.44862198994977653
18522,2,0,0.334934819636114
18523,2,1,0.3407921500761969
18533,2,0,0.7091768192886357
18537,2,0,0.7483635253131471
18538,2,0,0.4559995195503357
18541,2,0,0.43530447484857804
18547,2,0,0.4485033867834294
18555,2,1,0.6482501963579393
18556,2,0,0.37757264724428
18557,2,0,0.1865619802658863
18560,2,0,0.4646492352912142
18565,2,0,0.15136467585904997
18575,2,0,0.4420463927618554
18576,2,0,0.5131279468868166
18578,2,0,0.199137388754276
18583,2,0,0.6675663305001788
18588,2,0,0.3881667077453104
18596,2,0,0.27524189774004787
18599,2,0,0.4606081211539701
18601,2,0,0.30795235631382406
18603,2,0,0.27365988359074406
18604,2,0,0.5029025047104534
18605,2,0,0.30703149600921775
18606,2,0,0.4839785818357206
18607,2,1,0.5863982818958015
18609,2,0,0.45114569430444174
18620,2,0,0.38136285745376797
18623,2,1,0.790003242887825
18629,2,0,0.7205567779466737
18635,2,1,0.4143728079378776
18636,2,0,0.42111417541624646
18641,2,0,0.38366335338967616
18643,2,0,0.4267292941272075
18644,2,0,0.33257367678315564
18648,2,0,0.4928045886347983
18650,2,0,0.2670308990447424
18654,2,0,0.47987920225157427
18663,2,0,0.521427632373842
18664,2,0,0.4794597035591779
18665,2,0,0.4453486825961139
18666,2,0,0.46868080860049277
18668,2,0,0.35804219883426935
18669,2,1,0.481509151227853
18674,2,0,0.4648436580223053
18677,2,0,0.21721159970935375
18682,2,1,0.3215033706727654
18684,2,0,0.5202456399970677
18686,2,0,0.42018318028049634
18687,2,0,0.6664689695172867
18692,2,0,0.7196842595996786
18695,2,1,0.8099453225337001
18702,2,0,0.42295709032993206
18703,2,0,0.398575018899823
18709,2,0,0.4602470363391354
18714,2,0,0.4545950564297823
18717,2,0,0.0998404874599739
18719,2,1,0.7490891259832876
18726,2,1,0.759282321588939
18728,2,0,0.3869701569017334
18735,2,0,0.4881677722020361
18736,2,0,0.70421433592163
18745,2,0,0.26153333067249795
18746,2,0,0.44669646055785295
18748,2,0,0.6939165909775207
18750,2,0,0.4232989176358884
18753,2,0,0.2983635714963491
18756,2,0,0.11346307558482435
18769,2,0,0.4850724502189705
18773,2,1,0.49435183674818134
18775,2,0,0.32922723827999667
18780,2,0,0.26588643550645624
18794,2,0,0.5932187786088058
18797,2,0,0.15937135652922135
18805,2,0,0.4207722165883259
18809,2,0,0.4769027124373985
18810,2,0,0.5040658018908984
18813,2,1,0.2916814420716268
18816,2,1,0.45362631351588506
18821,2,0,0.3275960001812321
18832,2,0,0.42172521073332536
18834,2,0,0.4707330903720516
18838,2,0,0.25769842862080705
18845,2,1,0.47988469367733305
18847,2,0,0.42351942106275486
18849,2,0,0.521692528114789
18851,2,0,0.2901492755329074
18853,2,0,0.4064274857808663
18857,2,1,0.4897183929360615
18859,2,0,0.47850361213678383
18860,2,0,0.3925032803891005
18861,2,0,0.2818604882304629
18863,2,1,0.5016176992786189
18869,2,1,0.6417513029137517
18871,2,0,0.4825492592263397
18876,2,0,0.12655623235704977
18879,2,0,0.44763976175027065
18880,2,0,0.5073354299439613
18881,2,0,0.17967768277093832
18882,2,0,0.4640503410291697
18885,2,0,0.4502671963583679
18886,2,0,0.4432189996278123
18888,2,0,0.14358956067682635
18889,2,0,0.25917161543353945
18892,2,0,0.2908149409494234
18894,2,0,0.19399876630531224
18898,2,0,0.3833097875276302
18899,2,1,0.20295098698260056
18901,2,0,0.42465984660964035
18903,2,0,0.35647066702815655
18906,2,0,0.16713070085533313
18907,2,0,0.37486795027742686
18908,2,0,0.4447404887463054
18911,2,1,0.8800848416972192
18914,2,1,0.7292560579434159
18915,2,1,0.6453930490804315
18917,2,0,0.4330572598938675
18918,2,1,0.7245299863630256
18921,2,0,0.43766938977552367
18923,2,0,0.2964060856563411
18925,2,0,0.45148310418937276
18927,2,0,0.435713966835106
18928,2,1,0.5259399514067669
18931,2,0,0.33244544269362053
18933,2,0,0.5202009079109562
18937,2,0,0.7095718880712063
18944,2,0,0.31590392914314214
18951,2,1,0.635818476420443
18955,2,0,0.5070520494525139
18957,2,0,0.2647195207302758
18969,2,0,0.29023501876191904
18980,2,0,0.37247538654010987
18984,2,0,0.47416641735810966
18987,2,0,0.5118589550557557
18992,2,0,0.8129258131997167
18994,2,0,0.4802935447159645
18995,2,0,0.4670838973739258
18997,2,0,0.48051000321598064
19016,2,0,0.17802259142709514
19017,2,0,0.41403719772996317
19020,2,0,0.29791100283882876
19022,2,1,0.8213783927115804
19023,2,0,0.31293789094331065
19027,2,1,0.4835990200632741
19029,2,0,0.33459905605330775
19033,2,0,0.7187401838167401
19043,2,1,0.7753991215085752
19044,2,0,0.33478951216030634
19050,2,1,0.9168023996490291
19058,2,1,0.6198683706807573
19063,2,0,0.40864591930671723
19064,2,0,0.508100423480774
19066,2,1,0.7584820601898966
19070,2,1,0.812867493089714
19071,2,0,0.5487308226237871
19076,2,0,0.620987491285927
19094,2,0,0.4924596313305929
19098,2,0,0.4973217517405711
19099,2,1,0.8427797171043492
19100,2,0,0.4887506628868083
19104,2,1,0.7546792514601982
19106,2,1,0.712745625275255
19109,2,1,0.15826386253925248
19112,2,0,0.5061674355194933
19120,2,0,0.4909887895191352
19122,2,0,0.48355812939574805
19123,2,0,0.3939586574964721
19129,2,0,0.5034208288719608
19131,2,1,0.817412470442174
19137,2,0,0.49819333376793057
19140,2,0,0.5212169697248845
19142,2,0,0.1251425775836092
19144,2,0,0.40130404277680753
19146,2,1,0.8347035756428127
19148,2,0,0.2542471902340416
19156,2,0,0.3679875472221755
19162,2,0,0.16815209380355645
19167,2,1,0.5300702472643637
19171,2,0,0.4145320221351625
19173,2,0,0.47958719861376875
19174,2,0,0.28080668477851906
19176,2,0,0.6217164712904457
19177,2,0,0.3613230728360236
19183,2,0,0.4539624950599504
19184,2,1,0.2159786673260627
19191,2,0,0.5707515179365498
19193,2,0,0.2150849974630291
19195,2,0,0.4648941129627409
19200,2,1,0.4280537880501549
19202,2,0,0.38511842899477045
19208,2,0,0.43276364462989114
19214,2,0,0.18556564412119306
19215,2,0,0.8737740595370588
19216,2,0,0.5061463760981012
19217,2,0,0.2996805241293892
19219,2,0,0.4811361078013245
19222,2,0,0.17010778827927908
19223,2,0,0.4401783923677253
19226,2,0,0.34640959227791557
19228,2,0,0.4575258411701273
19230,2,0,0.557726095592126
19233,2,1,0.4927982833013201
19234,2,1,0.6867641744038856
19235,2,0,0.5783521604669026
19238,2,0,0.19688862145382696
19240,2,0,0.16231397849822685
19261,2,1,0.7526213448426425
19262,2,0,0.48547532425495366
19264,2,0,0.21460895462398116
19265,2,0,0.7358412889512473
19266,2,1,0.45246622272800086
19267,2,0,0.34966951122814316
19274,2,0,0.4683317980645733
19276,2,0,0.2071030702480435
19280,2,0,0.20456555520467143
19283,2,0,0.28253723794229063
19289,2,0,0.46809190149254903
19294,2,0,0.19898048559871365
19305,2,0,0.4699111879538552
19308,2,0,0.34006696515649504
19310,2,0,0.44267715163604177
19316,2,0,0.919248514817339
19320,2,1,0.43085732597426013
19329,2,1,0.7366012431472432
19337,2,0,0.4153972998545075
19340,2,0,0.4901642987558273
19341,2,0,0.5457586888080486
19345,2,1,0.8356625236670016
19352,2,1,0.7503583866330695
19353,2,0,0.38127795627372385
19354,2,0,0.549608371082599
19355,2,1,0.5222233423666255
19356,2,0,0.3551911351330281
19365,2,0,0.16281604649811604
19371,2,0,0.5627188114292649
19380,2,0,0.45999900094930973
19388,2,1,0.28734586392272404
19392,2,0,0.1774169875985832
19393,2,0,0.23643296398941174
19394,2,0,0.30717082670924006
19411,2,0,0.13352440817340255
19418,2,0,0.3853601433520352
19421,2,0,0.07604299158120514
19422,2,1,0.3382237543390655
19425,2,0,0.33423688954309305
19428,2,0,0.39679589320604114
19429,2,0,0.32302129234506294
19430,2,0,0.5510563811599019
19432,2,0,0.6437514768534535
19433,2,0,0.4637635620112633
19434,2,1,0.5582398590403483
19437,2,0,0.3547880166545578
19439,2,0,0.19098313299916447
19440,2,0,0.17148646948208324
19444,2,0,0.4766873836891425
19445,2,0,0.6110603335419625
19446,2,0,0.4826762425324934
19447,2,0,0.285597870651035
19455,2,0,0.2739561017351939
19459,2,0,0.36635437557819506
19460,2,0,0.29673776138958496
19465,2,0,0.5401260791003262
19467,2,0,0.3027945548737785
19469,2,0,0.44617254816582086
19472,2,1,0.8127048701875755
19475,2,1,0.36792028356050144
19479,2,0,0.37954138364087453
19481,2,0,0.5042023035922253
19483,2,0,0.3259240660151568
19486,2,1,0.45328756137402443
19487,2,0,0.4081215228891706
19488,2,0,0.5295799023384449
19491,2,0,0.2931421216830303
19493,2,0,0.4396765406363978
19495,2,0,0.3203893209876077
19498,2,0,0.4725969579666714
19502,2,0,0.2668464249842736
19503,2,0,0.5567557501614012
19506,2,0,0.1934764730223368
19507,2,0,0.7265221059403538
19509,2,0,0.4573644719019872
19510,2,0,0.18885192389366334
19511,2,1,0.593372221781162
19515,2,0,0.5394858797050466
19516,2,0,0.5806809843354886
19518,2,0,0.28071734396379766
19520,2,1,0.47795397607793383
19521,2,1,0.8330808274905297
19522,2,1,0.38962790092278304
19526,2,0,0.16473584631243907
19527,2,0,0.39378973833808556
19531,2,0,0.32957482698818924
19532,2,0,0.29878355594574024
19533,2,1,0.7639912066689389
19534,2,0,0.7649467083517022
19535,2,0,0.5232567650056795
19540,2,0,0.19533861001656053
19541,2,0,0.4827868606385086
19542,2,0,0.3386734905764008
19544,2,0,0.5378344502079355
19546,2,0,0.7355682612185884
19558,2,0,0.22414224129492297
19559,2,0,0.3703472636567439
19567,2,0,0.1613995670938812
19570,2,1,0.5510307790497078
19575,2,0,0.45135450658792264
19578,2,1,0.7462120736568758
19579,2,0,0.46415284866821854
19582,2,0,0.12021851611697926
19584,2,0,0.45156056367929
19585,2,1,0.30215133277669914
19587,2,0,0.4058427582119663
19593,2,0,0.44016351951649696
19597,2,0,0.4932874147766769
19599,2,0,0.25076317911229934
19600,2,0,0.46689538410111747
19603,2,0,0.45292851776854604
19604,2,1,0.2051459226139042
19606,2,0,0.4433910622191517
19607,2,0,0.4217734324867263
19620,2,0,0.1818868024599851
19621,2,0,0.4375064927439616
19623,2,1,0.3026704247742419
19624,2,0,0.3887287457973051
19628,2,0,0.4936136763671805
19635,2,0,0.206369941081917
19654,2,0,0.1915175574068175
19655,2,1,0.3681366808863125
19661,2,1,0.531799880687598
19663,2,0,0.05757773627328483
19664,2,0,0.2976910954125479
19670,2,0,0.5149083738297678
19673,2,0,0.5353433737717336
19679,2,0,0.2973472270599971
19682,2,0,0.4811838171536175
19684,2,1,0.46643885580923333
19687,2,1,0.7959418969034889
19694,2,1,0.5383691779833096
19703,2,0,0.21978099791146552
19709,2,0,0.4232467964478464
19713,2,0,0.4972198948543268
19718,2,0,0.27865036258033316
19721,2,0,0.3906310410274385
19722,2,0,0.42702138862387345
19728,2,1,0.4247359459507874
19730,2,0,0.403159428315965
19731,2,0,0.2930219633345905
19733,2,0,0.5024766230344191
19737,2,0,0.4424430003654685
19740,2,1,0.8431509836538521
19745,2,0,0.34305567443020113
19749,2,0,0.32105478820469485
19750,2,0,0.1684695941301713
19751,2,1,0.312770294144025
19752,2,0,0.4162956211911968
19764,2,0,0.36881863095163075
19766,2,0,0.7615098799325437
19771,2,1,0.8162842714883253
19772,2,0,0.15765766568516387
19777,2,0,0.30772789660370437
19783,2,1,0.701337780963985
19787,2,0,0.1995428765556321
19788,2,0,0.2119588023349378
19795,2,0,0.3446411181393753
19796,2,0,0.27106683211009924
19797,2,0,0.07937025431789671
19800,2,0,0.19792789119839363
19802,2,1,0.43215155282037876
19806,2,1,0.18848083921812386
19810,2,0,0.7436903489674559
19813,2,0,0.3147395043407767
19814,2,0,0.5801792183855026
19822,2,0,0.48973103192093326
19832,2,1,0.7129387994043835
19835,2,0,0.7401555319926237
19837,2,0,0.3440290137084329
19839,2,0,0.4405232366030206
19844,2,1,0.7771346450631417
19845,2,0,0.6212849429109959
19847,2,0,0.41291088958178856
19849,2,0,0.28373983738120007
19852,2,0,0.48518165192623264
19862,2,1,0.6431690866528024
19865,2,0,0.10582246819719353
19871,2,0,0.42212179503423436
19872,2,0,0.15939957933086812
19873,2,1,0.537439435549554
19880,2,0,0.33686602841774405
19892,2,0,0.1602101465795093
19893,2,0,0.3134764728537244
19895,2,0,0.2478540938626873
19897,2,0,0.408812396638677
19900,2,1,0.5393513214269883
19902,2,0,0.5275117727113658
19904,2,0,0.0533060475816816
19907,2,1,0.7675642025656015
19908,2,0,0.3986792672013403
19909,2,1,0.3280074062470265
19912,2,0,0.2766191868441484
19921,2,0,0.5821460866380791
19923,2,1,0.4365566367159584
19924,2,0,0.515426234082882
19925,2,0,0.4722194740585687
19926,2,1,0.4181380556047816
19931,2,0,0.5301609769269467
19933,2,0,0.5017664652419903
19934,2,0,0.2965775175762769
19935,2,0,0.2611695214435855
19936,2,0,0.7693206904592893
19942,2,0,0.42780422430397613
19945,2,0,0.25681812022115486
19946,2,0,0.4610279097038501
19947,2,0,0.5276376976915741
19952,2,0,0.19799336686669264
19954,2,0,0.18550576806546962
19958,2,0,0.611057005478017
19960,2,0,0.541449157348895
19965,2,0,0.2630705725399817
19969,2,0,0.1206770507212471
19971,2,0,0.7414165842978823
19972,2,0,0.5404468203231999
19979,2,0,0.18175433717305758
19980,2,0,0.4841626556936804
19984,2,0,0.20704140410812236
19987,2,0,0.1570768786248013
19990,2,0,0.4826214751999418
19991,2,0,0.36612540263771715
19992,2,0,0.6757470334732727
19993,2,0,0.3271209500643766
19994,2,0,0.3621687012039216
19998,2,0,0.3207226337246939
20002,2,0,0.8292568698778482
20004,2,0,0.25524195787051557
20005,2,0,0.19807801241558526
20006,2,1,0.3817408708734637
20007,2,0,0.494602938053131
20011,2,1,0.4343077026443997
20014,2,0,0.37625535804616805
20019,2,0,0.20246144065006727
20020,2,0,0.36631909534683926
20022,2,0,0.682774820879612
20025,2,0,0.3321983629848359
20026,2,1,0.37067497765410706
20032,2,0,0.6346177434007321
20035,2,0,0.20591845624287927
20039,2,0,0.06957248436435798
20041,2,0,0.42991335475158265
20047,2,0,0.5068719428773149
20049,2,0,0.513751815716049
20057,2,0,0.2565021307005397
20061,2,1,0.3814013245928418
20062,2,0,0.3351914055444006
20065,2,0,0.21665924662515748
20066,2,0,0.5594845422491467
20067,2,0,0.5352580718214304
20083,2,0,0.401267751626013
20084,2,0,0.5315760715155567
20093,2,0,0.5210943782138002
20095,2,1,0.8215951850901051
20096,2,0,0.45990815992830125
20098,2,0,0.19539050095065558
20100,2,1,0.5371409965175347
20102,2,0,0.20849089440151028
20104,2,0,0.485020387014597
20107,2,0,0.4093276304557148
20108,2,0,0.521196220304085
20111,2,1,0.21972988209584474
20119,2,0,0.4402974057786281
20123,2,0,0.38803254655554315
20131,2,0,0.750626894132149
20132,2,0,0.19124864750820936
20135,2,0,0.49317340244237706
20136,2,0,0.46341303288377533
20138,2,0,0.3165381315424442
20139,2,0,0.08869757117539306
20141,2,1,0.7470464713266316
20142,2,0,0.1350343080586134
20143,2,0,0.46342542698692807
20144,2,0,0.10485659972537612
20145,2,0,0.37174619481045496
20148,2,0,0.34623757443217495
20153,2,0,0.34609259238601503
20154,2,1,0.2037316753777887
20156,2,0,0.409157963481213
20157,2,0,0.4848779873313654
20164,2,1,0.9649238822767078
20166,2,0,0.16210464469338945
20168,2,0,0.17687758426941766
20180,2,0,0.3136685117701462
20182,2,0,0.4653457462517815
20184,2,0,0.2286541027806108
20186,2,0,0.38249662661033756
20188,2,0,0.2893933864370632
20190,2,0,0.034173793069830066
20193,2,0,0.23049188219064787
20196,2,0,0.10045397822351629
20201,2,0,0.4165798884294901
20204,2,0,0.13174228276709257
20205,2,0,0.5126300351262724
20210,2,0,0.5640458530085325
20211,2,1,0.7618060023588616
20212,2,0,0.549566119106481
20224,2,0,0.6963045309858733
20225,2,0,0.858208400796494
20233,2,1,0.23255628393359593
20235,2,0,0.42757778747078107
20237,2,0,0.7590961124908091
20238,2,0,0.5519277433820737
20246,2,0,0.6809387043129574
20248,2,0,0.4310707062536497
20251,2,0,0.5535562690503956
20255,2,1,0.9138947530078829
20258,2,1,0.3263238622193033
20259,2,0,0.23249255717623799
20260,2,0,0.46651873379652353
20262,2,0,0.17370776040522767
20264,2,0,0.5897257152580387
20272,2,0,0.5684904296364649
20275,2,0,0.2278855911859728
20278,2,0,0.4968294332016927
20281,2,0,0.5166076040115426
20283,2,1,0.8589657381128968
20289,2,0,0.5240117500667
20295,2,0,0.2968070065757437
20297,2,0,0.5183376662967468
20303,2,0,0.22728830385021684
20306,2,0,0.558813074368568
20315,2,1,0.47396014573573025
20317,2,0,0.4022150519355693
20320,2,0,0.23957235023826054
20325,2,0,0.43331803364323185
20333,2,0,0.5653686909667447
20334,2,0,0.5060949677866341
20335,2,0,0.37286126318362944
20336,2,1,0.8822895977072337
20340,2,1,0.23021507535429203
20344,2,0,0.33200831369846073
20345,2,0,0.5426057431937225
20351,1,0,0.3776280402267757
20352,1,0,0.45087486205841515
20353,1,0,0.3488558284502836
20354,1,0,0.5293047321622902
20360,1,1,0.8800464119084904
20361,1,0,0.3799423519672838
20362,1,1,0.32448574519379736
20366,1,0,0.5152510995109142
20378,1,1,0.74078937634478
20379,1,0,0.6181267535554592
20384,1,0,0.5054146178511436
20385,1,1,0.8043536425486227
20386,1,0,0.6364622925146342
20387,1,0,0.4737540728442546
20389,1,1,0.8020543791185945
20390,1,0,0.6725677135196831
20392,1,0,0.5141639145431747
20395,1,0,0.4289537400842558
20396,1,0,0.8047736233327227
20397,1,0,0.509114774173041
20399,1,1,0.8797131277433303
20401,1,0,0.4752788870120731
20405,1,0,0.12878074320542007
20407,1,0,0.4780653342498003
20409,1,1,0.71962915480138
20416,1,0,0.5486765174086388
20422,1,0,0.19536173295403472
20426,1,0,0.7115835337823241
20428,1,1,0.8778298759502571
20430,1,1,0.7947239459960724
20436,1,0,0.34189078218313945
20439,1,0,0.541885054482433
20440,1,1,0.6235145512260947
20443,1,0,0.4169881608283946
20449,1,0,0.2944186167087302
20450,1,0,0.3900373004985245
20451,1,0,0.6839548539778065
20453,1,1,0.3770191086897789
20455,1,0,0.2400251744497607
20457,1,0,0.15455345749331498
20458,1,0,0.3509962397303925
20463,1,0,0.5087014643199659
20466,1,0,0.5635148684238137
20467,1,0,0.5004158638958686
20479,1,0,0.7440479563276705
20480,1,0,0.4855137509460796
20481,1,1,0.7475111279203752
20483,1,0,0.12540368327190032
20484,1,1,0.4903736351347848
20486,1,0,0.41891762170139507
20495,1,1,0.7599761943390964
20500,1,0,0.39800139816068475
20503,1,0,0.4240018821314093
20506,1,1,0.4959249933677246
20507,1,0,0.06396250960995196
20508,1,0,0.3611209295715561
20510,1,0,0.18640649402803908
20512,1,1,0.48594759955995015
20516,1,0,0.37082627119031353
20517,1,0,0.22637681219044226
20523,1,0,0.47537163285939005
20528,1,1,0.6477877595973162
20532,1,0,0.33716456026441977
20534,1,0,0.08868003426728469
20539,1,0,0.16684092182725752
20543,1,1,0.5395643865590487
20545,1,0,0.3138008481552455
20548,1,0,0.367558965794143
20549,1,0,0.8724955816752586
20553,1,0,0.17934758722113375
20557,1,0,0.19587549069822238
20561,1,0,0.44585657179819865
20568,1,0,0.09993317864450132
20570,1,0,0.3756969813791794
20571,1,0,0.5100060991621137
20576,1,0,0.31420745120723437
20577,1,0,0.4882094367320266
20581,1,0,0.47435088460614494
20582,1,0,0.7105360587575389
20586,1,0,0.33971269182630465
20593,1,0,0.5101614327937448
20595,1,1,0.48067583850473605
20597,1,1,0.7946204348410589
20598,1,1,0.46569078318893603
20599,1,0,0.379830190872717
20600,1,0,0.5630958873073824
20603,1,0,0.570167380822595
20609,1,0,0.28977618648060766
20610,1,0,0.7915284329330162
20614,1,0,0.33718504349141293
20616,1,0,0.2285859694314134
20627,1,0,0.4760664867741313
20636,1,0,0.4097927998529404
20641,1,0,0.5680029384624056
20644,1,0,0.4933027602596816
20645,1,1,0.48836479587227294
20646,1,1,0.7099266582452883
20647,1,0,0.7025945140559071
20648,1,0,0.41351745359786174
20659,1,1,0.5629632985206087
20662,1,0,0.7344065980540585
20679,1,1,0.5082593159375243
20690,1,1,0.8963882461136583
20692,1,0,0.3928475919900814
20693,1,0,0.5160909197171791
20694,1,0,0.39574173496293014
20695,1,1,0.7590224060663892
20698,1,0,0.5252307105902838
20704,1,1,0.5154409042787473
20708,1,1,0.5829405812210092
20709,1,0,0.22651705870954508
20713,1,0,0.5109127595306403
20719,1,0,0.527924038052171
20721,1,0,0.45362021325208124
20726,1,0,0.1954635983501717
20728,1,0,0.669532708255161
20730,1,0,0.2828961485647575
20731,1,0,0.44466797943004005
20732,1,0,0.545907200804613
20733,1,0,0.5311925658176884
20734,1,1,0.8147192308460391
20738,1,0,0.9614522987334475
20741,1,0,0.4132930917552443
20743,1,1,0.23842951007985153
20746,1,0,0.36583578269385986
20751,1,0,0.22707856489602937
20752,1,1,0.5166453193257331
20758,1,1,0.7249319223281717
20762,1,1,0.5239219878565751
20775,1,1,0.8218873909803713
20776,1,0,0.4719160927567927
20777,1,1,0.7950253456463161
20778,1,0,0.301556371806111
20779,1,0,0.48604455743038016
20789,1,1,0.3902576340271022
20792,1,0,0.262140743088919
20794,1,0,0.40017622331957203
20801,1,0,0.3227135326338341
20803,1,1,0.7972509372013926
20813,1,1,0.7234640833155359
20815,1,0,0.17088150149243478
20823,1,0,0.18577752944628378
20826,1,0,0.5097095953415999
20828,1,0,0.43846644021841974
20829,1,1,0.5664739695314072
20832,1,0,0.22625286267895034
20834,1,1,0.6116126058060186
20839,1,1,0.6326353369831892
20842,1,0,0.4152106245772422
20860,1,0,0.5001577781160758
20863,1,0,0.4142616573580349
20865,1,0,0.49452180318843253
20871,1,1,0.651889833203121
20874,1,0,0.5077535634306124
20876,1,0,0.39649351832509083
20877,1,0,0.6026079903685071
20883,1,0,0.23065774954726975
20886,1,1,0.6945221881593118
20888,1,0,0.47795177469944855
20890,1,1,0.5598387384282151
20892,1,0,0.48824274099911413
20893,1,0,0.7071201032006815
20894,1,0,0.2998103638130791
20906,1,0,0.440981123565093
20910,1,0,0.5593247943426319
20911,1,0,0.4710783292852439
20912,1,1,0.4047618228144991
20919,1,0,0.7209446121540946
20921,1,1,0.6287743818027696
20924,1,0,0.3120310323945815
20926,1,0,0.2007034172980449
20932,1,0,0.1668469069935405
20935,1,0,0.3456150742453306
20939,1,0,0.17131317666529122
20941,1,0,0.5023266596816134
20942,1,0,0.4354880856232121
20944,1,1,0.6792826437648253
20946,1,0,0.2859169325351138
20949,1,0,0.551259006793164
20950,1,0,0.3659331203621539
20953,1,1,0.5207639298698405
20955,1,0,0.3610400665183525
20958,1,0,0.5161863870966984
20963,1,1,0.4123323763141411
20972,1,0,0.5273517319291907
20974,1,1,0.5077935762986663
20980,1,1,0.24369011863437434
20986,1,0,0.45680093438836994
20987,1,1,0.7838068915363636
20990,1,0,0.2343630499097348
20991,1,0,0.5872543752771374
20994,1,1,0.7069684978301036
20997,1,0,0.7535142845228872
20998,1,0,0.5390430819304854
21000,1,0,0.37151204143785493
21001,1,0,0.6531765328313053
21002,1,1,0.6472882868332049
21003,1,0,0.41901030000072614
21012,1,0,0.5136887598038479
21013,1,1,0.8784443846927729
21014,1,1,0.724052116188565
21017,1,1,0.7527092365230009
21018,1,1,0.7120383128937273
21023,1,0,0.31956565729947034
21024,1,1,0.545850683514337
21032,1,0,0.9239556297352729
21035,1,0,0.1865763480011445
21039,1,0,0.36920465984029044
21049,1,1,0.3893013219414785
21050,1,1,0.5025718560708009
21051,1,0,0.8127529643535768
21061,1,0,0.3676507096233439
21063,1,0,0.5371923018500071
21065,1,0,0.5626151408338618
21066,1,0,0.4913594417967318
21067,1,1,0.52414888473179
21071,1,0,0.30662802967829556
21074,1,1,0.31212208904279337
21078,1,0,0.5224144402352285
21085,1,0,0.34680462916872357
21090,1,0,0.5092221250130557
21092,1,0,0.2193503517536927
21095,1,0,0.38729228568471474
21096,1,0,0.4317850818377235
21098,1,0,0.7991513199446655
21102,1,0,0.5622650732202932
21107,1,0,0.5267393437269404
21110,1,1,0.7791696354518639
21111,1,1,0.3780995252114948
21112,1,0,0.21231484794133074
21116,1,0,0.297348603940997
21119,1,0,0.26388177480650693
21121,1,0,0.8210126582790812
21124,1,0,0.16976938683313425
21126,1,0,0.7496183854980975
21128,1,0,0.42588644728869696
21135,1,0,0.21766883469923043
21136,1,1,0.2526048369489527
21137,1,0,0.4743539946099099
21141,1,0,0.29072355464234534
21144,1,1,0.5477176697643997
21156,1,0,0.2849818848825041
21158,1,0,0.7357469924193714
21160,1,0,0.4970922875743551
21161,1,0,0.36293924791256227
21167,1,1,0.8365766366342198
21172,1,0,0.49431962480972835
21173,1,0,0.3293357877811465
21175,1,0,0.35407148384700265
21179,1,1,0.5400066809832982
21190,1,0,0.2088021152619946
21192,1,0,0.3826683065260119
21193,1,0,0.23744164231797826
21195,1,0,0.42507675953671925
21198,1,0,0.5556989597654164
21205,1,0,0.37773382782752096
21208,1,0,0.11352774776650154
21211,1,0,0.5137330150426905
21220,1,0,0.5316055498374183
21233,1,1,0.5111006389100492
21234,1,0,0.5666310447547861
21235,1,0,0.4613556103699919
21236,1,1,0.688298889846439
21238,1,0,0.47112864969040175
21242,1,1,0.6013910558757024
21245,1,0,0.2810643519120999
21253,1,0,0.26103776387523214
21256,1,0,0.5334874892048761
21259,1,0,0.14474065506237843
21262,1,0,0.5780609191247462
21263,1,1,0.6211464852307051
21270,1,0,0.5245673691187562
21271,1,0,0.5686653466181759
21276,1,1,0.5630019044936092
21281,1,1,0.545525730726125
21288,1,0,0.3584715850532733
21295,1,0,0.20403641406623352
21301,1,0,0.6074749307080146
21308,1,1,0.5699119357179588
21310,1,0,0.6112257084482072
21311,1,1,0.7663627497942519
21312,1,1,0.7718420898312724
21314,1,0,0.4041531938229577
21316,1,0,0.3374598995773131
21328,1,0,0.40717492082819834
21329,1,0,0.5812590452664737
21333,1,0,0.2585278027207421
21342,1,0,0.5572271602293151
21344,1,0,0.7786012814995917
21354,1,0,0.5690814554055115
21357,1,0,0.5594685240360036
21358,1,0,0.559511000081849
21360,1,0,0.549027836593839
21361,1,0,0.6233762029652544
21368,1,0,0.33786671944051905
21372,1,0,0.5521971208250023
21373,1,0,0.35851661657184164
21375,1,0,0.48241957833467325
21377,1,1,0.9163282994134652
21384,1,0,0.3439389281999456
21389,1,0,0.39370038120899414
21391,1,0,0.7923217555389515
21393,1,1,0.8023131646909027
21395,1,0,0.6242321365746746
21396,1,0,0.23444491256946143
21398,1,0,0.3683052591775846
21404,2,0,0.5536789613380175
21405,2,0,0.48920456241538973
21409,2,0,0.4672588098670572
21411,2,0,0.7021217285934404
21413,2,0,0.1139110230031147
21415,2,0,0.3054299351522482
21417,2,0,0.38331531777244776
21419,2,1,0.7237828750880713
21423,2,0,0.1487080976979748
21425,2,0,0.43167109905595746
21437,2,0,0.5139841879438961
21441,2,0,0.33328699053087657
21442,2,0,0.5365010385828989
21444,2,0,0.4579338669891992
21446,2,0,0.27294695418721543
21447,2,0,0.5880371244627898
21454,2,0,0.1608557909424839
21455,2,0,0.47678175592314614
21456,2,0,0.6009183400998819
21457,2,1,0.3770806490400472
21461,2,0,0.26649720756683104
21462,2,0,0.4936655299364552
21469,2,0,0.11238520893895025
21470,2,0,0.21391517834095833
21472,2,0,0.44501201451162437
21476,2,0,0.40459363459336806
21479,2,0,0.3148653944576484
21480,2,0,0.4180221104094198
21483,2,0,0.3542513901796346
21486,2,1,0.7733549039893085
21488,2,0,0.32034306147387726
21490,2,0,0.32292458848040184
21491,2,0,0.33902438425905795
21494,2,1,0.26784402022546094
21495,2,1,0.44731201054423625
21500,2,0,0.3939298582565356
21505,2,0,0.49735006635439366
21506,2,0,0.13741145667747748
21518,2,0,0.3441926757758671
21520,2,0,0.4863135586566474
21524,2,1,0.4696037386234912
21526,2,0,0.5664390477856854
21530,2,0,0.42192619333144105
21538,2,0,0.47971138075307457
21539,2,0,0.42458668588305787
21543,2,0,0.46899442216763626
21544,2,0,0.5030541359640435
21546,2,0,0.3883235240526374
21553,2,0,0.30212855863954596
21555,2,0,0.4619449527445217
21557,2,0,0.7429893761414375
21563,2,0,0.45116929490125757
21566,2,0,0.43631506849289375
21568,2,0,0.5101120854015558
21571,2,0,0.2363406989906672
21572,2,0,0.18235707604567772
21573,2,0,0.6919160173268581
21577,2,0,0.45355433777489573
21580,2,1,0.4950110967779958
21581,2,1,0.629467336611966
21585,2,0,0.5189054192977559
21588,2,0,0.5122342347796555
21590,2,0,0.4348454141992528
21593,2,0,0.5588489646136406
21594,2,0,0.32895287686495356
21602,2,1,0.7250556788868455
21610,2,1,0.4679930486225773
21615,2,0,0.4178432326799694
21619,2,0,0.31830379342804493
21622,2,0,0.44037392330726993
21634,2,1,0.3909116133893762
21635,2,1,0.6926302673715273
21636,2,1,0.6899648541268039
21639,2,0,0.42497450156982813
21640,2,1,0.8758094530110333
21641,2,0,0.2644918431183179
21651,2,0,0.32024340492384074
21652,2,1,0.7147864597126405
21661,2,0,0.43851456333136585
21665,2,0,0.4841821686330852
21671,2,0,0.2740177296089125
21673,2,1,0.6697350453380957
21679,2,0,0.1639039677699334
21681,2,0,0.46897842587413957
21682,2,0,0.5099692802333399
21683,2,0,0.42255934634344683
21685,2,0,0.46675635531541404
21687,2,0,0.4897075800372528
21696,2,0,0.43750351844538604
21700,2,0,0.4881093675060509
21705,2,0,0.07984145842398176
21707,2,0,0.4316457058053471
21719,2,0,0.4293045315598265
21721,2,0,0.4727709905659614
21733,2,1,0.3603895967017235
21734,2,0,0.3572900944093438
21736,2,0,0.20267001372308432
21739,2,0,0.4134911827741094
21751,2,0,0.4306314808202134
21756,2,0,0.6914399499772091
21758,2,0,0.47241644603069444
21759,2,0,0.19125056102961543
21763,2,0,0.4417358713331533
21766,2,0,0.5750995772748757
21769,2,0,0.18442280220513652
21776,2,0,0.45705300842346974
21777,2,0,0.2500728048795414
21781,2,0,0.47175202194996674
21782,2,1,0.5285672387280154
21784,2,0,0.15132985680306107
21791,2,0,0.5004011110420212
21794,2,0,0.4602406141260584
21795,2,0,0.4927008996688785
21797,2,0,0.3821720245624053
21800,2,0,0.28253196715261875
21801,2,1,0.8201813729121934
21803,2,0,0.3166522850099716
21804,2,0,0.36521380463138187
21806,2,0,0.13935999021640721
21808,2,0,0.4271697799073971
21813,2,0,0.5035271671967025
21818,2,0,0.4733266197193841
21819,2,1,0.2673768499145289
21824,2,0,0.4331257107369974
21830,2,0,0.25296081160272643
21831,2,1,0.5109596167538386
21836,2,1,0.48844317554521005
21839,2,1,0.3882453751557073
21840,2,0,0.44608818688880264
21841,2,0,0.7181010509588971
21842,2,0,0.3440844265950193
21848,2,1,0.7508393838237538
21851,2,0,0.26819535156033325
21856,2,0,0.3538192137206006
21859,2,0,0.4001662462621572
21863,2,0,0.3539438617530081
21864,2,0,0.419275024439365
21865,2,1,0.4184619229601004
21875,2,0,0.4475919816333192
21879,2,0,0.47781025139774524
21883,2,0,0.5479760313763015
21886,2,1,0.673163893076004
21892,2,1,0.7066685715315217
21894,2,0,0.26174729721237733
21898,2,0,0.4139334853917469
21905,2,0,0.2623153611718268
21907,2,0,0.1745664982233232
21908,2,0,0.4389095446279683
21910,2,0,0.47271627485516604
21911,2,0,0.41076659516505537
21918,2,0,0.3398708969823987
21920,2,1,0.486748875439098
21921,2,1,0.4115753995882018
21922,2,0,0.14142722741079367
21926,2,0,0.457223664399491
21928,2,0,0.29465842540340365
21932,2,0,0.49217683661305656
21934,2,0,0.3206651056355097
21936,2,0,0.3896262126520064
21940,2,0,0.45758023936002484
21946,2,0,0.3513927022727594
21951,2,1,0.5148779744649902
21958,2,0,0.19308552577647883
21960,2,0,0.39157123579361597
21962,2,0,0.22143113880629803
21964,2,0,0.18075810145328228
21972,2,0,0.5002525202832083
21973,2,1,0.7532549866908974
21977,2,0,0.7519674488201609
21980,2,0,0.48546247943467025
21984,2,0,0.4556883458521487
21990,2,0,0.4008453147309297
21991,2,0,0.4665124166681661
21996,2,0,0.41600838959725495
22002,2,0,0.1680455500783553
22003,2,0,0.3423585343838648
22007,2,0,0.5541779480920619
22013,2,0,0.4721397352988286
22016,2,0,0.5045997051086083
22017,2,0,0.5284214330541803
22018,2,0,0.3282407562883435
22026,2,0,0.47075962763852
22028,2,0,0.39087749338176886
22033,2,0,0.4483861475886176
22036,2,0,0.24378428232061156
22039,2,0,0.17024707892993157
22041,2,0,0.32810693067594837
22053,2,0,0.6998827932602776
22058,2,0,0.4481698278364924
22060,2,0,0.5022194786507481
22062,2,0,0.4674529107110095
22079,2,0,0.5147730591595266
22080,2,0,0.299778129052997
22082,2,0,0.6086071622109536
22083,2,0,0.5111247244667209
22085,2,0,0.43963467569904996
22096,2,0,0.19454396656232875
22097,2,0,0.3676714443257971
22098,2,0,0.6029285407156652
22103,2,0,0.47776816323377713
22104,2,0,0.3809866188375657
22111,2,0,0.2817328593630244
22116,2,0,0.16762569419581033
22127,2,0,0.3967622089917427
22130,2,0,0.3661719488689316
22135,2,0,0.46531756203163366
22136,2,0,0.5093746353291486
22139,2,0,0.3614840207784101
22151,2,0,0.14128219670085174
22152,2,0,0.18760969291846397
22156,2,0,0.4680329693775024
22159,2,0,0.3313911129859287
22167,2,0,0.3955443127924869
22173,2,0,0.47586662893702186
22176,2,0,0.13271473634061326
22180,2,0,0.13938081727769647
22188,2,0,0.253570877684062
22190,2,0,0.34021197488592125
22197,2,0,0.3786769113037358
22198,2,0,0.45560054390538246
22204,2,0,0.5074962797859248
22209,2,0,0.49033737714362974
22211,2,0,0.4145229822408224
22212,2,0,0.30628718691991874
22213,2,1,0.36962806065154374
22214,2,0,0.4640888048232751
22217,2,1,0.5077232548629788
22220,2,0,0.3824167450763796
22224,2,0,0.4326669789491129
22226,2,0,0.47908241648989935
22227,2,0,0.1909663130449368
22228,2,0,0.4417248310746604
22235,2,0,0.32604387255024875
22237,2,0,0.49878424506520325
22239,2,0,0.17442551706970333
22240,2,0,0.39680937943220146
22243,2,0,0.22245343586253888
22244,2,0,0.2452271514761484
22246,2,0,0.7043220461121242
22248,2,1,0.3956487871826096
22250,2,1,0.47494781305592065
22252,2,0,0.33406364967139957
22253,2,0,0.09806053271163778
22255,2,0,0.11214968745431718
22257,2,1,0.11732498908795276
22258,2,1,0.669979824467914
22259,2,0,0.18460870313737904
22264,2,0,0.29635938821550234
22271,2,0,0.3329693750630566
22278,2,0,0.48226914742243815
22280,2,1,0.49827159376859453
22281,2,1,0.35132222126566015
22283,2,0,0.45766586657660735
22286,2,1,0.7090009993565634
22292,2,0,0.49656634161128155
22294,2,0,0.4548851400044908
22301,2,0,0.16801861743844126
22302,2,0,0.42286593571881514
22307,2,1,0.39870818121810236
22310,2,0,0.47352233426339585
22313,2,0,0.2890984817937777
22319,2,0,0.5235067432980957
22320,2,0,0.14324694937884255
22324,2,0,0.39735144930313104
22326,2,1,0.44021364354304815
22327,2,0,0.44355759591627697
22328,2,0,0.5343399354136937
22334,2,0,0.44500428496298877
22336,2,0,0.6186175689378033
22337,2,0,0.5007100029730485
22341,2,0,0.42955000963309087
22343,2,0,0.18829446503913722
22346,2,0,0.6845792531984517
22347,2,0,0.18241950572885043
22349,2,0,0.1496239407040826
22350,2,0,0.2798969044743213
22352,2,0,0.5060467404955751
22357,2,0,0.4381637665977914
22358,2,0,0.1495508043658575
22359,2,0,0.19049794104589424
22365,2,0,0.4872434139604218
22369,2,0,0.46819935564430293
22377,2,0,0.7066801379568937
22383,2,0,0.49744704357604386
22384,2,0,0.3311274444086703
22395,2,0,0.42964054966440934
22396,2,0,0.4377281940970446
22397,2,0,0.3557966631927267
22407,2,0,0.43443154881479934
22408,2,0,0.41219540927338916
22412,2,1,0.5106929208678801
22413,2,0,0.5223842154186538
22416,2,0,0.7960570968013937
22423,2,0,0.524726258049258
22424,2,1,0.4378778260993834
22425,2,0,0.21434040010158076
22431,2,0,0.5290163264455836
22436,2,0,0.3508751880557405
22444,2,0,0.5226182797380008
22445,2,1,0.20616378198312774
22449,2,0,0.3580565707278234
22450,2,0,0.332099746723107
22453,2,0,0.48718284642352566
22457,2,0,0.24823786961754468
22463,2,0,0.7759233125391314
22466,2,0,0.16996007828069926
22468,2,0,0.3864244503229573
22469,2,1,0.5569818593297626
22470,2,1,0.696878169073851
22473,2,1,0.8642882621242496
22477,2,0,0.5742156313053539
22480,2,0,0.4184203526504491
22485,2,0,0.3130528639239808
22486,2,0,0.5644034959549379
22489,2,0,0.41369854438439063
22491,2,0,0.536535298508437
22492,2,1,0.539986150642236
22495,2,1,0.819220649264577
22497,2,1,0.5033237128934063
22498,2,0,0.39159103622529856
22499,2,0,0.3049740252522316
22506,2,1,0.20493294385534816
22508,2,0,0.2644473279770945
22510,2,0,0.16163456685179528
22511,2,0,0.5366357007069827
22516,2,0,0.5144381570985863
22518,2,0,0.327630383824348
22529,2,0,0.18677411777325661
22534,2,0,0.5457641406803685
22536,2,0,0.5409944482675864
22537,2,1,0.8089093482326836
22541,2,0,0.5246013050656299
22547,2,0,0.4790665026034251
22548,2,1,0.1801944985718713
22550,2,0,0.3758583156081639
22551,2,0,0.8713761790185756
22558,2,0,0.5200413939597206
22565,2,0,0.0931713548888857
22571,2,1,0.4759880088141123
22573,2,0,0.36945565654183765
22574,2,0,0.4986614254796465
22575,2,0,0.2413766112530027
22576,2,0,0.48183909725425805
22580,2,0,0.4680222782833092
22581,2,0,0.13731047679508715
22583,2,0,0.17846837446505248
22584,2,0,0.3640640201853398
22586,2,0,0.45253183063990843
22589,2,0,0.4242522252669709
22590,2,0,0.2552112992789963
22591,2,1,0.5488371640778826
22593,2,0,0.5831044095013966
22595,2,0,0.47804076041874927
22596,2,0,0.3109900314121402
22597,2,0,0.43354782404961034
22601,2,1,0.32190368793099894
22604,2,0,0.37157085798899814
22605,2,0,0.4681531958875
22608,2,0,0.3206117732361462
22610,2,0,0.5219113460535886
22612,2,0,0.4609642742141431
22614,2,0,0.31249412211870886
22616,2,0,0.19211466960683257
22617,2,0,0.5168143724152392
22621,2,1,0.9495337882062557
22630,2,0,0.15803432845378873
22636,2,0,0.36836440543525284
22638,2,0,0.4934509429174747
22639,2,0,0.3393049084661125
22644,2,0,0.027893693814095344
22648,2,1,0.8347489482037999
22651,2,0,0.4316218989228551
22653,2,0,0.3465575457309576
22654,2,0,0.16348247906403254
22657,2,1,0.6915723756955753
22658,2,0,0.19949278392304903
22665,2,0,0.626068603368076
22672,2,0,0.16730041022370207
22673,2,0,0.45380650898516733
22674,2,0,0.31211667577744245
22677,2,0,0.1346965318865161
22678,2,0,0.3146490060581076
22682,2,0,0.34421267681899065
22685,2,0,0.14880167145892537
22686,2,0,0.3831638275593678
22687,2,1,0.33190793044366546
22691,2,0,0.7373953484187151
22693,2,1,0.5403167234320649
22699,2,0,0.17059280991646245
22700,2,1,0.764034254308532
22702,2,0,0.3807318640553784
22704,2,0,0.3627424244367641
22707,2,0,0.1571298338978702
22713,2,0,0.09233641618305206
22714,2,0,0.39417762786491695
22718,2,0,0.1491943893428034
22720,2,0,0.36266524795697846
22722,2,0,0.4392876504625134
22735,2,0,0.1895214788466448
22737,2,0,0.3682079849097486
22738,2,0,0.39917917534341785
22740,2,0,0.3446795526866414
22741,2,1,0.1426691605933574
22749,2,0,0.5789618081547978
22761,2,0,0.12970793822756396
22763,2,0,0.17378416806197838
22764,2,0,0.38214950445457185
22768,2,0,0.19715240370896422
22773,2,1,0.4991691347626063
22774,2,1,0.5667867163789071
22777,2,1,0.3317367341427221
22778,2,0,0.30930416057635884
22781,2,0,0.5093010657445474
22782,2,0,0.4955704013829635
22785,2,0,0.19249394162248165
22788,2,0,0.38112883229569466
22789,2,0,0.7387753468756406
22792,2,1,0.7338061526634896
22797,2,0,0.40259837662873327
22800,2,0,0.46584057615777896
22802,2,0,0.49882187396648814
22804,2,0,0.4654308095001197
22807,2,0,0.44511673735654755
22808,2,0,0.3548244409011408
22810,2,0,0.2095902137407566
22811,2,0,0.2810181906921094
22812,2,0,0.4245567348324181
22814,2,0,0.32350085752404756
22816,2,1,0.49703078572251297
22821,2,0,0.2639149036013521
22822,2,0,0.3569072762182052
22825,2,0,0.42080135962303256
22834,2,0,0.40819333489423926
22840,2,0,0.4229884889682015
22848,2,0,0.432492449904574
22853,2,0,0.6620291341510994
22855,2,0,0.4781871434505124
22859,2,1,0.559836220526194
22863,2,1,0.8117610738054741
22878,2,0,0.3318411579798276
22880,2,0,0.19365383980725234
22882,2,1,0.3510087488059851
22887,2,0,0.5726906471680745
22888,2,0,0.16674128663905952
22894,2,1,0.3550658816665274
22897,2,0,0.37725209458002396
22900,2,0,0.4781326894161746
22902,2,0,0.57420776515606
22906,2,0,0.42546079810678494
22908,2,0,0.19116186211671252
22912,2,0,0.40010032893401387
22914,2,0,0.31464921484154035
22917,2,0,0.31792577207730643
22920,2,0,0.41532574741096473
22923,2,0,0.48533084590645026
22925,2,0,0.3717436109105927
22927,2,0,0.5446143687025432
22936,2,0,0.1509256640684895
22937,2,0,0.6520715456056947
22940,2,0,0.4443667113023325
22941,2,0,0.5040460758853526
22948,2,0,0.43585439396952125
22959,2,0,0.44143769314659453
22966,2,0,0.27273769101681883
22969,2,0,0.5209582611948622
22971,2,0,0.47602502410788033
22972,2,0,0.2732656994839371
22974,2,1,0.6493270337709941
22975,2,0,0.1786831008664417
22979,2,1,0.7617191221230505
22986,2,0,0.3166337681252588
22987,2,0,0.09374772448331788
22989,2,0,0.1581561960292083
22990,2,0,0.5248162332555851
22991,2,0,0.21556980233880502
22992,2,0,0.5097271637373595
22995,2,0,0.48138332152469143
22998,2,0,0.41698639926634484
23000,2,0,0.46796981358546474
23001,2,1,0.3614354654092692
23003,2,0,0.2842241358362885
23006,2,1,0.4417319429618489
23013,2,0,0.5072758532608361
23015,2,0,0.3765787667877271
23016,2,0,0.42967800839533843
23017,2,0,0.3513900777216071
23026,2,0,0.4008093987369269
23027,2,0,0.2677972716029669
23028,2,0,0.1477420004209575
23033,2,0,0.42206545902380727
23034,2,0,0.35119984916008723
23037,2,0,0.0014406444173522403
23038,2,0,0.38497489189594414
23040,2,1,0.9949860651555342
23043,2,0,0.47850738463401776
23044,2,1,0.2898174523448096
23045,2,0,0.36008848867130777
23049,2,0,0.5151924426800676
23052,2,0,0.438588641256046
23054,2,0,0.524408569901368
23055,2,0,0.3740895890060249
23056,2,0,0.18916324524417416
23059,2,0,0.5741900543509166
23061,2,0,0.382922942169271
23064,2,0,0.5755645651827554
23068,2,0,0.3804155232323348
23072,2,0,0.12858885338228682
23074,2,1,0.16670785469489915
23092,2,0,0.19963769264318118
23098,2,0,0.38990477180410166
23099,2,0,0.4386047844329569
23101,2,0,0.2923003431695781
23107,2,0,0.3987802796526882
23109,2,0,0.5228172419847478
23112,2,1,0.7369931621581676
23113,2,0,0.4454498304945867
23115,2,0,0.5404076614711653
23117,2,0,0.3990555049895314
23120,2,0,0.15913427145790043
23121,2,0,0.4445700296718398
23123,2,0,0.33936345253160843
23127,2,0,0.4589783272195881
23128,2,0,0.44554069522973694
23129,2,0,0.5645268124865497
23134,2,1,0.32231045697174915
23135,2,0,0.3929051343152589
23139,2,0,0.5051694845506891
23141,2,0,0.1966898778493864
23144,2,0,0.44236782868390584
23147,2,0,0.28119458186037455
23152,2,0,0.29565723168381636
23159,2,0,0.8173319646920834
23164,2,0,0.35000977547219597
23168,2,0,0.4818532500683501
23171,2,0,0.3002316135264246
23174,2,0,0.22876823281426265
23176,2,0,0.2012340305641556
23177,2,0,0.38183877973590097
23182,2,0,0.4391918680260653
23186,2,0,0.21127243053304762
23189,2,0,0.3988095596455533
23202,2,0,0.04160659512683431
23210,2,0,0.34880438266378344
23211,2,0,0.7157633327364226
23214,2,1,0.4909009828731492
23215,2,0,0.3055575844466214
23216,2,1,0.8382118578669063
23217,2,0,0.2309160312315708
23222,2,0,0.5101110457297275
23227,2,0,0.17841436931597232
23233,2,1,0.18286136700662708
23242,2,0,0.5906653213109121
23243,2,0,0.4434157234981332
23245,2,0,0.36120249698133344
23249,2,0,0.4166393697661547
23251,2,0,0.5222346657259828
23255,2,0,0.40079061876204447
23264,2,1,0.7736160610931111
23265,2,0,0.3875748429866775
23268,2,0,0.4742082188499684
23270,2,0,0.43833157941723283
23278,2,0,0.21575848719037946
23279,2,0,0.31473579879373037
23282,2,0,0.5801095601001158
23283,2,0,0.4522295208369464
23284,2,0,0.44217605351162276
23285,2,0,0.3119123869489615
23289,2,0,0.18631985958814098
23290,2,0,0.17015752012893365
23291,2,0,0.2999854938932757
23294,2,1,0.17842308041765903
23300,2,0,0.31430580240431283
23308,2,1,0.4398988704955224
23310,2,1,0.40618184638468585
23316,2,1,0.8396213707189696
23317,2,0,0.24378968760033348
23319,2,1,0.26829756974491176
23322,2,0,0.15145430813843117
23324,2,0,0.6928540505380815
23325,2,0,0.3740269845709681
23333,2,1,0.2362437956803342
23341,2,0,0.20432467309829022
23342,2,1,0.7087841373059478
23344,2,1,0.14873259931295682
23346,2,0,0.11536328025007672
23351,2,1,0.4640181106387086
23352,2,0,0.32181238838089915
23357,2,0,0.5091765884182917
23358,2,1,0.47198743642120744
23359,2,0,0.4568876499456466
23360,2,0,0.7139785031047262
23361,2,0,0.31765101841370297
23364,2,0,0.08103928590397311
23366,2,0,0.3702109686075456
23368,2,0,0.5816851365825784
23372,2,0,0.41346338646402175
23374,2,1,0.523045609237533
23375,2,0,0.47263479156726684
23376,2,0,0.4819950313093638
23377,2,0,0.4353626496701517
23380,2,0,0.4372030557000786
23382,2,0,0.4200249258516492
23383,2,0,0.21222272271755416
23385,2,1,0.7558560716317098
23389,2,0,0.4108233322433288
23391,2,1,0.19343281841603388
23394,2,0,0.15417948136502793
23398,2,0,0.4643706652937146
23399,2,0,0.38727009475865903
23400,2,1,0.16506637307274055
23403,2,0,0.5093356565686291
23404,2,0,0.5310534173670229
23405,2,0,0.28399166506627244
23406,2,0,0.2715691814892168
23408,2,0,0.4805957186339233
23411,2,0,0.5979137961295795
23412,2,0,0.37033124544300966
23413,2,0,0.4171451470823803
23415,2,0,0.6405379380175501
23418,2,1,0.7978669927993629
23420,2,0,0.3491606518166952
23422,2,0,0.4508534065788651
23423,2,0,0.6227549457789892
23430,2,0,0.15205881157506315
23431,2,0,0.5230358991562768
23436,2,0,0.3163657387954501
23439,2,0,0.3022881079957288
23440,2,0,0.20255332004992085
23442,2,0,0.3220622143631809
23443,2,0,0.4790135383344077
23447,2,1,0.4677653248384999
23448,2,0,0.1616679255436987
23449,2,0,0.42042646563012886
23458,2,0,0.304871172217744
23462,2,0,0.19680248400646622
23465,2,1,0.5477617289355521
23470,2,0,0.5137044733334764
23471,2,0,0.6419100117700804
23475,2,0,0.20559763280362398
23478,2,1,0.6500460612300722
23485,2,0,0.24135717012370367
23488,2,0,0.18227716275486908
23489,2,0,0.4277876053149825
23492,2,0,0.4971299101232808
23493,2,0,0.3585945858462238
23496,2,1,0.48755264695828415
23499,2,0,0.26499339170501923
23500,2,0,0.5546653522413927
23501,2,0,0.3260043787396525
23510,2,0,0.7706300467591337
23512,2,0,0.19067311791342886
23514,2,0,0.37864899863131696
23516,2,0,0.4650559704767462
23524,2,0,0.5367888212225729
23530,2,1,0.7995922805650935
23532,2,0,0.16870086438543194
23535,2,0,0.2069962583022672
23536,2,0,0.3766709194302147
23548,2,0,0.5302648776975916
23549,2,0,0.36908843236086236
23557,2,0,0.14069298892349977
23559,2,0,0.40854636470722994
23560,2,0,0.4360942265917783
23562,2,0,0.20843748050222294
23565,2,1,0.5920236955610706
23569,2,0,0.34519938679574147
23578,2,0,0.16786902527457834
23579,2,0,0.30097880818250666
23580,2,0,0.3421436543218114
23584,2,0,0.396401617913263
23586,2,0,0.2661858776929668
23592,2,0,0.3103170860210988
23596,2,0,0.4815798878830244
23598,2,0,0.12204464350361095
23600,2,0,0.39824056226935795
23601,2,0,0.30562000959780344
23603,2,1,0.6357501895177281
23606,2,0,0.3635842814390464
23610,2,0,0.5021339046852672
23612,2,0,0.3369909639557061
23621,2,0,0.3614517239887146
23623,2,0,0.5386739168219002
23625,2,0,0.3102631877589215
23626,2,0,0.4013308385214595
23629,2,0,0.444580339090826
23632,2,0,0.18791836598401307
23633,2,0,0.29207455108206787
23638,2,0,0.4410611331147489
23644,2,0,0.1689632855971159
23646,2,1,0.7949157379016778
23647,2,0,0.1633078956084107
23648,2,0,0.32629268865737737
23649,2,1,0.21799610392537513
23650,2,0,0.736868983419083
23662,2,0,0.35851626350219906
23665,2,1,0.8042259504148666
23668,2,0,0.34901595659917234
23671,2,0,0.5079253272078719
23675,2,1,0.47916478843612387
23676,2,0,0.5731136429004955
23680,2,0,0.5911283791584996
23682,2,0,0.3691957022591322
23685,2,0,0.4917085436200726
23687,2,0,0.17741392019346833
23688,2,1,0.8476262736851995
23692,2,1,0.9188597799043542
23693,2,0,0.37315011488952765
23694,2,0,0.4964464978056706
23695,2,0,0.6988460136716899
23705,2,1,0.8308479137156718
23714,2,0,0.3826139226804996
23718,2,1,0.4949021555893418
23719,2,0,0.08241784961356755
23728,2,0,0.2718598249683267
23729,2,0,0.23663882292628943
23734,2,0,0.5416823259686883
23736,2,0,0.3530141525680685
23737,2,1,0.24742967654738438
23740,2,1,0.42716919351359084
23742,2,1,0.2600977664591987
23743,2,0,0.8492303663893944
23746,2,0,0.5575379788068081
23749,2,0,0.5304457905009344
23752,2,1,0.7557365537880384
23753,2,1,0.45811796215638917
23768,2,0,0.2387274784825828
23773,2,0,0.5233823183141193
23774,2,0,0.2659871826992694
23792,2,1,0.8322276851183573
23797,2,0,0.2920915681140311
23803,2,1,0.8217635415135996
23805,2,0,0.421141045246549
23809,2,0,0.5335784846313992
23810,2,0,0.3109416692989536
23833,2,0,0.3920261555836188
23837,2,0,0.40885170523409337
23838,2,0,0.36436649519929115
23841,2,0,0.23460349962354887
23846,2,0,0.24428374324392843
23848,2,0,0.22651104221231944
23853,2,1,0.8356429812597532
23854,2,0,0.09906513580469795
23855,1,0,0.5565432858813042
23861,1,0,0.14190642477141455
23863,1,0,0.3968419359739989
23866,1,1,0.7567837031480463
23868,1,0,0.32797959711259267
23869,1,0,0.5547449706275595
23870,1,0,0.5642007579990126
23871,1,0,0.38412553107491115
23878,1,0,0.21290097667955607
23883,1,0,0.5216106926280791
23887,1,0,0.3984258672950778
23889,1,0,0.5064477916754102
23893,1,0,0.49389432734769884
23903,1,0,0.49426477335303726
23904,1,0,0.469625650371908
23907,1,0,0.4977016276448173
23908,1,1,0.5321202102527761
23913,1,0,0.4692381204537237
23919,1,1,0.7642314394141652
23920,1,0,0.8264037851022824
23927,1,0,0.6771977502483607
23929,1,0,0.4985434645579168
23931,1,0,0.4177980026726851
23934,1,0,0.48657856186958914
23938,1,0,0.2667317950804766
23940,1,1,0.6550334893113915
23945,1,0,0.47990626337816444
23949,1,0,0.457634114329817
23951,1,0,0.6952677961652346
23955,1,0,0.5108311407921345
23956,1,0,0.3825990520016591
23957,1,0,0.5200155377602635
23958,1,0,0.5468248524787934
23959,1,0,0.6651667059133413
23962,1,1,0.49271202865738023
23963,1,0,0.44802871865193133
23966,1,0,0.500493251247906
23971,1,0,0.575918439613488
23980,1,1,0.7449693022607985
23984,1,0,0.49125722194444615
23986,1,1,0.5369438965740455
23987,1,0,0.5745980505430766
23989,1,0,0.5173704872222452
23990,1,0,0.27670509949588934
23992,1,0,0.4649813764764134
23994,1,0,0.3441751633453732
23995,1,0,0.4955961641682639
23998,1,0,0.5175202230932632
24004,1,0,0.9508801691586714
24011,1,0,0.4585141903832502
24015,1,0,0.5055505107449653
24016,1,0,0.33638993104346016
24028,1,0,0.44337947069722383
24034,1,0,0.483598972555501
24040,1,1,0.7742826136534793
24042,1,1,0.8864043480443942
24045,1,0,0.5081765021513489
24046,1,0,0.49617419954699743
24049,1,0,0.3020571859096683
24058,1,0,0.33206089836030217
24060,1,0,0.2119337393656213
24062,1,0,0.4819363650351731
24063,1,0,0.6439878588435857
24066,1,0,0.3019615321435373
24070,1,0,0.45538152915302244
24074,1,0,0.4837609190276894
24078,1,0,0.26828667788050714
24083,1,0,0.7141996111735719
24090,1,0,0.29458056514260955
24093,1,0,0.7543620578566171
24095,1,0,0.20844340365841676
24100,1,0,0.43408285312315437
24101,1,1,0.512121473200757
24102,1,0,0.2034823983314503
24105,1,0,0.2249042266180628
24108,1,0,0.45416628539555653
24109,1,0,0.7836315555568332
24110,1,1,0.36889218550696506
24113,1,0,0.19053445293213328
24115,1,0,0.4812081308988905
24116,1,0,0.3230673709539953
24120,1,0,0.3100643267454955
24124,1,0,0.3774287793218457
24126,1,0,0.5010517643655427
24128,1,0,0.2540170959310063
24129,1,0,0.4383380395306616
24130,1,0,0.46620124742105906
24132,1,0,0.505167933605903
24138,1,0,0.4968528629898174
24145,1,0,0.5355162619411449
24147,1,0,0.20572006513634025
24150,1,0,0.4529683488626403
24151,1,0,0.3629070104464987
24154,1,0,0.5450504608517307
24157,1,0,0.5250832148311768
24159,1,0,0.2766360934482516
24160,1,0,0.5919221919414613
24164,1,0,0.4812067259029842
24173,1,0,0.7038505078790487
24175,1,0,0.26964847917776824
24176,1,0,0.3336570777037213
24177,1,0,0.4915568497440937
24178,1,0,0.4599641756312611
24179,1,0,0.6019794267991853
24180,1,0,0.19234053154227052
24183,1,0,0.22341911627042865
24189,1,1,0.421138505984744
24193,1,1,0.756502491741784
24195,1,0,0.32285745335176014
24197,1,0,0.38023157431900245
24200,1,1,0.6908363622661847
24203,1,0,0.37963172423872016
24205,1,1,0.18661496517421222
24208,1,0,0.26903820605077716
24209,1,0,0.49386071376693474
24211,1,0,0.11616427462596626
24212,1,0,0.1516361236728589
24213,1,0,0.2096955980069081
24217,1,1,0.20815081975913277
24218,1,0,0.6802597512518536
24221,1,0,0.38172819876567354
24222,1,0,0.4557095107303937
24231,1,0,0.3090865761117356
24234,1,0,0.1594620355458042
24235,1,0,0.47576126991038353
24239,1,0,0.5246669692062571
24240,1,0,0.5786981750914976
24241,1,0,0.4360107145154308
24248,1,0,0.31878330135502686
24256,1,1,0.46195652381913305
24262,1,1,0.4284179738028286
24265,1,0,0.20277803649703374
24273,1,0,0.1777359177339581
24274,1,0,0.18749909191387956
24276,1,0,0.475191626955054
24279,1,1,0.30436706018515036
24280,1,0,0.4845368737912003
24281,1,0,0.42194890853149236
24289,1,0,0.34546070784472077
24290,1,0,0.42646503281777415
24291,1,0,0.34144209374359724
24292,1,0,0.57612209649473
24294,1,0,0.5596818159662893
24295,1,0,0.19103341276543087
24298,1,1,0.8414180040516261
24304,1,1,0.7447739495317343
24308,1,0,0.6202866865571558
24309,1,0,0.20983042877249575
24310,1,0,0.3494912036037139
24311,1,1,0.3953844235177446
24314,1,0,0.4837827049378199
24317,1,0,0.4915164124694748
24318,1,0,0.5827593012479007
24321,1,0,0.37172285633757807
24324,1,0,0.33403694982419546
24330,1,1,0.7735155360025149
24331,1,1,0.7173050746319191
24332,1,0,0.4031331414143115
24340,1,0,0.2750952607894668
24341,1,0,0.3625089162946774
24344,1,0,0.5044488889101384
24345,1,0,0.2526140805770325
24346,1,1,0.9033890090949641
24347,1,0,0.39477827978849256
24356,1,0,0.3577248453171854
24357,1,0,0.18818147768412813
24358,1,0,0.09387068784115238
24360,1,1,0.7169829273003083
24363,1,0,0.5202612183047207
24369,1,0,0.19071170344777238
24373,1,0,0.4396394072312194
24378,1,0,0.49430137033466
24382,1,0,0.7957779763838556
24384,1,0,0.472285844646606
24386,1,0,0.5942644299069021
24387,1,0,0.6313172512623931
24389,1,0,0.04279246710607712
24390,1,0,0.3188743291007917
24391,1,1,0.5439411314677175
24395,1,1,0.5071526190993261
24396,1,0,0.7738693573717084
24397,1,1,0.5122209384275601
24399,1,0,0.6075116482308294
24400,1,0,0.16497363356794106
24401,1,1,0.8273767434162701
24403,1,0,0.44291229071365057
24404,1,0,0.18750887205709735
24406,1,1,0.7303561423663191
24408,1,1,0.3168084264554878
24409,1,0,0.42764767734278275
24410,1,1,0.5798371088068296
24413,1,1,0.7171306578217853
24416,1,0,0.5509349341307969
24421,1,0,0.2791866273817509
24428,1,0,0.43604837677401537
24432,1,1,0.4236424083842467
24439,1,0,0.2948231583887137
24440,1,0,0.3896786117729224
24446,1,1,0.48291193642772645
24447,1,0,0.1865358911711601
24451,1,1,0.5535577836887271
24453,1,0,0.4319810582650262
24456,1,1,0.6600169631870318
24458,1,0,0.4320450362309183
24464,1,0,0.2942709783351555
24466,1,1,0.46194741875031115
24468,1,0,0.5470946849596936
24469,1,0,0.5003068457910438
24470,1,1,0.4978419597446383
24473,1,0,0.24331396919027562
24475,1,0,0.37496347437594973
24478,1,0,0.4345336056035987
24479,1,1,0.4688506577166894
24484,1,1,0.6193601189696295
24486,1,0,0.20325099311343578
24489,1,0,0.21303840820775477
24496,1,0,0.4868755819384909
24497,1,0,0.47271211412193487
24500,1,0,0.9920859593056526
24501,1,0,0.6373472403956433
24505,1,1,0.7641324278207893
24506,1,0,0.32987012050878334
24510,1,0,0.5210191625304823
24514,1,0,0.5018687613868921
24519,1,0,0.5428912006499175
24529,1,0,0.4797976327627778
24531,1,0,0.3700302877374451
24535,1,1,0.22713194468428433
24536,1,0,0.5178713622741349
24537,1,0,0.43753518413540277
24538,1,0,0.5669536654973142
24542,1,0,0.32176232404350225
24547,1,0,0.33112145029700835
24551,1,0,0.6570629578853197
24556,1,0,0.4972308805125325
24559,1,1,0.8436215558323725
24560,1,0,0.35869304344347275
24569,1,0,0.39749352710711267
24571,1,1,0.9031967809690797
24572,1,0,0.5867205766853988
24576,1,0,0.3206552259993796
24577,1,0,0.49518822119740546
24578,1,0,0.2373870361156114
24579,1,0,0.6151509613313445
24587,1,0,0.36000369830726403
24590,1,0,0.20377431230853021
24591,1,1,0.7318139458366445
24601,1,1,0.817437984986395
24609,1,0,0.44291626953054924
24612,1,0,0.30678040811529617
24615,1,0,0.47940958183369126
24617,1,1,0.34474324852332794
24625,1,1,0.36877701626886417
24626,1,0,0.16470040484694706
24627,1,1,0.5073368784104653
24628,1,0,0.7561491997414922
24637,1,1,0.3913707038953474
24640,1,0,0.4913487185884125
24643,1,0,0.1124313782031275
24645,1,0,0.20152482701684854
24647,1,1,0.48863479779851504
24648,1,0,0.4810506043860907
24650,1,0,0.23142090451346045
24657,1,0,0.6388993886740706
24659,1,0,0.4932836945846395
24660,1,0,0.401027328904608
24662,1,0,0.5872185394642874
24664,1,1,0.4323625647241203
24672,1,0,0.19721051901597111
24682,1,0,0.4309786874144714
24684,1,0,0.17395430425595146
24685,1,1,0.7750000106418219
24688,1,1,0.443422006681242
24689,1,0,0.265193471740087
24694,1,0,0.45017544613586513
24695,1,0,0.46216249081008937
24699,1,0,0.26285749233757016
24706,1,0,0.08458821773808836
24707,1,0,0.48921797957465835
24708,1,0,0.18720229124291346
24712,1,0,0.7214419159460301
24714,1,0,0.4153090215093999
24716,1,0,0.35406921116271284
24717,1,1,0.800522705216011
24720,1,0,0.41742163621623635
24721,1,0,0.4266481723916259
24726,1,0,0.2360064584309086
24727,1,1,0.20065282999079445
24728,1,0,0.5245906002284679
24732,1,0,0.041561711415047345
24733,1,0,0.7161978321292695
24739,1,0,0.5239692092931
24745,1,0,0.5538047186327018
24749,1,0,0.5431038967211831
24751,1,1,0.7688202578298468
24756,1,0,0.3465652837619825
24761,1,1,0.5034955283420489
24762,1,0,0.493896179004004
24765,1,0,0.4931371664868071
24775,1,1,0.4581312083956247
24784,1,0,0.2098204329756417
24786,1,0,0.21651222902752473
24788,1,0,0.514949995078248
24790,1,0,0.5650407903070107
24794,1,1,0.5825992173647127
24799,1,0,0.6806693450354747
24800,1,0,0.6689624814031098
24803,1,0,0.4836680182498969
24814,1,0,0.5307066195877919
24817,1,0,0.385149193931739
24819,1,0,0.1952131104547926
24821,1,0,0.22578964052884384
24822,1,0,0.3740271115001351
24826,1,0,0.17941729079182786
24831,1,0,0.5267814178386648
24834,1,0,0.5071536196077142
24849,1,0,0.5200747694540757
24852,1,0,0.41128229911217995
24857,1,1,0.1312237779660734
24860,1,0,0.3503031598927874
24870,1,0,0.49128600232575204
24873,1,0,0.3456101912259003
24877,1,1,0.8099071154005678
24879,1,1,0.443827498258408
24880,1,0,0.27388098351106327
24883,1,0,0.27225343154280596
24886,1,0,0.21753082956731884
24889,1,0,0.25892141896216525
24892,1,0,0.31658072071471516
24896,1,0,0.23881358655814355
24904,1,0,0.4436327610399825
24905,1,0,0.4766806810736786
24910,1,0,0.14452037574617557
24911,1,0,0.28480975797704483
24921,1,0,0.012287146770788517
24922,1,0,0.24717314247608901
24923,1,0,0.5119205252642842
24927,1,1,0.7093690145561056
24929,1,0,0.18144596714260022
24932,1,0,0.4877758318198474
24935,1,0,0.4385293804813393
24945,1,0,0.2253733704517487
24946,1,0,0.25127582746936294
24947,1,0,0.4745039563470507
24948,1,0,0.4229791960275941
24950,1,0,0.47631012489320035
24952,1,0,0.21077638528778708
24954,1,1,0.5198145674894868
24955,1,0,0.33555616570105984
24960,1,0,0.5251203241636517
24961,1,0,0.23382940296977042
24965,1,0,0.24850639590241413
24967,1,1,0.7972632144090808
24975,1,0,0.4434617050259334
24978,1,0,0.3041385839099434
24980,1,0,0.5545367598648705
24981,1,0,0.3547245179178639
24983,1,0,0.543133117761758
24985,1,0,0.560820479839978
24987,1,0,0.485365819572241
24989,1,1,0.7838500133445935
24990,1,0,0.4746030667910516
24991,1,0,0.5258351959914883
24998,1,0,0.3722091538242158
25001,1,0,0.3233542095880299
25011,1,0,0.592439046679635
25013,1,0,0.5636956652500428
25014,1,0,0.04043754043732694
25016,1,0,0.8996184696281243
25018,1,1,0.4718416758232805
25020,1,0,0.3959225680232095
25021,1,0,0.41565338636542387
25023,1,1,0.3623649712204555
25029,1,0,0.4439378649950872
25031,1,0,0.5084173278654771
25042,1,0,0.5899226684245688
25043,1,0,0.6008147943663467
25050,1,0,0.5011276269893552
25053,1,0,0.6164893105761916
25056,1,0,0.3331154783912193
25060,1,1,0.35602265049921006
25062,1,0,0.4289906106408344
25065,1,0,0.2135568922352383
25067,1,0,0.5706262656505072
25068,1,1,0.33275267188578195
25070,1,1,0.7357447524622249
25074,1,0,0.603037963593744
25078,1,0,0.43265095470284326
25082,1,0,0.3290533666931215
25083,1,0,0.43962599592125273
25085,1,0,0.6428788588688672
25088,1,0,0.4383500349594841
25089,1,0,0.16693443480135514
25091,1,0,0.33500095533283725
25102,1,0,0.515278082609937
25103,1,1,0.854771017996522
25107,1,0,0.5936075627826146
25110,1,1,0.7872896421348554
25112,1,0,0.3970823874370898
25118,1,0,0.40943140701042025
25119,1,0,0.27261009152085686
25123,1,0,0.23141707014197582
25125,1,0,0.38706125467233626
25127,1,0,0.31825405508510807
25138,1,0,0.5401730188601597
25139,1,0,0.5519255259233311
25142,1,0,0.5078453286274207
25144,1,1,0.8979478086504179
25147,1,1,0.5832165544369423
25152,2,0,0.165313805928529
25163,2,1,0.8237254658649659
25165,2,0,0.2847911509063561
25166,2,0,0.4539224943562056
25170,2,0,0.5409979936897019
25171,2,0,0.3866671313697497
25173,2,0,0.5479931176406575
25174,2,0,0.49939504941852786
25180,2,0,0.37558251661480774
25183,2,1,0.7115589230403605
25187,2,0,0.5010595238833928
25189,2,0,0.3877038599687527
25194,2,1,0.7101715644157028
25199,2,0,0.4888792439496375
25200,2,0,0.5458633386463487
25203,2,0,0.3386642473275855
25205,2,0,0.41251005901160576
25212,2,0,0.49446095071613194
25214,2,0,0.4875650780440939
25217,2,0,0.4423421925782707
25219,2,0,0.4873523495289377
25224,2,0,0.4852747008157598
25228,2,0,0.4541931328056637
25229,2,0,0.47061717418894683
25232,2,1,0.2747601328398456
25233,2,0,0.30458910612444445
25236,2,1,0.3578634128522753
25239,2,0,0.46286181408715454
25244,2,1,0.7587623251844832
25249,2,0,0.8759955420760189
25250,2,0,0.45128403020187846
25251,2,0,0.6912385099432632
25259,2,0,0.31469268792889404
25260,2,1,0.786752794190098
25268,2,0,0.4735620204490836
25275,2,0,0.3859997272376259
25278,2,0,0.343007184027788
25281,2,0,0.6289224497637806
25283,2,0,0.41100967916380976
25286,2,1,0.7400550943989197
25292,2,0,0.4595190965160588
25298,2,0,0.48854236919474114
25301,2,0,0.5091121725058887
25305,2,0,0.458650878041649
25317,2,1,0.7720944846098552
25318,2,0,0.16048872358706362
25324,2,0,0.4449090130648823
25326,2,0,0.3005136611258726
25327,2,0,0.48142588071806025
25328,2,0,0.6275447503100976
25343,2,0,0.30054334277386846
25344,2,0,0.43276303719516845
25348,2,0,0.502931910391293
25351,2,0,0.45318580712711637
25353,2,0,0.4200752150316155
25357,2,0,0.4385604761797841
25358,2,0,0.32892288536760683
25359,2,0,0.3874342902936091
25370,2,0,0.35033073293182965
25374,2,1,0.7348972351975622
25375,2,0,0.427690020602474
25378,2,1,0.34714726531228424
25380,2,0,0.4898383682919902
25387,2,0,0.45210559922487964
25388,2,1,0.6448235430524333
25389,2,0,0.17652793997223548
25393,2,0,0.170413266603645
25396,2,0,0.2776991649204285
25401,2,1,0.7413414910762293
25403,2,1,0.48295647940970976
25411,2,0,0.5028566066491652
25413,2,0,0.4622510052971257
25414,2,1,0.5102425103565026
25417,2,0,0.45500199277610665
25420,2,0,0.4886395244565785
25421,2,1,0.697718521330724
25425,2,0,0.18803470066504352
25426,2,0,0.4919787814283621
25427,2,1,0.7071475995374046
25432,2,0,0.04367079703653282
25435,2,0,0.45828292388166725
25442,2,0,0.15374446876484585
25446,2,0,0.5189972746741758
25449,2,0,0.4250791011139457
25450,2,0,0.4737924267383033
25451,2,0,0.46687493349936837
25452,2,0,0.3254592399817252
25456,2,0,0.5051951029535027
25459,2,0,0.30928716639550186
25460,2,1,0.5457839595707794
25461,2,1,0.7619542713596661
25464,2,0,0.4907263905994624
25466,2,0,0.4708011283563298
25467,2,1,0.15910502639589466
25474,2,0,0.18553331710316606
25481,2,1,0.3011906933760809
25485,2,1,0.6709213835673712
25486,2,0,0.45321433646041454
25489,2,0,0.31546804434571646
25490,2,0,0.45360835794555004
25492,2,0,0.27461197447590163
25493,2,0,0.24488078495816235
25495,2,0,0.4152778382076882
25499,2,0,0.45358644568432854
25500,2,0,0.5055229837256449
25501,2,0,0.378892578008154
25505,2,1,0.27100355896507267
25506,2,0,0.44151179409116265
25516,2,0,0.317827361734774
25517,2,0,0.16721655437502328
25519,2,0,0.165293670950548
25525,2,0,0.53207412420039
25531,2,1,0.8130092857554564
25533,2,0,0.8181154679458156
25542,2,0,0.5199132361325117
25543,2,0,0.462415223614558
25546,2,0,0.18808410070147377
25554,2,0,0.36536921826369134
25555,2,0,0.2590417011654247
25557,2,0,0.5647457967564689
25564,2,0,0.2517830943706842
25566,2,0,0.46884005007608515
25568,2,0,0.10045501413387882
25570,2,1,0.8292289311473544
25571,2,0,0.28435335821600316
25576,2,0,0.18289865493533106
25585,2,1,0.8412674103426034
25587,2,1,0.3119629523728665
25589,2,0,0.4898811240899697
25590,2,0,0.4363452279860988
25591,2,1,0.7790806949530376
25592,2,0,0.25635799646732227
25595,2,0,0.4405204989819823
25598,2,0,0.19092138669895514
25599,2,0,0.44004188002708744
25600,2,0,0.3403913150456865
25604,2,0,0.20295139479897986
25605,2,1,0.818337214157668
25606,2,0,0.588135997319093
25609,2,1,0.2149149345011792
25614,2,0,0.4194752381140638
25624,2,0,0.18587191111351253
25631,2,0,0.4374897202562222
25636,2,0,0.1933146856575191
25637,2,0,0.13200110763589348
25639,2,0,0.1626347211446331
25640,2,0,0.5260472738235327
25643,2,0,0.37449126039341585
25644,2,0,0.20456187165018438
25645,2,0,0.24283660034069898
25656,2,0,0.36496577121707574
25660,2,0,0.4550471807368233
25661,2,0,0.19883083556452325
25664,2,0,0.4409382911034766
25671,2,0,0.5085236681873955
25674,2,0,0.29555098552691156
25685,2,0,0.46710135899869665
25686,2,0,0.31197951531708945
25688,2,0,0.14728965848114067
25693,2,0,0.15702763516129026
25696,2,0,0.4732484241143932
25701,2,0,0.40213595050145556
25703,2,0,0.21750057126605638
25704,2,0,0.600345015993682
25707,2,0,0.2041380880283033
25711,2,0,0.18530362187501395
25713,2,0,0.5620557268452602
25719,2,0,0.2536137981477768
25727,2,1,0.16763746646246425
25729,2,0,0.35176732600712374
25730,2,0,0.46100632953243775
25731,2,0,0.5435454042581498
25734,2,0,0.17815388419656009
25738,2,0,0.34023292141481193
25742,2,1,0.9047097801171984
25745,2,0,0.3268721168409018
25747,2,0,0.6073061815585689
25748,2,0,0.4957097014587347
25752,2,0,0.24953144305637626
25758,2,0,0.3759677440585962
25761,2,1,0.22760196725941742
25763,2,0,0.2018335068050055
25773,2,0,0.39784672853049446
25779,2,0,0.5674126304002224
25781,2,0,0.4354208394391235
25783,2,0,0.40064768610203594
25786,2,0,0.1813035865524695
25790,2,0,0.3505794833302488
25791,2,0,0.3483559307015254
25797,2,0,0.17588046182343559
25799,2,1,0.21134619168928184
25808,2,0,0.1013001930666006
25811,2,0,0.24807680825326278
25818,2,1,0.15674028499872356
25824,2,0,0.3595176713277653
25825,2,0,0.4723142285376155
25826,2,0,0.43718540502948927
25830,2,0,0.18787503565076236
25841,2,0,0.35196550247867153
25845,2,1,0.6091450842350844
25847,2,0,0.45600521694116275
25851,2,1,0.17152350031615635
25852,2,1,0.7140647546296359
25853,2,0,0.18943911875511518
25854,2,0,0.3016965447633528
25855,2,0,0.3195876865325795
25856,2,0,0.5329383263746718
25860,2,0,0.5611750015934297
25861,2,0,0.07720479356272794
25867,2,0,0.5958753724856279
25868,2,0,0.5350109412396344
25874,2,1,0.49651632487534525
25875,2,1,0.793323570661483
25878,2,0,0.09919874410386098
25883,2,0,0.46780682391587136
25887,2,1,0.7200131834009081
25891,2,0,0.5180116753125672
25894,2,0,0.17618054385698023
25896,2,0,0.15514159961490512
25897,2,0,0.344486091396502
25901,2,0,0.284566480450627
25905,2,1,0.5775176853198187
25906,2,0,0.5348818587937676
25907,2,0,0.5055220640932361
25913,2,0,0.803717535091444
25914,2,0,0.19612646644179071
25916,2,0,0.6108180270343536
25917,2,0,0.32656414802332184
25923,2,0,0.20802113370259884
25927,2,0,0.4282677720766007
25931,2,0,0.33152999447550363
25939,2,0,0.4085622498732682
25942,2,0,0.2778458727189271
25943,2,0,0.7251445405093201
25948,2,0,0.1347845382994583
25957,2,0,0.6193367281801593
25962,2,0,0.659506180146371
25964,2,0,0.18277468529213003
25969,2,0,0.3667860963185081
25970,2,0,0.3790269206811431
25973,2,1,0.5334247692154537
25984,2,0,0.4059075135501118
25995,2,0,0.4998961157463847
26000,2,0,0.5426561532626727
26001,2,0,0.5435196261175916
26005,2,1,0.2841596480052134
26011,2,0,0.12041009401237
26013,2,1,0.8316932433498103
26017,2,0,0.34625987079299575
26018,2,0,0.36672236461572644
26020,2,0,0.36691975740870103
26023,2,0,0.712256846639513
26026,2,0,0.5009376494405835
26029,2,0,0.10974232365247998
26030,2,1,0.2695170973834263
26035,2,1,0.7298749809514732
26037,2,0,0.3893716477048446
26041,2,0,0.2973560340156174
26042,2,0,0.5318684117677586
26044,2,1,0.8261127967061686
26050,2,0,0.296187942130927
26051,2,0,0.4375261175180535
26052,2,0,0.43761415609197496
26053,2,0,0.42036645234029546
26057,2,0,0.47681554386418123
26061,2,0,0.34459777341723147
26062,2,0,0.03600200595235926
26064,2,0,0.389336922595905
26069,2,0,0.19920409376816497
26082,2,0,0.46627348568802857
26085,2,0,0.3860456134419223
26086,2,0,0.2970882347476209
26087,2,1,0.4528877080109489
26088,2,0,0.5125302366616625
26101,2,0,0.4078135017372839
26104,2,0,0.3093308368692168
26105,2,0,0.2940929431048214
26107,2,0,0.5816717981746088
26118,2,0,0.24780385898181193
26123,2,0,0.37702128065376006
26125,2,0,0.48376911550400353
26126,2,0,0.5256333025871541
26128,2,1,0.5382153273188612
26130,2,0,0.2139471089345839
26134,2,1,0.4760419085071718
26142,2,0,0.25137478231634486
26143,2,0,0.41267433461786374
26144,2,0,0.5219835165393831
26146,2,0,0.2976638682819308
26147,2,0,0.6510090726010644
26151,2,1,0.8904128865916043
26152,2,0,0.3284743626982251
26155,2,0,0.5358392148119133
26161,2,0,0.5536026665837006
26168,2,1,0.841308992438245
26179,2,0,0.4958997929035302
26181,2,0,0.32382836459331044
26182,2,0,0.40482628691104533
26184,2,0,0.5112362233766776
26192,2,0,0.4841681672307466
26195,2,0,0.19141260709600752
26196,2,0,0.5768350212301256
26199,2,0,0.5474290966589676
26202,2,0,0.5584676794852967
26203,2,0,0.1532784452878937
26208,2,0,0.4159615395054428
26209,2,0,0.486720298136712
26210,2,0,0.48188035254691564
26212,2,0,0.6704666047875558
26213,2,0,0.32328971416202973
26215,2,0,0.014916999049227568
26220,2,0,0.4522981075508425
26224,2,0,0.29706821501139613
26227,2,0,0.20748705058243835
26245,2,0,0.2265419573266029
26246,2,0,0.41506702396957307
26247,2,1,0.6938480077821787
26256,2,0,0.4749996090689624
26257,2,0,0.29019395231105255
26258,2,0,0.500413492471231
26261,2,1,0.36035698745944883
26263,2,0,0.3262527232081181
26264,2,0,0.46677507021517756
26266,2,0,0.7176395944323357
26268,2,0,0.37290594250485987
26272,2,0,0.49736570885602105
26273,2,0,0.19816801487208732
26277,2,0,0.5218567814030535
26278,2,0,0.175534244651974
26282,2,0,0.41981818893078804
26283,2,0,0.4098501462263427
26285,2,1,0.3047704829641631
26286,2,0,0.40284417758310725
26294,2,0,0.5576803546638961
26299,2,0,0.46157156074550554
26307,2,0,0.26632930352126205
26309,2,0,0.26618269692854796
26312,2,0,0.17396408434678157
26315,2,1,0.593018591804225
26321,2,0,0.5130298385557945
26323,2,0,0.2939261552446673
26324,2,0,0.28996304244333343
26332,2,0,0.5198598483040504
26334,2,0,0.12454960357410114
26338,2,0,0.4894271165118959
26339,2,0,0.4139595135553963
26342,2,0,0.2791520177871033
26344,2,0,0.15905942670574522
26345,2,0,0.26675970484370687
26347,2,1,0.5681659917424136
26350,2,0,0.29556792783432345
26352,2,0,0.4772480300011101
26353,2,1,0.15823111270567786
26357,2,0,0.2789303612299703
26358,2,0,0.22347519416906184
26366,2,0,0.3399499051962062
26368,2,1,0.3148175801594038
26376,2,0,0.6107152974855692
26377,2,1,0.4571866010525475
26380,2,0,0.542216534610205
26383,2,0,0.5113655320151185
26388,2,0,0.1696627477748841
26390,2,0,0.24519951523511394
26397,2,0,0.12612992598134284
26401,2,0,0.34641272794616357
26402,2,0,0.32019982859613305
26403,2,0,0.5301011310393281
26405,2,1,0.23445382822894684
26407,2,0,0.4648281110730341
26412,2,0,0.5387951988277142
26415,2,0,0.47242692500665
26421,2,1,0.2714516048795797
26425,2,0,0.49431164156005875
26426,2,0,0.3753318212044808
26429,2,0,0.19725835911695638
26437,2,0,0.3642291954792673
26438,2,0,0.31839793729368443
26440,2,0,0.5133414879555445
26443,2,1,0.45163889189674805
26445,2,0,0.21727739245710367
26448,2,0,0.34225150992130077
26449,2,1,0.517738647431002
26452,2,0,0.34576180308114424
26456,2,0,0.47850932481372976
26460,2,1,0.5772363774333616
26464,2,1,0.2987309989699868
26474,2,0,0.5038164983285848
26475,2,0,0.32393888108484736
26480,2,1,0.5519841390022053
26484,2,0,0.7783305146614097
26485,2,1,0.6290259980872666
26487,2,1,0.7094788084941155
26488,2,0,0.3350322723397484
26493,2,1,0.2605814830781969
26497,2,0,0.3451239989064285
26501,2,1,0.8353053051642367
26504,2,0,0.4717205006440407
26506,2,0,0.4418559306856311
26507,2,1,0.8535661658802209
26510,2,0,0.30204290257277117
26511,2,0,0.6011976925313258
26513,2,0,0.4587490951330735
26515,2,0,0.5616741341024275
26519,2,0,0.7400420603222998
26521,2,1,0.5901650763891932
26525,2,1,0.7829631936942789
26527,2,0,0.5102321303522652
26529,2,1,0.18376739183234048
26538,2,0,0.22693884038517745
26540,2,0,0.596615810734063
26547,2,0,0.23632625030148297
26553,2,0,0.3869310740476343
26556,2,0,0.5031463310714618
26558,2,0,0.3993999077844359
26561,2,0,0.8169870151686556
26564,2,0,0.49393502920979493
26568,2,0,0.3516019787061243
26570,2,1,0.656297005099185
26571,2,0,0.343391580574439
26575,2,0,0.4046920550393695
26577,2,0,0.5484694365314884
26578,2,0,0.2354244521383429
26579,2,0,0.6416534737175651
26598,1,0,0.6471582120159848
26603,1,0,0.643073700399267
26604,1,0,0.524662305575911
26607,1,0,0.48232680339842726
26608,1,0,0.41655943660089445
26614,1,0,0.6633732042934085
26616,1,1,0.6976467302106167
26617,1,0,0.5012807112362421
26619,1,1,0.46299752399783245
26622,1,0,0.5296380349954442
26626,1,0,0.44165022658650244
26629,1,0,0.4548769261181626
26631,1,0,0.45219390259020104
26632,1,0,0.5707216178028731
26633,1,0,0.5482482372673575
26637,1,0,0.4141592533577258
26638,1,0,0.526293065340035
26639,1,0,0.4137416250211811
26640,1,0,0.5847272110408132
26642,1,0,0.36175815561784597
26645,1,1,0.3416235381615596
26646,1,1,0.5080675874731119
26647,1,0,0.5196981880161284
26649,1,1,0.38532924130478025
26652,1,1,0.729543280454157
26654,1,0,0.433555770986729
26657,1,1,0.5164348601277526
26658,1,0,0.5366052341150066
26659,1,1,0.6580176411918552
26661,1,0,0.44330539503945954
26664,1,1,0.9386044586634684
26665,1,0,0.44360735443126864
26671,1,0,0.2851199971759487
26680,1,0,0.5709674801219846
26682,1,0,0.4871209091491422
26683,1,0,0.5169921338890294
26685,1,0,0.6694929513779518
26688,1,0,0.745372777507865
26690,1,1,0.7436038844122109
26692,1,0,0.6652536159761724
26694,1,0,0.38743021992064136
26695,1,0,0.4504586548844474
26699,1,0,0.4408416707317074
26704,1,0,0.17905483586541823
26708,1,0,0.48972554599555157
26713,1,0,0.7939960738936751
26715,1,0,0.5519086392285558
26721,1,0,0.49418479031183066
26726,1,0,0.4792307902966281
26728,1,0,0.4283688736365211
26729,1,1,0.6667817439708597
26730,1,0,0.5154667720283268
26740,1,1,0.4204770533700427
26741,1,1,0.5813991508625741
26746,1,0,0.5007734629270183
26749,1,0,0.18200820182262553
26751,1,0,0.19042257943921476
26752,1,0,0.15922740272298375
26753,1,0,0.5018732264779661
26754,1,0,0.3276677464086431
26756,1,0,0.18464726066001438
26764,1,0,0.44796253101719563
26765,1,1,0.7507002337447444
26768,1,0,0.5355253021302614
26772,1,0,0.4332955525762282
26773,1,0,0.21073771309816428
26777,1,0,0.45125611506241997
26778,1,1,0.32523827511533293
26779,1,0,0.41820631602527536
26787,1,0,0.3293154608777773
26790,1,0,0.5617754417642853
26795,1,0,0.33504427107811013
26797,1,0,0.18745751073950567
26798,1,0,0.3559437483359201
26805,1,0,0.36987728808143233
26806,1,0,0.1959059011109012
26807,1,0,0.41356723863813544
26809,1,1,0.5267771988316197
26811,1,0,0.48586655202626666
26812,1,0,0.33964355542377445
26813,1,0,0.359997087458688
26815,1,0,0.516991201167859
26816,1,0,0.5567457036073755
26819,1,1,0.5608650971484284
26820,1,0,0.1949786470527629
26830,1,1,0.5760232262338442
26835,1,0,0.13098388583579768
26838,1,0,0.6403730017058112
26839,1,0,0.18338722725191856
26842,1,0,0.2705122103700195
26846,1,1,0.8225935224904645
26849,1,0,0.756700244616234
26854,1,1,0.6959568967509666
26857,1,1,0.20659656992395
26860,1,0,0.41196249408423874
26879,1,0,0.490176639985947
26881,1,0,0.8556998406667579
26882,1,0,0.2435629613827447
26886,1,0,0.33386586287250786
26891,1,0,0.1282553805745127
26892,1,1,0.2971344143468759
26896,1,0,0.5337941608843992
26901,1,0,0.5684937986064659
26904,1,0,0.5665524809928064
26907,1,0,0.4814413921450443
26913,1,0,0.4884796032840989
26916,1,0,0.30334094607723056
26927,1,0,0.3317151090833475
26934,1,0,0.3963827782266781
26942,1,0,0.48505211869350473
26944,1,1,0.6983186771876285
26945,1,0,0.2544433200938045
26947,1,0,0.6323487505738744
26949,1,0,0.5812910257531237
26951,1,0,0.17754057164593606
26953,1,0,0.31476744891745667
26955,1,0,0.2947328240663698
26968,1,0,0.4533497468179094
26972,1,0,0.5288904278521432
26974,1,0,0.3808696210342135
26977,1,0,0.2189570064601101
26987,1,0,0.18012595889260685
26992,1,0,0.4772622441898468
26994,1,0,0.6253622947067824
26996,1,0,0.16598307629415782
26997,1,1,0.8237037688783206
26998,1,0,0.4853839164516858
26999,1,0,0.3721160979835906
27006,1,1,0.743628275434895
27008,1,0,0.2551266563598155
27010,1,0,0.3221783178294771
27012,1,0,0.2205986057550353
27017,1,0,0.405985106409031
27019,1,0,0.5133951818746592
27026,1,0,0.3451536106682134
27031,1,0,0.43731104342055427
27032,1,0,0.33466326055147316
27034,1,0,0.1324168806352218
27039,1,0,0.19831168150242146
27040,1,1,0.24595405986707589
27041,1,0,0.26450142667959964
27042,1,0,0.3981266352117315
27045,1,0,0.41607077313864227
27047,1,0,0.6014589449051666
27052,1,0,0.34554010017736464
27061,1,0,0.5692134079839197
27062,1,0,0.6222801176487831
27069,1,1,0.7864505456707316
27075,1,1,0.45954869691032274
27078,1,0,0.786535578047347
27081,1,0,0.19230314916234728
27096,1,0,0.143171777547352
27099,1,0,0.5619045451139136
27100,1,0,0.5127422441899532
27101,1,0,0.28495188804206023
27110,1,0,0.5226114457468564
27112,1,1,0.7622123216459322
27114,1,0,0.4949569226011974
27121,1,0,0.387357880100074
27123,1,1,0.7483415151958969
27125,1,0,0.5689345885003299
27134,1,0,0.2973592541453421
27138,1,0,0.47834361184910795
27139,1,0,0.42838014985196
27140,1,1,0.8350914797060852
27143,1,0,0.33437714651878275
27145,1,0,0.3444646766205018
27149,1,0,0.4473983622472547
27151,1,0,0.6224004671472764
27153,1,0,0.4687303669094129
27154,1,0,0.18853165086318596
27162,1,0,0.4818075696696067
27164,1,0,0.9553516484919058
27167,1,0,0.6958204729041289
27169,1,0,0.5542313939456673
27172,1,0,0.5043325080282758
27175,1,0,0.5003694911620191
27178,1,0,0.20245181833240056
27183,1,0,0.47000118486998427
27190,1,1,0.5945999451973216
27192,1,0,0.3542718971743682
27193,1,1,0.887211666933019
27194,1,1,0.4282286402219713
27201,1,0,0.4053287634300527
27205,1,0,0.4187868831841366
27207,1,0,0.4294661584020856
27209,1,0,0.5908106096349314
27214,1,1,0.7588918990578928
27226,1,0,0.5191603421122958
27230,1,0,0.5853617804902297
27232,1,0,0.20896894207967703
27238,1,0,0.2416477781879386
27239,1,0,0.5470432400743489
27241,1,0,0.5498826775052408
27246,1,0,0.5294423598022079
27250,1,0,0.603393488360453
27251,1,0,0.4733583397995538
27253,1,0,0.5755272164382027
27255,1,0,0.8633523758860978
27258,1,0,0.45769916616581025
27265,1,0,0.23311189412916047
27268,1,1,0.8289520320417275
27270,1,0,0.327478434597078
27274,1,1,0.25643019305684445
27275,1,0,0.5155681153237123
27278,1,0,0.7573704961932367
27281,1,0,0.48207336742444246
27283,1,0,0.4975748928303006
27284,1,0,0.45281586815077945
27287,1,0,0.5892444030769661
27293,1,0,0.11871408902663053
27298,1,1,0.5286280303403154
27299,1,1,0.614973151743484
27300,1,0,0.11219517718647583
27301,1,0,0.5262952351723748
27304,1,0,0.4953469453442842
27305,1,0,0.11795631503707622
27307,1,0,0.4714831661825093
27308,1,0,0.5676127298879649
27309,1,0,0.7191209533353936
27310,1,0,0.30493504332756355
27311,1,0,0.5657596282504016
27313,1,0,0.1952643891316833
27314,1,0,0.3309348562357796
27317,1,0,0.4787563050559996
27330,1,0,0.5352819935683728
27332,1,0,0.19458400855645114
27333,1,0,0.4499116939244562
27334,1,0,0.5185461783511809
27335,1,0,0.40378193624110015
27338,1,0,0.45254837255057684
27339,1,0,0.26220904812350726
27340,1,0,0.6672508849595438
27342,1,0,0.24481988671440227
27344,1,0,0.33720002742622257
27350,1,0,0.3182170782869643
27356,1,0,0.34990438724558154
27357,1,0,0.2996724642439091
27360,1,0,0.4236476130321556
27363,1,0,0.46903843283189633
27365,1,0,0.5142340569626628
27367,1,0,0.4244798761992506
27369,1,0,0.6775181382642292
27370,1,0,0.1414937523287007
27372,1,0,0.10404414587859026
27373,1,1,0.7523743140325078
27376,1,1,0.19927656809395758
27379,1,0,0.20020214670367104
27381,1,0,0.4265906177399556
27384,1,0,0.25468673895041083
27386,1,0,0.550781211898515
27387,1,1,0.7344237216763195
27390,1,1,0.37807924166591644
27391,1,0,0.27388026054318043
27393,1,0,0.5072008519331104
27394,1,1,0.7378460251868252
27396,1,0,0.42607062041041066
27397,1,0,0.6579967448158462
27398,1,0,0.3523311376485055
27400,1,0,0.37019664921573237
27410,1,0,0.491223643378474
27411,1,0,0.30881705994796477
27413,1,0,0.3736856976796281
27414,1,0,0.5486076293982544
27415,1,0,0.4353651608142475
27416,1,1,0.2233882115199428
27417,1,1,0.45061639248857305
27418,1,0,0.18656510427605696
27420,1,1,0.4460015808359926
27424,1,0,0.5513655320880305
27442,1,1,0.6776709696212645
27448,1,0,0.17887865176321174
27449,1,1,0.724514767007361
27452,1,0,0.4778803591015733
27458,1,1,0.684204516829015
27467,1,0,0.3829004741832942
27469,1,0,0.33289265201224655
27475,1,0,0.40649261951823445
27480,1,0,0.21306572308162042
27484,1,0,0.8057409166085658
27488,1,0,0.5418310453940446
27489,1,0,0.5414788766528073
27490,1,0,0.48078061724076465
27491,1,0,0.5796180712601708
27492,1,0,0.4864526175046459
27501,1,0,0.6116176629538703
27503,1,0,0.6780333952890039
27518,1,0,0.4165023984019982
27523,1,1,0.5545032519506267
27529,1,0,0.30099058086947733
27533,1,0,0.5608924460715289
27534,1,1,0.7523672378480367
27535,1,0,0.5917727351513061
27538,1,0,0.5511527006864574
27545,1,0,0.8040582331977321
27554,1,1,0.753823355613842
27557,1,1,0.8528776840853346
27562,1,0,0.5960024432250705
27563,1,0,0.5808140057324345
27565,1,1,0.15445492870682714
27568,1,0,0.42076420447559465
27569,1,0,0.7147350398664354
27570,1,1,0.3439952500844176
27573,1,0,0.28099330936101574
27581,1,1,0.7546431291987652
27588,1,1,0.41105458478408924
27590,1,1,0.6554434310145743
27591,1,0,0.5370285112322092
27592,1,0,0.7248810226580344
27593,2,1,0.5060923782506532
27596,2,1,0.4254063838382149
27598,2,0,0.48416515501026497
27601,2,0,0.47198766106067724
27603,2,0,0.10073470480705024
27606,2,0,0.4409175287238897
27612,2,0,0.49521463448179337
27613,2,1,0.7911708860986906
27615,2,0,0.23083247277497965
27617,2,0,0.5030859674405008
27621,2,0,0.4696956832486654
27622,2,0,0.3152181371283148
27624,2,1,0.7603776752475788
27626,2,0,0.25034170191613264
27627,2,0,0.28043262058340723
27629,2,0,0.44738368244390075
27633,2,0,0.5549940775475095
27640,2,0,0.37086629648420216
27642,2,0,0.463083378472544
27645,2,0,0.4668613032140339
27650,2,0,0.4734215613506315
27651,2,0,0.7878174757173096
27652,2,0,0.5587489597885457
27656,2,0,0.4722805062975879
27657,2,1,0.45325266239766726
27663,2,0,0.39003149793344255
27665,2,1,0.7836657786007633
27669,2,1,0.5579412530324812
27670,2,0,0.6854160938958191
27675,2,0,0.45774013335000435
27679,2,0,0.4051866229424193
27680,2,0,0.38315060195710077
27683,2,0,0.5483119650754841
27686,2,0,0.48426510984235377
27687,2,0,0.5059922155238677
27688,2,1,0.49358790988771356
27695,2,0,0.4457933314014908
27706,2,0,0.18892269558618288
27708,2,0,0.4261869676308192
27713,2,0,0.17318746075458846
27716,2,0,0.5986411982920683
27719,2,1,0.6737596544362594
27722,2,1,0.3259821053171232
27723,2,0,0.7358088689382408
27738,2,0,0.48540327532616057
27739,2,0,0.40677871967454476
27746,2,0,0.39509162893265365
27747,2,0,0.47929240061453887
27751,2,0,0.17377282781063666
27759,2,0,0.4627818114105045
27768,2,0,0.30640250588995127
27769,2,0,0.18075705353060217
27780,2,0,0.33491175065689793
27781,2,0,0.43615923624099334
27784,2,0,0.4693699047654131
27785,2,0,0.3961507596302753
27787,2,0,0.4991512545230354
27789,2,0,0.1387105489553641
27790,2,0,0.5064362383305782
27791,2,1,0.7434986758215467
27797,2,0,0.3113982267621417
27798,2,0,0.4064162358388351
27802,2,0,0.6322158646984442
27803,2,0,0.25813027520459964
27804,2,0,0.29736668286652307
27808,2,1,0.18092988824137626
27809,2,0,0.22848374655219314
27810,2,0,0.7150807127870652
27811,2,0,0.4821307526029579
27815,2,0,0.2835121665656246
27817,2,0,0.14209730049486038
27818,2,0,0.43907111652612535
27823,2,0,0.42022379228886136
27832,2,0,0.3663911812846991
27836,2,0,0.43295598556745774
27840,2,1,0.6869457019543408
27842,2,0,0.7326618755576314
27844,2,0,0.6255962828681848
27845,2,0,0.1609948692543124
27846,2,1,0.7576161254602921
27852,2,0,0.6858015117279135
27857,2,0,0.42959300719961635
27859,2,1,0.7295227555716337
27862,2,0,0.36827540466203335
27864,2,0,0.7042361198096403
27865,2,0,0.26258614271368846
27866,2,0,0.4244798159252242
27867,2,0,0.4429160994745643
27877,2,0,0.45349463159758074
27879,2,0,0.7208921160030227
27881,2,0,0.4714811859037048
27882,2,0,0.4095365949627301
27886,2,1,0.4499474184406291
27892,2,0,0.47196325165991165
27902,2,0,0.1944061695216698
27908,2,0,0.28455637713960474
27911,2,0,0.4878056823740548
27912,2,0,0.3055857374474408
27921,2,0,0.6992001981791887
27922,2,0,0.36798689034075
27928,2,0,0.1576282539667691
27935,2,0,0.28362074365785866
27938,2,1,0.5536695598845621
27940,2,0,0.5862638084088114
27941,2,0,0.4465930931775217
27944,2,0,0.3020521108894817
27945,2,0,0.4739610961766009
27946,2,0,0.33521154926504326
27950,2,0,0.35210639949479344
27954,2,0,0.4928629060694047
27955,2,1,0.3605770982750847
27957,2,0,0.32872565317698194
27958,2,0,0.8167667709237949
27962,2,0,0.6098859291622877
27965,2,0,0.18267607825931348
27967,2,0,0.4936725978596237
27971,2,0,0.40127125090274457
27980,2,0,0.3078968935287387
27982,2,0,0.4211001459623959
27989,2,0,0.4281021756708507
27995,2,0,0.42038723108675463
28001,2,1,0.7289174403358213
28004,2,0,1.4801793947996438e-06
28010,2,0,0.30579487151075996
28013,2,0,0.31041843179790324
28015,2,0,0.4214970761277011
28016,2,1,0.6895695900358209
28017,2,1,0.19581665057133604
28019,2,1,0.5351713757285131
28022,2,0,0.26293345375466276
28025,2,0,0.30635345488518007
28026,2,1,0.3413317021925659
28030,2,0,0.14453622829054286
28042,2,0,0.08143118239781812
28043,2,0,0.5140660793636553
28048,2,0,0.40498177805877444
28056,2,0,0.5232841030546643
28060,2,1,0.6940422190018924
28063,2,0,0.2638526810917926
28067,2,0,0.31552850118243514
28070,2,0,0.38871765608388026
28071,2,0,0.49407647995923293
28074,2,1,0.6034336229677626
28077,2,1,0.8075676169305179
28078,2,0,0.3595551860524984
28084,2,0,0.34363139049505526
28085,2,0,0.4157740436867999
28086,2,0,0.3402831097478435
28088,2,0,0.32359320568582967
28097,2,1,0.743019095059646
28102,2,0,0.4659515254257902
28103,2,1,0.7995699688478323
28104,2,1,0.7310278303080916
28110,2,1,0.352113134684016
28113,2,0,0.04660889623797211
28115,2,0,0.4403666825956571
28117,2,0,0.4937525054012267
28119,2,1,0.3306479016217075
28123,2,0,0.43769431138549
28125,2,0,0.2044682299234444
28128,2,0,0.23273185203521302
28133,2,0,0.4247947610071113
28134,2,0,0.5284088636312123
28138,2,0,0.5308715500574347
28140,2,0,0.16571978016563635
28141,2,0,0.20321196118049512
28145,2,0,0.18288377856588595
28151,2,1,0.7601952337583683
28159,2,0,0.334659962234031
28160,2,0,0.23049289072572252
28161,2,0,0.3238272224246467
28168,2,0,0.4930697459974469
28169,2,0,0.35944603784928314
28173,2,0,0.5233830986102112
28175,2,0,0.3161589430928908
28178,2,0,0.1980232920337486
28180,2,0,0.5045400855212364
28183,2,1,0.26469816116016565
28184,2,0,0.5171230811648532
28187,2,0,0.3587708695424281
28203,2,0,0.3543979472053801
28204,2,0,0.46397097726465875
28208,2,0,0.21324630096456273
28210,2,0,0.2314110102215195
28214,2,0,0.20534670606082006
28224,2,0,0.14961466007224625
28225,2,0,0.19105536827112463
28229,2,0,0.5708153671300895
28230,2,1,0.4036807818404206
28231,2,0,0.17976648042836285
28234,2,0,0.4925561200100032
28235,2,0,0.3376924759904314
28236,2,1,0.5961409234755698
28243,2,1,0.7788820149409525
28249,2,0,0.15657657661919364
28251,2,0,0.5531083421988187
28259,2,0,0.21981545236502026
28261,2,1,0.32896854062889225
28263,2,0,0.20630356446035625
28273,2,0,0.19004690412256714
28276,2,0,0.5425121272047985
28277,2,1,0.2008593650256663
28282,2,0,0.28703451951431574
28286,2,1,0.4925119229444915
28287,2,1,0.5682537877327237
28291,2,0,0.32117723242650537
28292,2,0,0.3580452127667781
28299,2,0,0.490434674856138
28305,2,0,0.6958926223810475
28313,2,0,0.44708683251400083
28316,2,0,0.20966159355887287
28319,2,0,0.15955673002140094
28322,2,1,0.1634467884105035
28324,2,1,0.7687726275945919
28330,2,0,0.38281767576681375
28331,2,0,0.37579205072117206
28337,2,0,0.49003991574513256
28338,2,0,0.23118292113398997
28346,2,0,0.2884628019960508
28358,2,0,0.31560758723660587
28361,2,0,0.20996951603527245
28367,2,1,0.7429816664156659
28369,2,0,0.2466511920094001
28371,2,0,0.3524156353693443
28372,2,0,0.2859945640445408
28376,2,0,0.45479421610674853
28377,2,0,0.8175556849557203
28378,2,0,0.48809427015070866
28382,2,0,0.40212592380609097
28383,2,0,0.5106359297762745
28384,2,0,0.5114875670444886
28386,2,0,0.5375638677654393
28388,2,0,0.4461297469123382
28393,2,0,0.4972990238482067
28396,2,0,0.48537286095353244
28400,2,0,0.15049095616011154
28403,2,1,0.3844140652470296
28404,2,0,0.2822423179716525
28409,2,0,0.3947765530806527
28411,2,0,0.1683040255004539
28412,2,0,0.46024968586206816
28414,2,0,0.43664130610454854
28416,2,0,0.43188960595497505
28421,2,0,0.4086038128993516
28425,2,0,0.35851741561635925
28426,2,1,0.38537933815593656
28427,2,0,0.7221973861443846
28430,2,0,0.6103920001804042
28432,2,0,0.21220655833715693
28436,2,0,0.19416580384495963
28437,2,0,0.3591774321911502
28441,2,0,0.44039914083494075
28446,2,0,0.5387788678575973
28449,2,0,0.1530871012861558
28451,2,0,0.03372830869198633
28467,2,0,0.17222985686113496
28468,2,0,0.3113477869049557
28470,2,0,0.22358139551223385
28472,2,0,0.40215952004665634
28475,2,0,0.45479070009702605
28479,2,1,0.3263597540840916
28480,2,0,0.38015418960530134
28483,2,0,0.358866453747854
28484,2,0,0.39294635415718204
28488,2,0,0.5067516779660969
28496,2,0,0.19033223087249654
28498,2,0,0.4592876641750697
28503,2,0,0.46093047653688224
28505,2,0,0.3100761973191299
28506,2,0,0.3571062847898085
28509,2,0,0.434076254128143
28516,2,0,0.07680088506598128
28520,2,0,0.4677311893363792
28527,2,0,0.3633522799823805
28529,2,0,0.49742519800868346
28532,2,1,0.8155755988722898
28539,2,0,0.32245575352531314
28540,2,0,0.4090201507907385
28541,2,0,0.2515904797398846
28553,2,1,0.3400079687959606
28554,2,0,0.5726604069136215
28557,2,0,0.6706934418853345
28558,2,0,0.16683923245067797
28566,2,0,0.3021891468849747
28570,2,0,0.34794312826293816
28572,2,0,0.3897461912612164
28579,2,0,0.25826935606103824
28585,2,0,0.19599878525884518
28587,2,0,0.3721829622435422
28591,2,1,0.5504834945885344
28599,2,0,0.6541054140044475
28604,2,1,0.829804136255821
28605,2,1,0.703681658816759
28613,2,0,0.46476646040641945
28614,2,0,0.5879409773012697
28620,2,0,0.5034859299053122
28622,2,1,0.5334609378414891
28623,2,0,0.41271036206234263
28624,2,0,0.5435911593154205
28626,2,0,0.18319816666657582
28637,2,0,0.4733376667319696
28638,2,1,0.7150283429518135
28640,2,0,0.4646617894984336
28641,2,0,0.324750815995032
28646,2,0,0.44790028518356373
28654,2,0,0.2734655963037503
28658,2,0,0.5333757087566907
28659,2,0,0.2845144926009582
28662,2,0,0.7298648710373555
28666,2,1,0.3253020373205832
28670,2,0,0.3443882479873431
28674,2,0,0.39052427952965396
28675,2,0,0.4805315326274745
28680,2,0,0.410039801337286
28683,2,0,0.46957728967212903
28685,2,0,0.1866903062658783
28686,2,1,0.43488788525418
28689,2,0,0.46480002246727076
28690,2,0,0.6526696663982097
28691,2,0,0.4528886220014202
28696,2,0,0.27410397789572455
28698,2,0,0.20474206220291152
28703,2,0,0.7137256592017102
28706,2,0,0.34420490144075805
28711,2,0,0.5347268639576171
28718,2,0,0.11746752864235664
28723,2,0,0.4884651862842146
28729,2,0,0.49206992441160086
28730,2,0,0.4261605106212156
28735,2,0,0.2769781529265425
28736,2,0,0.388758099743981
28742,2,0,0.5068743403452256
28747,2,0,0.3731781643303042
28750,2,0,0.17643574167342924
28751,2,0,0.33592743059316377
28755,2,0,0.32841517883593013
28757,2,0,0.1705278069664616
28758,2,0,0.42206100004982194
28759,2,0,0.49835443901585935
28764,2,1,0.18597972872562388
28765,2,0,0.3131207794647499
28766,2,0,0.4417949163218461
28767,2,0,0.8371480783183101
28771,2,1,0.5404317180905757
28772,2,0,0.18640040985999204
28779,2,0,0.3911765230800241
28786,2,0,0.2790498108902079
28794,2,0,0.4953115366185832
28798,2,0,0.20907808762018076
28800,2,0,0.46724513436997184
28802,2,0,0.3153197291478534
28807,2,1,0.19172717786190446
28809,2,0,0.17723811697476552
28810,2,0,0.34732416328356813
28811,2,0,0.1376350763245831
28813,2,0,0.43484046047686487
28815,2,0,0.3102823303079767
28821,2,0,0.47410410593452995
28824,2,0,0.33147268897822896
28827,2,0,0.5413180136265884
28828,2,0,0.17356767391373137
28829,2,0,0.4673717883496802
28834,2,0,0.7001040346005699
28841,2,1,0.18073905151847922
28843,2,0,0.41900641589160575
28846,2,0,0.19577142904007516
28847,2,0,0.31837113777183507
28848,2,0,0.4576198452878474
28852,2,1,0.9007465659933275
28855,2,0,0.3640400349512803
28857,2,0,0.23141515584317845
28860,2,0,0.4480780543043331
28866,2,0,0.4095526958644615
28871,2,1,0.5092205513333801
28872,2,0,0.5455246224690242
28876,2,0,0.5027785187637762
28878,2,0,0.3908782019349193
28885,2,0,0.17578608529031753
28892,2,0,0.3417940441861195
28895,2,0,0.5506375307069503
28901,2,0,0.4197046014380206
28905,2,0,0.4606736115626865
28906,2,0,0.43755902444583633
28909,2,1,0.14142138877609714
28915,2,0,0.3744098251762514
28922,2,0,0.23895693915487165
28926,2,1,0.23259095355753648
28928,2,0,0.3312538072371767
28929,2,0,0.2152239173422513
28932,2,0,0.4222220629393408
28935,2,0,0.4914564456211877
28938,2,0,0.36365429131467286
28939,2,0,0.49225974909065306
28945,2,0,0.5234997264688093
28952,2,0,0.3576870037522638
28960,2,0,0.4854301224992359
28963,2,0,0.37784379086960657
28964,2,1,0.20081165245215188
28965,2,0,0.5890668679712185
28969,2,0,0.1989656244065338
28971,2,0,0.6972179650651132
28973,2,0,0.4833230482835079
28974,2,1,0.4555244171105401
28975,2,1,0.813166548077642
28979,2,1,0.3038902995184921
28981,2,0,0.2242239282876982
28982,2,0,0.4834921924396209
28983,2,0,0.4365710129561824
28984,2,0,0.2124006757654693
28989,2,1,0.528959085163335
28990,2,0,0.4962286829756716
28991,2,0,0.21368083234410484
28992,2,0,0.40412119313964173
28997,2,0,0.2873620392127867
29001,2,0,0.4861323803590962
29004,2,0,0.2201295258851347
29006,2,0,0.1983235528286355
29007,2,0,0.5937321346834314
29025,2,1,0.3023077385806896
29029,2,1,0.8198227541886415
29036,2,1,0.3680139559677398
29039,2,0,0.7216675979664967
29041,2,0,0.058241680021204056
29042,2,1,0.1731408160009105
29047,2,0,0.5683444281896133
29049,2,0,0.4013666761576579
29060,2,0,0.5394181045350058
29062,2,0,0.5323981819181176
29064,2,0,0.17351225355463654
29065,2,0,0.7629477491802857
29066,2,0,0.4875808447169614
29072,2,0,0.5037864749756895
29075,2,1,0.7398161576626604
29078,2,0,0.6009993197837468
29080,2,0,0.41048718080654073
29086,2,0,0.617571383222691
29087,2,0,0.5623851028192798
29095,2,0,0.4202280951895564
29099,2,0,0.269352681474509
29101,2,0,0.1943022097976141
29104,2,0,0.5078810360605155
29106,2,1,0.7308658376187113
29108,2,0,0.7599014640849794
29109,2,1,0.698176614703132
29111,2,0,0.48926709322642187
29112,2,0,0.22411774451196778
29115,2,1,0.1972434740054307
29121,2,0,0.3555570196622528
29122,2,0,0.6544701133555259
29131,2,0,0.4324449407529431
29134,2,0,0.21756979170846963
29136,2,0,0.46417724853443465
29144,2,0,0.3884614596685412
29155,2,1,0.9193836761028623
29163,2,0,0.32912897233435345
29166,2,0,0.5269421445161578
29169,2,0,0.46369161076750204
29175,2,0,0.18169137426481244
29176,2,0,0.4963351958157775
29178,2,0,0.6705078257832668
29181,2,1,0.7870596634542033
29184,1,0,0.5446249710168728
29186,2,0,0.7572281786229318
29188,1,0,0.38101761783458754
29191,1,0,0.4710195419506354
29197,1,0,0.4321380546168523
29198,1,0,0.5193310529052364
29202,1,1,0.7059044642519122
29203,1,1,0.4485732928267098
29208,1,0,0.34415588319294727
29211,1,1,0.7122679886918357
29214,1,1,0.8040453418890379
29215,1,1,0.7340674511140961
29218,1,0,0.27597912302071986
29221,1,0,0.5733371959686672
29228,1,0,0.37848952602145136
29229,1,0,0.5098618066113695
29231,1,0,0.45913799765604135
29233,1,0,0.4834570802471279
29235,1,1,0.5591712807846768
29236,1,0,0.5034044230131094
29237,1,1,0.5040494153449191
29239,1,0,0.6108616734770953
29241,1,1,0.19257646717841417
29246,1,0,0.5175663614266148
29250,1,1,0.8799117215385737
29252,1,0,0.4999296118758516
29253,1,0,0.4936974972258517
29257,1,0,0.47582043064912366
29261,1,0,0.5134452343604863
29263,1,0,0.4778696304390271
29269,1,1,0.8839742705321233
29270,1,0,0.5200247668105329
29276,1,0,0.6680763985208298
29282,1,1,0.6981084012553481
29284,1,0,0.4677776915560276
29286,1,0,0.38720564705812155
29290,1,0,0.4857603324788642
29300,1,0,0.3986168687317679
29303,1,0,0.35689141156732607
29304,1,0,0.5512528070809002
29305,1,0,0.4586182910239549
29306,1,0,0.4476769933756874
29307,1,0,0.34241567062637407
29313,1,1,0.7998851137375345
29321,1,0,0.5267337772257785
29325,1,0,0.4607903468317754
29326,1,0,0.4628725330931898
29333,1,0,0.4411115055502834
29334,1,0,0.5324114614989854
29336,1,0,0.38335460930745974
29339,1,1,0.9820605563338831
29341,1,0,0.24685178335886562
29342,1,0,0.5740259414081038
29348,1,0,0.8462010610824701
29350,1,0,0.5327628605547149
29352,1,0,0.5008325679481783
29355,1,1,0.5309289014969649
29359,1,0,0.4699893254909501
29362,1,0,0.2910929695481961
29366,1,0,0.5025886125284907
29367,1,1,0.8868645262829529
29369,1,0,0.4639647207854728
29370,1,0,0.2919060149620384
29377,1,1,0.18441119662899988
29378,1,0,0.44660765532723856
29379,1,1,0.5178495403758779
29380,1,0,0.5526807721353248
29384,1,0,0.3755039636321627
29387,1,0,0.20552404544854705
29394,1,0,0.4972393886597399
29396,1,0,0.36248555067110144
29398,1,0,0.3614865256613789
29399,1,0,0.5278744904036253
29403,1,0,0.19038809810799678
29406,1,0,0.43366160423249744
29410,1,0,0.5230984590432693
29411,1,0,0.22346182637613315
29416,1,0,0.3500343936647855
29417,1,0,0.5495343337244367
29420,1,0,0.4029836464426026
29421,1,0,0.350173157178476
29423,1,0,0.48601106527616145
29424,1,0,0.047491496650187925
29427,1,0,0.486707615347907
29433,1,0,0.47891950036778586
29434,1,0,0.41435781009964534
29435,1,0,0.4438385469032137
29439,1,0,0.16749284993896374
29445,1,1,0.22171228365975332
29451,1,0,0.5996150807107172
29452,1,1,0.7914851436051225
29463,1,0,0.47707445409284344
29464,1,0,0.4918555476948742
29465,1,1,0.3680420186938375
29467,1,0,0.756458161781789
29471,1,0,0.5708017598058969
29476,1,0,0.49967229221982284
29479,1,0,0.5978129001583036
29480,1,0,0.4652688418093003
29484,1,1,0.5199283011438272
29487,1,0,0.36356353790201007
29494,1,0,0.8606820391463126
29498,1,1,0.6636289545492134
29501,1,1,0.8686407631492822
29505,1,0,0.7957995047681263
29507,1,0,0.519050497351543
29510,1,0,0.4311750440383962
29513,1,1,0.415049024258061
29515,1,0,0.3967308628294371
29517,1,1,0.4061757802670741
29522,1,0,0.2573081224708014
29523,1,0,0.5375747397734123
29527,1,0,0.4834050004795235
29529,1,0,0.5955391533392907
29530,1,0,0.64653374792711
29532,1,1,0.5881728560152328
29533,1,0,0.3215568523171917
29537,1,0,0.34837093543547104
29538,1,1,0.565559151684071
29550,1,0,0.2624260271801036
29551,1,0,0.8196888526877657
29556,1,0,0.5555363094794755
29558,1,1,0.4140167897594166
29561,1,0,0.5271455500979264
29563,1,0,0.45194595849871533
29564,1,0,0.596419163238269
29565,1,0,0.3404830176376347
29568,1,0,0.56604990541616
29570,1,1,0.7419684816043659
29580,1,1,0.909654720596826
29581,1,0,0.5106272749392721
29583,1,0,0.5922426530617539
29585,1,1,0.3461767447370836
29589,1,0,0.446769069448606
29591,1,1,0.7970061440367586
29593,1,0,0.5938326750049273
29594,1,0,0.3621652261670539
29596,1,0,0.4355937883119382
29597,1,0,0.19818635026636067
29603,1,0,0.5278642908413733
29604,1,0,0.966344178909416
29606,1,0,0.28998869356692064
29610,1,1,0.4109851281288863
29611,1,0,0.1408658425880477
29612,1,1,0.4467170548942443
29613,1,1,0.45207288024792147
29625,1,0,0.5787022951672222
29626,1,0,0.2118266702402867
29628,1,0,0.47790756247151117
29630,1,0,0.30978951254182424
29635,1,0,0.5082867984142202
29638,1,0,0.5081315635367896
29640,1,0,0.3349354936720918
29644,1,1,0.8777012221861155
29646,1,0,0.46348800668271717
29651,1,1,0.5117958178189485
29652,1,1,0.9629908504221004
29653,1,0,0.2796708983672624
29656,1,0,0.10088804328182611
29658,1,1,0.5829277715382465
29663,1,0,0.5058055257512873
29666,1,0,0.8441131653603046
29667,1,0,0.12480588122413996
29668,1,1,0.8686410225908169
29671,1,0,0.7160628262506888
29681,1,0,0.7117217182755525
29682,1,1,0.4758656395324254
29684,1,0,0.20917000683730017
29687,1,0,0.15174773655211826
29691,1,0,0.19055624356760148
29693,1,0,0.3142994694480143
29697,1,0,0.1883335137916245
29698,1,0,0.6085018850362621
29699,1,0,0.24771016379682362
29701,1,1,0.5697355407852691
29704,1,0,0.3351928216558429
29706,1,0,0.42265592393553797
29710,1,1,0.4952561667982496
29713,1,0,0.44134915410748055
29714,1,0,0.35172039752768985
29722,1,0,0.3600888787989271
29732,1,1,0.524140511658618
29734,1,0,0.19656360365042497
29735,1,1,0.40155212363752907
29739,1,0,0.37811166049287465
29740,1,0,0.2423910380338764
29741,1,0,0.11276066325823807
29743,1,0,0.2698397499649088
29750,1,0,0.20239142212473102
29752,1,0,0.48282800858798197
29754,1,0,0.18958473768883646
29756,1,0,0.7400669857508717
29760,1,0,0.772422619389646
29767,1,0,0.5617027407132371
29770,1,0,0.44894625620354156
29771,1,1,0.9149348655688739
29773,1,0,0.38395127877873536
29777,1,0,0.3104653114642236
29782,1,0,0.5956917607943677
29783,1,0,0.31905681943766745
29787,1,0,0.5024135201413936
29788,1,0,0.642944957676725
29791,1,0,0.34711077246077915
29799,1,0,0.42614396238016045
29801,1,0,0.4325026904952422
29803,1,0,0.46453221781791115
29804,1,0,0.39993405647898117
29805,1,1,0.7792404881802233
29808,1,0,0.533592717659962
29810,1,1,0.6669455745280681
29811,1,0,0.3403731837015422
29812,1,0,0.4408943904958816
29815,1,0,0.9673691217110071
29826,1,0,0.4485713445355101
29831,1,1,0.5377762504662682
29837,1,0,0.15267320515363425
29840,1,0,0.34288550652030153
29843,1,0,0.24198830146859263
29844,1,1,0.8154128563416286
29846,1,1,0.6578093223062947
29847,1,0,0.4640148072560745
29849,1,1,0.8128970691895147
29850,1,0,0.5155947513679442
29851,1,0,0.533400009744322
29852,1,0,0.5419059736770496
29853,1,0,0.22607659392844043
29858,1,0,0.5919399131238406
29860,1,1,0.5553485293838683
29872,1,0,0.22347005189360197
29875,1,1,0.5221119460526119
29876,1,0,0.3656240633803355
29878,1,0,0.1296069593481444
29881,1,1,0.4971869522385948
29882,1,0,0.4032757836043796
29885,1,0,0.45291338868678627
29888,1,0,0.502652366737728
29892,1,0,0.4549974131415989
29901,1,1,0.44817394960307133
29902,1,0,0.677796329576166
29903,1,0,0.1629351308876505
29904,1,0,0.18570793014565415
29908,1,1,0.5413973056026324
29910,1,0,0.19684197194838032
29911,1,0,0.18033425449119903
29913,1,0,0.2940029776781283
29915,1,0,0.41844874215273653
29916,1,0,0.7615645788543817
29918,1,1,0.5323113050953935
29919,1,0,0.43915417123991785
29921,1,1,0.7250107091273286
29924,1,0,0.326489875582486
29925,1,0,0.5491198271803311
29926,1,0,0.35616881735817635
29929,1,0,0.6016180863034335
29930,1,1,0.3566259070500642
29932,1,0,0.4688433875640377
29933,1,1,0.6803344327788615
29934,1,0,0.42790904054859363
29937,1,0,0.4115558398083074
29946,1,0,0.5699143192177075
29947,1,0,0.24821074109208643
29948,1,0,0.5652928153945078
29953,1,0,0.3131098824814328
29957,1,0,0.5290203074177736
29958,1,0,0.08480720792479121
29959,1,0,0.4086289360694747
29963,1,0,0.6708233828235256
29967,1,1,0.6044747550719349
29969,1,0,0.5204859118305919
29972,1,0,0.502151966569295
29975,1,1,0.7612912305522022
29976,1,0,0.42054060651564196
29978,1,0,0.4165605594406431
29981,1,0,0.46510559660074546
29982,1,0,0.7644946898083311
29984,1,0,0.2420485940992995
29987,1,0,0.3105999182120676
29990,1,0,0.3563938573208921
29998,1,1,0.9306543463594333
30000,1,1,0.5778490673960357
