month,customer_id,state,next_state,markov_prediction,persistence_prediction
2011-08,12346,inactivo,inactivo,inactivo,inactivo
2011-08,12347,activo,latente,latente,activo
2011-08,12348,inactivo,activo,inactivo,inactivo
2011-08,12350,inactivo,inactivo,inactivo,inactivo
2011-08,12352,inactivo,activo,inactivo,inactivo
2011-08,12353,inactivo,inactivo,inactivo,inactivo
2011-08,12354,inactivo,inactivo,inactivo,inactivo
2011-08,12355,inactivo,inactivo,inactivo,inactivo
2011-08,12356,inactivo,inactivo,inactivo,inactivo
2011-08,12358,latente,inactivo,inactivo,latente
2011-08,12359,inactivo,inactivo,inactivo,inactivo
2011-08,12360,activo,latente,latente,activo
2011-08,12361,inactivo,inactivo,inactivo,inactivo
2011-08,12362,activo,activo,latente,activo
2011-08,12363,activo,latente,latente,activo
2011-08,12364,activo,activo,latente,activo
2011-08,12365,inactivo,inactivo,inactivo,inactivo
2011-08,12370,inactivo,inactivo,inactivo,inactivo
2011-08,12372,inactivo,activo,inactivo,inactivo
2011-08,12373,inactivo,inactivo,inactivo,inactivo
2011-08,12377,inactivo,inactivo,inactivo,inactivo
2011-08,12378,activo,latente,latente,activo
2011-08,12379,inactivo,activo,inactivo,inactivo
2011-08,12380,inactivo,activo,inactivo,inactivo
2011-08,12381,activo,latente,latente,activo
2011-08,12383,inactivo,inactivo,inactivo,inactivo
2011-08,12384,activo,latente,latente,activo
2011-08,12386,inactivo,inactivo,inactivo,inactivo
2011-08,12388,latente,activo,inactivo,latente
2011-08,12393,inactivo,activo,inactivo,inactivo
2011-08,12394,inactivo,inactivo,inactivo,inactivo
2011-08,12395,activo,latente,latente,activo
2011-08,12397,latente,inactivo,inactivo,latente
2011-08,12399,activo,latente,latente,activo
2011-08,12401,inactivo,inactivo,inactivo,inactivo
2011-08,12402,inactivo,inactivo,inactivo,inactivo
2011-08,12405,latente,inactivo,inactivo,latente
2011-08,12406,inactivo,inactivo,inactivo,inactivo
2011-08,12407,latente,inactivo,inactivo,latente
2011-08,12408,inactivo,activo,inactivo,inactivo
2011-08,12409,inactivo,activo,inactivo,inactivo
2011-08,12410,inactivo,inactivo,inactivo,inactivo
2011-08,12412,latente,activo,inactivo,latente
2011-08,12413,inactivo,inactivo,inactivo,inactivo
2011-08,12414,inactivo,inactivo,inactivo,inactivo
2011-08,12415,activo,activo,latente,activo
2011-08,12417,activo,latente,latente,activo
2011-08,12418,activo,latente,latente,activo
2011-08,12421,activo,latente,latente,activo
2011-08,12422,inactivo,activo,inactivo,inactivo
2011-08,12423,activo,latente,latente,activo
2011-08,12424,inactivo,inactivo,inactivo,inactivo
2011-08,12426,inactivo,inactivo,inactivo,inactivo
2011-08,12427,inactivo,inactivo,inactivo,inactivo
2011-08,12428,activo,latente,latente,activo
2011-08,12429,inactivo,inactivo,inactivo,inactivo
2011-08,12431,activo,latente,latente,activo
2011-08,12432,inactivo,inactivo,inactivo,inactivo
2011-08,12433,inactivo,activo,inactivo,inactivo
2011-08,12434,inactivo,activo,inactivo,inactivo
2011-08,12435,inactivo,activo,inactivo,inactivo
2011-08,12437,inactivo,activo,inactivo,inactivo
2011-08,12438,latente,inactivo,inactivo,latente
2011-08,12441,inactivo,inactivo,inactivo,inactivo
2011-08,12444,activo,activo,latente,activo
2011-08,12447,inactivo,inactivo,inactivo,inactivo
2011-08,12449,activo,activo,latente,activo
2011-08,12450,latente,inactivo,inactivo,latente
2011-08,12451,inactivo,inactivo,inactivo,inactivo
2011-08,12453,latente,inactivo,inactivo,latente
2011-08,12455,activo,activo,latente,activo
2011-08,12456,latente,inactivo,inactivo,latente
2011-08,12457,inactivo,activo,inactivo,inactivo
2011-08,12458,inactivo,activo,inactivo,inactivo
2011-08,12461,latente,activo,inactivo,latente
2011-08,12462,inactivo,inactivo,inactivo,inactivo
2011-08,12463,inactivo,inactivo,inactivo,inactivo
2011-08,12464,activo,latente,latente,activo
2011-08,12465,inactivo,inactivo,inactivo,inactivo
2011-08,12468,inactivo,inactivo,inactivo,inactivo
2011-08,12471,activo,activo,latente,activo
2011-08,12472,latente,inactivo,inactivo,latente
2011-08,12473,activo,latente,latente,activo
2011-08,12474,latente,activo,inactivo,latente
2011-08,12476,latente,activo,inactivo,latente
2011-08,12477,activo,latente,latente,activo
2011-08,12480,latente,inactivo,inactivo,latente
2011-08,12481,inactivo,inactivo,inactivo,inactivo
2011-08,12483,inactivo,activo,inactivo,inactivo
2011-08,12484,activo,latente,latente,activo
2011-08,12489,inactivo,inactivo,inactivo,inactivo
2011-08,12490,activo,activo,latente,activo
2011-08,12492,activo,latente,latente,activo
2011-08,12493,inactivo,inactivo,inactivo,inactivo
2011-08,12494,latente,inactivo,inactivo,latente
2011-08,12500,activo,latente,latente,activo
2011-08,12501,inactivo,inactivo,inactivo,inactivo
2011-08,12502,activo,activo,latente,activo
2011-08,12506,inactivo,inactivo,inactivo,inactivo
2011-08,12507,latente,inactivo,inactivo,latente
2011-08,12509,inactivo,inactivo,inactivo,inactivo
2011-08,12510,latente,inactivo,inactivo,latente
2011-08,12513,activo,latente,latente,activo
2011-08,12514,inactivo,inactivo,inactivo,inactivo
2011-08,12515,inactivo,inactivo,inactivo,inactivo
2011-08,12516,inactivo,activo,inactivo,inactivo
2011-08,12517,activo,activo,latente,activo
2011-08,12518,activo,activo,latente,activo
2011-08,12520,latente,activo,inactivo,latente
2011-08,12521,latente,inactivo,inactivo,latente
2011-08,12523,activo,activo,latente,activo
2011-08,12524,inactivo,inactivo,inactivo,inactivo
2011-08,12527,inactivo,activo,inactivo,inactivo
2011-08,12528,activo,latente,latente,activo
2011-08,12530,activo,latente,latente,activo
2011-08,12534,activo,latente,latente,activo
2011-08,12535,inactivo,activo,inactivo,inactivo
2011-08,12539,inactivo,inactivo,inactivo,inactivo
2011-08,12540,activo,activo,latente,activo
2011-08,12541,inactivo,inactivo,inactivo,inactivo
2011-08,12545,inactivo,activo,inactivo,inactivo
2011-08,12547,inactivo,inactivo,inactivo,inactivo
2011-08,12548,inactivo,inactivo,inactivo,inactivo
2011-08,12551,inactivo,inactivo,inactivo,inactivo
2011-08,12553,activo,latente,latente,activo
2011-08,12556,latente,inactivo,inactivo,latente
2011-08,12557,latente,inactivo,inactivo,latente
2011-08,12559,inactivo,inactivo,inactivo,inactivo
2011-08,12560,activo,latente,latente,activo
2011-08,12561,inactivo,inactivo,inactivo,inactivo
2011-08,12562,activo,activo,latente,activo
2011-08,12564,inactivo,inactivo,inactivo,inactivo
2011-08,12565,inactivo,inactivo,inactivo,inactivo
2011-08,12567,activo,activo,latente,activo
2011-08,12569,activo,activo,latente,activo
2011-08,12571,activo,latente,latente,activo
2011-08,12573,inactivo,inactivo,inactivo,inactivo
2011-08,12574,inactivo,inactivo,inactivo,inactivo
2011-08,12576,latente,activo,inactivo,latente
2011-08,12577,inactivo,inactivo,inactivo,inactivo
2011-08,12578,inactivo,inactivo,inactivo,inactivo
2011-08,12580,inactivo,inactivo,inactivo,inactivo
2011-08,12582,inactivo,inactivo,inactivo,inactivo
2011-08,12583,activo,activo,latente,activo
2011-08,12584,activo,activo,latente,activo
2011-08,12585,inactivo,inactivo,inactivo,inactivo
2011-08,12589,latente,inactivo,inactivo,latente
2011-08,12590,inactivo,inactivo,inactivo,inactivo
2011-08,12591,inactivo,inactivo,inactivo,inactivo
2011-08,12592,inactivo,activo,inactivo,inactivo
2011-08,12593,activo,latente,latente,activo
2011-08,12594,activo,latente,latente,activo
2011-08,12596,inactivo,inactivo,inactivo,inactivo
2011-08,12597,inactivo,inactivo,inactivo,inactivo
2011-08,12598,latente,activo,inactivo,latente
2011-08,12599,activo,latente,latente,activo
2011-08,12600,activo,activo,latente,activo
2011-08,12601,inactivo,inactivo,inactivo,inactivo
2011-08,12604,inactivo,activo,inactivo,inactivo
2011-08,12609,inactivo,activo,inactivo,inactivo
2011-08,12610,activo,latente,latente,activo
2011-08,12613,inactivo,inactivo,inactivo,inactivo
2011-08,12614,inactivo,inactivo,inactivo,inactivo
2011-08,12615,inactivo,activo,inactivo,inactivo
2011-08,12616,inactivo,activo,inactivo,inactivo
2011-08,12619,activo,activo,latente,activo
2011-08,12620,inactivo,activo,inactivo,inactivo
2011-08,12621,activo,activo,latente,activo
2011-08,12622,inactivo,inactivo,inactivo,inactivo
2011-08,12623,inactivo,inactivo,inactivo,inactivo
2011-08,12624,activo,latente,latente,activo
2011-08,12625,inactivo,inactivo,inactivo,inactivo
2011-08,12626,activo,latente,latente,activo
2011-08,12627,activo,activo,latente,activo
2011-08,12633,activo,latente,latente,activo
2011-08,12635,latente,activo,inactivo,latente
2011-08,12637,latente,activo,inactivo,latente
2011-08,12639,inactivo,inactivo,inactivo,inactivo
2011-08,12641,activo,latente,latente,activo
2011-08,12642,activo,latente,latente,activo
2011-08,12643,activo,latente,latente,activo
2011-08,12644,activo,latente,latente,activo
2011-08,12645,activo,latente,latente,activo
2011-08,12647,activo,activo,latente,activo
2011-08,12648,latente,inactivo,inactivo,latente
2011-08,12649,activo,latente,latente,activo
2011-08,12651,inactivo,inactivo,inactivo,inactivo
2011-08,12652,inactivo,inactivo,inactivo,inactivo
2011-08,12653,latente,inactivo,inactivo,latente
2011-08,12654,inactivo,inactivo,inactivo,inactivo
2011-08,12656,activo,activo,latente,activo
2011-08,12662,activo,latente,latente,activo
2011-08,12664,latente,activo,inactivo,latente
2011-08,12665,inactivo,inactivo,inactivo,inactivo
2011-08,12668,inactivo,inactivo,inactivo,inactivo
2011-08,12669,latente,inactivo,inactivo,latente
2011-08,12670,inactivo,activo,inactivo,inactivo
2011-08,12672,inactivo,inactivo,inactivo,inactivo
2011-08,12673,inactivo,inactivo,inactivo,inactivo
2011-08,12674,inactivo,activo,inactivo,inactivo
2011-08,12676,activo,activo,latente,activo
2011-08,12678,activo,activo,latente,activo
2011-08,12679,inactivo,activo,inactivo,inactivo
2011-08,12680,activo,activo,latente,activo
2011-08,12681,latente,activo,inactivo,latente
2011-08,12682,activo,activo,latente,activo
2011-08,12683,activo,activo,latente,activo
2011-08,12684,inactivo,inactivo,inactivo,inactivo
2011-08,12686,inactivo,inactivo,inactivo,inactivo
2011-08,12688,activo,latente,latente,activo
2011-08,12689,activo,latente,latente,activo
2011-08,12690,inactivo,inactivo,inactivo,inactivo
2011-08,12691,latente,inactivo,inactivo,latente
2011-08,12693,activo,latente,latente,activo
2011-08,12694,inactivo,activo,inactivo,inactivo
2011-08,12695,activo,latente,latente,activo
2011-08,12697,latente,inactivo,inactivo,latente
2011-08,12700,latente,inactivo,inactivo,latente
2011-08,12701,inactivo,activo,inactivo,inactivo
2011-08,12704,activo,activo,latente,activo
2011-08,12705,latente,activo,inactivo,latente
2011-08,12707,inactivo,inactivo,inactivo,inactivo
2011-08,12708,activo,activo,latente,activo
2011-08,12709,latente,activo,inactivo,latente
2011-08,12710,latente,activo,inactivo,latente
2011-08,12712,activo,latente,latente,activo
2011-08,12714,activo,latente,latente,activo
2011-08,12715,activo,latente,latente,activo
2011-08,12716,latente,inactivo,inactivo,latente
2011-08,12717,latente,inactivo,inactivo,latente
2011-08,12720,activo,activo,latente,activo
2011-08,12721,inactivo,activo,inactivo,inactivo
2011-08,12722,activo,activo,latente,activo
2011-08,12724,inactivo,activo,inactivo,inactivo
2011-08,12725,inactivo,inactivo,inactivo,inactivo
2011-08,12726,inactivo,activo,inactivo,inactivo
2011-08,12727,inactivo,activo,inactivo,inactivo
2011-08,12728,inactivo,activo,inactivo,inactivo
2011-08,12729,activo,latente,latente,activo
2011-08,12731,latente,activo,inactivo,latente
2011-08,12732,inactivo,inactivo,inactivo,inactivo
2011-08,12733,inactivo,inactivo,inactivo,inactivo
2011-08,12734,inactivo,inactivo,inactivo,inactivo
2011-08,12735,inactivo,inactivo,inactivo,inactivo
2011-08,12736,inactivo,inactivo,inactivo,inactivo
2011-08,12738,inactivo,inactivo,inactivo,inactivo
2011-08,12743,latente,inactivo,inactivo,latente
2011-08,12744,latente,inactivo,inactivo,latente
2011-08,12747,activo,latente,latente,activo
2011-08,12748,activo,activo,latente,activo
2011-08,12749,activo,latente,latente,activo
2011-08,12750,activo,latente,latente,activo
2011-08,12753,latente,inactivo,inactivo,latente
2011-08,12754,inactivo,inactivo,inactivo,inactivo
2011-08,12755,inactivo,inactivo,inactivo,inactivo
2011-08,12757,latente,inactivo,inactivo,latente
2011-08,12758,activo,latente,latente,activo
2011-08,12759,inactivo,inactivo,inactivo,inactivo
2011-08,12763,latente,inactivo,inactivo,latente
2011-08,12764,inactivo,inactivo,inactivo,inactivo
2011-08,12766,latente,inactivo,inactivo,latente
2011-08,12769,inactivo,inactivo,inactivo,inactivo
2011-08,12770,inactivo,inactivo,inactivo,inactivo
2011-08,12775,inactivo,inactivo,inactivo,inactivo
2011-08,12778,inactivo,inactivo,inactivo,inactivo
2011-08,12779,inactivo,inactivo,inactivo,inactivo
2011-08,12781,inactivo,inactivo,inactivo,inactivo
2011-08,12782,latente,inactivo,inactivo,latente
2011-08,12785,inactivo,inactivo,inactivo,inactivo
2011-08,12787,inactivo,activo,inactivo,inactivo
2011-08,12790,inactivo,inactivo,inactivo,inactivo
2011-08,12791,inactivo,inactivo,inactivo,inactivo
2011-08,12792,inactivo,inactivo,inactivo,inactivo
2011-08,12793,inactivo,inactivo,inactivo,inactivo
2011-08,12797,inactivo,inactivo,inactivo,inactivo
2011-08,12798,inactivo,inactivo,inactivo,inactivo
2011-08,12802,inactivo,inactivo,inactivo,inactivo
2011-08,12808,inactivo,inactivo,inactivo,inactivo
2011-08,12809,inactivo,inactivo,inactivo,inactivo
2011-08,12811,inactivo,inactivo,inactivo,inactivo
2011-08,12814,activo,latente,latente,activo
2011-08,12815,latente,inactivo,inactivo,latente
2011-08,12816,inactivo,activo,inactivo,inactivo
2011-08,12817,inactivo,inactivo,inactivo,inactivo
2011-08,12818,inactivo,inactivo,inactivo,inactivo
2011-08,12820,inactivo,activo,inactivo,inactivo
2011-08,12821,inactivo,inactivo,inactivo,inactivo
2011-08,12823,activo,activo,latente,activo
2011-08,12826,inactivo,activo,inactivo,inactivo
2011-08,12828,activo,activo,latente,activo
2011-08,12829,inactivo,inactivo,inactivo,inactivo
2011-08,12830,latente,activo,inactivo,latente
2011-08,12831,inactivo,inactivo,inactivo,inactivo
2011-08,12833,latente,inactivo,inactivo,latente
2011-08,12834,inactivo,inactivo,inactivo,inactivo
2011-08,12836,latente,inactivo,inactivo,latente
2011-08,12837,inactivo,inactivo,inactivo,inactivo
2011-08,12838,inactivo,inactivo,inactivo,inactivo
2011-08,12839,activo,activo,latente,activo
2011-08,12840,latente,inactivo,inactivo,latente
2011-08,12841,activo,activo,latente,activo
2011-08,12842,inactivo,activo,inactivo,inactivo
2011-08,12843,latente,inactivo,inactivo,latente
2011-08,12844,activo,latente,latente,activo
2011-08,12845,inactivo,inactivo,inactivo,inactivo
2011-08,12849,inactivo,inactivo,inactivo,inactivo
2011-08,12852,inactivo,inactivo,inactivo,inactivo
2011-08,12853,latente,inactivo,inactivo,latente
2011-08,12854,inactivo,activo,inactivo,inactivo
2011-08,12855,inactivo,inactivo,inactivo,inactivo
2011-08,12857,inactivo,inactivo,inactivo,inactivo
2011-08,12864,latente,inactivo,inactivo,latente
2011-08,12865,activo,latente,latente,activo
2011-08,12866,inactivo,inactivo,inactivo,inactivo
2011-08,12867,inactivo,activo,inactivo,inactivo
2011-08,12868,inactivo,inactivo,inactivo,inactivo
2011-08,12871,inactivo,activo,inactivo,inactivo
2011-08,12872,inactivo,inactivo,inactivo,inactivo
2011-08,12873,inactivo,inactivo,inactivo,inactivo
2011-08,12875,latente,inactivo,inactivo,latente
2011-08,12876,inactivo,inactivo,inactivo,inactivo
2011-08,12877,activo,activo,latente,activo
2011-08,12878,inactivo,inactivo,inactivo,inactivo
2011-08,12881,inactivo,inactivo,inactivo,inactivo
2011-08,12885,activo,latente,latente,activo
2011-08,12886,inactivo,inactivo,inactivo,inactivo
2011-08,12888,inactivo,inactivo,inactivo,inactivo
2011-08,12891,inactivo,inactivo,inactivo,inactivo
2011-08,12897,inactivo,inactivo,inactivo,inactivo
2011-08,12901,activo,activo,latente,activo
2011-08,12902,inactivo,inactivo,inactivo,inactivo
2011-08,12904,inactivo,inactivo,inactivo,inactivo
2011-08,12908,inactivo,inactivo,inactivo,inactivo
2011-08,12909,inactivo,activo,inactivo,inactivo
2011-08,12910,latente,activo,inactivo,latente
2011-08,12913,inactivo,inactivo,inactivo,inactivo
2011-08,12915,latente,inactivo,inactivo,latente
2011-08,12916,latente,inactivo,inactivo,latente
2011-08,12917,activo,latente,latente,activo
2011-08,12919,activo,latente,latente,activo
2011-08,12921,activo,activo,latente,activo
2011-08,12922,latente,inactivo,inactivo,latente
2011-08,12924,inactivo,activo,inactivo,inactivo
2011-08,12928,latente,inactivo,inactivo,latente
2011-08,12929,inactivo,inactivo,inactivo,inactivo
2011-08,12930,inactivo,activo,inactivo,inactivo
2011-08,12931,activo,latente,latente,activo
2011-08,12933,inactivo,inactivo,inactivo,inactivo
2011-08,12935,activo,latente,latente,activo
2011-08,12937,inactivo,activo,inactivo,inactivo
2011-08,12939,latente,activo,inactivo,latente
2011-08,12942,latente,inactivo,inactivo,latente
2011-08,12944,inactivo,inactivo,inactivo,inactivo
2011-08,12945,inactivo,inactivo,inactivo,inactivo
2011-08,12947,latente,inactivo,inactivo,latente
2011-08,12948,activo,latente,latente,activo
2011-08,12949,activo,latente,latente,activo
2011-08,12951,inactivo,inactivo,inactivo,inactivo
2011-08,12955,latente,activo,inactivo,latente
2011-08,12956,inactivo,inactivo,inactivo,inactivo
2011-08,12957,inactivo,activo,inactivo,inactivo
2011-08,12962,activo,latente,latente,activo
2011-08,12963,inactivo,activo,inactivo,inactivo
2011-08,12967,inactivo,inactivo,inactivo,inactivo
2011-08,12968,activo,latente,latente,activo
2011-08,12970,inactivo,inactivo,inactivo,inactivo
2011-08,12971,activo,activo,latente,activo
2011-08,12974,inactivo,inactivo,inactivo,inactivo
2011-08,12976,inactivo,inactivo,inactivo,inactivo
2011-08,12977,latente,inactivo,inactivo,latente
2011-08,12980,latente,inactivo,inactivo,latente
2011-08,12981,latente,inactivo,inactivo,latente
2011-08,12982,inactivo,inactivo,inactivo,inactivo
2011-08,12987,inactivo,activo,inactivo,inactivo
2011-08,12988,inactivo,inactivo,inactivo,inactivo
2011-08,12989,latente,activo,inactivo,latente
2011-08,12990,inactivo,inactivo,inactivo,inactivo
2011-08,12991,activo,latente,latente,activo
2011-08,12993,activo,latente,latente,activo
2011-08,12994,activo,latente,latente,activo
2011-08,12997,inactivo,activo,inactivo,inactivo
2011-08,12999,inactivo,inactivo,inactivo,inactivo
2011-08,13000,activo,latente,latente,activo
2011-08,13001,latente,inactivo,inactivo,latente
2011-08,13002,inactivo,inactivo,inactivo,inactivo
2011-08,13003,activo,latente,latente,activo
2011-08,13004,activo,activo,latente,activo
2011-08,13005,inactivo,inactivo,inactivo,inactivo
2011-08,13008,inactivo,inactivo,inactivo,inactivo
2011-08,13011,inactivo,inactivo,inactivo,inactivo
2011-08,13012,latente,activo,inactivo,latente
2011-08,13013,activo,activo,latente,activo
2011-08,13014,activo,activo,latente,activo
2011-08,13015,inactivo,inactivo,inactivo,inactivo
2011-08,13016,activo,activo,latente,activo
2011-08,13018,activo,activo,latente,activo
2011-08,13021,inactivo,activo,inactivo,inactivo
2011-08,13023,activo,latente,latente,activo
2011-08,13026,inactivo,activo,inactivo,inactivo
2011-08,13027,activo,latente,latente,activo
2011-08,13029,latente,inactivo,inactivo,latente
2011-08,13030,inactivo,inactivo,inactivo,inactivo
2011-08,13033,inactivo,inactivo,inactivo,inactivo
2011-08,13034,inactivo,inactivo,inactivo,inactivo
2011-08,13035,inactivo,activo,inactivo,inactivo
2011-08,13037,latente,inactivo,inactivo,latente
2011-08,13038,inactivo,activo,inactivo,inactivo
2011-08,13043,inactivo,inactivo,inactivo,inactivo
2011-08,13044,inactivo,inactivo,inactivo,inactivo
2011-08,13046,inactivo,inactivo,inactivo,inactivo
2011-08,13047,activo,latente,latente,activo
2011-08,13048,activo,latente,latente,activo
2011-08,13049,inactivo,inactivo,inactivo,inactivo
2011-08,13050,activo,latente,latente,activo
2011-08,13052,inactivo,inactivo,inactivo,inactivo
2011-08,13055,inactivo,activo,inactivo,inactivo
2011-08,13058,latente,inactivo,inactivo,latente
2011-08,13059,inactivo,inactivo,inactivo,inactivo
2011-08,13060,inactivo,inactivo,inactivo,inactivo
2011-08,13062,inactivo,inactivo,inactivo,inactivo
2011-08,13064,latente,activo,inactivo,latente
2011-08,13065,inactivo,inactivo,inactivo,inactivo
2011-08,13068,inactivo,inactivo,inactivo,inactivo
2011-08,13069,activo,activo,latente,activo
2011-08,13070,inactivo,inactivo,inactivo,inactivo
2011-08,13072,inactivo,inactivo,inactivo,inactivo
2011-08,13075,activo,latente,latente,activo
2011-08,13077,inactivo,inactivo,inactivo,inactivo
2011-08,13078,activo,activo,latente,activo
2011-08,13079,latente,activo,inactivo,latente
2011-08,13080,inactivo,inactivo,inactivo,inactivo
2011-08,13081,latente,inactivo,inactivo,latente
2011-08,13082,activo,latente,latente,activo
2011-08,13085,latente,inactivo,inactivo,latente
2011-08,13089,activo,activo,latente,activo
2011-08,13090,latente,inactivo,inactivo,latente
2011-08,13092,inactivo,activo,inactivo,inactivo
2011-08,13093,inactivo,inactivo,inactivo,inactivo
2011-08,13094,activo,activo,latente,activo
2011-08,13097,activo,activo,latente,activo
2011-08,13098,activo,activo,latente,activo
2011-08,13101,inactivo,inactivo,inactivo,inactivo
2011-08,13102,latente,activo,inactivo,latente
2011-08,13104,latente,activo,inactivo,latente
2011-08,13106,latente,inactivo,inactivo,latente
2011-08,13107,inactivo,activo,inactivo,inactivo
2011-08,13108,inactivo,inactivo,inactivo,inactivo
2011-08,13109,latente,inactivo,inactivo,latente
2011-08,13110,latente,inactivo,inactivo,latente
2011-08,13113,activo,latente,latente,activo
2011-08,13115,inactivo,inactivo,inactivo,inactivo
2011-08,13116,latente,inactivo,inactivo,latente
2011-08,13117,activo,latente,latente,activo
2011-08,13118,inactivo,inactivo,inactivo,inactivo
2011-08,13120,inactivo,inactivo,inactivo,inactivo
2011-08,13121,inactivo,inactivo,inactivo,inactivo
2011-08,13122,inactivo,activo,inactivo,inactivo
2011-08,13124,inactivo,activo,inactivo,inactivo
2011-08,13126,inactivo,activo,inactivo,inactivo
2011-08,13131,inactivo,activo,inactivo,inactivo
2011-08,13132,inactivo,inactivo,inactivo,inactivo
2011-08,13133,inactivo,inactivo,inactivo,inactivo
2011-08,13134,inactivo,activo,inactivo,inactivo
2011-08,13135,inactivo,inactivo,inactivo,inactivo
2011-08,13136,latente,activo,inactivo,latente
2011-08,13137,activo,activo,latente,activo
2011-08,13138,latente,activo,inactivo,latente
2011-08,13139,activo,activo,latente,activo
2011-08,13140,activo,latente,latente,activo
2011-08,13141,inactivo,activo,inactivo,inactivo
2011-08,13144,inactivo,inactivo,inactivo,inactivo
2011-08,13145,activo,activo,latente,activo
2011-08,13148,latente,inactivo,inactivo,latente
2011-08,13149,activo,latente,latente,activo
2011-08,13151,inactivo,inactivo,inactivo,inactivo
2011-08,13155,inactivo,activo,inactivo,inactivo
2011-08,13157,latente,inactivo,inactivo,latente
2011-08,13158,activo,activo,latente,activo
2011-08,13159,activo,latente,latente,activo
2011-08,13161,inactivo,inactivo,inactivo,inactivo
2011-08,13162,activo,latente,latente,activo
2011-08,13165,inactivo,inactivo,inactivo,inactivo
2011-08,13166,inactivo,inactivo,inactivo,inactivo
2011-08,13167,activo,latente,latente,activo
2011-08,13168,inactivo,inactivo,inactivo,inactivo
2011-08,13169,inactivo,inactivo,inactivo,inactivo
2011-08,13171,inactivo,inactivo,inactivo,inactivo
2011-08,13173,inactivo,inactivo,inactivo,inactivo
2011-08,13174,inactivo,inactivo,inactivo,inactivo
2011-08,13178,latente,activo,inactivo,latente
2011-08,13183,activo,activo,latente,activo
2011-08,13184,activo,latente,latente,activo
2011-08,13185,inactivo,inactivo,inactivo,inactivo
2011-08,13186,activo,activo,latente,activo
2011-08,13187,inactivo,inactivo,inactivo,inactivo
2011-08,13189,activo,latente,latente,activo
2011-08,13192,inactivo,activo,inactivo,inactivo
2011-08,13194,latente,inactivo,inactivo,latente
2011-08,13196,inactivo,activo,inactivo,inactivo
2011-08,13198,activo,latente,latente,activo
2011-08,13199,activo,activo,latente,activo
2011-08,13200,activo,activo,latente,activo
2011-08,13203,activo,latente,latente,activo
2011-08,13207,latente,inactivo,inactivo,latente
2011-08,13208,latente,inactivo,inactivo,latente
2011-08,13209,activo,latente,latente,activo
2011-08,13211,inactivo,activo,inactivo,inactivo
2011-08,13213,activo,latente,latente,activo
2011-08,13216,inactivo,inactivo,inactivo,inactivo
2011-08,13217,activo,latente,latente,activo
2011-08,13218,activo,latente,latente,activo
2011-08,13220,inactivo,activo,inactivo,inactivo
2011-08,13221,inactivo,inactivo,inactivo,inactivo
2011-08,13223,inactivo,inactivo,inactivo,inactivo
2011-08,13224,latente,inactivo,inactivo,latente
2011-08,13225,latente,inactivo,inactivo,latente
2011-08,13226,inactivo,inactivo,inactivo,inactivo
2011-08,13227,inactivo,inactivo,inactivo,inactivo
2011-08,13229,inactivo,inactivo,inactivo,inactivo
2011-08,13230,latente,inactivo,inactivo,latente
2011-08,13232,inactivo,activo,inactivo,inactivo
2011-08,13233,inactivo,activo,inactivo,inactivo
2011-08,13235,inactivo,inactivo,inactivo,inactivo
2011-08,13236,activo,latente,latente,activo
2011-08,13238,inactivo,inactivo,inactivo,inactivo
2011-08,13239,inactivo,inactivo,inactivo,inactivo
2011-08,13240,inactivo,activo,inactivo,inactivo
2011-08,13242,activo,latente,latente,activo
2011-08,13243,inactivo,inactivo,inactivo,inactivo
2011-08,13246,inactivo,inactivo,inactivo,inactivo
2011-08,13248,activo,latente,latente,activo
2011-08,13249,inactivo,activo,inactivo,inactivo
2011-08,13253,latente,inactivo,inactivo,latente
2011-08,13255,inactivo,inactivo,inactivo,inactivo
2011-08,13258,inactivo,inactivo,inactivo,inactivo
2011-08,13261,inactivo,inactivo,inactivo,inactivo
2011-08,13262,inactivo,inactivo,inactivo,inactivo
2011-08,13263,activo,activo,latente,activo
2011-08,13265,inactivo,activo,inactivo,inactivo
2011-08,13266,activo,activo,latente,activo
2011-08,13267,activo,activo,latente,activo
2011-08,13268,inactivo,activo,inactivo,inactivo
2011-08,13269,activo,activo,latente,activo
2011-08,13270,inactivo,inactivo,inactivo,inactivo
2011-08,13273,activo,latente,latente,activo
2011-08,13277,activo,latente,latente,activo
2011-08,13280,activo,latente,latente,activo
2011-08,13282,inactivo,inactivo,inactivo,inactivo
2011-08,13283,inactivo,inactivo,inactivo,inactivo
2011-08,13284,inactivo,inactivo,inactivo,inactivo
2011-08,13285,latente,inactivo,inactivo,latente
2011-08,13291,latente,inactivo,inactivo,latente
2011-08,13292,inactivo,inactivo,inactivo,inactivo
2011-08,13294,inactivo,inactivo,inactivo,inactivo
2011-08,13295,inactivo,inactivo,inactivo,inactivo
2011-08,13296,latente,inactivo,inactivo,latente
2011-08,13299,inactivo,inactivo,inactivo,inactivo
2011-08,13300,inactivo,inactivo,inactivo,inactivo
2011-08,13301,activo,latente,latente,activo
2011-08,13302,latente,inactivo,inactivo,latente
2011-08,13304,inactivo,inactivo,inactivo,inactivo
2011-08,13305,activo,activo,latente,activo
2011-08,13307,activo,latente,latente,activo
2011-08,13308,inactivo,inactivo,inactivo,inactivo
2011-08,13309,inactivo,activo,inactivo,inactivo
2011-08,13310,inactivo,inactivo,inactivo,inactivo
2011-08,13311,latente,inactivo,inactivo,latente
2011-08,13313,latente,inactivo,inactivo,latente
2011-08,13316,latente,activo,inactivo,latente
2011-08,13317,inactivo,inactivo,inactivo,inactivo
2011-08,13319,activo,activo,latente,activo
2011-08,13320,activo,activo,latente,activo
2011-08,13324,inactivo,activo,inactivo,inactivo
2011-08,13327,activo,latente,latente,activo
2011-08,13328,inactivo,inactivo,inactivo,inactivo
2011-08,13329,inactivo,inactivo,inactivo,inactivo
2011-08,13330,inactivo,activo,inactivo,inactivo
2011-08,13334,inactivo,activo,inactivo,inactivo
2011-08,13338,latente,inactivo,inactivo,latente
2011-08,13339,inactivo,inactivo,inactivo,inactivo
2011-08,13340,activo,latente,latente,activo
2011-08,13341,inactivo,inactivo,inactivo,inactivo
2011-08,13343,inactivo,inactivo,inactivo,inactivo
2011-08,13344,inactivo,inactivo,inactivo,inactivo
2011-08,13345,inactivo,inactivo,inactivo,inactivo
2011-08,13355,activo,latente,latente,activo
2011-08,13357,inactivo,inactivo,inactivo,inactivo
2011-08,13358,inactivo,inactivo,inactivo,inactivo
2011-08,13362,inactivo,inactivo,inactivo,inactivo
2011-08,13365,inactivo,inactivo,inactivo,inactivo
2011-08,13368,inactivo,inactivo,inactivo,inactivo
2011-08,13369,inactivo,inactivo,inactivo,inactivo
2011-08,13370,inactivo,inactivo,inactivo,inactivo
2011-08,13373,latente,inactivo,inactivo,latente
2011-08,13376,inactivo,activo,inactivo,inactivo
2011-08,13379,latente,inactivo,inactivo,latente
2011-08,13381,activo,activo,latente,activo
2011-08,13382,inactivo,inactivo,inactivo,inactivo
2011-08,13384,activo,activo,latente,activo
2011-08,13385,inactivo,inactivo,inactivo,inactivo
2011-08,13388,latente,inactivo,inactivo,latente
2011-08,13389,inactivo,activo,inactivo,inactivo
2011-08,13391,inactivo,inactivo,inactivo,inactivo
2011-08,13394,activo,activo,latente,activo
2011-08,13395,inactivo,inactivo,inactivo,inactivo
2011-08,13396,inactivo,inactivo,inactivo,inactivo
2011-08,13397,activo,activo,latente,activo
2011-08,13398,inactivo,inactivo,inactivo,inactivo
2011-08,13402,activo,latente,latente,activo
2011-08,13404,inactivo,inactivo,inactivo,inactivo
2011-08,13405,inactivo,activo,inactivo,inactivo
2011-08,13408,activo,activo,latente,activo
2011-08,13410,inactivo,activo,inactivo,inactivo
2011-08,13411,activo,latente,latente,activo
2011-08,13414,latente,inactivo,inactivo,latente
2011-08,13417,inactivo,inactivo,inactivo,inactivo
2011-08,13418,activo,activo,latente,activo
2011-08,13420,latente,inactivo,inactivo,latente
2011-08,13421,inactivo,inactivo,inactivo,inactivo
2011-08,13425,activo,latente,latente,activo
2011-08,13426,inactivo,activo,inactivo,inactivo
2011-08,13427,activo,latente,latente,activo
2011-08,13435,activo,activo,latente,activo
2011-08,13437,activo,activo,latente,activo
2011-08,13439,inactivo,inactivo,inactivo,inactivo
2011-08,13448,inactivo,activo,inactivo,inactivo
2011-08,13450,activo,activo,latente,activo
2011-08,13451,activo,latente,latente,activo
2011-08,13452,inactivo,inactivo,inactivo,inactivo
2011-08,13453,inactivo,inactivo,inactivo,inactivo
2011-08,13455,inactivo,inactivo,inactivo,inactivo
2011-08,13456,latente,inactivo,inactivo,latente
2011-08,13458,latente,activo,inactivo,latente
2011-08,13461,latente,inactivo,inactivo,latente
2011-08,13462,inactivo,inactivo,inactivo,inactivo
2011-08,13466,inactivo,inactivo,inactivo,inactivo
2011-08,13468,activo,activo,latente,activo
2011-08,13470,activo,activo,latente,activo
2011-08,13473,inactivo,inactivo,inactivo,inactivo
2011-08,13474,inactivo,inactivo,inactivo,inactivo
2011-08,13475,inactivo,inactivo,inactivo,inactivo
2011-08,13476,inactivo,inactivo,inactivo,inactivo
2011-08,13477,latente,inactivo,inactivo,latente
2011-08,13479,inactivo,inactivo,inactivo,inactivo
2011-08,13481,activo,latente,latente,activo
2011-08,13482,inactivo,inactivo,inactivo,inactivo
2011-08,13484,inactivo,inactivo,inactivo,inactivo
2011-08,13485,inactivo,inactivo,inactivo,inactivo
2011-08,13486,activo,activo,latente,activo
2011-08,13487,inactivo,inactivo,inactivo,inactivo
2011-08,13488,activo,activo,latente,activo
2011-08,13489,activo,latente,latente,activo
2011-08,13491,latente,inactivo,inactivo,latente
2011-08,13492,latente,inactivo,inactivo,latente
2011-08,13493,inactivo,inactivo,inactivo,inactivo
2011-08,13494,inactivo,inactivo,inactivo,inactivo
2011-08,13495,inactivo,inactivo,inactivo,inactivo
2011-08,13496,inactivo,inactivo,inactivo,inactivo
2011-08,13497,inactivo,inactivo,inactivo,inactivo
2011-08,13499,inactivo,activo,inactivo,inactivo
2011-08,13500,activo,latente,latente,activo
2011-08,13501,inactivo,inactivo,inactivo,inactivo
2011-08,13502,inactivo,inactivo,inactivo,inactivo
2011-08,13505,inactivo,activo,inactivo,inactivo
2011-08,13506,inactivo,inactivo,inactivo,inactivo
2011-08,13507,activo,activo,latente,activo
2011-08,13508,inactivo,inactivo,inactivo,inactivo
2011-08,13509,latente,activo,inactivo,latente
2011-08,13510,inactivo,activo,inactivo,inactivo
2011-08,13512,inactivo,inactivo,inactivo,inactivo
2011-08,13513,activo,latente,latente,activo
2011-08,13515,activo,activo,latente,activo
2011-08,13516,inactivo,activo,inactivo,inactivo
2011-08,13517,activo,latente,latente,activo
2011-08,13520,latente,inactivo,inactivo,latente
2011-08,13523,inactivo,inactivo,inactivo,inactivo
2011-08,13524,activo,activo,latente,activo
2011-08,13525,inactivo,inactivo,inactivo,inactivo
2011-08,13527,activo,activo,latente,activo
2011-08,13529,inactivo,activo,inactivo,inactivo
2011-08,13531,inactivo,inactivo,inactivo,inactivo
2011-08,13533,inactivo,inactivo,inactivo,inactivo
2011-08,13534,activo,latente,latente,activo
2011-08,13538,activo,activo,latente,activo
2011-08,13539,inactivo,activo,inactivo,inactivo
2011-08,13544,inactivo,inactivo,inactivo,inactivo
2011-08,13546,inactivo,inactivo,inactivo,inactivo
2011-08,13548,inactivo,activo,inactivo,inactivo
2011-08,13549,latente,inactivo,inactivo,latente
2011-08,13551,inactivo,inactivo,inactivo,inactivo
2011-08,13552,activo,activo,latente,activo
2011-08,13555,inactivo,activo,inactivo,inactivo
2011-08,13557,inactivo,inactivo,inactivo,inactivo
2011-08,13561,inactivo,inactivo,inactivo,inactivo
2011-08,13562,latente,activo,inactivo,latente
2011-08,13563,latente,activo,inactivo,latente
2011-08,13564,latente,inactivo,inactivo,latente
2011-08,13565,inactivo,inactivo,inactivo,inactivo
2011-08,13568,inactivo,inactivo,inactivo,inactivo
2011-08,13569,inactivo,inactivo,inactivo,inactivo
2011-08,13570,inactivo,inactivo,inactivo,inactivo
2011-08,13571,activo,activo,latente,activo
2011-08,13572,inactivo,inactivo,inactivo,inactivo
2011-08,13573,inactivo,inactivo,inactivo,inactivo
2011-08,13575,latente,activo,inactivo,latente
2011-08,13576,activo,activo,latente,activo
2011-08,13577,latente,activo,inactivo,latente
2011-08,13579,inactivo,inactivo,inactivo,inactivo
2011-08,13581,inactivo,inactivo,inactivo,inactivo
2011-08,13583,latente,inactivo,inactivo,latente
2011-08,13584,inactivo,inactivo,inactivo,inactivo
2011-08,13588,activo,activo,latente,activo
2011-08,13589,inactivo,inactivo,inactivo,inactivo
2011-08,13590,latente,inactivo,inactivo,latente
2011-08,13591,inactivo,inactivo,inactivo,inactivo
2011-08,13592,inactivo,inactivo,inactivo,inactivo
2011-08,13593,activo,latente,latente,activo
2011-08,13599,latente,activo,inactivo,latente
2011-08,13600,inactivo,inactivo,inactivo,inactivo
2011-08,13601,inactivo,inactivo,inactivo,inactivo
2011-08,13606,inactivo,inactivo,inactivo,inactivo
2011-08,13610,activo,latente,latente,activo
2011-08,13611,inactivo,activo,inactivo,inactivo
2011-08,13614,inactivo,activo,inactivo,inactivo
2011-08,13615,inactivo,inactivo,inactivo,inactivo
2011-08,13617,activo,latente,latente,activo
2011-08,13618,inactivo,inactivo,inactivo,inactivo
2011-08,13621,activo,latente,latente,activo
2011-08,13623,inactivo,inactivo,inactivo,inactivo
2011-08,13626,inactivo,inactivo,inactivo,inactivo
2011-08,13627,inactivo,activo,inactivo,inactivo
2011-08,13629,latente,activo,inactivo,latente
2011-08,13630,activo,activo,latente,activo
2011-08,13631,latente,activo,inactivo,latente
2011-08,13632,inactivo,inactivo,inactivo,inactivo
2011-08,13634,activo,activo,latente,activo
2011-08,13636,activo,latente,latente,activo
2011-08,13637,inactivo,inactivo,inactivo,inactivo
2011-08,13642,inactivo,inactivo,inactivo,inactivo
2011-08,13643,inactivo,activo,inactivo,inactivo
2011-08,13644,activo,activo,latente,activo
2011-08,13645,activo,latente,latente,activo
2011-08,13647,inactivo,activo,inactivo,inactivo
2011-08,13649,inactivo,inactivo,inactivo,inactivo
2011-08,13650,inactivo,activo,inactivo,inactivo
2011-08,13652,inactivo,inactivo,inactivo,inactivo
2011-08,13654,latente,inactivo,inactivo,latente
2011-08,13655,activo,latente,latente,activo
2011-08,13656,inactivo,inactivo,inactivo,inactivo
2011-08,13657,inactivo,inactivo,inactivo,inactivo
2011-08,13658,inactivo,activo,inactivo,inactivo
2011-08,13659,inactivo,inactivo,inactivo,inactivo
2011-08,13662,inactivo,activo,inactivo,inactivo
2011-08,13663,inactivo,inactivo,inactivo,inactivo
2011-08,13666,inactivo,inactivo,inactivo,inactivo
2011-08,13667,latente,inactivo,inactivo,latente
2011-08,13668,activo,latente,latente,activo
2011-08,13669,latente,inactivo,inactivo,latente
2011-08,13672,inactivo,inactivo,inactivo,inactivo
2011-08,13675,latente,inactivo,inactivo,latente
2011-08,13678,latente,inactivo,inactivo,latente
2011-08,13680,inactivo,inactivo,inactivo,inactivo
2011-08,13681,latente,inactivo,inactivo,latente
2011-08,13682,inactivo,inactivo,inactivo,inactivo
2011-08,13684,inactivo,inactivo,inactivo,inactivo
2011-08,13686,inactivo,inactivo,inactivo,inactivo
2011-08,13692,inactivo,inactivo,inactivo,inactivo
2011-08,13694,activo,activo,latente,activo
2011-08,13695,activo,activo,latente,activo
2011-08,13699,latente,inactivo,inactivo,latente
2011-08,13700,inactivo,activo,inactivo,inactivo
2011-08,13703,inactivo,inactivo,inactivo,inactivo
2011-08,13705,latente,inactivo,inactivo,latente
2011-08,13706,inactivo,inactivo,inactivo,inactivo
2011-08,13707,inactivo,inactivo,inactivo,inactivo
2011-08,13708,inactivo,inactivo,inactivo,inactivo
2011-08,13709,activo,latente,latente,activo
2011-08,13711,inactivo,inactivo,inactivo,inactivo
2011-08,13712,inactivo,inactivo,inactivo,inactivo
2011-08,13715,inactivo,inactivo,inactivo,inactivo
2011-08,13716,inactivo,inactivo,inactivo,inactivo
2011-08,13717,activo,latente,latente,activo
2011-08,13718,inactivo,inactivo,inactivo,inactivo
2011-08,13719,inactivo,inactivo,inactivo,inactivo
2011-08,13720,activo,latente,latente,activo
2011-08,13722,latente,inactivo,inactivo,latente
2011-08,13723,inactivo,inactivo,inactivo,inactivo
2011-08,13725,inactivo,inactivo,inactivo,inactivo
2011-08,13726,activo,latente,latente,activo
2011-08,13728,activo,latente,latente,activo
2011-08,13730,latente,inactivo,inactivo,latente
2011-08,13731,inactivo,inactivo,inactivo,inactivo
2011-08,13735,inactivo,inactivo,inactivo,inactivo
2011-08,13736,inactivo,inactivo,inactivo,inactivo
2011-08,13737,inactivo,inactivo,inactivo,inactivo
2011-08,13740,inactivo,inactivo,inactivo,inactivo
2011-08,13741,inactivo,activo,inactivo,inactivo
2011-08,13742,inactivo,activo,inactivo,inactivo
2011-08,13743,activo,activo,latente,activo
2011-08,13744,inactivo,activo,inactivo,inactivo
2011-08,13745,inactivo,inactivo,inactivo,inactivo
2011-08,13747,inactivo,inactivo,inactivo,inactivo
2011-08,13748,inactivo,activo,inactivo,inactivo
2011-08,13750,latente,inactivo,inactivo,latente
2011-08,13751,inactivo,inactivo,inactivo,inactivo
2011-08,13752,activo,latente,latente,activo
2011-08,13753,inactivo,inactivo,inactivo,inactivo
2011-08,13754,latente,inactivo,inactivo,latente
2011-08,13756,activo,activo,latente,activo
2011-08,13758,inactivo,inactivo,inactivo,inactivo
2011-08,13760,inactivo,inactivo,inactivo,inactivo
2011-08,13761,inactivo,inactivo,inactivo,inactivo
2011-08,13762,inactivo,inactivo,inactivo,inactivo
2011-08,13764,latente,activo,inactivo,latente
2011-08,13767,activo,activo,latente,activo
2011-08,13769,activo,activo,latente,activo
2011-08,13771,inactivo,inactivo,inactivo,inactivo
2011-08,13772,inactivo,activo,inactivo,inactivo
2011-08,13777,activo,activo,latente,activo
2011-08,13778,activo,latente,latente,activo
2011-08,13780,inactivo,inactivo,inactivo,inactivo
2011-08,13781,inactivo,inactivo,inactivo,inactivo
2011-08,13782,activo,latente,latente,activo
2011-08,13784,activo,activo,latente,activo
2011-08,13786,inactivo,inactivo,inactivo,inactivo
2011-08,13787,inactivo,activo,inactivo,inactivo
2011-08,13791,activo,latente,latente,activo
2011-08,13792,inactivo,inactivo,inactivo,inactivo
2011-08,13798,activo,activo,latente,activo
2011-08,13799,activo,latente,latente,activo
2011-08,13800,inactivo,inactivo,inactivo,inactivo
2011-08,13802,latente,inactivo,inactivo,latente
2011-08,13803,inactivo,inactivo,inactivo,inactivo
2011-08,13804,latente,activo,inactivo,latente
2011-08,13805,activo,latente,latente,activo
2011-08,13807,inactivo,inactivo,inactivo,inactivo
2011-08,13809,inactivo,inactivo,inactivo,inactivo
2011-08,13811,inactivo,inactivo,inactivo,inactivo
2011-08,13812,activo,latente,latente,activo
2011-08,13813,latente,activo,inactivo,latente
2011-08,13814,latente,activo,inactivo,latente
2011-08,13815,inactivo,inactivo,inactivo,inactivo
2011-08,13817,inactivo,inactivo,inactivo,inactivo
2011-08,13819,inactivo,inactivo,inactivo,inactivo
2011-08,13821,latente,inactivo,inactivo,latente
2011-08,13824,latente,inactivo,inactivo,latente
2011-08,13826,inactivo,inactivo,inactivo,inactivo
2011-08,13827,latente,inactivo,inactivo,latente
2011-08,13831,latente,activo,inactivo,latente
2011-08,13833,latente,inactivo,inactivo,latente
2011-08,13835,latente,inactivo,inactivo,latente
2011-08,13837,inactivo,inactivo,inactivo,inactivo
2011-08,13838,activo,latente,latente,activo
2011-08,13841,inactivo,inactivo,inactivo,inactivo
2011-08,13842,latente,activo,inactivo,latente
2011-08,13846,inactivo,inactivo,inactivo,inactivo
2011-08,13848,inactivo,activo,inactivo,inactivo
2011-08,13849,inactivo,inactivo,inactivo,inactivo
2011-08,13850,activo,latente,latente,activo
2011-08,13851,activo,activo,latente,activo
2011-08,13854,activo,activo,latente,activo
2011-08,13856,inactivo,inactivo,inactivo,inactivo
2011-08,13859,inactivo,inactivo,inactivo,inactivo
2011-08,13862,activo,activo,latente,activo
2011-08,13863,inactivo,inactivo,inactivo,inactivo
2011-08,13865,latente,inactivo,inactivo,latente
2011-08,13867,inactivo,activo,inactivo,inactivo
2011-08,13869,activo,latente,latente,activo
2011-08,13870,activo,latente,latente,activo
2011-08,13871,activo,activo,latente,activo
2011-08,13873,activo,latente,latente,activo
2011-08,13874,inactivo,inactivo,inactivo,inactivo
2011-08,13875,latente,inactivo,inactivo,latente
2011-08,13880,latente,activo,inactivo,latente
2011-08,13881,activo,activo,latente,activo
2011-08,13883,inactivo,inactivo,inactivo,inactivo
2011-08,13884,inactivo,activo,inactivo,inactivo
2011-08,13885,inactivo,inactivo,inactivo,inactivo
2011-08,13887,inactivo,inactivo,inactivo,inactivo
2011-08,13888,activo,latente,latente,activo
2011-08,13890,activo,latente,latente,activo
2011-08,13892,inactivo,inactivo,inactivo,inactivo
2011-08,13893,inactivo,inactivo,inactivo,inactivo
2011-08,13894,inactivo,inactivo,inactivo,inactivo
2011-08,13895,latente,inactivo,inactivo,latente
2011-08,13898,inactivo,inactivo,inactivo,inactivo
2011-08,13899,inactivo,inactivo,inactivo,inactivo
2011-08,13900,inactivo,inactivo,inactivo,inactivo
2011-08,13901,activo,activo,latente,activo
2011-08,13904,inactivo,inactivo,inactivo,inactivo
2011-08,13908,activo,activo,latente,activo
2011-08,13911,latente,inactivo,inactivo,latente
2011-08,13917,inactivo,inactivo,inactivo,inactivo
2011-08,13918,inactivo,inactivo,inactivo,inactivo
2011-08,13919,activo,latente,latente,activo
2011-08,13922,inactivo,inactivo,inactivo,inactivo
2011-08,13925,activo,activo,latente,activo
2011-08,13928,activo,latente,latente,activo
2011-08,13929,inactivo,inactivo,inactivo,inactivo
2011-08,13930,latente,inactivo,inactivo,latente
2011-08,13931,inactivo,activo,inactivo,inactivo
2011-08,13932,inactivo,inactivo,inactivo,inactivo
2011-08,13933,activo,latente,latente,activo
2011-08,13934,inactivo,inactivo,inactivo,inactivo
2011-08,13936,inactivo,inactivo,inactivo,inactivo
2011-08,13937,inactivo,inactivo,inactivo,inactivo
2011-08,13939,activo,latente,latente,activo
2011-08,13940,activo,latente,latente,activo
2011-08,13941,inactivo,activo,inactivo,inactivo
2011-08,13946,inactivo,activo,inactivo,inactivo
2011-08,13948,inactivo,inactivo,inactivo,inactivo
2011-08,13950,inactivo,activo,inactivo,inactivo
2011-08,13951,inactivo,inactivo,inactivo,inactivo
2011-08,13952,inactivo,inactivo,inactivo,inactivo
2011-08,13953,activo,latente,latente,activo
2011-08,13955,latente,inactivo,inactivo,latente
2011-08,13956,latente,inactivo,inactivo,latente
2011-08,13959,inactivo,activo,inactivo,inactivo
2011-08,13962,inactivo,inactivo,inactivo,inactivo
2011-08,13963,inactivo,inactivo,inactivo,inactivo
2011-08,13967,latente,inactivo,inactivo,latente
2011-08,13969,activo,latente,latente,activo
2011-08,13971,activo,latente,latente,activo
2011-08,13972,inactivo,activo,inactivo,inactivo
2011-08,13973,inactivo,inactivo,inactivo,inactivo
2011-08,13975,activo,latente,latente,activo
2011-08,13976,inactivo,inactivo,inactivo,inactivo
2011-08,13982,inactivo,inactivo,inactivo,inactivo
2011-08,13983,inactivo,activo,inactivo,inactivo
2011-08,13984,activo,latente,latente,activo
2011-08,13985,activo,activo,latente,activo
2011-08,13988,inactivo,activo,inactivo,inactivo
2011-08,13989,inactivo,inactivo,inactivo,inactivo
2011-08,13990,inactivo,inactivo,inactivo,inactivo
2011-08,13991,latente,activo,inactivo,latente
2011-08,13993,activo,activo,latente,activo
2011-08,13994,activo,activo,latente,activo
2011-08,13995,activo,latente,latente,activo
2011-08,13999,activo,activo,latente,activo
2011-08,14000,inactivo,inactivo,inactivo,inactivo
2011-08,14001,inactivo,inactivo,inactivo,inactivo
2011-08,14002,latente,inactivo,inactivo,latente
2011-08,14004,activo,activo,latente,activo
2011-08,14005,latente,activo,inactivo,latente
2011-08,14006,activo,latente,latente,activo
2011-08,14009,inactivo,inactivo,inactivo,inactivo
2011-08,14012,inactivo,inactivo,inactivo,inactivo
2011-08,14013,activo,latente,latente,activo
2011-08,14016,latente,inactivo,inactivo,latente
2011-08,14019,latente,activo,inactivo,latente
2011-08,14021,latente,inactivo,inactivo,latente
2011-08,14022,inactivo,inactivo,inactivo,inactivo
2011-08,14023,inactivo,inactivo,inactivo,inactivo
2011-08,14024,activo,latente,latente,activo
2011-08,14029,latente,inactivo,inactivo,latente
2011-08,14030,activo,activo,latente,activo
2011-08,14031,activo,activo,latente,activo
2011-08,14032,inactivo,activo,inactivo,inactivo
2011-08,14034,latente,inactivo,inactivo,latente
2011-08,14035,activo,latente,latente,activo
2011-08,14036,inactivo,inactivo,inactivo,inactivo
2011-08,14037,inactivo,inactivo,inactivo,inactivo
2011-08,14038,latente,activo,inactivo,latente
2011-08,14040,activo,activo,latente,activo
2011-08,14041,inactivo,inactivo,inactivo,inactivo
2011-08,14044,activo,latente,latente,activo
2011-08,14045,activo,latente,latente,activo
2011-08,14046,inactivo,inactivo,inactivo,inactivo
2011-08,14047,inactivo,activo,inactivo,inactivo
2011-08,14048,inactivo,inactivo,inactivo,inactivo
2011-08,14049,latente,inactivo,inactivo,latente
2011-08,14050,activo,latente,latente,activo
2011-08,14051,activo,activo,latente,activo
2011-08,14053,activo,latente,latente,activo
2011-08,14055,activo,latente,latente,activo
2011-08,14056,activo,activo,latente,activo
2011-08,14057,activo,activo,latente,activo
2011-08,14059,inactivo,inactivo,inactivo,inactivo
2011-08,14060,activo,activo,latente,activo
2011-08,14062,activo,activo,latente,activo
2011-08,14064,activo,latente,latente,activo
2011-08,14066,inactivo,inactivo,inactivo,inactivo
2011-08,14068,inactivo,inactivo,inactivo,inactivo
2011-08,14071,inactivo,inactivo,inactivo,inactivo
2011-08,14075,inactivo,inactivo,inactivo,inactivo
2011-08,14076,activo,latente,latente,activo
2011-08,14077,inactivo,activo,inactivo,inactivo
2011-08,14078,activo,latente,latente,activo
2011-08,14079,activo,latente,latente,activo
2011-08,14081,inactivo,inactivo,inactivo,inactivo
2011-08,14082,inactivo,inactivo,inactivo,inactivo
2011-08,14083,activo,latente,latente,activo
2011-08,14085,latente,inactivo,inactivo,latente
2011-08,14088,activo,latente,latente,activo
2011-08,14090,inactivo,inactivo,inactivo,inactivo
2011-08,14092,latente,activo,inactivo,latente
2011-08,14096,activo,activo,latente,activo
2011-08,14099,activo,latente,latente,activo
2011-08,14100,latente,inactivo,inactivo,latente
2011-08,14101,latente,activo,inactivo,latente
2011-08,14104,latente,inactivo,inactivo,latente
2011-08,14105,inactivo,inactivo,inactivo,inactivo
2011-08,14107,inactivo,activo,inactivo,inactivo
2011-08,14108,activo,latente,latente,activo
2011-08,14110,activo,activo,latente,activo
2011-08,14111,activo,activo,latente,activo
2011-08,14112,activo,latente,latente,activo
2011-08,14113,inactivo,activo,inactivo,inactivo
2011-08,14114,inactivo,inactivo,inactivo,inactivo
2011-08,14116,activo,activo,latente,activo
2011-08,14117,latente,inactivo,inactivo,latente
2011-08,14127,activo,latente,latente,activo
2011-08,14128,inactivo,inactivo,inactivo,inactivo
2011-08,14129,inactivo,activo,inactivo,inactivo
2011-08,14130,inactivo,inactivo,inactivo,inactivo
2011-08,14132,activo,activo,latente,activo
2011-08,14133,activo,latente,latente,activo
2011-08,14135,activo,activo,latente,activo
2011-08,14141,activo,activo,latente,activo
2011-08,14142,inactivo,inactivo,inactivo,inactivo
2011-08,14143,latente,inactivo,inactivo,latente
2011-08,14145,latente,inactivo,inactivo,latente
2011-08,14146,inactivo,activo,inactivo,inactivo
2011-08,14147,inactivo,activo,inactivo,inactivo
2011-08,14148,inactivo,inactivo,inactivo,inactivo
2011-08,14149,inactivo,inactivo,inactivo,inactivo
2011-08,14150,inactivo,inactivo,inactivo,inactivo
2011-08,14152,inactivo,activo,inactivo,inactivo
2011-08,14154,inactivo,inactivo,inactivo,inactivo
2011-08,14155,inactivo,inactivo,inactivo,inactivo
2011-08,14156,activo,activo,latente,activo
2011-08,14157,inactivo,inactivo,inactivo,inactivo
2011-08,14159,latente,activo,inactivo,latente
2011-08,14161,inactivo,inactivo,inactivo,inactivo
2011-08,14162,inactivo,inactivo,inactivo,inactivo
2011-08,14163,latente,activo,inactivo,latente
2011-08,14165,inactivo,inactivo,inactivo,inactivo
2011-08,14167,inactivo,inactivo,inactivo,inactivo
2011-08,14173,inactivo,inactivo,inactivo,inactivo
2011-08,14175,inactivo,inactivo,inactivo,inactivo
2011-08,14176,inactivo,inactivo,inactivo,inactivo
2011-08,14177,inactivo,activo,inactivo,inactivo
2011-08,14178,latente,activo,inactivo,latente
2011-08,14180,activo,activo,latente,activo
2011-08,14185,inactivo,inactivo,inactivo,inactivo
2011-08,14188,activo,activo,latente,activo
2011-08,14189,activo,activo,latente,activo
2011-08,14191,activo,activo,latente,activo
2011-08,14193,inactivo,inactivo,inactivo,inactivo
2011-08,14194,activo,activo,latente,activo
2011-08,14195,inactivo,inactivo,inactivo,inactivo
2011-08,14196,activo,latente,latente,activo
2011-08,14198,latente,activo,inactivo,latente
2011-08,14199,inactivo,inactivo,inactivo,inactivo
2011-08,14201,latente,activo,inactivo,latente
2011-08,14205,inactivo,inactivo,inactivo,inactivo
2011-08,14206,inactivo,inactivo,inactivo,inactivo
2011-08,14209,activo,latente,latente,activo
2011-08,14210,activo,latente,latente,activo
2011-08,14211,inactivo,activo,inactivo,inactivo
2011-08,14214,latente,inactivo,inactivo,latente
2011-08,14215,inactivo,activo,inactivo,inactivo
2011-08,14217,latente,activo,inactivo,latente
2011-08,14220,inactivo,inactivo,inactivo,inactivo
2011-08,14221,activo,activo,latente,activo
2011-08,14222,inactivo,inactivo,inactivo,inactivo
2011-08,14223,latente,activo,inactivo,latente
2011-08,14224,activo,latente,latente,activo
2011-08,14226,inactivo,activo,inactivo,inactivo
2011-08,14227,inactivo,activo,inactivo,inactivo
2011-08,14229,inactivo,inactivo,inactivo,inactivo
2011-08,14231,inactivo,inactivo,inactivo,inactivo
2011-08,14232,activo,latente,latente,activo
2011-08,14233,inactivo,inactivo,inactivo,inactivo
2011-08,14235,latente,activo,inactivo,latente
2011-08,14236,inactivo,activo,inactivo,inactivo
2011-08,14237,inactivo,inactivo,inactivo,inactivo
2011-08,14238,inactivo,inactivo,inactivo,inactivo
2011-08,14239,activo,activo,latente,activo
2011-08,14240,inactivo,inactivo,inactivo,inactivo
2011-08,14241,inactivo,inactivo,inactivo,inactivo
2011-08,14242,inactivo,inactivo,inactivo,inactivo
2011-08,14243,latente,activo,inactivo,latente
2011-08,14245,inactivo,inactivo,inactivo,inactivo
2011-08,14246,activo,latente,latente,activo
2011-08,14247,inactivo,inactivo,inactivo,inactivo
2011-08,14248,inactivo,inactivo,inactivo,inactivo
2011-08,14256,inactivo,inactivo,inactivo,inactivo
2011-08,14257,activo,latente,latente,activo
2011-08,14258,latente,activo,inactivo,latente
2011-08,14259,latente,inactivo,inactivo,latente
2011-08,14262,activo,activo,latente,activo
2011-08,14264,latente,inactivo,inactivo,latente
2011-08,14265,activo,latente,latente,activo
2011-08,14267,inactivo,inactivo,inactivo,inactivo
2011-08,14270,inactivo,inactivo,inactivo,inactivo
2011-08,14271,inactivo,inactivo,inactivo,inactivo
2011-08,14272,inactivo,activo,inactivo,inactivo
2011-08,14273,latente,inactivo,inactivo,latente
2011-08,14276,inactivo,activo,inactivo,inactivo
2011-08,14277,inactivo,inactivo,inactivo,inactivo
2011-08,14280,inactivo,inactivo,inactivo,inactivo
2011-08,14282,activo,activo,latente,activo
2011-08,14285,inactivo,activo,inactivo,inactivo
2011-08,14286,inactivo,inactivo,inactivo,inactivo
2011-08,14287,inactivo,inactivo,inactivo,inactivo
2011-08,14288,inactivo,inactivo,inactivo,inactivo
2011-08,14289,latente,inactivo,inactivo,latente
2011-08,14290,inactivo,activo,inactivo,inactivo
2011-08,14291,activo,latente,latente,activo
2011-08,14292,latente,activo,inactivo,latente
2011-08,14293,latente,inactivo,inactivo,latente
2011-08,14297,inactivo,inactivo,inactivo,inactivo
2011-08,14298,activo,activo,latente,activo
2011-08,14299,activo,activo,latente,activo
2011-08,14301,activo,latente,latente,activo
2011-08,14304,inactivo,inactivo,inactivo,inactivo
2011-08,14305,activo,activo,latente,activo
2011-08,14307,latente,activo,inactivo,latente
2011-08,14309,inactivo,activo,inactivo,inactivo
2011-08,14311,inactivo,inactivo,inactivo,inactivo
2011-08,14312,inactivo,activo,inactivo,inactivo
2011-08,14314,activo,latente,latente,activo
2011-08,14315,activo,latente,latente,activo
2011-08,14320,inactivo,inactivo,inactivo,inactivo
2011-08,14321,activo,activo,latente,activo
2011-08,14323,activo,latente,latente,activo
2011-08,14326,inactivo,inactivo,inactivo,inactivo
2011-08,14327,inactivo,inactivo,inactivo,inactivo
2011-08,14329,activo,latente,latente,activo
2011-08,14331,activo,latente,latente,activo
2011-08,14332,latente,inactivo,inactivo,latente
2011-08,14334,activo,activo,latente,activo
2011-08,14336,inactivo,inactivo,inactivo,inactivo
2011-08,14338,latente,inactivo,inactivo,latente
2011-08,14339,inactivo,inactivo,inactivo,inactivo
2011-08,14340,inactivo,inactivo,inactivo,inactivo
2011-08,14341,activo,latente,latente,activo
2011-08,14342,latente,inactivo,inactivo,latente
2011-08,14344,activo,latente,latente,activo
2011-08,14346,activo,latente,latente,activo
2011-08,14348,inactivo,inactivo,inactivo,inactivo
2011-08,14350,inactivo,inactivo,inactivo,inactivo
2011-08,14351,inactivo,inactivo,inactivo,inactivo
2011-08,14352,latente,inactivo,inactivo,latente
2011-08,14353,inactivo,inactivo,inactivo,inactivo
2011-08,14355,inactivo,inactivo,inactivo,inactivo
2011-08,14364,activo,latente,latente,activo
2011-08,14367,latente,activo,inactivo,latente
2011-08,14368,inactivo,inactivo,inactivo,inactivo
2011-08,14371,inactivo,inactivo,inactivo,inactivo
2011-08,14373,inactivo,inactivo,inactivo,inactivo
2011-08,14375,inactivo,inactivo,inactivo,inactivo
2011-08,14377,inactivo,inactivo,inactivo,inactivo
2011-08,14379,inactivo,inactivo,inactivo,inactivo
2011-08,14383,inactivo,inactivo,inactivo,inactivo
2011-08,14386,inactivo,inactivo,inactivo,inactivo
2011-08,14387,activo,activo,latente,activo
2011-08,14388,activo,activo,latente,activo
2011-08,14389,inactivo,inactivo,inactivo,inactivo
2011-08,14390,latente,inactivo,inactivo,latente
2011-08,14393,inactivo,inactivo,inactivo,inactivo
2011-08,14395,inactivo,activo,inactivo,inactivo
2011-08,14396,inactivo,inactivo,inactivo,inactivo
2011-08,14397,activo,activo,latente,activo
2011-08,14400,latente,inactivo,inactivo,latente
2011-08,14401,activo,activo,latente,activo
2011-08,14403,activo,latente,latente,activo
2011-08,14404,activo,latente,latente,activo
2011-08,14406,activo,latente,latente,activo
2011-08,14407,activo,latente,latente,activo
2011-08,14408,activo,activo,latente,activo
2011-08,14409,activo,activo,latente,activo
2011-08,14410,latente,activo,inactivo,latente
2011-08,14411,inactivo,inactivo,inactivo,inactivo
2011-08,14413,inactivo,inactivo,inactivo,inactivo
2011-08,14414,activo,activo,latente,activo
2011-08,14415,activo,activo,latente,activo
2011-08,14418,activo,latente,latente,activo
2011-08,14419,inactivo,activo,inactivo,inactivo
2011-08,14421,inactivo,inactivo,inactivo,inactivo
2011-08,14422,inactivo,activo,inactivo,inactivo
2011-08,14423,inactivo,inactivo,inactivo,inactivo
2011-08,14426,latente,inactivo,inactivo,latente
2011-08,14428,inactivo,activo,inactivo,inactivo
2011-08,14431,inactivo,inactivo,inactivo,inactivo
2011-08,14437,inactivo,inactivo,inactivo,inactivo
2011-08,14438,inactivo,inactivo,inactivo,inactivo
2011-08,14439,inactivo,inactivo,inactivo,inactivo
2011-08,14440,inactivo,activo,inactivo,inactivo
2011-08,14441,inactivo,activo,inactivo,inactivo
2011-08,14442,inactivo,inactivo,inactivo,inactivo
2011-08,14443,latente,inactivo,inactivo,latente
2011-08,14446,inactivo,activo,inactivo,inactivo
2011-08,14447,inactivo,inactivo,inactivo,inactivo
2011-08,14448,inactivo,inactivo,inactivo,inactivo
2011-08,14449,inactivo,inactivo,inactivo,inactivo
2011-08,14450,inactivo,inactivo,inactivo,inactivo
2011-08,14451,inactivo,inactivo,inactivo,inactivo
2011-08,14453,inactivo,inactivo,inactivo,inactivo
2011-08,14456,latente,activo,inactivo,latente
2011-08,14457,inactivo,inactivo,inactivo,inactivo
2011-08,14459,latente,inactivo,inactivo,latente
2011-08,14460,activo,latente,latente,activo
2011-08,14461,latente,inactivo,inactivo,latente
2011-08,14462,activo,activo,latente,activo
2011-08,14463,inactivo,activo,inactivo,inactivo
2011-08,14465,inactivo,inactivo,inactivo,inactivo
2011-08,14466,activo,activo,latente,activo
2011-08,14467,inactivo,inactivo,inactivo,inactivo
2011-08,14470,inactivo,inactivo,inactivo,inactivo
2011-08,14472,activo,latente,latente,activo
2011-08,14473,inactivo,activo,inactivo,inactivo
2011-08,14475,inactivo,activo,inactivo,inactivo
2011-08,14476,inactivo,inactivo,inactivo,inactivo
2011-08,14477,inactivo,inactivo,inactivo,inactivo
2011-08,14479,inactivo,inactivo,inactivo,inactivo
2011-08,14481,inactivo,inactivo,inactivo,inactivo
2011-08,14482,inactivo,activo,inactivo,inactivo
2011-08,14483,inactivo,inactivo,inactivo,inactivo
2011-08,14487,inactivo,activo,inactivo,inactivo
2011-08,14489,inactivo,inactivo,inactivo,inactivo
2011-08,14491,inactivo,inactivo,inactivo,inactivo
2011-08,14493,latente,inactivo,inactivo,latente
2011-08,14495,activo,latente,latente,activo
2011-08,14496,inactivo,inactivo,inactivo,inactivo
2011-08,14497,inactivo,inactivo,inactivo,inactivo
2011-08,14498,activo,latente,latente,activo
2011-08,14499,latente,inactivo,inactivo,latente
2011-08,14500,activo,activo,latente,activo
2011-08,14501,inactivo,inactivo,inactivo,inactivo
2011-08,14502,latente,inactivo,inactivo,latente
2011-08,14503,inactivo,activo,inactivo,inactivo
2011-08,14504,inactivo,inactivo,inactivo,inactivo
2011-08,14505,activo,latente,latente,activo
2011-08,14506,inactivo,inactivo,inactivo,inactivo
2011-08,14507,activo,latente,latente,activo
2011-08,14511,latente,activo,inactivo,latente
2011-08,14512,inactivo,inactivo,inactivo,inactivo
2011-08,14513,activo,latente,latente,activo
2011-08,14514,inactivo,inactivo,inactivo,inactivo
2011-08,14515,inactivo,inactivo,inactivo,inactivo
2011-08,14517,latente,inactivo,inactivo,latente
2011-08,14520,inactivo,inactivo,inactivo,inactivo
2011-08,14522,inactivo,activo,inactivo,inactivo
2011-08,14523,activo,latente,latente,activo
2011-08,14524,inactivo,activo,inactivo,inactivo
2011-08,14525,activo,latente,latente,activo
2011-08,14527,activo,activo,latente,activo
2011-08,14529,activo,activo,latente,activo
2011-08,14530,activo,activo,latente,activo
2011-08,14532,inactivo,inactivo,inactivo,inactivo
2011-08,14533,activo,activo,latente,activo
2011-08,14534,activo,activo,latente,activo
2011-08,14535,activo,latente,latente,activo
2011-08,14536,inactivo,inactivo,inactivo,inactivo
2011-08,14538,inactivo,inactivo,inactivo,inactivo
2011-08,14540,inactivo,activo,inactivo,inactivo
2011-08,14541,inactivo,inactivo,inactivo,inactivo
2011-08,14542,inactivo,inactivo,inactivo,inactivo
2011-08,14543,activo,activo,latente,activo
2011-08,14544,inactivo,inactivo,inactivo,inactivo
2011-08,14546,inactivo,activo,inactivo,inactivo
2011-08,14548,latente,inactivo,inactivo,latente
2011-08,14549,inactivo,inactivo,inactivo,inactivo
2011-08,14551,inactivo,inactivo,inactivo,inactivo
2011-08,14552,latente,inactivo,inactivo,latente
2011-08,14553,inactivo,inactivo,inactivo,inactivo
2011-08,14555,inactivo,inactivo,inactivo,inactivo
2011-08,14560,activo,activo,latente,activo
2011-08,14561,inactivo,activo,inactivo,inactivo
2011-08,14562,activo,activo,latente,activo
2011-08,14565,activo,activo,latente,activo
2011-08,14566,activo,latente,latente,activo
2011-08,14567,activo,latente,latente,activo
2011-08,14570,inactivo,inactivo,inactivo,inactivo
2011-08,14572,activo,latente,latente,activo
2011-08,14573,inactivo,inactivo,inactivo,inactivo
2011-08,14576,inactivo,inactivo,inactivo,inactivo
2011-08,14577,inactivo,inactivo,inactivo,inactivo
2011-08,14583,latente,inactivo,inactivo,latente
2011-08,14584,inactivo,inactivo,inactivo,inactivo
2011-08,14586,inactivo,inactivo,inactivo,inactivo
2011-08,14587,inactivo,inactivo,inactivo,inactivo
2011-08,14589,inactivo,inactivo,inactivo,inactivo
2011-08,14591,inactivo,inactivo,inactivo,inactivo
2011-08,14593,inactivo,inactivo,inactivo,inactivo
2011-08,14594,inactivo,inactivo,inactivo,inactivo
2011-08,14595,inactivo,activo,inactivo,inactivo
2011-08,14597,inactivo,inactivo,inactivo,inactivo
2011-08,14600,inactivo,inactivo,inactivo,inactivo
2011-08,14603,inactivo,inactivo,inactivo,inactivo
2011-08,14606,activo,activo,latente,activo
2011-08,14607,inactivo,inactivo,inactivo,inactivo
2011-08,14608,inactivo,activo,inactivo,inactivo
2011-08,14609,latente,activo,inactivo,latente
2011-08,14616,inactivo,inactivo,inactivo,inactivo
2011-08,14618,inactivo,inactivo,inactivo,inactivo
2011-08,14619,inactivo,inactivo,inactivo,inactivo
2011-08,14620,inactivo,inactivo,inactivo,inactivo
2011-08,14621,latente,inactivo,inactivo,latente
2011-08,14622,inactivo,inactivo,inactivo,inactivo
2011-08,14623,activo,latente,latente,activo
2011-08,14625,inactivo,inactivo,inactivo,inactivo
2011-08,14626,activo,latente,latente,activo
2011-08,14628,inactivo,activo,inactivo,inactivo
2011-08,14631,inactivo,inactivo,inactivo,inactivo
2011-08,14632,inactivo,inactivo,inactivo,inactivo
2011-08,14633,inactivo,inactivo,inactivo,inactivo
2011-08,14636,inactivo,inactivo,inactivo,inactivo
2011-08,14639,activo,latente,latente,activo
2011-08,14640,activo,latente,latente,activo
2011-08,14643,inactivo,inactivo,inactivo,inactivo
2011-08,14644,inactivo,inactivo,inactivo,inactivo
2011-08,14645,latente,inactivo,inactivo,latente
2011-08,14646,activo,activo,latente,activo
2011-08,14647,inactivo,inactivo,inactivo,inactivo
2011-08,14649,inactivo,activo,inactivo,inactivo
2011-08,14651,inactivo,inactivo,inactivo,inactivo
2011-08,14653,inactivo,inactivo,inactivo,inactivo
2011-08,14655,inactivo,activo,inactivo,inactivo
2011-08,14656,inactivo,inactivo,inactivo,inactivo
2011-08,14657,latente,inactivo,inactivo,latente
2011-08,14658,activo,latente,latente,activo
2011-08,14659,latente,activo,inactivo,latente
2011-08,14660,activo,activo,latente,activo
2011-08,14662,inactivo,inactivo,inactivo,inactivo
2011-08,14665,inactivo,activo,inactivo,inactivo
2011-08,14667,activo,activo,latente,activo
2011-08,14669,inactivo,inactivo,inactivo,inactivo
2011-08,14670,inactivo,inactivo,inactivo,inactivo
2011-08,14672,inactivo,inactivo,inactivo,inactivo
2011-08,14673,inactivo,inactivo,inactivo,inactivo
2011-08,14676,latente,activo,inactivo,latente
2011-08,14680,activo,activo,latente,activo
2011-08,14681,inactivo,activo,inactivo,inactivo
2011-08,14682,inactivo,inactivo,inactivo,inactivo
2011-08,14684,inactivo,activo,inactivo,inactivo
2011-08,14687,activo,latente,latente,activo
2011-08,14688,activo,activo,latente,activo
2011-08,14689,inactivo,inactivo,inactivo,inactivo
2011-08,14690,latente,inactivo,inactivo,latente
2011-08,14691,inactivo,activo,inactivo,inactivo
2011-08,14692,latente,inactivo,inactivo,latente
2011-08,14693,inactivo,inactivo,inactivo,inactivo
2011-08,14696,activo,activo,latente,activo
2011-08,14697,inactivo,inactivo,inactivo,inactivo
2011-08,14699,inactivo,inactivo,inactivo,inactivo
2011-08,14700,inactivo,inactivo,inactivo,inactivo
2011-08,14701,inactivo,inactivo,inactivo,inactivo
2011-08,14702,activo,activo,latente,activo
2011-08,14704,latente,activo,inactivo,latente
2011-08,14705,inactivo,inactivo,inactivo,inactivo
2011-08,14708,latente,inactivo,inactivo,latente
2011-08,14709,activo,activo,latente,activo
2011-08,14711,activo,activo,latente,activo
2011-08,14712,activo,activo,latente,activo
2011-08,14713,activo,activo,latente,activo
2011-08,14715,inactivo,activo,inactivo,inactivo
2011-08,14716,latente,inactivo,inactivo,latente
2011-08,14719,inactivo,inactivo,inactivo,inactivo
2011-08,14720,activo,activo,latente,activo
2011-08,14722,latente,inactivo,inactivo,latente
2011-08,14723,inactivo,inactivo,inactivo,inactivo
2011-08,14727,inactivo,inactivo,inactivo,inactivo
2011-08,14729,inactivo,inactivo,inactivo,inactivo
2011-08,14730,activo,latente,latente,activo
2011-08,14731,inactivo,inactivo,inactivo,inactivo
2011-08,14732,latente,activo,inactivo,latente
2011-08,14733,activo,latente,latente,activo
2011-08,14735,activo,activo,latente,activo
2011-08,14737,activo,latente,latente,activo
2011-08,14738,latente,inactivo,inactivo,latente
2011-08,14739,inactivo,activo,inactivo,inactivo
2011-08,14740,inactivo,inactivo,inactivo,inactivo
2011-08,14741,activo,latente,latente,activo
2011-08,14744,inactivo,inactivo,inactivo,inactivo
2011-08,14745,activo,latente,latente,activo
2011-08,14747,inactivo,inactivo,inactivo,inactivo
2011-08,14748,activo,latente,latente,activo
2011-08,14754,inactivo,inactivo,inactivo,inactivo
2011-08,14755,activo,activo,latente,activo
2011-08,14758,latente,inactivo,inactivo,latente
2011-08,14759,activo,latente,latente,activo
2011-08,14760,inactivo,inactivo,inactivo,inactivo
2011-08,14761,inactivo,inactivo,inactivo,inactivo
2011-08,14762,inactivo,inactivo,inactivo,inactivo
2011-08,14765,activo,latente,latente,activo
2011-08,14766,inactivo,activo,inactivo,inactivo
2011-08,14768,activo,latente,latente,activo
2011-08,14769,activo,activo,latente,activo
2011-08,14770,inactivo,inactivo,inactivo,inactivo
2011-08,14772,activo,latente,latente,activo
2011-08,14775,latente,inactivo,inactivo,latente
2011-08,14776,activo,latente,latente,activo
2011-08,14778,activo,latente,latente,activo
2011-08,14779,inactivo,inactivo,inactivo,inactivo
2011-08,14782,inactivo,inactivo,inactivo,inactivo
2011-08,14784,inactivo,inactivo,inactivo,inactivo
2011-08,14790,activo,latente,latente,activo
2011-08,14794,inactivo,inactivo,inactivo,inactivo
2011-08,14795,inactivo,inactivo,inactivo,inactivo
2011-08,14796,activo,activo,latente,activo
2011-08,14798,latente,inactivo,inactivo,latente
2011-08,14800,activo,activo,latente,activo
2011-08,14803,inactivo,inactivo,inactivo,inactivo
2011-08,14805,inactivo,inactivo,inactivo,inactivo
2011-08,14808,latente,activo,inactivo,latente
2011-08,14810,activo,latente,latente,activo
2011-08,14813,inactivo,inactivo,inactivo,inactivo
2011-08,14816,inactivo,inactivo,inactivo,inactivo
2011-08,14817,inactivo,inactivo,inactivo,inactivo
2011-08,14818,inactivo,activo,inactivo,inactivo
2011-08,14819,inactivo,inactivo,inactivo,inactivo
2011-08,14820,inactivo,activo,inactivo,inactivo
2011-08,14821,inactivo,inactivo,inactivo,inactivo
2011-08,14823,inactivo,inactivo,inactivo,inactivo
2011-08,14825,activo,activo,latente,activo
2011-08,14828,inactivo,inactivo,inactivo,inactivo
2011-08,14829,inactivo,inactivo,inactivo,inactivo
2011-08,14834,activo,activo,latente,activo
2011-08,14837,activo,activo,latente,activo
2011-08,14840,inactivo,inactivo,inactivo,inactivo
2011-08,14841,inactivo,inactivo,inactivo,inactivo
2011-08,14842,inactivo,activo,inactivo,inactivo
2011-08,14844,activo,latente,latente,activo
2011-08,14847,latente,inactivo,inactivo,latente
2011-08,14849,activo,activo,latente,activo
2011-08,14850,inactivo,inactivo,inactivo,inactivo
2011-08,14851,inactivo,inactivo,inactivo,inactivo
2011-08,14852,latente,activo,inactivo,latente
2011-08,14853,inactivo,inactivo,inactivo,inactivo
2011-08,14854,latente,activo,inactivo,latente
2011-08,14855,activo,latente,latente,activo
2011-08,14857,latente,inactivo,inactivo,latente
2011-08,14859,inactivo,activo,inactivo,inactivo
2011-08,14862,latente,inactivo,inactivo,latente
2011-08,14865,inactivo,inactivo,inactivo,inactivo
2011-08,14866,activo,activo,latente,activo
2011-08,14867,inactivo,inactivo,inactivo,inactivo
2011-08,14868,activo,activo,latente,activo
2011-08,14869,activo,latente,latente,activo
2011-08,14870,inactivo,inactivo,inactivo,inactivo
2011-08,14871,inactivo,inactivo,inactivo,inactivo
2011-08,14873,inactivo,inactivo,inactivo,inactivo
2011-08,14875,activo,latente,latente,activo
2011-08,14878,inactivo,activo,inactivo,inactivo
2011-08,14880,inactivo,activo,inactivo,inactivo
2011-08,14883,inactivo,activo,inactivo,inactivo
2011-08,14885,latente,inactivo,inactivo,latente
2011-08,14886,inactivo,inactivo,inactivo,inactivo
2011-08,14888,inactivo,inactivo,inactivo,inactivo
2011-08,14889,inactivo,inactivo,inactivo,inactivo
2011-08,14890,inactivo,inactivo,inactivo,inactivo
2011-08,14891,latente,inactivo,inactivo,latente
2011-08,14895,activo,activo,latente,activo
2011-08,14896,inactivo,inactivo,inactivo,inactivo
2011-08,14897,inactivo,activo,inactivo,inactivo
2011-08,14898,latente,inactivo,inactivo,latente
2011-08,14901,activo,activo,latente,activo
2011-08,14903,activo,latente,latente,activo
2011-08,14905,latente,inactivo,inactivo,latente
2011-08,14907,latente,activo,inactivo,latente
2011-08,14911,activo,activo,latente,activo
2011-08,14912,inactivo,inactivo,inactivo,inactivo
2011-08,14913,inactivo,inactivo,inactivo,inactivo
2011-08,14915,inactivo,activo,inactivo,inactivo
2011-08,14916,latente,activo,inactivo,latente
2011-08,14918,activo,latente,latente,activo
2011-08,14920,inactivo,inactivo,inactivo,inactivo
2011-08,14921,inactivo,inactivo,inactivo,inactivo
2011-08,14924,inactivo,inactivo,inactivo,inactivo
2011-08,14930,activo,latente,latente,activo
2011-08,14931,inactivo,activo,inactivo,inactivo
2011-08,14932,inactivo,inactivo,inactivo,inactivo
2011-08,14934,inactivo,activo,inactivo,inactivo
2011-08,14935,inactivo,inactivo,inactivo,inactivo
2011-08,14936,activo,latente,latente,activo
2011-08,14937,activo,latente,latente,activo
2011-08,14944,latente,activo,inactivo,latente
2011-08,14947,activo,activo,latente,activo
2011-08,14948,activo,activo,latente,activo
2011-08,14952,inactivo,activo,inactivo,inactivo
2011-08,14957,inactivo,inactivo,inactivo,inactivo
2011-08,14958,latente,inactivo,inactivo,latente
2011-08,14959,activo,latente,latente,activo
2011-08,14960,inactivo,inactivo,inactivo,inactivo
2011-08,14961,latente,activo,inactivo,latente
2011-08,14962,inactivo,inactivo,inactivo,inactivo
2011-08,14963,inactivo,inactivo,inactivo,inactivo
2011-08,14964,inactivo,inactivo,inactivo,inactivo
2011-08,14970,latente,inactivo,inactivo,latente
2011-08,14972,activo,latente,latente,activo
2011-08,14973,activo,latente,latente,activo
2011-08,14976,activo,latente,latente,activo
2011-08,14978,inactivo,activo,inactivo,inactivo
2011-08,14981,inactivo,inactivo,inactivo,inactivo
2011-08,14984,inactivo,inactivo,inactivo,inactivo
2011-08,14985,inactivo,inactivo,inactivo,inactivo
2011-08,14987,inactivo,inactivo,inactivo,inactivo
2011-08,14988,inactivo,inactivo,inactivo,inactivo
2011-08,14995,inactivo,inactivo,inactivo,inactivo
2011-08,14997,inactivo,activo,inactivo,inactivo
2011-08,14998,inactivo,inactivo,inactivo,inactivo
2011-08,15002,activo,latente,latente,activo
2011-08,15004,latente,inactivo,inactivo,latente
2011-08,15005,activo,activo,latente,activo
2011-08,15007,latente,inactivo,inactivo,latente
2011-08,15012,inactivo,inactivo,inactivo,inactivo
2011-08,15014,inactivo,inactivo,inactivo,inactivo
2011-08,15016,inactivo,inactivo,inactivo,inactivo
2011-08,15018,inactivo,inactivo,inactivo,inactivo
2011-08,15019,inactivo,inactivo,inactivo,inactivo
2011-08,15021,latente,activo,inactivo,latente
2011-08,15023,activo,latente,latente,activo
2011-08,15024,activo,latente,latente,activo
2011-08,15026,inactivo,activo,inactivo,inactivo
2011-08,15027,inactivo,inactivo,inactivo,inactivo
2011-08,15028,inactivo,inactivo,inactivo,inactivo
2011-08,15030,inactivo,activo,inactivo,inactivo
2011-08,15031,activo,latente,latente,activo
2011-08,15032,inactivo,inactivo,inactivo,inactivo
2011-08,15033,activo,latente,latente,activo
2011-08,15034,inactivo,activo,inactivo,inactivo
2011-08,15036,inactivo,activo,inactivo,inactivo
2011-08,15038,inactivo,inactivo,inactivo,inactivo
2011-08,15039,activo,activo,latente,activo
2011-08,15041,inactivo,inactivo,inactivo,inactivo
2011-08,15042,inactivo,inactivo,inactivo,inactivo
2011-08,15044,latente,activo,inactivo,latente
2011-08,15045,latente,inactivo,inactivo,latente
2011-08,15046,activo,activo,latente,activo
2011-08,15047,inactivo,inactivo,inactivo,inactivo
2011-08,15048,activo,latente,latente,activo
2011-08,15049,inactivo,inactivo,inactivo,inactivo
2011-08,15051,latente,inactivo,inactivo,latente
2011-08,15052,inactivo,inactivo,inactivo,inactivo
2011-08,15053,latente,inactivo,inactivo,latente
2011-08,15057,inactivo,inactivo,inactivo,inactivo
2011-08,15058,activo,activo,latente,activo
2011-08,15059,activo,latente,latente,activo
2011-08,15061,activo,activo,latente,activo
2011-08,15062,inactivo,activo,inactivo,inactivo
2011-08,15063,inactivo,inactivo,inactivo,inactivo
2011-08,15065,inactivo,inactivo,inactivo,inactivo
2011-08,15067,inactivo,activo,inactivo,inactivo
2011-08,15068,inactivo,inactivo,inactivo,inactivo
2011-08,15069,inactivo,inactivo,inactivo,inactivo
2011-08,15070,inactivo,inactivo,inactivo,inactivo
2011-08,15071,inactivo,activo,inactivo,inactivo
2011-08,15073,inactivo,inactivo,inactivo,inactivo
2011-08,15074,activo,latente,latente,activo
2011-08,15076,inactivo,inactivo,inactivo,inactivo
2011-08,15078,activo,activo,latente,activo
2011-08,15079,inactivo,inactivo,inactivo,inactivo
2011-08,15081,inactivo,activo,inactivo,inactivo
2011-08,15083,inactivo,inactivo,inactivo,inactivo
2011-08,15087,inactivo,inactivo,inactivo,inactivo
2011-08,15089,activo,activo,latente,activo
2011-08,15090,inactivo,inactivo,inactivo,inactivo
2011-08,15092,inactivo,inactivo,inactivo,inactivo
2011-08,15093,activo,latente,latente,activo
2011-08,15095,activo,latente,latente,activo
2011-08,15098,inactivo,inactivo,inactivo,inactivo
2011-08,15100,inactivo,inactivo,inactivo,inactivo
2011-08,15101,inactivo,inactivo,inactivo,inactivo
2011-08,15104,inactivo,inactivo,inactivo,inactivo
2011-08,15105,latente,activo,inactivo,latente
2011-08,15106,latente,inactivo,inactivo,latente
2011-08,15107,inactivo,inactivo,inactivo,inactivo
2011-08,15108,latente,inactivo,inactivo,latente
2011-08,15109,inactivo,inactivo,inactivo,inactivo
2011-08,15110,activo,latente,latente,activo
2011-08,15111,inactivo,inactivo,inactivo,inactivo
2011-08,15114,activo,activo,latente,activo
2011-08,15116,latente,inactivo,inactivo,latente
2011-08,15117,activo,latente,latente,activo
2011-08,15118,latente,inactivo,inactivo,latente
2011-08,15119,inactivo,inactivo,inactivo,inactivo
2011-08,15120,latente,inactivo,inactivo,latente
2011-08,15121,inactivo,inactivo,inactivo,inactivo
2011-08,15122,activo,latente,latente,activo
2011-08,15123,inactivo,inactivo,inactivo,inactivo
2011-08,15124,inactivo,inactivo,inactivo,inactivo
2011-08,15125,activo,latente,latente,activo
2011-08,15128,activo,latente,latente,activo
2011-08,15129,activo,latente,latente,activo
2011-08,15130,inactivo,inactivo,inactivo,inactivo
2011-08,15132,activo,latente,latente,activo
2011-08,15133,activo,latente,latente,activo
2011-08,15134,activo,activo,latente,activo
2011-08,15135,inactivo,inactivo,inactivo,inactivo
2011-08,15139,inactivo,inactivo,inactivo,inactivo
2011-08,15140,activo,activo,latente,activo
2011-08,15143,inactivo,inactivo,inactivo,inactivo
2011-08,15144,activo,activo,latente,activo
2011-08,15145,inactivo,inactivo,inactivo,inactivo
2011-08,15146,inactivo,inactivo,inactivo,inactivo
2011-08,15147,inactivo,inactivo,inactivo,inactivo
2011-08,15149,latente,inactivo,inactivo,latente
2011-08,15150,activo,activo,latente,activo
2011-08,15152,activo,activo,latente,activo
2011-08,15157,latente,inactivo,inactivo,latente
2011-08,15159,activo,activo,latente,activo
2011-08,15160,inactivo,inactivo,inactivo,inactivo
2011-08,15163,inactivo,inactivo,inactivo,inactivo
2011-08,15164,inactivo,inactivo,inactivo,inactivo
2011-08,15165,inactivo,inactivo,inactivo,inactivo
2011-08,15167,inactivo,inactivo,inactivo,inactivo
2011-08,15171,inactivo,inactivo,inactivo,inactivo
2011-08,15172,latente,activo,inactivo,latente
2011-08,15174,inactivo,inactivo,inactivo,inactivo
2011-08,15178,inactivo,inactivo,inactivo,inactivo
2011-08,15179,inactivo,inactivo,inactivo,inactivo
2011-08,15180,inactivo,inactivo,inactivo,inactivo
2011-08,15181,inactivo,inactivo,inactivo,inactivo
2011-08,15182,latente,inactivo,inactivo,latente
2011-08,15184,inactivo,inactivo,inactivo,inactivo
2011-08,15186,inactivo,inactivo,inactivo,inactivo
2011-08,15187,activo,activo,latente,activo
2011-08,15189,activo,activo,latente,activo
2011-08,15192,activo,latente,latente,activo
2011-08,15194,activo,activo,latente,activo
2011-08,15197,inactivo,inactivo,inactivo,inactivo
2011-08,15198,activo,activo,latente,activo
2011-08,15199,inactivo,activo,inactivo,inactivo
2011-08,15201,activo,activo,latente,activo
2011-08,15203,activo,activo,latente,activo
2011-08,15204,inactivo,inactivo,inactivo,inactivo
2011-08,15205,activo,activo,latente,activo
2011-08,15206,latente,activo,inactivo,latente
2011-08,15208,inactivo,inactivo,inactivo,inactivo
2011-08,15210,inactivo,inactivo,inactivo,inactivo
2011-08,15211,inactivo,inactivo,inactivo,inactivo
2011-08,15212,inactivo,inactivo,inactivo,inactivo
2011-08,15213,inactivo,inactivo,inactivo,inactivo
2011-08,15214,inactivo,activo,inactivo,inactivo
2011-08,15218,activo,activo,latente,activo
2011-08,15219,inactivo,inactivo,inactivo,inactivo
2011-08,15220,activo,latente,latente,activo
2011-08,15221,inactivo,inactivo,inactivo,inactivo
2011-08,15222,inactivo,inactivo,inactivo,inactivo
2011-08,15223,inactivo,inactivo,inactivo,inactivo
2011-08,15224,inactivo,inactivo,inactivo,inactivo
2011-08,15225,inactivo,inactivo,inactivo,inactivo
2011-08,15226,inactivo,inactivo,inactivo,inactivo
2011-08,15227,inactivo,inactivo,inactivo,inactivo
2011-08,15228,activo,latente,latente,activo
2011-08,15230,inactivo,inactivo,inactivo,inactivo
2011-08,15232,activo,latente,latente,activo
2011-08,15234,inactivo,inactivo,inactivo,inactivo
2011-08,15235,inactivo,inactivo,inactivo,inactivo
2011-08,15236,inactivo,inactivo,inactivo,inactivo
2011-08,15237,inactivo,activo,inactivo,inactivo
2011-08,15238,inactivo,activo,inactivo,inactivo
2011-08,15240,inactivo,activo,inactivo,inactivo
2011-08,15241,activo,activo,latente,activo
2011-08,15244,inactivo,inactivo,inactivo,inactivo
2011-08,15245,latente,inactivo,inactivo,latente
2011-08,15246,inactivo,inactivo,inactivo,inactivo
2011-08,15247,activo,latente,latente,activo
2011-08,15249,activo,activo,latente,activo
2011-08,15251,activo,activo,latente,activo
2011-08,15252,inactivo,inactivo,inactivo,inactivo
2011-08,15253,inactivo,activo,inactivo,inactivo
2011-08,15254,activo,latente,latente,activo
2011-08,15256,latente,inactivo,inactivo,latente
2011-08,15257,inactivo,inactivo,inactivo,inactivo
2011-08,15258,inactivo,inactivo,inactivo,inactivo
2011-08,15260,activo,latente,latente,activo
2011-08,15261,latente,inactivo,inactivo,latente
2011-08,15262,inactivo,inactivo,inactivo,inactivo
2011-08,15263,activo,latente,latente,activo
2011-08,15265,latente,inactivo,inactivo,latente
2011-08,15266,inactivo,inactivo,inactivo,inactivo
2011-08,15267,latente,inactivo,inactivo,latente
2011-08,15270,activo,latente,latente,activo
2011-08,15271,activo,activo,latente,activo
2011-08,15279,inactivo,inactivo,inactivo,inactivo
2011-08,15280,inactivo,inactivo,inactivo,inactivo
2011-08,15281,latente,inactivo,inactivo,latente
2011-08,15288,latente,inactivo,inactivo,latente
2011-08,15289,latente,inactivo,inactivo,latente
2011-08,15290,activo,activo,latente,activo
2011-08,15291,inactivo,activo,inactivo,inactivo
2011-08,15292,inactivo,inactivo,inactivo,inactivo
2011-08,15296,activo,latente,latente,activo
2011-08,15298,latente,activo,inactivo,latente
2011-08,15299,inactivo,inactivo,inactivo,inactivo
2011-08,15301,activo,activo,latente,activo
2011-08,15303,inactivo,inactivo,inactivo,inactivo
2011-08,15304,inactivo,activo,inactivo,inactivo
2011-08,15306,latente,activo,inactivo,latente
2011-08,15308,inactivo,inactivo,inactivo,inactivo
2011-08,15311,activo,activo,latente,activo
2011-08,15312,activo,activo,latente,activo
2011-08,15313,activo,latente,latente,activo
2011-08,15314,inactivo,inactivo,inactivo,inactivo
2011-08,15315,activo,latente,latente,activo
2011-08,15316,inactivo,inactivo,inactivo,inactivo
2011-08,15319,inactivo,inactivo,inactivo,inactivo
2011-08,15321,inactivo,activo,inactivo,inactivo
2011-08,15325,activo,latente,latente,activo
2011-08,15326,inactivo,inactivo,inactivo,inactivo
2011-08,15329,latente,inactivo,inactivo,latente
2011-08,15332,inactivo,inactivo,inactivo,inactivo
2011-08,15333,inactivo,inactivo,inactivo,inactivo
2011-08,15334,latente,inactivo,inactivo,latente
2011-08,15339,inactivo,inactivo,inactivo,inactivo
2011-08,15342,activo,latente,latente,activo
2011-08,15346,inactivo,inactivo,inactivo,inactivo
2011-08,15347,inactivo,inactivo,inactivo,inactivo
2011-08,15349,latente,inactivo,inactivo,latente
2011-08,15350,inactivo,inactivo,inactivo,inactivo
2011-08,15351,inactivo,activo,inactivo,inactivo
2011-08,15353,inactivo,inactivo,inactivo,inactivo
2011-08,15356,activo,activo,latente,activo
2011-08,15358,activo,activo,latente,activo
2011-08,15361,inactivo,inactivo,inactivo,inactivo
2011-08,15363,inactivo,inactivo,inactivo,inactivo
2011-08,15364,inactivo,activo,inactivo,inactivo
2011-08,15365,inactivo,activo,inactivo,inactivo
2011-08,15366,inactivo,activo,inactivo,inactivo
2011-08,15367,inactivo,inactivo,inactivo,inactivo
2011-08,15370,latente,activo,inactivo,latente
2011-08,15372,latente,inactivo,inactivo,latente
2011-08,15373,activo,latente,latente,activo
2011-08,15374,activo,latente,latente,activo
2011-08,15376,activo,latente,latente,activo
2011-08,15379,inactivo,inactivo,inactivo,inactivo
2011-08,15380,latente,activo,inactivo,latente
2011-08,15381,inactivo,inactivo,inactivo,inactivo
2011-08,15382,inactivo,activo,inactivo,inactivo
2011-08,15384,inactivo,inactivo,inactivo,inactivo
2011-08,15386,inactivo,inactivo,inactivo,inactivo
2011-08,15388,inactivo,inactivo,inactivo,inactivo
2011-08,15389,inactivo,inactivo,inactivo,inactivo
2011-08,15392,inactivo,activo,inactivo,inactivo
2011-08,15393,inactivo,inactivo,inactivo,inactivo
2011-08,15394,inactivo,activo,inactivo,inactivo
2011-08,15395,inactivo,inactivo,inactivo,inactivo
2011-08,15396,activo,latente,latente,activo
2011-08,15397,inactivo,inactivo,inactivo,inactivo
2011-08,15400,activo,activo,latente,activo
2011-08,15402,latente,inactivo,inactivo,latente
2011-08,15405,inactivo,inactivo,inactivo,inactivo
2011-08,15406,inactivo,inactivo,inactivo,inactivo
2011-08,15407,inactivo,inactivo,inactivo,inactivo
2011-08,15408,inactivo,inactivo,inactivo,inactivo
2011-08,15410,activo,activo,latente,activo
2011-08,15411,activo,activo,latente,activo
2011-08,15412,inactivo,inactivo,inactivo,inactivo
2011-08,15414,inactivo,inactivo,inactivo,inactivo
2011-08,15415,inactivo,inactivo,inactivo,inactivo
2011-08,15416,latente,inactivo,inactivo,latente
2011-08,15421,inactivo,inactivo,inactivo,inactivo
2011-08,15422,inactivo,inactivo,inactivo,inactivo
2011-08,15424,inactivo,inactivo,inactivo,inactivo
2011-08,15426,inactivo,inactivo,inactivo,inactivo
2011-08,15433,inactivo,inactivo,inactivo,inactivo
2011-08,15434,activo,latente,latente,activo
2011-08,15436,inactivo,inactivo,inactivo,inactivo
2011-08,15437,inactivo,inactivo,inactivo,inactivo
2011-08,15438,latente,inactivo,inactivo,latente
2011-08,15440,latente,inactivo,inactivo,latente
2011-08,15442,inactivo,inactivo,inactivo,inactivo
2011-08,15443,activo,activo,latente,activo
2011-08,15445,inactivo,inactivo,inactivo,inactivo
2011-08,15447,inactivo,inactivo,inactivo,inactivo
2011-08,15448,inactivo,inactivo,inactivo,inactivo
2011-08,15449,inactivo,inactivo,inactivo,inactivo
2011-08,15452,inactivo,activo,inactivo,inactivo
2011-08,15453,latente,activo,inactivo,latente
2011-08,15454,inactivo,inactivo,inactivo,inactivo
2011-08,15456,inactivo,inactivo,inactivo,inactivo
2011-08,15457,inactivo,inactivo,inactivo,inactivo
2011-08,15460,inactivo,inactivo,inactivo,inactivo
2011-08,15462,latente,activo,inactivo,latente
2011-08,15464,inactivo,inactivo,inactivo,inactivo
2011-08,15465,latente,activo,inactivo,latente
2011-08,15467,latente,inactivo,inactivo,latente
2011-08,15469,activo,latente,latente,activo
2011-08,15472,activo,latente,latente,activo
2011-08,15480,activo,latente,latente,activo
2011-08,15482,inactivo,inactivo,inactivo,inactivo
2011-08,15483,latente,inactivo,inactivo,latente
2011-08,15485,inactivo,inactivo,inactivo,inactivo
2011-08,15489,inactivo,inactivo,inactivo,inactivo
2011-08,15491,activo,activo,latente,activo
2011-08,15493,latente,inactivo,inactivo,latente
2011-08,15494,activo,latente,latente,activo
2011-08,15497,inactivo,inactivo,inactivo,inactivo
2011-08,15498,activo,activo,latente,activo
2011-08,15502,activo,activo,latente,activo
2011-08,15503,inactivo,inactivo,inactivo,inactivo
2011-08,15505,activo,activo,latente,activo
2011-08,15506,latente,inactivo,inactivo,latente
2011-08,15507,inactivo,inactivo,inactivo,inactivo
2011-08,15508,inactivo,inactivo,inactivo,inactivo
2011-08,15510,inactivo,inactivo,inactivo,inactivo
2011-08,15512,latente,inactivo,inactivo,latente
2011-08,15513,activo,activo,latente,activo
2011-08,15514,inactivo,inactivo,inactivo,inactivo
2011-08,15517,inactivo,inactivo,inactivo,inactivo
2011-08,15518,activo,latente,latente,activo
2011-08,15521,latente,activo,inactivo,latente
2011-08,15525,inactivo,inactivo,inactivo,inactivo
2011-08,15527,latente,activo,inactivo,latente
2011-08,15528,inactivo,inactivo,inactivo,inactivo
2011-08,15529,latente,activo,inactivo,latente
2011-08,15530,latente,inactivo,inactivo,latente
2011-08,15532,latente,inactivo,inactivo,latente
2011-08,15535,inactivo,inactivo,inactivo,inactivo
2011-08,15537,inactivo,inactivo,inactivo,inactivo
2011-08,15541,activo,latente,latente,activo
2011-08,15543,inactivo,inactivo,inactivo,inactivo
2011-08,15544,activo,latente,latente,activo
2011-08,15545,inactivo,inactivo,inactivo,inactivo
2011-08,15547,activo,activo,latente,activo
2011-08,15549,latente,activo,inactivo,latente
2011-08,15550,activo,latente,latente,activo
2011-08,15552,inactivo,inactivo,inactivo,inactivo
2011-08,15554,inactivo,inactivo,inactivo,inactivo
2011-08,15555,activo,activo,latente,activo
2011-08,15561,latente,inactivo,inactivo,latente
2011-08,15562,inactivo,inactivo,inactivo,inactivo
2011-08,15563,inactivo,inactivo,inactivo,inactivo
2011-08,15569,activo,latente,latente,activo
2011-08,15570,latente,inactivo,inactivo,latente
2011-08,15572,activo,latente,latente,activo
2011-08,15574,inactivo,inactivo,inactivo,inactivo
2011-08,15577,latente,inactivo,inactivo,latente
2011-08,15578,inactivo,inactivo,inactivo,inactivo
2011-08,15579,inactivo,inactivo,inactivo,inactivo
2011-08,15581,activo,latente,latente,activo
2011-08,15582,activo,latente,latente,activo
2011-08,15584,inactivo,activo,inactivo,inactivo
2011-08,15585,inactivo,inactivo,inactivo,inactivo
2011-08,15587,latente,activo,inactivo,latente
2011-08,15589,inactivo,inactivo,inactivo,inactivo
2011-08,15594,inactivo,activo,inactivo,inactivo
2011-08,15596,activo,latente,latente,activo
2011-08,15599,inactivo,inactivo,inactivo,inactivo
2011-08,15601,activo,activo,latente,activo
2011-08,15602,inactivo,activo,inactivo,inactivo
2011-08,15605,inactivo,activo,inactivo,inactivo
2011-08,15606,activo,latente,latente,activo
2011-08,15607,inactivo,inactivo,inactivo,inactivo
2011-08,15608,activo,latente,latente,activo
2011-08,15609,inactivo,inactivo,inactivo,inactivo
2011-08,15611,activo,activo,latente,activo
2011-08,15615,activo,latente,latente,activo
2011-08,15618,latente,activo,inactivo,latente
2011-08,15620,inactivo,inactivo,inactivo,inactivo
2011-08,15622,inactivo,activo,inactivo,inactivo
2011-08,15623,latente,inactivo,inactivo,latente
2011-08,15624,activo,latente,latente,activo
2011-08,15625,activo,latente,latente,activo
2011-08,15626,inactivo,activo,inactivo,inactivo
2011-08,15628,activo,activo,latente,activo
2011-08,15630,inactivo,inactivo,inactivo,inactivo
2011-08,15632,activo,latente,latente,activo
2011-08,15636,inactivo,activo,inactivo,inactivo
2011-08,15639,latente,inactivo,inactivo,latente
2011-08,15640,activo,activo,latente,activo
2011-08,15641,activo,latente,latente,activo
2011-08,15643,inactivo,inactivo,inactivo,inactivo
2011-08,15644,inactivo,inactivo,inactivo,inactivo
2011-08,15646,latente,inactivo,inactivo,latente
2011-08,15648,inactivo,inactivo,inactivo,inactivo
2011-08,15649,inactivo,inactivo,inactivo,inactivo
2011-08,15651,inactivo,inactivo,inactivo,inactivo
2011-08,15653,activo,activo,latente,activo
2011-08,15655,inactivo,inactivo,inactivo,inactivo
2011-08,15656,inactivo,inactivo,inactivo,inactivo
2011-08,15658,inactivo,inactivo,inactivo,inactivo
2011-08,15660,latente,activo,inactivo,latente
2011-08,15661,inactivo,inactivo,inactivo,inactivo
2011-08,15663,activo,latente,latente,activo
2011-08,15665,inactivo,inactivo,inactivo,inactivo
2011-08,15668,inactivo,inactivo,inactivo,inactivo
2011-08,15669,activo,latente,latente,activo
2011-08,15670,inactivo,inactivo,inactivo,inactivo
2011-08,15671,activo,activo,latente,activo
2011-08,15673,latente,activo,inactivo,latente
2011-08,15674,inactivo,activo,inactivo,inactivo
2011-08,15675,latente,activo,inactivo,latente
2011-08,15676,inactivo,inactivo,inactivo,inactivo
2011-08,15679,latente,inactivo,inactivo,latente
2011-08,15680,inactivo,inactivo,inactivo,inactivo
2011-08,15681,inactivo,inactivo,inactivo,inactivo
2011-08,15683,activo,latente,latente,activo
2011-08,15687,inactivo,inactivo,inactivo,inactivo
2011-08,15689,activo,latente,latente,activo
2011-08,15690,activo,latente,latente,activo
2011-08,15691,inactivo,inactivo,inactivo,inactivo
2011-08,15694,inactivo,inactivo,inactivo,inactivo
2011-08,15695,inactivo,inactivo,inactivo,inactivo
2011-08,15696,inactivo,activo,inactivo,inactivo
2011-08,15700,inactivo,inactivo,inactivo,inactivo
2011-08,15701,activo,activo,latente,activo
2011-08,15703,inactivo,inactivo,inactivo,inactivo
2011-08,15704,latente,inactivo,inactivo,latente
2011-08,15705,inactivo,inactivo,inactivo,inactivo
2011-08,15706,activo,activo,latente,activo
2011-08,15708,latente,inactivo,inactivo,latente
2011-08,15709,inactivo,inactivo,inactivo,inactivo
2011-08,15712,activo,activo,latente,activo
2011-08,15713,latente,inactivo,inactivo,latente
2011-08,15716,latente,inactivo,inactivo,latente
2011-08,15717,inactivo,inactivo,inactivo,inactivo
2011-08,15719,activo,activo,latente,activo
2011-08,15722,activo,latente,latente,activo
2011-08,15723,inactivo,inactivo,inactivo,inactivo
2011-08,15724,inactivo,inactivo,inactivo,inactivo
2011-08,15727,activo,latente,latente,activo
2011-08,15729,inactivo,inactivo,inactivo,inactivo
2011-08,15730,inactivo,activo,inactivo,inactivo
2011-08,15732,inactivo,inactivo,inactivo,inactivo
2011-08,15733,inactivo,inactivo,inactivo,inactivo
2011-08,15734,activo,latente,latente,activo
2011-08,15737,latente,activo,inactivo,latente
2011-08,15738,activo,activo,latente,activo
2011-08,15743,activo,latente,latente,activo
2011-08,15745,inactivo,activo,inactivo,inactivo
2011-08,15746,latente,inactivo,inactivo,latente
2011-08,15747,activo,latente,latente,activo
2011-08,15749,inactivo,inactivo,inactivo,inactivo
2011-08,15750,inactivo,activo,inactivo,inactivo
2011-08,15752,activo,activo,latente,activo
2011-08,15753,inactivo,inactivo,inactivo,inactivo
2011-08,15754,inactivo,activo,inactivo,inactivo
2011-08,15755,activo,activo,latente,activo
2011-08,15756,latente,inactivo,inactivo,latente
2011-08,15757,inactivo,inactivo,inactivo,inactivo
2011-08,15759,inactivo,inactivo,inactivo,inactivo
2011-08,15764,activo,activo,latente,activo
2011-08,15768,activo,latente,latente,activo
2011-08,15769,activo,activo,latente,activo
2011-08,15775,inactivo,inactivo,inactivo,inactivo
2011-08,15776,latente,inactivo,inactivo,latente
2011-08,15777,inactivo,inactivo,inactivo,inactivo
2011-08,15780,inactivo,inactivo,inactivo,inactivo
2011-08,15781,latente,inactivo,inactivo,latente
2011-08,15785,latente,inactivo,inactivo,latente
2011-08,15786,activo,latente,latente,activo
2011-08,15789,inactivo,inactivo,inactivo,inactivo
2011-08,15791,inactivo,inactivo,inactivo,inactivo
2011-08,15793,inactivo,inactivo,inactivo,inactivo
2011-08,15795,latente,inactivo,inactivo,latente
2011-08,15796,activo,activo,latente,activo
2011-08,15797,activo,latente,latente,activo
2011-08,15799,inactivo,activo,inactivo,inactivo
2011-08,15800,activo,latente,latente,activo
2011-08,15801,activo,latente,latente,activo
2011-08,15802,latente,inactivo,inactivo,latente
2011-08,15804,activo,activo,latente,activo
2011-08,15805,activo,latente,latente,activo
2011-08,15806,latente,inactivo,inactivo,latente
2011-08,15808,inactivo,inactivo,inactivo,inactivo
2011-08,15809,inactivo,inactivo,inactivo,inactivo
2011-08,15810,inactivo,activo,inactivo,inactivo
2011-08,15811,activo,latente,latente,activo
2011-08,15812,activo,latente,latente,activo
2011-08,15813,inactivo,inactivo,inactivo,inactivo
2011-08,15815,latente,inactivo,inactivo,latente
2011-08,15819,latente,inactivo,inactivo,latente
2011-08,15820,inactivo,inactivo,inactivo,inactivo
2011-08,15822,inactivo,inactivo,inactivo,inactivo
2011-08,15823,inactivo,inactivo,inactivo,inactivo
2011-08,15825,inactivo,inactivo,inactivo,inactivo
2011-08,15826,inactivo,inactivo,inactivo,inactivo
2011-08,15827,activo,activo,latente,activo
2011-08,15829,latente,activo,inactivo,latente
2011-08,15831,activo,latente,latente,activo
2011-08,15832,inactivo,inactivo,inactivo,inactivo
2011-08,15834,inactivo,activo,inactivo,inactivo
2011-08,15835,latente,inactivo,inactivo,latente
2011-08,15838,activo,activo,latente,activo
2011-08,15839,latente,activo,inactivo,latente
2011-08,15840,inactivo,inactivo,inactivo,inactivo
2011-08,15841,inactivo,activo,inactivo,inactivo
2011-08,15843,inactivo,inactivo,inactivo,inactivo
2011-08,15845,latente,activo,inactivo,latente
2011-08,15847,inactivo,inactivo,inactivo,inactivo
2011-08,15850,inactivo,inactivo,inactivo,inactivo
2011-08,15852,inactivo,inactivo,inactivo,inactivo
2011-08,15854,latente,activo,inactivo,latente
2011-08,15855,latente,inactivo,inactivo,latente
2011-08,15856,activo,activo,latente,activo
2011-08,15858,inactivo,activo,inactivo,inactivo
2011-08,15860,activo,activo,latente,activo
2011-08,15861,latente,inactivo,inactivo,latente
2011-08,15862,activo,latente,latente,activo
2011-08,15863,inactivo,inactivo,inactivo,inactivo
2011-08,15864,inactivo,activo,inactivo,inactivo
2011-08,15865,inactivo,activo,inactivo,inactivo
2011-08,15866,activo,latente,latente,activo
2011-08,15867,activo,activo,latente,activo
2011-08,15869,inactivo,inactivo,inactivo,inactivo
2011-08,15874,inactivo,inactivo,inactivo,inactivo
2011-08,15880,inactivo,inactivo,inactivo,inactivo
2011-08,15881,inactivo,inactivo,inactivo,inactivo
2011-08,15882,inactivo,inactivo,inactivo,inactivo
2011-08,15885,inactivo,activo,inactivo,inactivo
2011-08,15889,latente,inactivo,inactivo,latente
2011-08,15891,inactivo,inactivo,inactivo,inactivo
2011-08,15894,inactivo,inactivo,inactivo,inactivo
2011-08,15895,latente,inactivo,inactivo,latente
2011-08,15897,inactivo,inactivo,inactivo,inactivo
2011-08,15898,inactivo,inactivo,inactivo,inactivo
2011-08,15899,inactivo,inactivo,inactivo,inactivo
2011-08,15901,latente,activo,inactivo,latente
2011-08,15903,inactivo,activo,inactivo,inactivo
2011-08,15906,latente,inactivo,inactivo,latente
2011-08,15907,inactivo,inactivo,inactivo,inactivo
2011-08,15909,inactivo,inactivo,inactivo,inactivo
2011-08,15910,inactivo,activo,inactivo,inactivo
2011-08,15912,inactivo,inactivo,inactivo,inactivo
2011-08,15916,inactivo,activo,inactivo,inactivo
2011-08,15917,inactivo,inactivo,inactivo,inactivo
2011-08,15918,inactivo,inactivo,inactivo,inactivo
2011-08,15919,inactivo,inactivo,inactivo,inactivo
2011-08,15920,latente,inactivo,inactivo,latente
2011-08,15921,inactivo,inactivo,inactivo,inactivo
2011-08,15922,inactivo,inactivo,inactivo,inactivo
2011-08,15923,inactivo,inactivo,inactivo,inactivo
2011-08,15925,inactivo,inactivo,inactivo,inactivo
2011-08,15932,activo,activo,latente,activo
2011-08,15935,inactivo,inactivo,inactivo,inactivo
2011-08,15938,activo,latente,latente,activo
2011-08,15939,activo,activo,latente,activo
2011-08,15940,inactivo,inactivo,inactivo,inactivo
2011-08,15942,latente,inactivo,inactivo,latente
2011-08,15944,inactivo,inactivo,inactivo,inactivo
2011-08,15945,inactivo,inactivo,inactivo,inactivo
2011-08,15950,activo,activo,latente,activo
2011-08,15951,inactivo,inactivo,inactivo,inactivo
2011-08,15952,latente,inactivo,inactivo,latente
2011-08,15953,inactivo,inactivo,inactivo,inactivo
2011-08,15955,activo,activo,latente,activo
2011-08,15965,inactivo,inactivo,inactivo,inactivo
2011-08,15967,inactivo,inactivo,inactivo,inactivo
2011-08,15969,inactivo,inactivo,inactivo,inactivo
2011-08,15970,inactivo,inactivo,inactivo,inactivo
2011-08,15971,activo,activo,latente,activo
2011-08,15973,inactivo,inactivo,inactivo,inactivo
2011-08,15974,latente,activo,inactivo,latente
2011-08,15976,inactivo,inactivo,inactivo,inactivo
2011-08,15980,inactivo,activo,inactivo,inactivo
2011-08,15981,latente,activo,inactivo,latente
2011-08,15983,inactivo,inactivo,inactivo,inactivo
2011-08,15984,activo,activo,latente,activo
2011-08,15985,activo,latente,latente,activo
2011-08,15987,activo,latente,latente,activo
2011-08,15990,inactivo,inactivo,inactivo,inactivo
2011-08,15996,activo,activo,latente,activo
2011-08,15998,inactivo,activo,inactivo,inactivo
2011-08,16003,latente,inactivo,inactivo,latente
2011-08,16005,inactivo,inactivo,inactivo,inactivo
2011-08,16006,inactivo,inactivo,inactivo,inactivo
2011-08,16007,inactivo,inactivo,inactivo,inactivo
2011-08,16008,inactivo,activo,inactivo,inactivo
2011-08,16009,latente,inactivo,inactivo,latente
2011-08,16010,inactivo,inactivo,inactivo,inactivo
2011-08,16011,activo,activo,latente,activo
2011-08,16012,activo,latente,latente,activo
2011-08,16013,activo,activo,latente,activo
2011-08,16014,latente,inactivo,inactivo,latente
2011-08,16016,inactivo,activo,inactivo,inactivo
2011-08,16018,inactivo,inactivo,inactivo,inactivo
2011-08,16019,latente,inactivo,inactivo,latente
2011-08,16022,inactivo,inactivo,inactivo,inactivo
2011-08,16023,inactivo,inactivo,inactivo,inactivo
2011-08,16027,latente,activo,inactivo,latente
2011-08,16029,activo,activo,latente,activo
2011-08,16030,inactivo,inactivo,inactivo,inactivo
2011-08,16031,inactivo,activo,inactivo,inactivo
2011-08,16033,activo,activo,latente,activo
2011-08,16034,inactivo,inactivo,inactivo,inactivo
2011-08,16036,inactivo,activo,inactivo,inactivo
2011-08,16037,inactivo,inactivo,inactivo,inactivo
2011-08,16038,inactivo,inactivo,inactivo,inactivo
2011-08,16040,latente,inactivo,inactivo,latente
2011-08,16041,latente,inactivo,inactivo,latente
2011-08,16042,activo,latente,latente,activo
2011-08,16043,inactivo,inactivo,inactivo,inactivo
2011-08,16045,activo,latente,latente,activo
2011-08,16048,inactivo,inactivo,inactivo,inactivo
2011-08,16050,inactivo,inactivo,inactivo,inactivo
2011-08,16053,activo,latente,latente,activo
2011-08,16054,latente,inactivo,inactivo,latente
2011-08,16055,inactivo,inactivo,inactivo,inactivo
2011-08,16057,inactivo,activo,inactivo,inactivo
2011-08,16059,inactivo,activo,inactivo,inactivo
2011-08,16062,latente,inactivo,inactivo,latente
2011-08,16063,inactivo,inactivo,inactivo,inactivo
2011-08,16065,inactivo,inactivo,inactivo,inactivo
2011-08,16066,activo,latente,latente,activo
2011-08,16072,inactivo,inactivo,inactivo,inactivo
2011-08,16073,inactivo,inactivo,inactivo,inactivo
2011-08,16076,activo,activo,latente,activo
2011-08,16078,inactivo,inactivo,inactivo,inactivo
2011-08,16080,inactivo,activo,inactivo,inactivo
2011-08,16081,inactivo,activo,inactivo,inactivo
2011-08,16083,activo,latente,latente,activo
2011-08,16084,inactivo,inactivo,inactivo,inactivo
2011-08,16085,inactivo,activo,inactivo,inactivo
2011-08,16086,inactivo,activo,inactivo,inactivo
2011-08,16091,latente,inactivo,inactivo,latente
2011-08,16092,activo,latente,latente,activo
2011-08,16093,activo,latente,latente,activo
2011-08,16094,inactivo,inactivo,inactivo,inactivo
2011-08,16096,inactivo,inactivo,inactivo,inactivo
2011-08,16097,inactivo,inactivo,inactivo,inactivo
2011-08,16098,activo,activo,latente,activo
2011-08,16099,latente,inactivo,inactivo,latente
2011-08,16102,activo,activo,latente,activo
2011-08,16103,latente,activo,inactivo,latente
2011-08,16105,inactivo,inactivo,inactivo,inactivo
2011-08,16107,activo,activo,latente,activo
2011-08,16109,inactivo,inactivo,inactivo,inactivo
2011-08,16110,inactivo,inactivo,inactivo,inactivo
2011-08,16112,latente,inactivo,inactivo,latente
2011-08,16113,inactivo,inactivo,inactivo,inactivo
2011-08,16114,inactivo,inactivo,inactivo,inactivo
2011-08,16115,activo,activo,latente,activo
2011-08,16116,inactivo,inactivo,inactivo,inactivo
2011-08,16117,inactivo,inactivo,inactivo,inactivo
2011-08,16121,inactivo,inactivo,inactivo,inactivo
2011-08,16122,activo,activo,latente,activo
2011-08,16124,inactivo,inactivo,inactivo,inactivo
2011-08,16125,inactivo,inactivo,inactivo,inactivo
2011-08,16126,activo,latente,latente,activo
2011-08,16128,latente,activo,inactivo,latente
2011-08,16131,activo,latente,latente,activo
2011-08,16133,activo,activo,latente,activo
2011-08,16134,inactivo,inactivo,inactivo,inactivo
2011-08,16135,inactivo,inactivo,inactivo,inactivo
2011-08,16136,inactivo,activo,inactivo,inactivo
2011-08,16139,activo,latente,latente,activo
2011-08,16140,inactivo,inactivo,inactivo,inactivo
2011-08,16142,inactivo,inactivo,inactivo,inactivo
2011-08,16143,activo,latente,latente,activo
2011-08,16144,inactivo,inactivo,inactivo,inactivo
2011-08,16145,activo,activo,latente,activo
2011-08,16146,latente,inactivo,inactivo,latente
2011-08,16147,latente,inactivo,inactivo,latente
2011-08,16148,inactivo,inactivo,inactivo,inactivo
2011-08,16149,latente,inactivo,inactivo,latente
2011-08,16150,activo,activo,latente,activo
2011-08,16152,inactivo,inactivo,inactivo,inactivo
2011-08,16153,activo,latente,latente,activo
2011-08,16156,latente,activo,inactivo,latente
2011-08,16159,inactivo,inactivo,inactivo,inactivo
2011-08,16161,latente,activo,inactivo,latente
2011-08,16162,inactivo,inactivo,inactivo,inactivo
2011-08,16163,inactivo,inactivo,inactivo,inactivo
2011-08,16168,activo,activo,latente,activo
2011-08,16170,activo,latente,latente,activo
2011-08,16172,activo,activo,latente,activo
2011-08,16174,activo,latente,latente,activo
2011-08,16175,inactivo,activo,inactivo,inactivo
2011-08,16178,latente,inactivo,inactivo,latente
2011-08,16180,activo,latente,latente,activo
2011-08,16182,activo,activo,latente,activo
2011-08,16184,activo,latente,latente,activo
2011-08,16185,inactivo,inactivo,inactivo,inactivo
2011-08,16186,activo,latente,latente,activo
2011-08,16187,activo,activo,latente,activo
2011-08,16188,latente,inactivo,inactivo,latente
2011-08,16191,inactivo,inactivo,inactivo,inactivo
2011-08,16193,inactivo,inactivo,inactivo,inactivo
2011-08,16200,inactivo,inactivo,inactivo,inactivo
2011-08,16201,activo,latente,latente,activo
2011-08,16202,inactivo,inactivo,inactivo,inactivo
2011-08,16203,latente,inactivo,inactivo,latente
2011-08,16205,inactivo,inactivo,inactivo,inactivo
2011-08,16206,activo,latente,latente,activo
2011-08,16208,inactivo,inactivo,inactivo,inactivo
2011-08,16209,activo,activo,latente,activo
2011-08,16210,activo,activo,latente,activo
2011-08,16212,inactivo,inactivo,inactivo,inactivo
2011-08,16214,inactivo,inactivo,inactivo,inactivo
2011-08,16216,inactivo,inactivo,inactivo,inactivo
2011-08,16217,inactivo,inactivo,inactivo,inactivo
2011-08,16218,activo,latente,latente,activo
2011-08,16221,inactivo,inactivo,inactivo,inactivo
2011-08,16222,inactivo,inactivo,inactivo,inactivo
2011-08,16224,latente,inactivo,inactivo,latente
2011-08,16225,latente,inactivo,inactivo,latente
2011-08,16226,inactivo,inactivo,inactivo,inactivo
2011-08,16227,inactivo,inactivo,inactivo,inactivo
2011-08,16229,inactivo,activo,inactivo,inactivo
2011-08,16230,inactivo,inactivo,inactivo,inactivo
2011-08,16232,latente,inactivo,inactivo,latente
2011-08,16233,inactivo,activo,inactivo,inactivo
2011-08,16235,inactivo,activo,inactivo,inactivo
2011-08,16239,inactivo,inactivo,inactivo,inactivo
2011-08,16241,activo,activo,latente,activo
2011-08,16242,inactivo,inactivo,inactivo,inactivo
2011-08,16244,inactivo,inactivo,inactivo,inactivo
2011-08,16245,activo,latente,latente,activo
2011-08,16247,inactivo,inactivo,inactivo,inactivo
2011-08,16249,activo,latente,latente,activo
2011-08,16250,inactivo,inactivo,inactivo,inactivo
2011-08,16253,inactivo,inactivo,inactivo,inactivo
2011-08,16255,latente,activo,inactivo,latente
2011-08,16256,inactivo,inactivo,inactivo,inactivo
2011-08,16257,inactivo,inactivo,inactivo,inactivo
2011-08,16258,activo,latente,latente,activo
2011-08,16261,activo,activo,latente,activo
2011-08,16265,activo,latente,latente,activo
2011-08,16266,activo,activo,latente,activo
2011-08,16270,inactivo,inactivo,inactivo,inactivo
2011-08,16271,activo,latente,latente,activo
2011-08,16272,activo,latente,latente,activo
2011-08,16274,inactivo,inactivo,inactivo,inactivo
2011-08,16275,inactivo,inactivo,inactivo,inactivo
2011-08,16276,inactivo,inactivo,inactivo,inactivo
2011-08,16278,activo,latente,latente,activo
2011-08,16279,inactivo,activo,inactivo,inactivo
2011-08,16282,inactivo,inactivo,inactivo,inactivo
2011-08,16283,activo,latente,latente,activo
2011-08,16287,inactivo,inactivo,inactivo,inactivo
2011-08,16292,activo,latente,latente,activo
2011-08,16293,inactivo,activo,inactivo,inactivo
2011-08,16297,inactivo,inactivo,inactivo,inactivo
2011-08,16298,inactivo,inactivo,inactivo,inactivo
2011-08,16302,activo,latente,latente,activo
2011-08,16303,activo,latente,latente,activo
2011-08,16305,latente,inactivo,inactivo,latente
2011-08,16306,inactivo,inactivo,inactivo,inactivo
2011-08,16308,activo,latente,latente,activo
2011-08,16309,activo,latente,latente,activo
2011-08,16315,inactivo,inactivo,inactivo,inactivo
2011-08,16316,latente,inactivo,inactivo,latente
2011-08,16317,activo,latente,latente,activo
2011-08,16319,inactivo,inactivo,inactivo,inactivo
2011-08,16320,inactivo,inactivo,inactivo,inactivo
2011-08,16321,inactivo,activo,inactivo,inactivo
2011-08,16323,inactivo,inactivo,inactivo,inactivo
2011-08,16324,activo,latente,latente,activo
2011-08,16325,latente,inactivo,inactivo,latente
2011-08,16326,activo,activo,latente,activo
2011-08,16327,inactivo,activo,inactivo,inactivo
2011-08,16330,activo,latente,latente,activo
2011-08,16332,activo,activo,latente,activo
2011-08,16333,activo,activo,latente,activo
2011-08,16338,latente,inactivo,inactivo,latente
2011-08,16339,inactivo,inactivo,inactivo,inactivo
2011-08,16340,activo,latente,latente,activo
2011-08,16341,inactivo,activo,inactivo,inactivo
2011-08,16342,activo,activo,latente,activo
2011-08,16344,latente,inactivo,inactivo,latente
2011-08,16348,activo,activo,latente,activo
2011-08,16349,inactivo,inactivo,inactivo,inactivo
2011-08,16350,inactivo,activo,inactivo,inactivo
2011-08,16351,inactivo,inactivo,inactivo,inactivo
2011-08,16353,activo,activo,latente,activo
2011-08,16356,inactivo,inactivo,inactivo,inactivo
2011-08,16357,inactivo,inactivo,inactivo,inactivo
2011-08,16358,inactivo,activo,inactivo,inactivo
2011-08,16359,inactivo,activo,inactivo,inactivo
2011-08,16364,latente,inactivo,inactivo,latente
2011-08,16365,activo,latente,latente,activo
2011-08,16367,inactivo,inactivo,inactivo,inactivo
2011-08,16369,inactivo,activo,inactivo,inactivo
2011-08,16370,activo,activo,latente,activo
2011-08,16374,inactivo,inactivo,inactivo,inactivo
2011-08,16377,inactivo,inactivo,inactivo,inactivo
2011-08,16378,inactivo,inactivo,inactivo,inactivo
2011-08,16383,inactivo,activo,inactivo,inactivo
2011-08,16384,inactivo,activo,inactivo,inactivo
2011-08,16385,latente,inactivo,inactivo,latente
2011-08,16386,inactivo,inactivo,inactivo,inactivo
2011-08,16387,inactivo,inactivo,inactivo,inactivo
2011-08,16389,inactivo,activo,inactivo,inactivo
2011-08,16392,inactivo,inactivo,inactivo,inactivo
2011-08,16393,latente,activo,inactivo,latente
2011-08,16394,inactivo,activo,inactivo,inactivo
2011-08,16395,inactivo,activo,inactivo,inactivo
2011-08,16398,latente,inactivo,inactivo,latente
2011-08,16399,inactivo,inactivo,inactivo,inactivo
2011-08,16401,latente,activo,inactivo,latente
2011-08,16402,inactivo,inactivo,inactivo,inactivo
2011-08,16403,inactivo,inactivo,inactivo,inactivo
2011-08,16405,inactivo,inactivo,inactivo,inactivo
2011-08,16407,activo,activo,latente,activo
2011-08,16409,latente,activo,inactivo,latente
2011-08,16411,inactivo,inactivo,inactivo,inactivo
2011-08,16414,inactivo,inactivo,inactivo,inactivo
2011-08,16418,inactivo,activo,inactivo,inactivo
2011-08,16419,activo,latente,latente,activo
2011-08,16422,activo,activo,latente,activo
2011-08,16424,inactivo,inactivo,inactivo,inactivo
2011-08,16425,inactivo,inactivo,inactivo,inactivo
2011-08,16426,inactivo,activo,inactivo,inactivo
2011-08,16427,inactivo,inactivo,inactivo,inactivo
2011-08,16429,activo,latente,latente,activo
2011-08,16431,inactivo,inactivo,inactivo,inactivo
2011-08,16434,inactivo,activo,inactivo,inactivo
2011-08,16440,inactivo,inactivo,inactivo,inactivo
2011-08,16441,inactivo,inactivo,inactivo,inactivo
2011-08,16442,inactivo,inactivo,inactivo,inactivo
2011-08,16444,inactivo,activo,inactivo,inactivo
2011-08,16446,inactivo,inactivo,inactivo,inactivo
2011-08,16447,latente,inactivo,inactivo,latente
2011-08,16448,inactivo,inactivo,inactivo,inactivo
2011-08,16449,inactivo,inactivo,inactivo,inactivo
2011-08,16450,latente,inactivo,inactivo,latente
2011-08,16455,inactivo,activo,inactivo,inactivo
2011-08,16456,activo,activo,latente,activo
2011-08,16457,inactivo,inactivo,inactivo,inactivo
2011-08,16458,activo,activo,latente,activo
2011-08,16461,inactivo,inactivo,inactivo,inactivo
2011-08,16462,inactivo,activo,inactivo,inactivo
2011-08,16463,inactivo,inactivo,inactivo,inactivo
2011-08,16464,latente,activo,inactivo,latente
2011-08,16466,activo,latente,latente,activo
2011-08,16469,inactivo,activo,inactivo,inactivo
2011-08,16470,activo,latente,latente,activo
2011-08,16471,inactivo,inactivo,inactivo,inactivo
2011-08,16473,inactivo,inactivo,inactivo,inactivo
2011-08,16474,latente,activo,inactivo,latente
2011-08,16475,latente,activo,inactivo,latente
2011-08,16477,latente,inactivo,inactivo,latente
2011-08,16483,inactivo,inactivo,inactivo,inactivo
2011-08,16484,inactivo,inactivo,inactivo,inactivo
2011-08,16488,activo,latente,latente,activo
2011-08,16493,inactivo,activo,inactivo,inactivo
2011-08,16494,inactivo,inactivo,inactivo,inactivo
2011-08,16495,inactivo,inactivo,inactivo,inactivo
2011-08,16496,inactivo,inactivo,inactivo,inactivo
2011-08,16497,inactivo,inactivo,inactivo,inactivo
2011-08,16498,latente,inactivo,inactivo,latente
2011-08,16499,inactivo,inactivo,inactivo,inactivo
2011-08,16500,inactivo,inactivo,inactivo,inactivo
2011-08,16503,activo,latente,latente,activo
2011-08,16509,inactivo,inactivo,inactivo,inactivo
2011-08,16510,inactivo,inactivo,inactivo,inactivo
2011-08,16511,latente,inactivo,inactivo,latente
2011-08,16515,latente,activo,inactivo,latente
2011-08,16517,inactivo,inactivo,inactivo,inactivo
2011-08,16518,inactivo,inactivo,inactivo,inactivo
2011-08,16519,inactivo,inactivo,inactivo,inactivo
2011-08,16520,inactivo,inactivo,inactivo,inactivo
2011-08,16523,activo,activo,latente,activo
2011-08,16525,activo,activo,latente,activo
2011-08,16526,inactivo,inactivo,inactivo,inactivo
2011-08,16529,inactivo,inactivo,inactivo,inactivo
2011-08,16531,activo,activo,latente,activo
2011-08,16532,latente,inactivo,inactivo,latente
2011-08,16536,activo,latente,latente,activo
2011-08,16539,inactivo,inactivo,inactivo,inactivo
2011-08,16545,inactivo,inactivo,inactivo,inactivo
2011-08,16546,inactivo,inactivo,inactivo,inactivo
2011-08,16549,activo,activo,latente,activo
2011-08,16550,activo,latente,latente,activo
2011-08,16551,activo,activo,latente,activo
2011-08,16552,inactivo,inactivo,inactivo,inactivo
2011-08,16553,inactivo,inactivo,inactivo,inactivo
2011-08,16554,inactivo,inactivo,inactivo,inactivo
2011-08,16555,activo,latente,latente,activo
2011-08,16556,activo,latente,latente,activo
2011-08,16557,latente,inactivo,inactivo,latente
2011-08,16558,activo,activo,latente,activo
2011-08,16560,inactivo,inactivo,inactivo,inactivo
2011-08,16565,inactivo,inactivo,inactivo,inactivo
2011-08,16566,inactivo,inactivo,inactivo,inactivo
2011-08,16567,inactivo,inactivo,inactivo,inactivo
2011-08,16570,activo,latente,latente,activo
2011-08,16571,inactivo,inactivo,inactivo,inactivo
2011-08,16572,activo,latente,latente,activo
2011-08,16573,inactivo,activo,inactivo,inactivo
2011-08,16581,inactivo,inactivo,inactivo,inactivo
2011-08,16582,activo,latente,latente,activo
2011-08,16583,inactivo,inactivo,inactivo,inactivo
2011-08,16584,inactivo,activo,inactivo,inactivo
2011-08,16586,inactivo,inactivo,inactivo,inactivo
2011-08,16587,inactivo,inactivo,inactivo,inactivo
2011-08,16589,activo,activo,latente,activo
2011-08,16592,latente,inactivo,inactivo,latente
2011-08,16593,inactivo,inactivo,inactivo,inactivo
2011-08,16596,inactivo,inactivo,inactivo,inactivo
2011-08,16598,inactivo,inactivo,inactivo,inactivo
2011-08,16600,inactivo,activo,inactivo,inactivo
2011-08,16607,activo,activo,latente,activo
2011-08,16609,latente,activo,inactivo,latente
2011-08,16610,inactivo,inactivo,inactivo,inactivo
2011-08,16611,inactivo,inactivo,inactivo,inactivo
2011-08,16612,activo,latente,latente,activo
2011-08,16614,inactivo,inactivo,inactivo,inactivo
2011-08,16616,latente,inactivo,inactivo,latente
2011-08,16617,inactivo,inactivo,inactivo,inactivo
2011-08,16618,inactivo,inactivo,inactivo,inactivo
2011-08,16619,inactivo,inactivo,inactivo,inactivo
2011-08,16620,inactivo,inactivo,inactivo,inactivo
2011-08,16621,latente,inactivo,inactivo,latente
2011-08,16623,inactivo,inactivo,inactivo,inactivo
2011-08,16624,inactivo,activo,inactivo,inactivo
2011-08,16625,inactivo,inactivo,inactivo,inactivo
2011-08,16626,activo,activo,latente,activo
2011-08,16628,activo,latente,latente,activo
2011-08,16633,activo,activo,latente,activo
2011-08,16634,inactivo,inactivo,inactivo,inactivo
2011-08,16637,activo,latente,latente,activo
2011-08,16638,activo,activo,latente,activo
2011-08,16639,inactivo,inactivo,inactivo,inactivo
2011-08,16641,activo,latente,latente,activo
2011-08,16642,inactivo,inactivo,inactivo,inactivo
2011-08,16643,inactivo,inactivo,inactivo,inactivo
2011-08,16644,inactivo,inactivo,inactivo,inactivo
2011-08,16647,inactivo,inactivo,inactivo,inactivo
2011-08,16652,activo,latente,latente,activo
2011-08,16654,latente,inactivo,inactivo,latente
2011-08,16655,latente,activo,inactivo,latente
2011-08,16656,activo,activo,latente,activo
2011-08,16657,latente,inactivo,inactivo,latente
2011-08,16658,inactivo,inactivo,inactivo,inactivo
2011-08,16659,inactivo,inactivo,inactivo,inactivo
2011-08,16660,inactivo,inactivo,inactivo,inactivo
2011-08,16665,inactivo,inactivo,inactivo,inactivo
2011-08,16667,inactivo,inactivo,inactivo,inactivo
2011-08,16668,activo,latente,latente,activo
2011-08,16670,activo,latente,latente,activo
2011-08,16671,inactivo,inactivo,inactivo,inactivo
2011-08,16672,activo,activo,latente,activo
2011-08,16676,inactivo,inactivo,inactivo,inactivo
2011-08,16678,activo,activo,latente,activo
2011-08,16679,inactivo,inactivo,inactivo,inactivo
2011-08,16681,latente,activo,inactivo,latente
2011-08,16682,latente,activo,inactivo,latente
2011-08,16684,latente,inactivo,inactivo,latente
2011-08,16686,activo,activo,latente,activo
2011-08,16690,inactivo,activo,inactivo,inactivo
2011-08,16692,inactivo,inactivo,inactivo,inactivo
2011-08,16693,inactivo,inactivo,inactivo,inactivo
2011-08,16696,latente,inactivo,inactivo,latente
2011-08,16697,inactivo,inactivo,inactivo,inactivo
2011-08,16698,inactivo,inactivo,inactivo,inactivo
2011-08,16700,activo,activo,latente,activo
2011-08,16701,activo,latente,latente,activo
2011-08,16705,latente,activo,inactivo,latente
2011-08,16706,activo,activo,latente,activo
2011-08,16709,inactivo,activo,inactivo,inactivo
2011-08,16710,latente,activo,inactivo,latente
2011-08,16711,latente,inactivo,inactivo,latente
2011-08,16712,activo,activo,latente,activo
2011-08,16713,activo,activo,latente,activo
2011-08,16714,inactivo,inactivo,inactivo,inactivo
2011-08,16716,inactivo,inactivo,inactivo,inactivo
2011-08,16717,inactivo,activo,inactivo,inactivo
2011-08,16718,inactivo,inactivo,inactivo,inactivo
2011-08,16719,latente,activo,inactivo,latente
2011-08,16721,inactivo,inactivo,inactivo,inactivo
2011-08,16722,activo,activo,latente,activo
2011-08,16723,activo,activo,latente,activo
2011-08,16725,inactivo,inactivo,inactivo,inactivo
2011-08,16726,inactivo,inactivo,inactivo,inactivo
2011-08,16727,inactivo,inactivo,inactivo,inactivo
2011-08,16728,inactivo,inactivo,inactivo,inactivo
2011-08,16729,activo,activo,latente,activo
2011-08,16730,inactivo,inactivo,inactivo,inactivo
2011-08,16734,activo,latente,latente,activo
2011-08,16735,inactivo,activo,inactivo,inactivo
2011-08,16738,inactivo,inactivo,inactivo,inactivo
2011-08,16739,inactivo,inactivo,inactivo,inactivo
2011-08,16743,activo,latente,latente,activo
2011-08,16744,latente,activo,inactivo,latente
2011-08,16745,activo,activo,latente,activo
2011-08,16746,activo,activo,latente,activo
2011-08,16748,inactivo,inactivo,inactivo,inactivo
2011-08,16750,activo,activo,latente,activo
2011-08,16752,inactivo,inactivo,inactivo,inactivo
2011-08,16754,inactivo,inactivo,inactivo,inactivo
2011-08,16755,activo,latente,latente,activo
2011-08,16756,inactivo,inactivo,inactivo,inactivo
2011-08,16757,inactivo,inactivo,inactivo,inactivo
2011-08,16762,latente,inactivo,inactivo,latente
2011-08,16763,inactivo,inactivo,inactivo,inactivo
2011-08,16764,activo,activo,latente,activo
2011-08,16765,inactivo,inactivo,inactivo,inactivo
2011-08,16766,inactivo,inactivo,inactivo,inactivo
2011-08,16767,activo,activo,latente,activo
2011-08,16768,activo,latente,latente,activo
2011-08,16769,inactivo,inactivo,inactivo,inactivo
2011-08,16770,inactivo,inactivo,inactivo,inactivo
2011-08,16771,inactivo,activo,inactivo,inactivo
2011-08,16774,activo,latente,latente,activo
2011-08,16775,activo,activo,latente,activo
2011-08,16777,inactivo,activo,inactivo,inactivo
2011-08,16778,inactivo,activo,inactivo,inactivo
2011-08,16779,activo,activo,latente,activo
2011-08,16780,activo,latente,latente,activo
2011-08,16781,inactivo,inactivo,inactivo,inactivo
2011-08,16782,latente,activo,inactivo,latente
2011-08,16788,activo,latente,latente,activo
2011-08,16791,activo,latente,latente,activo
2011-08,16792,inactivo,inactivo,inactivo,inactivo
2011-08,16794,activo,activo,latente,activo
2011-08,16795,inactivo,inactivo,inactivo,inactivo
2011-08,16801,inactivo,inactivo,inactivo,inactivo
2011-08,16804,inactivo,inactivo,inactivo,inactivo
2011-08,16805,inactivo,inactivo,inactivo,inactivo
2011-08,16806,activo,latente,latente,activo
2011-08,16807,latente,inactivo,inactivo,latente
2011-08,16808,inactivo,activo,inactivo,inactivo
2011-08,16809,latente,inactivo,inactivo,latente
2011-08,16810,inactivo,inactivo,inactivo,inactivo
2011-08,16812,inactivo,inactivo,inactivo,inactivo
2011-08,16813,activo,activo,latente,activo
2011-08,16814,activo,activo,latente,activo
2011-08,16816,activo,latente,latente,activo
2011-08,16817,inactivo,inactivo,inactivo,inactivo
2011-08,16818,activo,activo,latente,activo
2011-08,16823,inactivo,inactivo,inactivo,inactivo
2011-08,16824,inactivo,inactivo,inactivo,inactivo
2011-08,16825,inactivo,inactivo,inactivo,inactivo
2011-08,16828,activo,activo,latente,activo
2011-08,16829,latente,inactivo,inactivo,latente
2011-08,16832,inactivo,inactivo,inactivo,inactivo
2011-08,16833,inactivo,inactivo,inactivo,inactivo
2011-08,16834,inactivo,inactivo,inactivo,inactivo
2011-08,16835,activo,latente,latente,activo
2011-08,16836,activo,latente,latente,activo
2011-08,16837,latente,inactivo,inactivo,latente
2011-08,16838,inactivo,inactivo,inactivo,inactivo
2011-08,16839,activo,activo,latente,activo
2011-08,16841,latente,inactivo,inactivo,latente
2011-08,16842,activo,latente,latente,activo
2011-08,16843,latente,activo,inactivo,latente
2011-08,16849,inactivo,inactivo,inactivo,inactivo
2011-08,16850,inactivo,inactivo,inactivo,inactivo
2011-08,16852,inactivo,inactivo,inactivo,inactivo
2011-08,16858,inactivo,inactivo,inactivo,inactivo
2011-08,16859,latente,inactivo,inactivo,latente
2011-08,16861,latente,inactivo,inactivo,latente
2011-08,16863,inactivo,inactivo,inactivo,inactivo
2011-08,16866,latente,inactivo,inactivo,latente
2011-08,16869,inactivo,inactivo,inactivo,inactivo
2011-08,16871,inactivo,activo,inactivo,inactivo
2011-08,16872,activo,activo,latente,activo
2011-08,16873,activo,latente,latente,activo
2011-08,16875,latente,inactivo,inactivo,latente
2011-08,16877,latente,inactivo,inactivo,latente
2011-08,16880,activo,activo,latente,activo
2011-08,16882,inactivo,inactivo,inactivo,inactivo
2011-08,16883,inactivo,inactivo,inactivo,inactivo
2011-08,16885,inactivo,inactivo,inactivo,inactivo
2011-08,16889,inactivo,inactivo,inactivo,inactivo
2011-08,16891,latente,activo,inactivo,latente
2011-08,16892,inactivo,inactivo,inactivo,inactivo
2011-08,16893,inactivo,inactivo,inactivo,inactivo
2011-08,16897,inactivo,inactivo,inactivo,inactivo
2011-08,16898,inactivo,inactivo,inactivo,inactivo
2011-08,16899,latente,activo,inactivo,latente
2011-08,16902,activo,latente,latente,activo
2011-08,16904,activo,activo,latente,activo
2011-08,16905,inactivo,inactivo,inactivo,inactivo
2011-08,16906,inactivo,activo,inactivo,inactivo
2011-08,16907,latente,inactivo,inactivo,latente
2011-08,16912,latente,inactivo,inactivo,latente
2011-08,16913,inactivo,inactivo,inactivo,inactivo
2011-08,16915,activo,latente,latente,activo
2011-08,16916,inactivo,inactivo,inactivo,inactivo
2011-08,16917,inactivo,inactivo,inactivo,inactivo
2011-08,16918,latente,activo,inactivo,latente
2011-08,16919,latente,inactivo,inactivo,latente
2011-08,16923,latente,activo,inactivo,latente
2011-08,16926,inactivo,inactivo,inactivo,inactivo
2011-08,16927,activo,latente,latente,activo
2011-08,16928,activo,activo,latente,activo
2011-08,16929,activo,activo,latente,activo
2011-08,16931,activo,activo,latente,activo
2011-08,16933,inactivo,inactivo,inactivo,inactivo
2011-08,16938,inactivo,inactivo,inactivo,inactivo
2011-08,16940,inactivo,inactivo,inactivo,inactivo
2011-08,16942,latente,inactivo,inactivo,latente
2011-08,16943,inactivo,inactivo,inactivo,inactivo
2011-08,16945,activo,activo,latente,activo
2011-08,16947,inactivo,inactivo,inactivo,inactivo
2011-08,16948,latente,inactivo,inactivo,latente
2011-08,16949,inactivo,inactivo,inactivo,inactivo
2011-08,16950,activo,latente,latente,activo
2011-08,16951,latente,inactivo,inactivo,latente
2011-08,16952,activo,latente,latente,activo
2011-08,16954,activo,latente,latente,activo
2011-08,16955,inactivo,inactivo,inactivo,inactivo
2011-08,16957,inactivo,inactivo,inactivo,inactivo
2011-08,16960,inactivo,inactivo,inactivo,inactivo
2011-08,16961,activo,latente,latente,activo
2011-08,16963,inactivo,inactivo,inactivo,inactivo
2011-08,16965,inactivo,inactivo,inactivo,inactivo
2011-08,16966,inactivo,inactivo,inactivo,inactivo
2011-08,16967,inactivo,inactivo,inactivo,inactivo
2011-08,16968,activo,latente,latente,activo
2011-08,16969,latente,inactivo,inactivo,latente
2011-08,16976,inactivo,inactivo,inactivo,inactivo
2011-08,16979,latente,inactivo,inactivo,latente
2011-08,16980,inactivo,inactivo,inactivo,inactivo
2011-08,16983,inactivo,activo,inactivo,inactivo
2011-08,16984,activo,activo,latente,activo
2011-08,16985,latente,activo,inactivo,latente
2011-08,16987,inactivo,inactivo,inactivo,inactivo
2011-08,16989,latente,activo,inactivo,latente
2011-08,16990,inactivo,inactivo,inactivo,inactivo
2011-08,16992,inactivo,activo,inactivo,inactivo
2011-08,16996,activo,latente,latente,activo
2011-08,16997,inactivo,inactivo,inactivo,inactivo
2011-08,16998,latente,inactivo,inactivo,latente
2011-08,17001,activo,activo,latente,activo
2011-08,17002,inactivo,activo,inactivo,inactivo
2011-08,17007,latente,inactivo,inactivo,latente
2011-08,17015,inactivo,activo,inactivo,inactivo
2011-08,17017,inactivo,activo,inactivo,inactivo
2011-08,17018,inactivo,inactivo,inactivo,inactivo
2011-08,17019,inactivo,inactivo,inactivo,inactivo
2011-08,17024,latente,activo,inactivo,latente
2011-08,17025,inactivo,inactivo,inactivo,inactivo
2011-08,17026,inactivo,inactivo,inactivo,inactivo
2011-08,17027,inactivo,activo,inactivo,inactivo
2011-08,17029,activo,latente,latente,activo
2011-08,17031,latente,inactivo,inactivo,latente
2011-08,17033,inactivo,activo,inactivo,inactivo
2011-08,17034,inactivo,activo,inactivo,inactivo
2011-08,17035,inactivo,inactivo,inactivo,inactivo
2011-08,17040,latente,inactivo,inactivo,latente
2011-08,17041,activo,latente,latente,activo
2011-08,17042,activo,latente,latente,activo
2011-08,17043,inactivo,inactivo,inactivo,inactivo
2011-08,17045,activo,latente,latente,activo
2011-08,17046,latente,inactivo,inactivo,latente
2011-08,17047,inactivo,activo,inactivo,inactivo
2011-08,17048,activo,latente,latente,activo
2011-08,17049,activo,activo,latente,activo
2011-08,17050,inactivo,activo,inactivo,inactivo
2011-08,17051,inactivo,inactivo,inactivo,inactivo
2011-08,17053,activo,latente,latente,activo
2011-08,17054,latente,inactivo,inactivo,latente
2011-08,17058,inactivo,activo,inactivo,inactivo
2011-08,17059,activo,latente,latente,activo
2011-08,17060,inactivo,inactivo,inactivo,inactivo
2011-08,17061,activo,activo,latente,activo
2011-08,17062,inactivo,inactivo,inactivo,inactivo
2011-08,17063,inactivo,inactivo,inactivo,inactivo
2011-08,17064,inactivo,inactivo,inactivo,inactivo
2011-08,17068,activo,activo,latente,activo
2011-08,17069,latente,activo,inactivo,latente
2011-08,17070,activo,latente,latente,activo
2011-08,17071,latente,activo,inactivo,latente
2011-08,17073,activo,activo,latente,activo
2011-08,17075,inactivo,inactivo,inactivo,inactivo
2011-08,17076,inactivo,inactivo,inactivo,inactivo
2011-08,17080,inactivo,inactivo,inactivo,inactivo
2011-08,17082,inactivo,inactivo,inactivo,inactivo
2011-08,17083,activo,latente,latente,activo
2011-08,17085,activo,latente,latente,activo
2011-08,17088,inactivo,activo,inactivo,inactivo
2011-08,17090,inactivo,activo,inactivo,inactivo
2011-08,17091,inactivo,activo,inactivo,inactivo
2011-08,17092,activo,activo,latente,activo
2011-08,17094,inactivo,inactivo,inactivo,inactivo
2011-08,17095,inactivo,inactivo,inactivo,inactivo
2011-08,17096,latente,inactivo,inactivo,latente
2011-08,17097,activo,latente,latente,activo
2011-08,17101,inactivo,inactivo,inactivo,inactivo
2011-08,17102,inactivo,inactivo,inactivo,inactivo
2011-08,17105,latente,inactivo,inactivo,latente
2011-08,17107,latente,activo,inactivo,latente
2011-08,17109,inactivo,inactivo,inactivo,inactivo
2011-08,17110,inactivo,inactivo,inactivo,inactivo
2011-08,17114,latente,inactivo,inactivo,latente
2011-08,17115,inactivo,inactivo,inactivo,inactivo
2011-08,17117,inactivo,inactivo,inactivo,inactivo
2011-08,17118,inactivo,inactivo,inactivo,inactivo
2011-08,17120,inactivo,inactivo,inactivo,inactivo
2011-08,17122,activo,latente,latente,activo
2011-08,17123,latente,inactivo,inactivo,latente
2011-08,17124,inactivo,inactivo,inactivo,inactivo
2011-08,17126,latente,inactivo,inactivo,latente
2011-08,17128,inactivo,inactivo,inactivo,inactivo
2011-08,17133,inactivo,activo,inactivo,inactivo
2011-08,17134,activo,latente,latente,activo
2011-08,17135,inactivo,inactivo,inactivo,inactivo
2011-08,17138,inactivo,inactivo,inactivo,inactivo
2011-08,17139,activo,activo,latente,activo
2011-08,17140,inactivo,inactivo,inactivo,inactivo
2011-08,17142,inactivo,inactivo,inactivo,inactivo
2011-08,17146,activo,latente,latente,activo
2011-08,17147,inactivo,activo,inactivo,inactivo
2011-08,17152,inactivo,inactivo,inactivo,inactivo
2011-08,17155,inactivo,inactivo,inactivo,inactivo
2011-08,17157,inactivo,inactivo,inactivo,inactivo
2011-08,17158,inactivo,inactivo,inactivo,inactivo
2011-08,17159,inactivo,activo,inactivo,inactivo
2011-08,17160,activo,latente,latente,activo
2011-08,17162,latente,inactivo,inactivo,latente
2011-08,17164,latente,activo,inactivo,latente
2011-08,17165,inactivo,inactivo,inactivo,inactivo
2011-08,17166,inactivo,inactivo,inactivo,inactivo
2011-08,17169,inactivo,inactivo,inactivo,inactivo
2011-08,17171,inactivo,inactivo,inactivo,inactivo
2011-08,17173,activo,latente,latente,activo
2011-08,17174,inactivo,inactivo,inactivo,inactivo
2011-08,17175,latente,inactivo,inactivo,latente
2011-08,17176,inactivo,inactivo,inactivo,inactivo
2011-08,17179,inactivo,inactivo,inactivo,inactivo
2011-08,17180,inactivo,inactivo,inactivo,inactivo
2011-08,17181,inactivo,inactivo,inactivo,inactivo
2011-08,17183,activo,latente,latente,activo
2011-08,17187,inactivo,inactivo,inactivo,inactivo
2011-08,17188,inactivo,inactivo,inactivo,inactivo
2011-08,17189,activo,latente,latente,activo
2011-08,17190,inactivo,inactivo,inactivo,inactivo
2011-08,17191,inactivo,activo,inactivo,inactivo
2011-08,17193,inactivo,activo,inactivo,inactivo
2011-08,17194,inactivo,inactivo,inactivo,inactivo
2011-08,17198,inactivo,inactivo,inactivo,inactivo
2011-08,17204,inactivo,inactivo,inactivo,inactivo
2011-08,17211,inactivo,inactivo,inactivo,inactivo
2011-08,17212,inactivo,inactivo,inactivo,inactivo
2011-08,17213,latente,inactivo,inactivo,latente
2011-08,17214,inactivo,activo,inactivo,inactivo
2011-08,17217,inactivo,inactivo,inactivo,inactivo
2011-08,17218,inactivo,activo,inactivo,inactivo
2011-08,17220,activo,activo,latente,activo
2011-08,17223,inactivo,inactivo,inactivo,inactivo
2011-08,17226,inactivo,inactivo,inactivo,inactivo
2011-08,17227,inactivo,activo,inactivo,inactivo
2011-08,17228,inactivo,activo,inactivo,inactivo
2011-08,17229,latente,activo,inactivo,latente
2011-08,17230,inactivo,inactivo,inactivo,inactivo
2011-08,17231,activo,latente,latente,activo
2011-08,17234,inactivo,inactivo,inactivo,inactivo
2011-08,17235,inactivo,inactivo,inactivo,inactivo
2011-08,17236,inactivo,inactivo,inactivo,inactivo
2011-08,17238,latente,activo,inactivo,latente
2011-08,17239,inactivo,inactivo,inactivo,inactivo
2011-08,17242,activo,latente,latente,activo
2011-08,17243,activo,activo,latente,activo
2011-08,17245,inactivo,inactivo,inactivo,inactivo
2011-08,17248,activo,latente,latente,activo
2011-08,17250,inactivo,inactivo,inactivo,inactivo
2011-08,17251,inactivo,inactivo,inactivo,inactivo
2011-08,17252,activo,latente,latente,activo
2011-08,17255,inactivo,inactivo,inactivo,inactivo
2011-08,17256,activo,latente,latente,activo
2011-08,17259,latente,inactivo,inactivo,latente
2011-08,17262,inactivo,inactivo,inactivo,inactivo
2011-08,17263,inactivo,inactivo,inactivo,inactivo
2011-08,17265,latente,inactivo,inactivo,latente
2011-08,17266,latente,inactivo,inactivo,latente
2011-08,17267,activo,latente,latente,activo
2011-08,17268,activo,latente,latente,activo
2011-08,17272,inactivo,inactivo,inactivo,inactivo
2011-08,17277,inactivo,inactivo,inactivo,inactivo
2011-08,17278,inactivo,inactivo,inactivo,inactivo
2011-08,17282,activo,latente,latente,activo
2011-08,17284,activo,latente,latente,activo
2011-08,17287,latente,activo,inactivo,latente
2011-08,17288,inactivo,inactivo,inactivo,inactivo
2011-08,17289,inactivo,inactivo,inactivo,inactivo
2011-08,17291,inactivo,inactivo,inactivo,inactivo
2011-08,17293,activo,activo,latente,activo
2011-08,17298,activo,latente,latente,activo
2011-08,17299,activo,activo,latente,activo
2011-08,17302,activo,latente,latente,activo
2011-08,17303,inactivo,inactivo,inactivo,inactivo
2011-08,17306,activo,activo,latente,activo
2011-08,17311,inactivo,activo,inactivo,inactivo
2011-08,17312,latente,inactivo,inactivo,latente
2011-08,17314,latente,inactivo,inactivo,latente
2011-08,17315,activo,activo,latente,activo
2011-08,17320,activo,latente,latente,activo
2011-08,17323,activo,latente,latente,activo
2011-08,17324,inactivo,inactivo,inactivo,inactivo
2011-08,17325,inactivo,inactivo,inactivo,inactivo
2011-08,17329,inactivo,inactivo,inactivo,inactivo
2011-08,17331,activo,latente,latente,activo
2011-08,17334,inactivo,inactivo,inactivo,inactivo
2011-08,17337,latente,inactivo,inactivo,latente
2011-08,17338,activo,latente,latente,activo
2011-08,17339,inactivo,activo,inactivo,inactivo
2011-08,17340,activo,activo,latente,activo
2011-08,17341,latente,inactivo,inactivo,latente
2011-08,17343,inactivo,inactivo,inactivo,inactivo
2011-08,17345,inactivo,activo,inactivo,inactivo
2011-08,17346,activo,latente,latente,activo
2011-08,17348,inactivo,activo,inactivo,inactivo
2011-08,17349,inactivo,inactivo,inactivo,inactivo
2011-08,17351,inactivo,inactivo,inactivo,inactivo
2011-08,17353,activo,latente,latente,activo
2011-08,17356,inactivo,inactivo,inactivo,inactivo
2011-08,17358,inactivo,inactivo,inactivo,inactivo
2011-08,17360,inactivo,inactivo,inactivo,inactivo
2011-08,17361,inactivo,inactivo,inactivo,inactivo
2011-08,17362,inactivo,inactivo,inactivo,inactivo
2011-08,17364,latente,inactivo,inactivo,latente
2011-08,17365,inactivo,activo,inactivo,inactivo
2011-08,17367,inactivo,inactivo,inactivo,inactivo
2011-08,17368,inactivo,activo,inactivo,inactivo
2011-08,17370,inactivo,activo,inactivo,inactivo
2011-08,17371,inactivo,inactivo,inactivo,inactivo
2011-08,17372,inactivo,inactivo,inactivo,inactivo
2011-08,17373,latente,activo,inactivo,latente
2011-08,17374,inactivo,inactivo,inactivo,inactivo
2011-08,17375,inactivo,inactivo,inactivo,inactivo
2011-08,17376,inactivo,activo,inactivo,inactivo
2011-08,17377,activo,activo,latente,activo
2011-08,17381,activo,activo,latente,activo
2011-08,17384,inactivo,inactivo,inactivo,inactivo
2011-08,17386,activo,activo,latente,activo
2011-08,17388,latente,activo,inactivo,latente
2011-08,17389,activo,activo,latente,activo
2011-08,17391,inactivo,inactivo,inactivo,inactivo
2011-08,17392,inactivo,inactivo,inactivo,inactivo
2011-08,17394,inactivo,inactivo,inactivo,inactivo
2011-08,17396,latente,inactivo,inactivo,latente
2011-08,17398,activo,latente,latente,activo
2011-08,17400,activo,latente,latente,activo
2011-08,17402,activo,activo,latente,activo
2011-08,17404,activo,activo,latente,activo
2011-08,17405,latente,activo,inactivo,latente
2011-08,17406,inactivo,inactivo,inactivo,inactivo
2011-08,17408,inactivo,inactivo,inactivo,inactivo
2011-08,17409,inactivo,inactivo,inactivo,inactivo
2011-08,17410,inactivo,activo,inactivo,inactivo
2011-08,17411,inactivo,activo,inactivo,inactivo
2011-08,17412,inactivo,inactivo,inactivo,inactivo
2011-08,17414,inactivo,inactivo,inactivo,inactivo
2011-08,17416,activo,activo,latente,activo
2011-08,17418,inactivo,inactivo,inactivo,inactivo
2011-08,17419,latente,inactivo,inactivo,latente
2011-08,17420,inactivo,inactivo,inactivo,inactivo
2011-08,17422,latente,activo,inactivo,latente
2011-08,17423,inactivo,inactivo,inactivo,inactivo
2011-08,17426,inactivo,activo,inactivo,inactivo
2011-08,17428,activo,activo,latente,activo
2011-08,17429,activo,latente,latente,activo
2011-08,17430,inactivo,inactivo,inactivo,inactivo
2011-08,17431,inactivo,inactivo,inactivo,inactivo
2011-08,17436,inactivo,inactivo,inactivo,inactivo
2011-08,17438,inactivo,inactivo,inactivo,inactivo
2011-08,17440,latente,inactivo,inactivo,latente
2011-08,17442,activo,activo,latente,activo
2011-08,17443,inactivo,inactivo,inactivo,inactivo
2011-08,17444,latente,inactivo,inactivo,latente
2011-08,17446,inactivo,inactivo,inactivo,inactivo
2011-08,17449,inactivo,activo,inactivo,inactivo
2011-08,17450,activo,activo,latente,activo
2011-08,17451,activo,activo,latente,activo
2011-08,17454,inactivo,inactivo,inactivo,inactivo
2011-08,17455,inactivo,inactivo,inactivo,inactivo
2011-08,17456,inactivo,inactivo,inactivo,inactivo
2011-08,17457,activo,latente,latente,activo
2011-08,17460,inactivo,activo,inactivo,inactivo
2011-08,17462,inactivo,inactivo,inactivo,inactivo
2011-08,17463,inactivo,inactivo,inactivo,inactivo
2011-08,17464,latente,inactivo,inactivo,latente
2011-08,17469,activo,activo,latente,activo
2011-08,17470,activo,latente,latente,activo
2011-08,17472,inactivo,inactivo,inactivo,inactivo
2011-08,17483,latente,inactivo,inactivo,latente
2011-08,17486,inactivo,inactivo,inactivo,inactivo
2011-08,17489,inactivo,inactivo,inactivo,inactivo
2011-08,17490,inactivo,activo,inactivo,inactivo
2011-08,17491,latente,activo,inactivo,latente
2011-08,17492,inactivo,inactivo,inactivo,inactivo
2011-08,17496,inactivo,inactivo,inactivo,inactivo
2011-08,17499,inactivo,inactivo,inactivo,inactivo
2011-08,17501,inactivo,inactivo,inactivo,inactivo
2011-08,17504,inactivo,inactivo,inactivo,inactivo
2011-08,17505,latente,inactivo,inactivo,latente
2011-08,17507,inactivo,inactivo,inactivo,inactivo
2011-08,17508,inactivo,inactivo,inactivo,inactivo
2011-08,17511,activo,activo,latente,activo
2011-08,17512,activo,latente,latente,activo
2011-08,17514,activo,latente,latente,activo
2011-08,17515,inactivo,inactivo,inactivo,inactivo
2011-08,17516,activo,latente,latente,activo
2011-08,17517,inactivo,inactivo,inactivo,inactivo
2011-08,17519,latente,inactivo,inactivo,latente
2011-08,17521,inactivo,inactivo,inactivo,inactivo
2011-08,17522,latente,inactivo,inactivo,latente
2011-08,17524,inactivo,inactivo,inactivo,inactivo
2011-08,17525,inactivo,inactivo,inactivo,inactivo
2011-08,17526,inactivo,inactivo,inactivo,inactivo
2011-08,17527,activo,activo,latente,activo
2011-08,17530,inactivo,activo,inactivo,inactivo
2011-08,17531,inactivo,inactivo,inactivo,inactivo
2011-08,17535,inactivo,inactivo,inactivo,inactivo
2011-08,17536,inactivo,inactivo,inactivo,inactivo
2011-08,17537,inactivo,inactivo,inactivo,inactivo
2011-08,17540,inactivo,inactivo,inactivo,inactivo
2011-08,17542,inactivo,inactivo,inactivo,inactivo
2011-08,17548,inactivo,inactivo,inactivo,inactivo
2011-08,17550,inactivo,inactivo,inactivo,inactivo
2011-08,17551,inactivo,inactivo,inactivo,inactivo
2011-08,17552,inactivo,activo,inactivo,inactivo
2011-08,17553,activo,latente,latente,activo
2011-08,17554,activo,latente,latente,activo
2011-08,17555,inactivo,inactivo,inactivo,inactivo
2011-08,17556,inactivo,inactivo,inactivo,inactivo
2011-08,17560,latente,activo,inactivo,latente
2011-08,17562,activo,activo,latente,activo
2011-08,17567,latente,activo,inactivo,latente
2011-08,17569,inactivo,inactivo,inactivo,inactivo
2011-08,17571,latente,inactivo,inactivo,latente
2011-08,17572,inactivo,activo,inactivo,inactivo
2011-08,17574,inactivo,inactivo,inactivo,inactivo
2011-08,17576,activo,activo,latente,activo
2011-08,17578,inactivo,inactivo,inactivo,inactivo
2011-08,17579,latente,inactivo,inactivo,latente
2011-08,17580,inactivo,inactivo,inactivo,inactivo
2011-08,17581,activo,activo,latente,activo
2011-08,17582,inactivo,inactivo,inactivo,inactivo
2011-08,17584,activo,latente,latente,activo
2011-08,17585,activo,latente,latente,activo
2011-08,17588,activo,latente,latente,activo
2011-08,17589,latente,inactivo,inactivo,latente
2011-08,17591,activo,activo,latente,activo
2011-08,17593,latente,activo,inactivo,latente
2011-08,17594,inactivo,activo,inactivo,inactivo
2011-08,17596,latente,inactivo,inactivo,latente
2011-08,17597,inactivo,inactivo,inactivo,inactivo
2011-08,17601,inactivo,inactivo,inactivo,inactivo
2011-08,17602,activo,activo,latente,activo
2011-08,17604,inactivo,inactivo,inactivo,inactivo
2011-08,17609,inactivo,activo,inactivo,inactivo
2011-08,17611,activo,activo,latente,activo
2011-08,17612,activo,activo,latente,activo
2011-08,17613,activo,activo,latente,activo
2011-08,17615,activo,latente,latente,activo
2011-08,17616,inactivo,inactivo,inactivo,inactivo
2011-08,17618,inactivo,inactivo,inactivo,inactivo
2011-08,17619,inactivo,inactivo,inactivo,inactivo
2011-08,17621,inactivo,inactivo,inactivo,inactivo
2011-08,17624,inactivo,inactivo,inactivo,inactivo
2011-08,17625,latente,inactivo,inactivo,latente
2011-08,17629,activo,latente,latente,activo
2011-08,17630,inactivo,inactivo,inactivo,inactivo
2011-08,17631,latente,inactivo,inactivo,latente
2011-08,17633,activo,activo,latente,activo
2011-08,17634,activo,activo,latente,activo
2011-08,17637,activo,latente,latente,activo
2011-08,17639,inactivo,inactivo,inactivo,inactivo
2011-08,17642,activo,latente,latente,activo
2011-08,17643,inactivo,inactivo,inactivo,inactivo
2011-08,17644,activo,activo,latente,activo
2011-08,17646,inactivo,inactivo,inactivo,inactivo
2011-08,17648,inactivo,inactivo,inactivo,inactivo
2011-08,17649,latente,inactivo,inactivo,latente
2011-08,17651,latente,activo,inactivo,latente
2011-08,17652,latente,activo,inactivo,latente
2011-08,17653,activo,activo,latente,activo
2011-08,17654,inactivo,inactivo,inactivo,inactivo
2011-08,17655,activo,latente,latente,activo
2011-08,17656,activo,activo,latente,activo
2011-08,17658,inactivo,inactivo,inactivo,inactivo
2011-08,17659,activo,latente,latente,activo
2011-08,17660,latente,inactivo,inactivo,latente
2011-08,17663,latente,activo,inactivo,latente
2011-08,17664,inactivo,inactivo,inactivo,inactivo
2011-08,17667,latente,inactivo,inactivo,latente
2011-08,17669,activo,activo,latente,activo
2011-08,17670,inactivo,inactivo,inactivo,inactivo
2011-08,17671,latente,inactivo,inactivo,latente
2011-08,17672,inactivo,inactivo,inactivo,inactivo
2011-08,17673,inactivo,inactivo,inactivo,inactivo
2011-08,17674,inactivo,activo,inactivo,inactivo
2011-08,17675,activo,activo,latente,activo
2011-08,17676,activo,latente,latente,activo
2011-08,17677,activo,activo,latente,activo
2011-08,17678,inactivo,inactivo,inactivo,inactivo
2011-08,17682,activo,latente,latente,activo
2011-08,17685,inactivo,activo,inactivo,inactivo
2011-08,17686,activo,activo,latente,activo
2011-08,17690,activo,latente,latente,activo
2011-08,17691,inactivo,inactivo,inactivo,inactivo
2011-08,17692,activo,latente,latente,activo
2011-08,17693,latente,inactivo,inactivo,latente
2011-08,17694,latente,inactivo,inactivo,latente
2011-08,17695,latente,inactivo,inactivo,latente
2011-08,17696,activo,latente,latente,activo
2011-08,17697,inactivo,inactivo,inactivo,inactivo
2011-08,17698,inactivo,inactivo,inactivo,inactivo
2011-08,17700,inactivo,activo,inactivo,inactivo
2011-08,17701,inactivo,inactivo,inactivo,inactivo
2011-08,17702,activo,latente,latente,activo
2011-08,17703,activo,latente,latente,activo
2011-08,17704,inactivo,inactivo,inactivo,inactivo
2011-08,17705,activo,activo,latente,activo
2011-08,17706,activo,latente,latente,activo
2011-08,17707,inactivo,inactivo,inactivo,inactivo
2011-08,17708,inactivo,inactivo,inactivo,inactivo
2011-08,17709,inactivo,inactivo,inactivo,inactivo
2011-08,17711,inactivo,inactivo,inactivo,inactivo
2011-08,17714,inactivo,inactivo,inactivo,inactivo
2011-08,17715,inactivo,inactivo,inactivo,inactivo
2011-08,17716,activo,activo,latente,activo
2011-08,17718,inactivo,inactivo,inactivo,inactivo
2011-08,17719,activo,activo,latente,activo
2011-08,17720,activo,latente,latente,activo
2011-08,17722,inactivo,activo,inactivo,inactivo
2011-08,17723,activo,latente,latente,activo
2011-08,17724,latente,activo,inactivo,latente
2011-08,17725,activo,activo,latente,activo
2011-08,17730,activo,activo,latente,activo
2011-08,17731,activo,activo,latente,activo
2011-08,17732,inactivo,inactivo,inactivo,inactivo
2011-08,17733,inactivo,inactivo,inactivo,inactivo
2011-08,17734,latente,inactivo,inactivo,latente
2011-08,17735,activo,activo,latente,activo
2011-08,17736,activo,latente,latente,activo
2011-08,17738,latente,inactivo,inactivo,latente
2011-08,17739,inactivo,activo,inactivo,inactivo
2011-08,17742,activo,latente,latente,activo
2011-08,17744,inactivo,inactivo,inactivo,inactivo
2011-08,17746,inactivo,inactivo,inactivo,inactivo
2011-08,17747,activo,latente,latente,activo
2011-08,17749,inactivo,inactivo,inactivo,inactivo
2011-08,17750,activo,activo,latente,activo
2011-08,17752,inactivo,inactivo,inactivo,inactivo
2011-08,17754,latente,inactivo,inactivo,latente
2011-08,17757,activo,activo,latente,activo
2011-08,17758,latente,activo,inactivo,latente
2011-08,17759,inactivo,inactivo,inactivo,inactivo
2011-08,17760,inactivo,inactivo,inactivo,inactivo
2011-08,17763,inactivo,inactivo,inactivo,inactivo
2011-08,17764,inactivo,inactivo,inactivo,inactivo
2011-08,17765,latente,inactivo,inactivo,latente
2011-08,17768,inactivo,inactivo,inactivo,inactivo
2011-08,17769,latente,inactivo,inactivo,latente
2011-08,17770,inactivo,inactivo,inactivo,inactivo
2011-08,17771,inactivo,inactivo,inactivo,inactivo
2011-08,17774,latente,activo,inactivo,latente
2011-08,17775,inactivo,inactivo,inactivo,inactivo
2011-08,17777,activo,latente,latente,activo
2011-08,17779,latente,activo,inactivo,latente
2011-08,17781,latente,inactivo,inactivo,latente
2011-08,17783,inactivo,activo,inactivo,inactivo
2011-08,17786,inactivo,activo,inactivo,inactivo
2011-08,17787,latente,inactivo,inactivo,latente
2011-08,17788,activo,activo,latente,activo
2011-08,17789,inactivo,inactivo,inactivo,inactivo
2011-08,17790,activo,latente,latente,activo
2011-08,17795,inactivo,inactivo,inactivo,inactivo
2011-08,17796,inactivo,inactivo,inactivo,inactivo
2011-08,17797,inactivo,inactivo,inactivo,inactivo
2011-08,17799,inactivo,activo,inactivo,inactivo
2011-08,17800,activo,activo,latente,activo
2011-08,17802,inactivo,activo,inactivo,inactivo
2011-08,17809,activo,latente,latente,activo
2011-08,17811,activo,activo,latente,activo
2011-08,17812,inactivo,inactivo,inactivo,inactivo
2011-08,17816,inactivo,inactivo,inactivo,inactivo
2011-08,17817,inactivo,inactivo,inactivo,inactivo
2011-08,17819,inactivo,activo,inactivo,inactivo
2011-08,17827,inactivo,inactivo,inactivo,inactivo
2011-08,17828,activo,latente,latente,activo
2011-08,17829,inactivo,inactivo,inactivo,inactivo
2011-08,17830,inactivo,inactivo,inactivo,inactivo
2011-08,17837,latente,activo,inactivo,latente
2011-08,17838,inactivo,activo,inactivo,inactivo
2011-08,17841,activo,activo,latente,activo
2011-08,17843,inactivo,inactivo,inactivo,inactivo
2011-08,17844,activo,latente,latente,activo
2011-08,17848,activo,activo,latente,activo
2011-08,17849,inactivo,inactivo,inactivo,inactivo
2011-08,17850,inactivo,inactivo,inactivo,inactivo
2011-08,17854,inactivo,inactivo,inactivo,inactivo
2011-08,17855,inactivo,inactivo,inactivo,inactivo
2011-08,17856,inactivo,inactivo,inactivo,inactivo
2011-08,17857,activo,activo,latente,activo
2011-08,17858,activo,activo,latente,activo
2011-08,17859,inactivo,inactivo,inactivo,inactivo
2011-08,17860,inactivo,inactivo,inactivo,inactivo
2011-08,17861,latente,inactivo,inactivo,latente
2011-08,17862,inactivo,inactivo,inactivo,inactivo
2011-08,17863,latente,activo,inactivo,latente
2011-08,17864,inactivo,activo,inactivo,inactivo
2011-08,17865,activo,activo,latente,activo
2011-08,17866,latente,inactivo,inactivo,latente
2011-08,17867,latente,inactivo,inactivo,latente
2011-08,17869,activo,latente,latente,activo
2011-08,17870,activo,activo,latente,activo
2011-08,17871,inactivo,inactivo,inactivo,inactivo
2011-08,17873,inactivo,activo,inactivo,inactivo
2011-08,17874,inactivo,inactivo,inactivo,inactivo
2011-08,17877,inactivo,inactivo,inactivo,inactivo
2011-08,17879,inactivo,inactivo,inactivo,inactivo
2011-08,17880,inactivo,inactivo,inactivo,inactivo
2011-08,17881,inactivo,inactivo,inactivo,inactivo
2011-08,17883,inactivo,activo,inactivo,inactivo
2011-08,17884,inactivo,inactivo,inactivo,inactivo
2011-08,17886,inactivo,inactivo,inactivo,inactivo
2011-08,17887,activo,latente,latente,activo
2011-08,17888,latente,activo,inactivo,latente
2011-08,17889,inactivo,inactivo,inactivo,inactivo
2011-08,17890,inactivo,inactivo,inactivo,inactivo
2011-08,17891,inactivo,inactivo,inactivo,inactivo
2011-08,17892,latente,inactivo,inactivo,latente
2011-08,17893,inactivo,inactivo,inactivo,inactivo
2011-08,17894,inactivo,activo,inactivo,inactivo
2011-08,17897,inactivo,inactivo,inactivo,inactivo
2011-08,17898,inactivo,activo,inactivo,inactivo
2011-08,17899,latente,inactivo,inactivo,latente
2011-08,17900,inactivo,inactivo,inactivo,inactivo
2011-08,17905,latente,activo,inactivo,latente
2011-08,17906,inactivo,inactivo,inactivo,inactivo
2011-08,17908,inactivo,inactivo,inactivo,inactivo
2011-08,17912,inactivo,inactivo,inactivo,inactivo
2011-08,17913,inactivo,inactivo,inactivo,inactivo
2011-08,17917,inactivo,inactivo,inactivo,inactivo
2011-08,17920,activo,activo,latente,activo
2011-08,17921,latente,inactivo,inactivo,latente
2011-08,17923,inactivo,inactivo,inactivo,inactivo
2011-08,17924,inactivo,inactivo,inactivo,inactivo
2011-08,17925,inactivo,inactivo,inactivo,inactivo
2011-08,17926,latente,inactivo,inactivo,latente
2011-08,17928,inactivo,inactivo,inactivo,inactivo
2011-08,17929,activo,latente,latente,activo
2011-08,17930,inactivo,activo,inactivo,inactivo
2011-08,17931,latente,inactivo,inactivo,latente
2011-08,17932,inactivo,inactivo,inactivo,inactivo
2011-08,17935,latente,inactivo,inactivo,latente
2011-08,17937,activo,latente,latente,activo
2011-08,17939,latente,inactivo,inactivo,latente
2011-08,17940,activo,latente,latente,activo
2011-08,17941,activo,latente,latente,activo
2011-08,17946,inactivo,inactivo,inactivo,inactivo
2011-08,17948,latente,inactivo,inactivo,latente
2011-08,17949,activo,activo,latente,activo
2011-08,17950,inactivo,activo,inactivo,inactivo
2011-08,17951,inactivo,inactivo,inactivo,inactivo
2011-08,17954,activo,latente,latente,activo
2011-08,17955,inactivo,inactivo,inactivo,inactivo
2011-08,17956,inactivo,inactivo,inactivo,inactivo
2011-08,17958,activo,latente,latente,activo
2011-08,17960,inactivo,inactivo,inactivo,inactivo
2011-08,17961,activo,activo,latente,activo
2011-08,17962,latente,inactivo,inactivo,latente
2011-08,17964,inactivo,inactivo,inactivo,inactivo
2011-08,17965,latente,activo,inactivo,latente
2011-08,17966,latente,inactivo,inactivo,latente
2011-08,17967,inactivo,inactivo,inactivo,inactivo
2011-08,17968,inactivo,inactivo,inactivo,inactivo
2011-08,17969,inactivo,inactivo,inactivo,inactivo
2011-08,17970,inactivo,inactivo,inactivo,inactivo
2011-08,17972,inactivo,inactivo,inactivo,inactivo
2011-08,17974,inactivo,inactivo,inactivo,inactivo
2011-08,17975,activo,latente,latente,activo
2011-08,17976,inactivo,inactivo,inactivo,inactivo
2011-08,17978,inactivo,inactivo,inactivo,inactivo
2011-08,17979,inactivo,inactivo,inactivo,inactivo
2011-08,17980,inactivo,inactivo,inactivo,inactivo
2011-08,17984,latente,inactivo,inactivo,latente
2011-08,17987,inactivo,inactivo,inactivo,inactivo
2011-08,17988,activo,latente,latente,activo
2011-08,17990,inactivo,inactivo,inactivo,inactivo
2011-08,17991,inactivo,inactivo,inactivo,inactivo
2011-08,17994,activo,latente,latente,activo
2011-08,17995,inactivo,inactivo,inactivo,inactivo
2011-08,17997,latente,activo,inactivo,latente
2011-08,17999,inactivo,inactivo,inactivo,inactivo
2011-08,18004,inactivo,inactivo,inactivo,inactivo
2011-08,18008,inactivo,activo,inactivo,inactivo
2011-08,18009,inactivo,inactivo,inactivo,inactivo
2011-08,18010,inactivo,inactivo,inactivo,inactivo
2011-08,18011,inactivo,inactivo,inactivo,inactivo
2011-08,18013,latente,inactivo,inactivo,latente
2011-08,18016,inactivo,activo,inactivo,inactivo
2011-08,18017,inactivo,activo,inactivo,inactivo
2011-08,18018,activo,latente,latente,activo
2011-08,18024,latente,inactivo,inactivo,latente
2011-08,18032,inactivo,inactivo,inactivo,inactivo
2011-08,18036,activo,latente,latente,activo
2011-08,18037,latente,inactivo,inactivo,latente
2011-08,18040,inactivo,inactivo,inactivo,inactivo
2011-08,18041,activo,activo,latente,activo
2011-08,18043,inactivo,inactivo,inactivo,inactivo
2011-08,18044,inactivo,activo,inactivo,inactivo
2011-08,18048,inactivo,inactivo,inactivo,inactivo
2011-08,18050,inactivo,inactivo,inactivo,inactivo
2011-08,18055,activo,activo,latente,activo
2011-08,18056,inactivo,inactivo,inactivo,inactivo
2011-08,18061,activo,latente,latente,activo
2011-08,18062,inactivo,inactivo,inactivo,inactivo
2011-08,18064,latente,inactivo,inactivo,latente
2011-08,18065,inactivo,activo,inactivo,inactivo
2011-08,18068,inactivo,inactivo,inactivo,inactivo
2011-08,18069,inactivo,activo,inactivo,inactivo
2011-08,18071,inactivo,inactivo,inactivo,inactivo
2011-08,18072,inactivo,inactivo,inactivo,inactivo
2011-08,18073,activo,latente,latente,activo
2011-08,18074,inactivo,inactivo,inactivo,inactivo
2011-08,18075,activo,latente,latente,activo
2011-08,18077,activo,latente,latente,activo
2011-08,18078,inactivo,inactivo,inactivo,inactivo
2011-08,18079,activo,latente,latente,activo
2011-08,18080,inactivo,inactivo,inactivo,inactivo
2011-08,18081,activo,latente,latente,activo
2011-08,18085,inactivo,inactivo,inactivo,inactivo
2011-08,18086,inactivo,inactivo,inactivo,inactivo
2011-08,18087,inactivo,activo,inactivo,inactivo
2011-08,18092,activo,activo,latente,activo
2011-08,18093,activo,activo,latente,activo
2011-08,18094,latente,activo,inactivo,latente
2011-08,18095,inactivo,inactivo,inactivo,inactivo
2011-08,18097,activo,latente,latente,activo
2011-08,18099,activo,latente,latente,activo
2011-08,18101,latente,inactivo,inactivo,latente
2011-08,18102,activo,activo,latente,activo
2011-08,18106,inactivo,inactivo,inactivo,inactivo
2011-08,18108,inactivo,inactivo,inactivo,inactivo
2011-08,18109,activo,activo,latente,activo
2011-08,18112,inactivo,inactivo,inactivo,inactivo
2011-08,18113,inactivo,inactivo,inactivo,inactivo
2011-08,18114,inactivo,inactivo,inactivo,inactivo
2011-08,18116,inactivo,inactivo,inactivo,inactivo
2011-08,18118,latente,activo,inactivo,latente
2011-08,18119,inactivo,inactivo,inactivo,inactivo
2011-08,18120,inactivo,inactivo,inactivo,inactivo
2011-08,18121,latente,inactivo,inactivo,latente
2011-08,18122,latente,activo,inactivo,latente
2011-08,18125,inactivo,inactivo,inactivo,inactivo
2011-08,18127,latente,inactivo,inactivo,latente
2011-08,18129,inactivo,inactivo,inactivo,inactivo
2011-08,18133,inactivo,inactivo,inactivo,inactivo
2011-08,18135,inactivo,activo,inactivo,inactivo
2011-08,18136,inactivo,inactivo,inactivo,inactivo
2011-08,18138,inactivo,inactivo,inactivo,inactivo
2011-08,18142,latente,inactivo,inactivo,latente
2011-08,18143,activo,latente,latente,activo
2011-08,18144,activo,activo,latente,activo
2011-08,18145,inactivo,activo,inactivo,inactivo
2011-08,18146,latente,inactivo,inactivo,latente
2011-08,18147,activo,latente,latente,activo
2011-08,18149,inactivo,inactivo,inactivo,inactivo
2011-08,18150,latente,inactivo,inactivo,latente
2011-08,18151,latente,inactivo,inactivo,latente
2011-08,18155,inactivo,activo,inactivo,inactivo
2011-08,18156,inactivo,inactivo,inactivo,inactivo
2011-08,18159,inactivo,inactivo,inactivo,inactivo
2011-08,18160,inactivo,inactivo,inactivo,inactivo
2011-08,18161,latente,inactivo,inactivo,latente
2011-08,18165,inactivo,inactivo,inactivo,inactivo
2011-08,18167,activo,latente,latente,activo
2011-08,18168,inactivo,inactivo,inactivo,inactivo
2011-08,18170,activo,latente,latente,activo
2011-08,18171,inactivo,activo,inactivo,inactivo
2011-08,18172,activo,activo,latente,activo
2011-08,18173,inactivo,activo,inactivo,inactivo
2011-08,18176,inactivo,inactivo,inactivo,inactivo
2011-08,18177,latente,inactivo,inactivo,latente
2011-08,18178,activo,latente,latente,activo
2011-08,18179,inactivo,inactivo,inactivo,inactivo
2011-08,18180,latente,activo,inactivo,latente
2011-08,18183,inactivo,inactivo,inactivo,inactivo
2011-08,18185,inactivo,inactivo,inactivo,inactivo
2011-08,18188,inactivo,activo,inactivo,inactivo
2011-08,18189,inactivo,activo,inactivo,inactivo
2011-08,18190,inactivo,inactivo,inactivo,inactivo
2011-08,18191,inactivo,inactivo,inactivo,inactivo
2011-08,18193,inactivo,inactivo,inactivo,inactivo
2011-08,18196,inactivo,activo,inactivo,inactivo
2011-08,18198,activo,activo,latente,activo
2011-08,18200,activo,latente,latente,activo
2011-08,18202,inactivo,inactivo,inactivo,inactivo
2011-08,18203,latente,inactivo,inactivo,latente
2011-08,18204,activo,activo,latente,activo
2011-08,18210,inactivo,inactivo,inactivo,inactivo
2011-08,18211,latente,activo,inactivo,latente
2011-08,18212,inactivo,inactivo,inactivo,inactivo
2011-08,18213,inactivo,inactivo,inactivo,inactivo
2011-08,18218,inactivo,inactivo,inactivo,inactivo
2011-08,18219,latente,inactivo,inactivo,latente
2011-08,18220,inactivo,inactivo,inactivo,inactivo
2011-08,18221,activo,latente,latente,activo
2011-08,18223,latente,activo,inactivo,latente
2011-08,18224,inactivo,inactivo,inactivo,inactivo
2011-08,18225,activo,activo,latente,activo
2011-08,18226,activo,activo,latente,activo
2011-08,18227,inactivo,inactivo,inactivo,inactivo
2011-08,18229,activo,activo,latente,activo
2011-08,18230,inactivo,activo,inactivo,inactivo
2011-08,18231,inactivo,inactivo,inactivo,inactivo
2011-08,18232,latente,activo,inactivo,latente
2011-08,18233,inactivo,inactivo,inactivo,inactivo
2011-08,18235,activo,activo,latente,activo
2011-08,18236,activo,activo,latente,activo
2011-08,18237,activo,activo,latente,activo
2011-08,18239,inactivo,inactivo,inactivo,inactivo
2011-08,18241,activo,activo,latente,activo
2011-08,18242,inactivo,activo,inactivo,inactivo
2011-08,18245,latente,inactivo,inactivo,latente
2011-08,18246,inactivo,inactivo,inactivo,inactivo
2011-08,18248,activo,latente,latente,activo
2011-08,18250,inactivo,inactivo,inactivo,inactivo
2011-08,18252,inactivo,inactivo,inactivo,inactivo
2011-08,18257,activo,latente,latente,activo
2011-08,18259,inactivo,activo,inactivo,inactivo
2011-08,18260,inactivo,inactivo,inactivo,inactivo
2011-08,18262,latente,inactivo,inactivo,latente
2011-08,18263,latente,inactivo,inactivo,latente
2011-08,18265,latente,activo,inactivo,latente
2011-08,18268,latente,inactivo,inactivo,latente
2011-08,18269,inactivo,inactivo,inactivo,inactivo
2011-08,18270,inactivo,inactivo,inactivo,inactivo
2011-08,18272,activo,latente,latente,activo
2011-08,18273,inactivo,activo,inactivo,inactivo
2011-08,18280,inactivo,inactivo,inactivo,inactivo
2011-08,18281,inactivo,inactivo,inactivo,inactivo
2011-08,18282,activo,latente,latente,activo
2011-08,18283,latente,activo,inactivo,latente
2011-08,18287,inactivo,inactivo,inactivo,inactivo
2011-09,12346,inactivo,inactivo,inactivo,inactivo
2011-09,12347,latente,activo,inactivo,latente
2011-09,12348,activo,latente,latente,activo
2011-09,12350,inactivo,inactivo,inactivo,inactivo
2011-09,12352,activo,latente,latente,activo
2011-09,12353,inactivo,inactivo,inactivo,inactivo
2011-09,12354,inactivo,inactivo,inactivo,inactivo
2011-09,12355,inactivo,inactivo,inactivo,inactivo
2011-09,12356,inactivo,inactivo,inactivo,inactivo
2011-09,12358,inactivo,inactivo,inactivo,inactivo
2011-09,12359,inactivo,activo,inactivo,inactivo
2011-09,12360,latente,activo,inactivo,latente
2011-09,12361,inactivo,inactivo,inactivo,inactivo
2011-09,12362,activo,activo,latente,activo
2011-09,12363,latente,inactivo,inactivo,latente
2011-09,12364,activo,activo,latente,activo
2011-09,12365,inactivo,inactivo,inactivo,inactivo
2011-09,12370,inactivo,activo,inactivo,inactivo
2011-09,12372,activo,latente,latente,activo
2011-09,12373,inactivo,inactivo,inactivo,inactivo
2011-09,12375,activo,latente,latente,activo
2011-09,12377,inactivo,inactivo,inactivo,inactivo
2011-09,12378,latente,inactivo,inactivo,latente
2011-09,12379,activo,latente,latente,activo
2011-09,12380,activo,activo,latente,activo
2011-09,12381,latente,activo,inactivo,latente
2011-09,12383,inactivo,inactivo,inactivo,inactivo
2011-09,12384,latente,inactivo,inactivo,latente
2011-09,12386,inactivo,inactivo,inactivo,inactivo
2011-09,12388,activo,latente,latente,activo
2011-09,12390,activo,latente,latente,activo
2011-09,12393,activo,latente,latente,activo
2011-09,12394,inactivo,activo,inactivo,inactivo
2011-09,12395,latente,activo,inactivo,latente
2011-09,12397,inactivo,inactivo,inactivo,inactivo
2011-09,12399,latente,inactivo,inactivo,latente
2011-09,12401,inactivo,inactivo,inactivo,inactivo
2011-09,12402,inactivo,inactivo,inactivo,inactivo
2011-09,12405,inactivo,inactivo,inactivo,inactivo
2011-09,12406,inactivo,inactivo,inactivo,inactivo
2011-09,12407,inactivo,activo,inactivo,inactivo
2011-09,12408,activo,latente,latente,activo
2011-09,12409,activo,latente,latente,activo
2011-09,12410,inactivo,inactivo,inactivo,inactivo
2011-09,12412,activo,latente,latente,activo
2011-09,12413,inactivo,activo,inactivo,inactivo
2011-09,12414,inactivo,inactivo,inactivo,inactivo
2011-09,12415,activo,activo,latente,activo
2011-09,12417,latente,activo,inactivo,latente
2011-09,12418,latente,inactivo,inactivo,latente
2011-09,12421,latente,inactivo,inactivo,latente
2011-09,12422,activo,latente,latente,activo
2011-09,12423,latente,inactivo,inactivo,latente
2011-09,12424,inactivo,inactivo,inactivo,inactivo
2011-09,12425,activo,latente,latente,activo
2011-09,12426,inactivo,inactivo,inactivo,inactivo
2011-09,12427,inactivo,activo,inactivo,inactivo
2011-09,12428,latente,inactivo,inactivo,latente
2011-09,12429,inactivo,inactivo,inactivo,inactivo
2011-09,12431,latente,activo,inactivo,latente
2011-09,12432,inactivo,activo,inactivo,inactivo
2011-09,12433,activo,activo,latente,activo
2011-09,12434,activo,latente,latente,activo
2011-09,12435,activo,latente,latente,activo
2011-09,12436,activo,latente,latente,activo
2011-09,12437,activo,activo,latente,activo
2011-09,12438,inactivo,inactivo,inactivo,inactivo
2011-09,12441,inactivo,inactivo,inactivo,inactivo
2011-09,12444,activo,activo,latente,activo
2011-09,12447,inactivo,inactivo,inactivo,inactivo
2011-09,12449,activo,latente,latente,activo
2011-09,12450,inactivo,inactivo,inactivo,inactivo
2011-09,12451,inactivo,activo,inactivo,inactivo
2011-09,12453,inactivo,inactivo,inactivo,inactivo
2011-09,12455,activo,latente,latente,activo
2011-09,12456,inactivo,activo,inactivo,inactivo
2011-09,12457,activo,activo,latente,activo
2011-09,12458,activo,latente,latente,activo
2011-09,12461,activo,latente,latente,activo
2011-09,12462,inactivo,inactivo,inactivo,inactivo
2011-09,12463,inactivo,activo,inactivo,inactivo
2011-09,12464,latente,inactivo,inactivo,latente
2011-09,12465,inactivo,inactivo,inactivo,inactivo
2011-09,12468,inactivo,inactivo,inactivo,inactivo
2011-09,12471,activo,activo,latente,activo
2011-09,12472,inactivo,activo,inactivo,inactivo
2011-09,12473,latente,activo,inactivo,latente
2011-09,12474,activo,activo,latente,activo
2011-09,12476,activo,activo,latente,activo
2011-09,12477,latente,activo,inactivo,latente
2011-09,12480,inactivo,inactivo,inactivo,inactivo
2011-09,12481,inactivo,activo,inactivo,inactivo
2011-09,12483,activo,activo,latente,activo
2011-09,12484,latente,inactivo,inactivo,latente
2011-09,12488,activo,activo,latente,activo
2011-09,12489,inactivo,inactivo,inactivo,inactivo
2011-09,12490,activo,latente,latente,activo
2011-09,12492,latente,activo,inactivo,latente
2011-09,12493,inactivo,inactivo,inactivo,inactivo
2011-09,12494,inactivo,activo,inactivo,inactivo
2011-09,12497,activo,latente,latente,activo
2011-09,12500,latente,activo,inactivo,latente
2011-09,12501,inactivo,inactivo,inactivo,inactivo
2011-09,12502,activo,latente,latente,activo
2011-09,12506,inactivo,inactivo,inactivo,inactivo
2011-09,12507,inactivo,inactivo,inactivo,inactivo
2011-09,12509,inactivo,inactivo,inactivo,inactivo
2011-09,12510,inactivo,inactivo,inactivo,inactivo
2011-09,12513,latente,inactivo,inactivo,latente
2011-09,12514,inactivo,inactivo,inactivo,inactivo
2011-09,12515,inactivo,inactivo,inactivo,inactivo
2011-09,12516,activo,latente,latente,activo
2011-09,12517,activo,latente,latente,activo
2011-09,12518,activo,activo,latente,activo
2011-09,12520,activo,latente,latente,activo
2011-09,12521,inactivo,inactivo,inactivo,inactivo
2011-09,12523,activo,activo,latente,activo
2011-09,12524,inactivo,activo,inactivo,inactivo
2011-09,12526,activo,activo,latente,activo
2011-09,12527,activo,latente,latente,activo
2011-09,12528,latente,activo,inactivo,latente
2011-09,12530,latente,activo,inactivo,latente
2011-09,12534,latente,inactivo,inactivo,latente
2011-09,12535,activo,latente,latente,activo
2011-09,12539,inactivo,inactivo,inactivo,inactivo
2011-09,12540,activo,activo,latente,activo
2011-09,12541,inactivo,inactivo,inactivo,inactivo
2011-09,12545,activo,latente,latente,activo
2011-09,12546,activo,activo,latente,activo
2011-09,12547,inactivo,inactivo,inactivo,inactivo
2011-09,12548,inactivo,inactivo,inactivo,inactivo
2011-09,12550,activo,latente,latente,activo
2011-09,12551,inactivo,inactivo,inactivo,inactivo
2011-09,12553,latente,activo,inactivo,latente
2011-09,12556,inactivo,activo,inactivo,inactivo
2011-09,12557,inactivo,inactivo,inactivo,inactivo
2011-09,12559,inactivo,inactivo,inactivo,inactivo
2011-09,12560,latente,inactivo,inactivo,latente
2011-09,12561,inactivo,inactivo,inactivo,inactivo
2011-09,12562,activo,activo,latente,activo
2011-09,12564,inactivo,inactivo,inactivo,inactivo
2011-09,12565,inactivo,inactivo,inactivo,inactivo
2011-09,12566,activo,latente,latente,activo
2011-09,12567,activo,latente,latente,activo
2011-09,12569,activo,activo,latente,activo
2011-09,12571,latente,activo,inactivo,latente
2011-09,12573,inactivo,inactivo,inactivo,inactivo
2011-09,12574,inactivo,inactivo,inactivo,inactivo
2011-09,12576,activo,latente,latente,activo
2011-09,12577,inactivo,inactivo,inactivo,inactivo
2011-09,12578,inactivo,inactivo,inactivo,inactivo
2011-09,12579,activo,latente,latente,activo
2011-09,12580,inactivo,inactivo,inactivo,inactivo
2011-09,12582,inactivo,inactivo,inactivo,inactivo
2011-09,12583,activo,activo,latente,activo
2011-09,12584,activo,activo,latente,activo
2011-09,12585,inactivo,inactivo,inactivo,inactivo
2011-09,12589,inactivo,inactivo,inactivo,inactivo
2011-09,12590,inactivo,inactivo,inactivo,inactivo
2011-09,12591,inactivo,inactivo,inactivo,inactivo
2011-09,12592,activo,latente,latente,activo
2011-09,12593,latente,inactivo,inactivo,latente
2011-09,12594,latente,activo,inactivo,latente
2011-09,12596,inactivo,activo,inactivo,inactivo
2011-09,12597,inactivo,activo,inactivo,inactivo
2011-09,12598,activo,latente,latente,activo
2011-09,12599,latente,inactivo,inactivo,latente
2011-09,12600,activo,latente,latente,activo
2011-09,12601,inactivo,inactivo,inactivo,inactivo
2011-09,12604,activo,latente,latente,activo
2011-09,12609,activo,latente,latente,activo
2011-09,12610,latente,activo,inactivo,latente
2011-09,12612,activo,latente,latente,activo
2011-09,12613,inactivo,activo,inactivo,inactivo
2011-09,12614,inactivo,inactivo,inactivo,inactivo
2011-09,12615,activo,latente,latente,activo
2011-09,12616,activo,latente,latente,activo
2011-09,12619,activo,latente,latente,activo
2011-09,12620,activo,latente,latente,activo
2011-09,12621,activo,activo,latente,activo
2011-09,12622,inactivo,inactivo,inactivo,inactivo
2011-09,12623,inactivo,inactivo,inactivo,inactivo
2011-09,12624,latente,inactivo,inactivo,latente
2011-09,12625,inactivo,inactivo,inactivo,inactivo
2011-09,12626,latente,activo,inactivo,latente
2011-09,12627,activo,activo,latente,activo
2011-09,12633,latente,activo,inactivo,latente
2011-09,12635,activo,latente,latente,activo
2011-09,12637,activo,activo,latente,activo
2011-09,12639,inactivo,inactivo,inactivo,inactivo
2011-09,12640,activo,latente,latente,activo
2011-09,12641,latente,inactivo,inactivo,latente
2011-09,12642,latente,activo,inactivo,latente
2011-09,12643,latente,inactivo,inactivo,latente
2011-09,12644,latente,inactivo,inactivo,latente
2011-09,12645,latente,inactivo,inactivo,latente
2011-09,12647,activo,latente,latente,activo
2011-09,12648,inactivo,inactivo,inactivo,inactivo
2011-09,12649,latente,inactivo,inactivo,latente
2011-09,12651,inactivo,inactivo,inactivo,inactivo
2011-09,12652,inactivo,inactivo,inactivo,inactivo
2011-09,12653,inactivo,inactivo,inactivo,inactivo
2011-09,12654,inactivo,inactivo,inactivo,inactivo
2011-09,12656,activo,latente,latente,activo
2011-09,12657,activo,activo,latente,activo
2011-09,12662,latente,activo,inactivo,latente
2011-09,12664,activo,activo,latente,activo
2011-09,12665,inactivo,inactivo,inactivo,inactivo
2011-09,12668,inactivo,inactivo,inactivo,inactivo
2011-09,12669,inactivo,inactivo,inactivo,inactivo
2011-09,12670,activo,latente,latente,activo
2011-09,12672,inactivo,inactivo,inactivo,inactivo
2011-09,12673,inactivo,inactivo,inactivo,inactivo
2011-09,12674,activo,latente,latente,activo
2011-09,12676,activo,latente,latente,activo
2011-09,12678,activo,activo,latente,activo
2011-09,12679,activo,activo,latente,activo
2011-09,12680,activo,latente,latente,activo
2011-09,12681,activo,activo,latente,activo
2011-09,12682,activo,activo,latente,activo
2011-09,12683,activo,activo,latente,activo
2011-09,12684,inactivo,activo,inactivo,inactivo
2011-09,12685,activo,activo,latente,activo
2011-09,12686,inactivo,inactivo,inactivo,inactivo
2011-09,12688,latente,inactivo,inactivo,latente
2011-09,12689,latente,inactivo,inactivo,latente
2011-09,12690,inactivo,inactivo,inactivo,inactivo
2011-09,12691,inactivo,activo,inactivo,inactivo
2011-09,12693,latente,inactivo,inactivo,latente
2011-09,12694,activo,latente,latente,activo
2011-09,12695,latente,activo,inactivo,latente
2011-09,12697,inactivo,inactivo,inactivo,inactivo
2011-09,12700,inactivo,activo,inactivo,inactivo
2011-09,12701,activo,latente,latente,activo
2011-09,12703,activo,latente,latente,activo
2011-09,12704,activo,latente,latente,activo
2011-09,12705,activo,activo,latente,activo
2011-09,12707,inactivo,inactivo,inactivo,inactivo
2011-09,12708,activo,latente,latente,activo
2011-09,12709,activo,activo,latente,activo
2011-09,12710,activo,latente,latente,activo
2011-09,12712,latente,activo,inactivo,latente
2011-09,12714,latente,inactivo,inactivo,latente
2011-09,12715,latente,inactivo,inactivo,latente
2011-09,12716,inactivo,inactivo,inactivo,inactivo
2011-09,12717,inactivo,inactivo,inactivo,inactivo
2011-09,12718,activo,latente,latente,activo
2011-09,12720,activo,activo,latente,activo
2011-09,12721,activo,latente,latente,activo
2011-09,12722,activo,latente,latente,activo
2011-09,12724,activo,latente,latente,activo
2011-09,12725,inactivo,inactivo,inactivo,inactivo
2011-09,12726,activo,latente,latente,activo
2011-09,12727,activo,latente,latente,activo
2011-09,12728,activo,latente,latente,activo
2011-09,12729,latente,inactivo,inactivo,latente
2011-09,12731,activo,activo,latente,activo
2011-09,12732,inactivo,inactivo,inactivo,inactivo
2011-09,12733,inactivo,inactivo,inactivo,inactivo
2011-09,12734,inactivo,inactivo,inactivo,inactivo
2011-09,12735,inactivo,inactivo,inactivo,inactivo
2011-09,12736,inactivo,inactivo,inactivo,inactivo
2011-09,12738,inactivo,inactivo,inactivo,inactivo
2011-09,12739,activo,latente,latente,activo
2011-09,12743,inactivo,inactivo,inactivo,inactivo
2011-09,12744,inactivo,activo,inactivo,inactivo
2011-09,12747,latente,activo,inactivo,latente
2011-09,12748,activo,activo,latente,activo
2011-09,12749,latente,inactivo,inactivo,latente
2011-09,12750,latente,inactivo,inactivo,latente
2011-09,12752,activo,latente,latente,activo
2011-09,12753,inactivo,inactivo,inactivo,inactivo
2011-09,12754,inactivo,inactivo,inactivo,inactivo
2011-09,12755,inactivo,inactivo,inactivo,inactivo
2011-09,12756,activo,latente,latente,activo
2011-09,12757,inactivo,activo,inactivo,inactivo
2011-09,12758,latente,inactivo,inactivo,latente
2011-09,12759,inactivo,activo,inactivo,inactivo
2011-09,12763,inactivo,inactivo,inactivo,inactivo
2011-09,12764,inactivo,inactivo,inactivo,inactivo
2011-09,12766,inactivo,activo,inactivo,inactivo
2011-09,12769,inactivo,inactivo,inactivo,inactivo
2011-09,12770,inactivo,inactivo,inactivo,inactivo
2011-09,12775,inactivo,inactivo,inactivo,inactivo
2011-09,12778,inactivo,activo,inactivo,inactivo
2011-09,12779,inactivo,inactivo,inactivo,inactivo
2011-09,12781,inactivo,activo,inactivo,inactivo
2011-09,12782,inactivo,inactivo,inactivo,inactivo
2011-09,12783,activo,activo,latente,activo
2011-09,12785,inactivo,inactivo,inactivo,inactivo
2011-09,12787,activo,latente,latente,activo
2011-09,12790,inactivo,inactivo,inactivo,inactivo
2011-09,12791,inactivo,inactivo,inactivo,inactivo
2011-09,12792,inactivo,inactivo,inactivo,inactivo
2011-09,12793,inactivo,inactivo,inactivo,inactivo
2011-09,12794,activo,activo,latente,activo
2011-09,12797,inactivo,inactivo,inactivo,inactivo
2011-09,12798,inactivo,activo,inactivo,inactivo
2011-09,12802,inactivo,inactivo,inactivo,inactivo
2011-09,12808,inactivo,inactivo,inactivo,inactivo
2011-09,12809,inactivo,inactivo,inactivo,inactivo
2011-09,12811,inactivo,inactivo,inactivo,inactivo
2011-09,12814,latente,inactivo,inactivo,latente
2011-09,12815,inactivo,inactivo,inactivo,inactivo
2011-09,12816,activo,latente,latente,activo
2011-09,12817,inactivo,inactivo,inactivo,inactivo
2011-09,12818,inactivo,inactivo,inactivo,inactivo
2011-09,12820,activo,activo,latente,activo
2011-09,12821,inactivo,inactivo,inactivo,inactivo
2011-09,12822,activo,latente,latente,activo
2011-09,12823,activo,latente,latente,activo
2011-09,12826,activo,latente,latente,activo
2011-09,12828,activo,activo,latente,activo
2011-09,12829,inactivo,inactivo,inactivo,inactivo
2011-09,12830,activo,latente,latente,activo
2011-09,12831,inactivo,inactivo,inactivo,inactivo
2011-09,12832,activo,latente,latente,activo
2011-09,12833,inactivo,inactivo,inactivo,inactivo
2011-09,12834,inactivo,inactivo,inactivo,inactivo
2011-09,12836,inactivo,activo,inactivo,inactivo
2011-09,12837,inactivo,inactivo,inactivo,inactivo
2011-09,12838,inactivo,inactivo,inactivo,inactivo
2011-09,12839,activo,activo,latente,activo
2011-09,12840,inactivo,inactivo,inactivo,inactivo
2011-09,12841,activo,activo,latente,activo
2011-09,12842,activo,latente,latente,activo
2011-09,12843,inactivo,activo,inactivo,inactivo
2011-09,12844,latente,inactivo,inactivo,latente
2011-09,12845,inactivo,inactivo,inactivo,inactivo
2011-09,12849,inactivo,inactivo,inactivo,inactivo
2011-09,12851,activo,latente,latente,activo
2011-09,12852,inactivo,inactivo,inactivo,inactivo
2011-09,12853,inactivo,inactivo,inactivo,inactivo
2011-09,12854,activo,latente,latente,activo
2011-09,12855,inactivo,inactivo,inactivo,inactivo
2011-09,12857,inactivo,inactivo,inactivo,inactivo
2011-09,12864,inactivo,inactivo,inactivo,inactivo
2011-09,12865,latente,inactivo,inactivo,latente
2011-09,12866,inactivo,inactivo,inactivo,inactivo
2011-09,12867,activo,latente,latente,activo
2011-09,12868,inactivo,inactivo,inactivo,inactivo
2011-09,12871,activo,latente,latente,activo
2011-09,12872,inactivo,inactivo,inactivo,inactivo
2011-09,12873,inactivo,inactivo,inactivo,inactivo
2011-09,12875,inactivo,inactivo,inactivo,inactivo
2011-09,12876,inactivo,activo,inactivo,inactivo
2011-09,12877,activo,latente,latente,activo
2011-09,12878,inactivo,inactivo,inactivo,inactivo
2011-09,12879,activo,activo,latente,activo
2011-09,12881,inactivo,inactivo,inactivo,inactivo
2011-09,12883,activo,latente,latente,activo
2011-09,12884,activo,latente,latente,activo
2011-09,12885,latente,activo,inactivo,latente
2011-09,12886,inactivo,activo,inactivo,inactivo
2011-09,12888,inactivo,inactivo,inactivo,inactivo
2011-09,12891,inactivo,inactivo,inactivo,inactivo
2011-09,12895,activo,activo,latente,activo
2011-09,12897,inactivo,inactivo,inactivo,inactivo
2011-09,12901,activo,activo,latente,activo
2011-09,12902,inactivo,inactivo,inactivo,inactivo
2011-09,12904,inactivo,inactivo,inactivo,inactivo
2011-09,12906,activo,latente,latente,activo
2011-09,12908,inactivo,inactivo,inactivo,inactivo
2011-09,12909,activo,activo,latente,activo
2011-09,12910,activo,activo,latente,activo
2011-09,12913,inactivo,inactivo,inactivo,inactivo
2011-09,12915,inactivo,inactivo,inactivo,inactivo
2011-09,12916,inactivo,inactivo,inactivo,inactivo
2011-09,12917,latente,inactivo,inactivo,latente
2011-09,12919,latente,inactivo,inactivo,latente
2011-09,12921,activo,activo,latente,activo
2011-09,12922,inactivo,inactivo,inactivo,inactivo
2011-09,12924,activo,latente,latente,activo
2011-09,12925,activo,latente,latente,activo
2011-09,12928,inactivo,activo,inactivo,inactivo
2011-09,12929,inactivo,inactivo,inactivo,inactivo
2011-09,12930,activo,latente,latente,activo
2011-09,12931,latente,activo,inactivo,latente
2011-09,12933,inactivo,inactivo,inactivo,inactivo
2011-09,12935,latente,inactivo,inactivo,latente
2011-09,12936,activo,latente,latente,activo
2011-09,12937,activo,latente,latente,activo
2011-09,12939,activo,activo,latente,activo
2011-09,12940,activo,activo,latente,activo
2011-09,12942,inactivo,inactivo,inactivo,inactivo
2011-09,12944,inactivo,inactivo,inactivo,inactivo
2011-09,12945,inactivo,inactivo,inactivo,inactivo
2011-09,12947,inactivo,inactivo,inactivo,inactivo
2011-09,12948,latente,activo,inactivo,latente
2011-09,12949,latente,inactivo,inactivo,latente
2011-09,12951,inactivo,inactivo,inactivo,inactivo
2011-09,12952,activo,activo,latente,activo
2011-09,12955,activo,activo,latente,activo
2011-09,12956,inactivo,inactivo,inactivo,inactivo
2011-09,12957,activo,latente,latente,activo
2011-09,12962,latente,inactivo,inactivo,latente
2011-09,12963,activo,activo,latente,activo
2011-09,12965,activo,latente,latente,activo
2011-09,12967,inactivo,inactivo,inactivo,inactivo
2011-09,12968,latente,inactivo,inactivo,latente
2011-09,12970,inactivo,inactivo,inactivo,inactivo
2011-09,12971,activo,activo,latente,activo
2011-09,12974,inactivo,inactivo,inactivo,inactivo
2011-09,12976,inactivo,inactivo,inactivo,inactivo
2011-09,12977,inactivo,inactivo,inactivo,inactivo
2011-09,12980,inactivo,inactivo,inactivo,inactivo
2011-09,12981,inactivo,inactivo,inactivo,inactivo
2011-09,12982,inactivo,inactivo,inactivo,inactivo
2011-09,12987,activo,latente,latente,activo
2011-09,12988,inactivo,inactivo,inactivo,inactivo
2011-09,12989,activo,activo,latente,activo
2011-09,12990,inactivo,inactivo,inactivo,inactivo
2011-09,12991,latente,inactivo,inactivo,latente
2011-09,12993,latente,inactivo,inactivo,latente
2011-09,12994,latente,inactivo,inactivo,latente
2011-09,12995,activo,latente,latente,activo
2011-09,12997,activo,latente,latente,activo
2011-09,12999,inactivo,inactivo,inactivo,inactivo
2011-09,13000,latente,inactivo,inactivo,latente
2011-09,13001,inactivo,inactivo,inactivo,inactivo
2011-09,13002,inactivo,inactivo,inactivo,inactivo
2011-09,13003,latente,inactivo,inactivo,latente
2011-09,13004,activo,activo,latente,activo
2011-09,13005,inactivo,inactivo,inactivo,inactivo
2011-09,13008,inactivo,inactivo,inactivo,inactivo
2011-09,13011,inactivo,inactivo,inactivo,inactivo
2011-09,13012,activo,latente,latente,activo
2011-09,13013,activo,activo,latente,activo
2011-09,13014,activo,latente,latente,activo
2011-09,13015,inactivo,activo,inactivo,inactivo
2011-09,13016,activo,latente,latente,activo
2011-09,13018,activo,activo,latente,activo
2011-09,13021,activo,latente,latente,activo
2011-09,13023,latente,activo,inactivo,latente
2011-09,13026,activo,latente,latente,activo
2011-09,13027,latente,inactivo,inactivo,latente
2011-09,13029,inactivo,inactivo,inactivo,inactivo
2011-09,13030,inactivo,inactivo,inactivo,inactivo
2011-09,13032,activo,activo,latente,activo
2011-09,13033,inactivo,inactivo,inactivo,inactivo
2011-09,13034,inactivo,activo,inactivo,inactivo
2011-09,13035,activo,latente,latente,activo
2011-09,13037,inactivo,inactivo,inactivo,inactivo
2011-09,13038,activo,latente,latente,activo
2011-09,13043,inactivo,inactivo,inactivo,inactivo
2011-09,13044,inactivo,inactivo,inactivo,inactivo
2011-09,13045,activo,latente,latente,activo
2011-09,13046,inactivo,inactivo,inactivo,inactivo
2011-09,13047,latente,activo,inactivo,latente
2011-09,13048,latente,inactivo,inactivo,latente
2011-09,13049,inactivo,activo,inactivo,inactivo
2011-09,13050,latente,activo,inactivo,latente
2011-09,13052,inactivo,inactivo,inactivo,inactivo
2011-09,13055,activo,latente,latente,activo
2011-09,13058,inactivo,activo,inactivo,inactivo
2011-09,13059,inactivo,inactivo,inactivo,inactivo
2011-09,13060,inactivo,inactivo,inactivo,inactivo
2011-09,13061,activo,latente,latente,activo
2011-09,13062,inactivo,inactivo,inactivo,inactivo
2011-09,13064,activo,latente,latente,activo
2011-09,13065,inactivo,inactivo,inactivo,inactivo
2011-09,13067,activo,latente,latente,activo
2011-09,13068,inactivo,inactivo,inactivo,inactivo
2011-09,13069,activo,activo,latente,activo
2011-09,13070,inactivo,inactivo,inactivo,inactivo
2011-09,13072,inactivo,inactivo,inactivo,inactivo
2011-09,13075,latente,inactivo,inactivo,latente
2011-09,13077,inactivo,inactivo,inactivo,inactivo
2011-09,13078,activo,activo,latente,activo
2011-09,13079,activo,latente,latente,activo
2011-09,13080,inactivo,inactivo,inactivo,inactivo
2011-09,13081,inactivo,inactivo,inactivo,inactivo
2011-09,13082,latente,inactivo,inactivo,latente
2011-09,13083,activo,latente,latente,activo
2011-09,13085,inactivo,inactivo,inactivo,inactivo
2011-09,13089,activo,activo,latente,activo
2011-09,13090,inactivo,activo,inactivo,inactivo
2011-09,13092,activo,latente,latente,activo
2011-09,13093,inactivo,inactivo,inactivo,inactivo
2011-09,13094,activo,latente,latente,activo
2011-09,13095,activo,latente,latente,activo
2011-09,13097,activo,latente,latente,activo
2011-09,13098,activo,activo,latente,activo
2011-09,13099,activo,latente,latente,activo
2011-09,13101,inactivo,inactivo,inactivo,inactivo
2011-09,13102,activo,activo,latente,activo
2011-09,13104,activo,activo,latente,activo
2011-09,13106,inactivo,inactivo,inactivo,inactivo
2011-09,13107,activo,activo,latente,activo
2011-09,13108,inactivo,inactivo,inactivo,inactivo
2011-09,13109,inactivo,activo,inactivo,inactivo
2011-09,13110,inactivo,activo,inactivo,inactivo
2011-09,13113,latente,activo,inactivo,latente
2011-09,13115,inactivo,activo,inactivo,inactivo
2011-09,13116,inactivo,inactivo,inactivo,inactivo
2011-09,13117,latente,inactivo,inactivo,latente
2011-09,13118,inactivo,inactivo,inactivo,inactivo
2011-09,13120,inactivo,inactivo,inactivo,inactivo
2011-09,13121,inactivo,inactivo,inactivo,inactivo
2011-09,13122,activo,latente,latente,activo
2011-09,13124,activo,latente,latente,activo
2011-09,13126,activo,activo,latente,activo
2011-09,13127,activo,latente,latente,activo
2011-09,13130,activo,latente,latente,activo
2011-09,13131,activo,latente,latente,activo
2011-09,13132,inactivo,inactivo,inactivo,inactivo
2011-09,13133,inactivo,inactivo,inactivo,inactivo
2011-09,13134,activo,latente,latente,activo
2011-09,13135,inactivo,inactivo,inactivo,inactivo
2011-09,13136,activo,activo,latente,activo
2011-09,13137,activo,activo,latente,activo
2011-09,13138,activo,activo,latente,activo
2011-09,13139,activo,latente,latente,activo
2011-09,13140,latente,inactivo,inactivo,latente
2011-09,13141,activo,latente,latente,activo
2011-09,13144,inactivo,inactivo,inactivo,inactivo
2011-09,13145,activo,activo,latente,activo
2011-09,13147,activo,activo,latente,activo
2011-09,13148,inactivo,inactivo,inactivo,inactivo
2011-09,13149,latente,inactivo,inactivo,latente
2011-09,13151,inactivo,inactivo,inactivo,inactivo
2011-09,13155,activo,latente,latente,activo
2011-09,13157,inactivo,activo,inactivo,inactivo
2011-09,13158,activo,latente,latente,activo
2011-09,13159,latente,activo,inactivo,latente
2011-09,13161,inactivo,inactivo,inactivo,inactivo
2011-09,13162,latente,inactivo,inactivo,latente
2011-09,13165,inactivo,activo,inactivo,inactivo
2011-09,13166,inactivo,inactivo,inactivo,inactivo
2011-09,13167,latente,activo,inactivo,latente
2011-09,13168,inactivo,inactivo,inactivo,inactivo
2011-09,13169,inactivo,activo,inactivo,inactivo
2011-09,13171,inactivo,activo,inactivo,inactivo
2011-09,13173,inactivo,inactivo,inactivo,inactivo
2011-09,13174,inactivo,inactivo,inactivo,inactivo
2011-09,13178,activo,latente,latente,activo
2011-09,13183,activo,latente,latente,activo
2011-09,13184,latente,inactivo,inactivo,latente
2011-09,13185,inactivo,inactivo,inactivo,inactivo
2011-09,13186,activo,activo,latente,activo
2011-09,13187,inactivo,inactivo,inactivo,inactivo
2011-09,13189,latente,inactivo,inactivo,latente
2011-09,13192,activo,latente,latente,activo
2011-09,13194,inactivo,inactivo,inactivo,inactivo
2011-09,13196,activo,latente,latente,activo
2011-09,13198,latente,inactivo,inactivo,latente
2011-09,13199,activo,activo,latente,activo
2011-09,13200,activo,latente,latente,activo
2011-09,13203,latente,activo,inactivo,latente
2011-09,13207,inactivo,inactivo,inactivo,inactivo
2011-09,13208,inactivo,activo,inactivo,inactivo
2011-09,13209,latente,inactivo,inactivo,latente
2011-09,13210,activo,latente,latente,activo
2011-09,13211,activo,latente,latente,activo
2011-09,13213,latente,activo,inactivo,latente
2011-09,13216,inactivo,inactivo,inactivo,inactivo
2011-09,13217,latente,inactivo,inactivo,latente
2011-09,13218,latente,inactivo,inactivo,latente
2011-09,13220,activo,latente,latente,activo
2011-09,13221,inactivo,inactivo,inactivo,inactivo
2011-09,13223,inactivo,inactivo,inactivo,inactivo
2011-09,13224,inactivo,activo,inactivo,inactivo
2011-09,13225,inactivo,activo,inactivo,inactivo
2011-09,13226,inactivo,inactivo,inactivo,inactivo
2011-09,13227,inactivo,inactivo,inactivo,inactivo
2011-09,13228,activo,latente,latente,activo
2011-09,13229,inactivo,inactivo,inactivo,inactivo
2011-09,13230,inactivo,inactivo,inactivo,inactivo
2011-09,13232,activo,latente,latente,activo
2011-09,13233,activo,latente,latente,activo
2011-09,13235,inactivo,inactivo,inactivo,inactivo
2011-09,13236,latente,inactivo,inactivo,latente
2011-09,13238,inactivo,inactivo,inactivo,inactivo
2011-09,13239,inactivo,inactivo,inactivo,inactivo
2011-09,13240,activo,latente,latente,activo
2011-09,13242,latente,inactivo,inactivo,latente
2011-09,13243,inactivo,inactivo,inactivo,inactivo
2011-09,13244,activo,latente,latente,activo
2011-09,13246,inactivo,inactivo,inactivo,inactivo
2011-09,13247,activo,activo,latente,activo
2011-09,13248,latente,inactivo,inactivo,latente
2011-09,13249,activo,latente,latente,activo
2011-09,13253,inactivo,inactivo,inactivo,inactivo
2011-09,13255,inactivo,inactivo,inactivo,inactivo
2011-09,13258,inactivo,inactivo,inactivo,inactivo
2011-09,13261,inactivo,inactivo,inactivo,inactivo
2011-09,13262,inactivo,inactivo,inactivo,inactivo
2011-09,13263,activo,activo,latente,activo
2011-09,13265,activo,activo,latente,activo
2011-09,13266,activo,activo,latente,activo
2011-09,13267,activo,latente,latente,activo
2011-09,13268,activo,latente,latente,activo
2011-09,13269,activo,activo,latente,activo
2011-09,13270,inactivo,inactivo,inactivo,inactivo
2011-09,13272,activo,latente,latente,activo
2011-09,13273,latente,inactivo,inactivo,latente
2011-09,13276,activo,activo,latente,activo
2011-09,13277,latente,inactivo,inactivo,latente
2011-09,13279,activo,latente,latente,activo
2011-09,13280,latente,inactivo,inactivo,latente
2011-09,13282,inactivo,inactivo,inactivo,inactivo
2011-09,13283,inactivo,activo,inactivo,inactivo
2011-09,13284,inactivo,inactivo,inactivo,inactivo
2011-09,13285,inactivo,inactivo,inactivo,inactivo
2011-09,13291,inactivo,inactivo,inactivo,inactivo
2011-09,13292,inactivo,inactivo,inactivo,inactivo
2011-09,13294,inactivo,inactivo,inactivo,inactivo
2011-09,13295,inactivo,inactivo,inactivo,inactivo
2011-09,13296,inactivo,inactivo,inactivo,inactivo
2011-09,13299,inactivo,inactivo,inactivo,inactivo
2011-09,13300,inactivo,inactivo,inactivo,inactivo
2011-09,13301,latente,inactivo,inactivo,latente
2011-09,13302,inactivo,inactivo,inactivo,inactivo
2011-09,13304,inactivo,inactivo,inactivo,inactivo
2011-09,13305,activo,latente,latente,activo
2011-09,13307,latente,inactivo,inactivo,latente
2011-09,13308,inactivo,activo,inactivo,inactivo
2011-09,13309,activo,activo,latente,activo
2011-09,13310,inactivo,inactivo,inactivo,inactivo
2011-09,13311,inactivo,inactivo,inactivo,inactivo
2011-09,13313,inactivo,inactivo,inactivo,inactivo
2011-09,13314,activo,activo,latente,activo
2011-09,13316,activo,latente,latente,activo
2011-09,13317,inactivo,activo,inactivo,inactivo
2011-09,13319,activo,activo,latente,activo
2011-09,13320,activo,latente,latente,activo
2011-09,13321,activo,latente,latente,activo
2011-09,13323,activo,latente,latente,activo
2011-09,13324,activo,latente,latente,activo
2011-09,13325,activo,latente,latente,activo
2011-09,13327,latente,inactivo,inactivo,latente
2011-09,13328,inactivo,inactivo,inactivo,inactivo
2011-09,13329,inactivo,inactivo,inactivo,inactivo
2011-09,13330,activo,latente,latente,activo
2011-09,13334,activo,latente,latente,activo
2011-09,13336,activo,latente,latente,activo
2011-09,13338,inactivo,inactivo,inactivo,inactivo
2011-09,13339,inactivo,inactivo,inactivo,inactivo
2011-09,13340,latente,activo,inactivo,latente
2011-09,13341,inactivo,inactivo,inactivo,inactivo
2011-09,13343,inactivo,inactivo,inactivo,inactivo
2011-09,13344,inactivo,activo,inactivo,inactivo
2011-09,13345,inactivo,inactivo,inactivo,inactivo
2011-09,13347,activo,latente,latente,activo
2011-09,13350,activo,latente,latente,activo
2011-09,13354,activo,latente,latente,activo
2011-09,13355,latente,inactivo,inactivo,latente
2011-09,13356,activo,latente,latente,activo
2011-09,13357,inactivo,inactivo,inactivo,inactivo
2011-09,13358,inactivo,inactivo,inactivo,inactivo
2011-09,13362,inactivo,activo,inactivo,inactivo
2011-09,13364,activo,latente,latente,activo
2011-09,13365,inactivo,inactivo,inactivo,inactivo
2011-09,13368,inactivo,inactivo,inactivo,inactivo
2011-09,13369,inactivo,inactivo,inactivo,inactivo
2011-09,13370,inactivo,inactivo,inactivo,inactivo
2011-09,13372,activo,latente,latente,activo
2011-09,13373,inactivo,activo,inactivo,inactivo
2011-09,13375,activo,latente,latente,activo
2011-09,13376,activo,latente,latente,activo
2011-09,13379,inactivo,activo,inactivo,inactivo
2011-09,13381,activo,latente,latente,activo
2011-09,13382,inactivo,inactivo,inactivo,inactivo
2011-09,13384,activo,activo,latente,activo
2011-09,13385,inactivo,inactivo,inactivo,inactivo
2011-09,13388,inactivo,inactivo,inactivo,inactivo
2011-09,13389,activo,latente,latente,activo
2011-09,13390,activo,latente,latente,activo
2011-09,13391,inactivo,inactivo,inactivo,inactivo
2011-09,13394,activo,activo,latente,activo
2011-09,13395,inactivo,inactivo,inactivo,inactivo
2011-09,13396,inactivo,inactivo,inactivo,inactivo
2011-09,13397,activo,latente,latente,activo
2011-09,13398,inactivo,inactivo,inactivo,inactivo
2011-09,13402,latente,inactivo,inactivo,latente
2011-09,13404,inactivo,inactivo,inactivo,inactivo
2011-09,13405,activo,latente,latente,activo
2011-09,13408,activo,activo,latente,activo
2011-09,13410,activo,latente,latente,activo
2011-09,13411,latente,inactivo,inactivo,latente
2011-09,13414,inactivo,inactivo,inactivo,inactivo
2011-09,13416,activo,activo,latente,activo
2011-09,13417,inactivo,inactivo,inactivo,inactivo
2011-09,13418,activo,activo,latente,activo
2011-09,13420,inactivo,inactivo,inactivo,inactivo
2011-09,13421,inactivo,activo,inactivo,inactivo
2011-09,13425,latente,inactivo,inactivo,latente
2011-09,13426,activo,activo,latente,activo
2011-09,13427,latente,inactivo,inactivo,latente
2011-09,13429,activo,activo,latente,activo
2011-09,13430,activo,latente,latente,activo
2011-09,13431,activo,activo,latente,activo
2011-09,13434,activo,latente,latente,activo
2011-09,13435,activo,activo,latente,activo
2011-09,13437,activo,latente,latente,activo
2011-09,13439,inactivo,inactivo,inactivo,inactivo
2011-09,13441,activo,latente,latente,activo
2011-09,13448,activo,latente,latente,activo
2011-09,13450,activo,latente,latente,activo
2011-09,13451,latente,inactivo,inactivo,latente
2011-09,13452,inactivo,inactivo,inactivo,inactivo
2011-09,13453,inactivo,inactivo,inactivo,inactivo
2011-09,13455,inactivo,inactivo,inactivo,inactivo
2011-09,13456,inactivo,activo,inactivo,inactivo
2011-09,13458,activo,activo,latente,activo
2011-09,13461,inactivo,inactivo,inactivo,inactivo
2011-09,13462,inactivo,inactivo,inactivo,inactivo
2011-09,13466,inactivo,inactivo,inactivo,inactivo
2011-09,13468,activo,activo,latente,activo
2011-09,13470,activo,latente,latente,activo
2011-09,13473,inactivo,activo,inactivo,inactivo
2011-09,13474,inactivo,inactivo,inactivo,inactivo
2011-09,13475,inactivo,inactivo,inactivo,inactivo
2011-09,13476,inactivo,inactivo,inactivo,inactivo
2011-09,13477,inactivo,activo,inactivo,inactivo
2011-09,13479,inactivo,inactivo,inactivo,inactivo
2011-09,13481,latente,activo,inactivo,latente
2011-09,13482,inactivo,inactivo,inactivo,inactivo
2011-09,13484,inactivo,inactivo,inactivo,inactivo
2011-09,13485,inactivo,inactivo,inactivo,inactivo
2011-09,13486,activo,latente,latente,activo
2011-09,13487,inactivo,activo,inactivo,inactivo
2011-09,13488,activo,activo,latente,activo
2011-09,13489,latente,inactivo,inactivo,latente
2011-09,13491,inactivo,activo,inactivo,inactivo
2011-09,13492,inactivo,inactivo,inactivo,inactivo
2011-09,13493,inactivo,inactivo,inactivo,inactivo
2011-09,13494,inactivo,inactivo,inactivo,inactivo
2011-09,13495,inactivo,inactivo,inactivo,inactivo
2011-09,13496,inactivo,inactivo,inactivo,inactivo
2011-09,13497,inactivo,inactivo,inactivo,inactivo
2011-09,13499,activo,latente,latente,activo
2011-09,13500,latente,inactivo,inactivo,latente
2011-09,13501,inactivo,inactivo,inactivo,inactivo
2011-09,13502,inactivo,inactivo,inactivo,inactivo
2011-09,13503,activo,latente,latente,activo
2011-09,13505,activo,latente,latente,activo
2011-09,13506,inactivo,inactivo,inactivo,inactivo
2011-09,13507,activo,latente,latente,activo
2011-09,13508,inactivo,inactivo,inactivo,inactivo
2011-09,13509,activo,activo,latente,activo
2011-09,13510,activo,activo,latente,activo
2011-09,13512,inactivo,inactivo,inactivo,inactivo
2011-09,13513,latente,inactivo,inactivo,latente
2011-09,13514,activo,latente,latente,activo
2011-09,13515,activo,latente,latente,activo
2011-09,13516,activo,latente,latente,activo
2011-09,13517,latente,activo,inactivo,latente
2011-09,13518,activo,latente,latente,activo
2011-09,13519,activo,latente,latente,activo
2011-09,13520,inactivo,activo,inactivo,inactivo
2011-09,13523,inactivo,activo,inactivo,inactivo
2011-09,13524,activo,activo,latente,activo
2011-09,13525,inactivo,inactivo,inactivo,inactivo
2011-09,13527,activo,latente,latente,activo
2011-09,13529,activo,latente,latente,activo
2011-09,13531,inactivo,inactivo,inactivo,inactivo
2011-09,13533,inactivo,inactivo,inactivo,inactivo
2011-09,13534,latente,activo,inactivo,latente
2011-09,13536,activo,activo,latente,activo
2011-09,13538,activo,activo,latente,activo
2011-09,13539,activo,latente,latente,activo
2011-09,13544,inactivo,activo,inactivo,inactivo
2011-09,13546,inactivo,activo,inactivo,inactivo
2011-09,13548,activo,latente,latente,activo
2011-09,13549,inactivo,activo,inactivo,inactivo
2011-09,13551,inactivo,inactivo,inactivo,inactivo
2011-09,13552,activo,activo,latente,activo
2011-09,13555,activo,latente,latente,activo
2011-09,13557,inactivo,inactivo,inactivo,inactivo
2011-09,13561,inactivo,inactivo,inactivo,inactivo
2011-09,13562,activo,latente,latente,activo
2011-09,13563,activo,latente,latente,activo
2011-09,13564,inactivo,inactivo,inactivo,inactivo
2011-09,13565,inactivo,inactivo,inactivo,inactivo
2011-09,13566,activo,activo,latente,activo
2011-09,13568,inactivo,inactivo,inactivo,inactivo
2011-09,13569,inactivo,inactivo,inactivo,inactivo
2011-09,13570,inactivo,inactivo,inactivo,inactivo
2011-09,13571,activo,activo,latente,activo
2011-09,13572,inactivo,inactivo,inactivo,inactivo
2011-09,13573,inactivo,activo,inactivo,inactivo
2011-09,13575,activo,activo,latente,activo
2011-09,13576,activo,activo,latente,activo
2011-09,13577,activo,latente,latente,activo
2011-09,13579,inactivo,inactivo,inactivo,inactivo
2011-09,13581,inactivo,inactivo,inactivo,inactivo
2011-09,13583,inactivo,inactivo,inactivo,inactivo
2011-09,13584,inactivo,inactivo,inactivo,inactivo
2011-09,13588,activo,activo,latente,activo
2011-09,13589,inactivo,inactivo,inactivo,inactivo
2011-09,13590,inactivo,activo,inactivo,inactivo
2011-09,13591,inactivo,activo,inactivo,inactivo
2011-09,13592,inactivo,inactivo,inactivo,inactivo
2011-09,13593,latente,inactivo,inactivo,latente
2011-09,13599,activo,latente,latente,activo
2011-09,13600,inactivo,inactivo,inactivo,inactivo
2011-09,13601,inactivo,activo,inactivo,inactivo
2011-09,13606,inactivo,inactivo,inactivo,inactivo
2011-09,13610,latente,activo,inactivo,latente
2011-09,13611,activo,latente,latente,activo
2011-09,13614,activo,latente,latente,activo
2011-09,13615,inactivo,inactivo,inactivo,inactivo
2011-09,13617,latente,activo,inactivo,latente
2011-09,13618,inactivo,inactivo,inactivo,inactivo
2011-09,13621,latente,inactivo,inactivo,latente
2011-09,13623,inactivo,inactivo,inactivo,inactivo
2011-09,13626,inactivo,inactivo,inactivo,inactivo
2011-09,13627,activo,activo,latente,activo
2011-09,13629,activo,activo,latente,activo
2011-09,13630,activo,latente,latente,activo
2011-09,13631,activo,latente,latente,activo
2011-09,13632,inactivo,activo,inactivo,inactivo
2011-09,13634,activo,latente,latente,activo
2011-09,13636,latente,inactivo,inactivo,latente
2011-09,13637,inactivo,activo,inactivo,inactivo
2011-09,13639,activo,latente,latente,activo
2011-09,13642,inactivo,inactivo,inactivo,inactivo
2011-09,13643,activo,latente,latente,activo
2011-09,13644,activo,activo,latente,activo
2011-09,13645,latente,inactivo,inactivo,latente
2011-09,13647,activo,latente,latente,activo
2011-09,13649,inactivo,inactivo,inactivo,inactivo
2011-09,13650,activo,activo,latente,activo
2011-09,13652,inactivo,activo,inactivo,inactivo
2011-09,13654,inactivo,activo,inactivo,inactivo
2011-09,13655,latente,inactivo,inactivo,latente
2011-09,13656,inactivo,inactivo,inactivo,inactivo
2011-09,13657,inactivo,inactivo,inactivo,inactivo
2011-09,13658,activo,latente,latente,activo
2011-09,13659,inactivo,inactivo,inactivo,inactivo
2011-09,13662,activo,latente,latente,activo
2011-09,13663,inactivo,inactivo,inactivo,inactivo
2011-09,13666,inactivo,activo,inactivo,inactivo
2011-09,13667,inactivo,inactivo,inactivo,inactivo
2011-09,13668,latente,activo,inactivo,latente
2011-09,13669,inactivo,activo,inactivo,inactivo
2011-09,13670,activo,latente,latente,activo
2011-09,13672,inactivo,inactivo,inactivo,inactivo
2011-09,13675,inactivo,inactivo,inactivo,inactivo
2011-09,13678,inactivo,inactivo,inactivo,inactivo
2011-09,13680,inactivo,activo,inactivo,inactivo
2011-09,13681,inactivo,activo,inactivo,inactivo
2011-09,13682,inactivo,inactivo,inactivo,inactivo
2011-09,13684,inactivo,inactivo,inactivo,inactivo
2011-09,13686,inactivo,inactivo,inactivo,inactivo
2011-09,13692,inactivo,inactivo,inactivo,inactivo
2011-09,13694,activo,activo,latente,activo
2011-09,13695,activo,activo,latente,activo
2011-09,13699,inactivo,inactivo,inactivo,inactivo
2011-09,13700,activo,activo,latente,activo
2011-09,13703,inactivo,inactivo,inactivo,inactivo
2011-09,13704,activo,activo,latente,activo
2011-09,13705,inactivo,inactivo,inactivo,inactivo
2011-09,13706,inactivo,inactivo,inactivo,inactivo
2011-09,13707,inactivo,inactivo,inactivo,inactivo
2011-09,13708,inactivo,inactivo,inactivo,inactivo
2011-09,13709,latente,activo,inactivo,latente
2011-09,13711,inactivo,inactivo,inactivo,inactivo
2011-09,13712,inactivo,inactivo,inactivo,inactivo
2011-09,13715,inactivo,inactivo,inactivo,inactivo
2011-09,13716,inactivo,inactivo,inactivo,inactivo
2011-09,13717,latente,activo,inactivo,latente
2011-09,13718,inactivo,inactivo,inactivo,inactivo
2011-09,13719,inactivo,activo,inactivo,inactivo
2011-09,13720,latente,inactivo,inactivo,latente
2011-09,13722,inactivo,inactivo,inactivo,inactivo
2011-09,13723,inactivo,inactivo,inactivo,inactivo
2011-09,13725,inactivo,activo,inactivo,inactivo
2011-09,13726,latente,inactivo,inactivo,latente
2011-09,13728,latente,inactivo,inactivo,latente
2011-09,13730,inactivo,inactivo,inactivo,inactivo
2011-09,13731,inactivo,inactivo,inactivo,inactivo
2011-09,13735,inactivo,activo,inactivo,inactivo
2011-09,13736,inactivo,inactivo,inactivo,inactivo
2011-09,13737,inactivo,inactivo,inactivo,inactivo
2011-09,13740,inactivo,inactivo,inactivo,inactivo
2011-09,13741,activo,latente,latente,activo
2011-09,13742,activo,latente,latente,activo
2011-09,13743,activo,latente,latente,activo
2011-09,13744,activo,latente,latente,activo
2011-09,13745,inactivo,inactivo,inactivo,inactivo
2011-09,13747,inactivo,inactivo,inactivo,inactivo
2011-09,13748,activo,latente,latente,activo
2011-09,13750,inactivo,activo,inactivo,inactivo
2011-09,13751,inactivo,inactivo,inactivo,inactivo
2011-09,13752,latente,inactivo,inactivo,latente
2011-09,13753,inactivo,inactivo,inactivo,inactivo
2011-09,13754,inactivo,inactivo,inactivo,inactivo
2011-09,13756,activo,activo,latente,activo
2011-09,13758,inactivo,inactivo,inactivo,inactivo
2011-09,13759,activo,latente,latente,activo
2011-09,13760,inactivo,activo,inactivo,inactivo
2011-09,13761,inactivo,activo,inactivo,inactivo
2011-09,13762,inactivo,inactivo,inactivo,inactivo
2011-09,13764,activo,latente,latente,activo
2011-09,13767,activo,activo,latente,activo
2011-09,13769,activo,latente,latente,activo
2011-09,13771,inactivo,activo,inactivo,inactivo
2011-09,13772,activo,latente,latente,activo
2011-09,13774,activo,latente,latente,activo
2011-09,13777,activo,activo,latente,activo
2011-09,13778,latente,inactivo,inactivo,latente
2011-09,13780,inactivo,inactivo,inactivo,inactivo
2011-09,13781,inactivo,inactivo,inactivo,inactivo
2011-09,13782,latente,activo,inactivo,latente
2011-09,13784,activo,activo,latente,activo
2011-09,13786,inactivo,inactivo,inactivo,inactivo
2011-09,13787,activo,latente,latente,activo
2011-09,13791,latente,inactivo,inactivo,latente
2011-09,13792,inactivo,activo,inactivo,inactivo
2011-09,13798,activo,activo,latente,activo
2011-09,13799,latente,inactivo,inactivo,latente
2011-09,13800,inactivo,inactivo,inactivo,inactivo
2011-09,13802,inactivo,inactivo,inactivo,inactivo
2011-09,13803,inactivo,inactivo,inactivo,inactivo
2011-09,13804,activo,latente,latente,activo
2011-09,13805,latente,activo,inactivo,latente
2011-09,13807,inactivo,inactivo,inactivo,inactivo
2011-09,13808,activo,activo,latente,activo
2011-09,13809,inactivo,inactivo,inactivo,inactivo
2011-09,13811,inactivo,inactivo,inactivo,inactivo
2011-09,13812,latente,activo,inactivo,latente
2011-09,13813,activo,activo,latente,activo
2011-09,13814,activo,latente,latente,activo
2011-09,13815,inactivo,inactivo,inactivo,inactivo
2011-09,13817,inactivo,inactivo,inactivo,inactivo
2011-09,13819,inactivo,inactivo,inactivo,inactivo
2011-09,13821,inactivo,inactivo,inactivo,inactivo
2011-09,13823,activo,latente,latente,activo
2011-09,13824,inactivo,inactivo,inactivo,inactivo
2011-09,13826,inactivo,inactivo,inactivo,inactivo
2011-09,13827,inactivo,activo,inactivo,inactivo
2011-09,13831,activo,latente,latente,activo
2011-09,13833,inactivo,inactivo,inactivo,inactivo
2011-09,13835,inactivo,activo,inactivo,inactivo
2011-09,13837,inactivo,inactivo,inactivo,inactivo
2011-09,13838,latente,inactivo,inactivo,latente
2011-09,13841,inactivo,inactivo,inactivo,inactivo
2011-09,13842,activo,activo,latente,activo
2011-09,13846,inactivo,inactivo,inactivo,inactivo
2011-09,13848,activo,latente,latente,activo
2011-09,13849,inactivo,activo,inactivo,inactivo
2011-09,13850,latente,inactivo,inactivo,latente
2011-09,13851,activo,latente,latente,activo
2011-09,13854,activo,activo,latente,activo
2011-09,13856,inactivo,inactivo,inactivo,inactivo
2011-09,13859,inactivo,inactivo,inactivo,inactivo
2011-09,13860,activo,activo,latente,activo
2011-09,13862,activo,latente,latente,activo
2011-09,13863,inactivo,inactivo,inactivo,inactivo
2011-09,13865,inactivo,activo,inactivo,inactivo
2011-09,13866,activo,latente,latente,activo
2011-09,13867,activo,latente,latente,activo
2011-09,13869,latente,inactivo,inactivo,latente
2011-09,13870,latente,activo,inactivo,latente
2011-09,13871,activo,activo,latente,activo
2011-09,13873,latente,inactivo,inactivo,latente
2011-09,13874,inactivo,inactivo,inactivo,inactivo
2011-09,13875,inactivo,activo,inactivo,inactivo
2011-09,13877,activo,latente,latente,activo
2011-09,13880,activo,activo,latente,activo
2011-09,13881,activo,activo,latente,activo
2011-09,13883,inactivo,inactivo,inactivo,inactivo
2011-09,13884,activo,latente,latente,activo
2011-09,13885,inactivo,inactivo,inactivo,inactivo
2011-09,13886,activo,latente,latente,activo
2011-09,13887,inactivo,inactivo,inactivo,inactivo
2011-09,13888,latente,inactivo,inactivo,latente
2011-09,13889,activo,latente,latente,activo
2011-09,13890,latente,activo,inactivo,latente
2011-09,13892,inactivo,activo,inactivo,inactivo
2011-09,13893,inactivo,inactivo,inactivo,inactivo
2011-09,13894,inactivo,inactivo,inactivo,inactivo
2011-09,13895,inactivo,activo,inactivo,inactivo
2011-09,13898,inactivo,inactivo,inactivo,inactivo
2011-09,13899,inactivo,inactivo,inactivo,inactivo
2011-09,13900,inactivo,inactivo,inactivo,inactivo
2011-09,13901,activo,latente,latente,activo
2011-09,13904,inactivo,inactivo,inactivo,inactivo
2011-09,13908,activo,latente,latente,activo
2011-09,13911,inactivo,activo,inactivo,inactivo
2011-09,13917,inactivo,activo,inactivo,inactivo
2011-09,13918,inactivo,activo,inactivo,inactivo
2011-09,13919,latente,activo,inactivo,latente
2011-09,13922,inactivo,inactivo,inactivo,inactivo
2011-09,13924,activo,activo,latente,activo
2011-09,13925,activo,latente,latente,activo
2011-09,13927,activo,latente,latente,activo
2011-09,13928,latente,inactivo,inactivo,latente
2011-09,13929,inactivo,inactivo,inactivo,inactivo
2011-09,13930,inactivo,activo,inactivo,inactivo
2011-09,13931,activo,latente,latente,activo
2011-09,13932,inactivo,inactivo,inactivo,inactivo
2011-09,13933,latente,inactivo,inactivo,latente
2011-09,13934,inactivo,inactivo,inactivo,inactivo
2011-09,13936,inactivo,inactivo,inactivo,inactivo
2011-09,13937,inactivo,inactivo,inactivo,inactivo
2011-09,13939,latente,inactivo,inactivo,latente
2011-09,13940,latente,activo,inactivo,latente
2011-09,13941,activo,latente,latente,activo
2011-09,13946,activo,latente,latente,activo
2011-09,13948,inactivo,inactivo,inactivo,inactivo
2011-09,13949,activo,activo,latente,activo
2011-09,13950,activo,latente,latente,activo
2011-09,13951,inactivo,inactivo,inactivo,inactivo
2011-09,13952,inactivo,inactivo,inactivo,inactivo
2011-09,13953,latente,activo,inactivo,latente
2011-09,13954,activo,latente,latente,activo
2011-09,13955,inactivo,inactivo,inactivo,inactivo
2011-09,13956,inactivo,activo,inactivo,inactivo
2011-09,13959,activo,latente,latente,activo
2011-09,13960,activo,latente,latente,activo
2011-09,13962,inactivo,inactivo,inactivo,inactivo
2011-09,13963,inactivo,inactivo,inactivo,inactivo
2011-09,13967,inactivo,inactivo,inactivo,inactivo
2011-09,13969,latente,activo,inactivo,latente
2011-09,13971,latente,activo,inactivo,latente
2011-09,13972,activo,latente,latente,activo
2011-09,13973,inactivo,inactivo,inactivo,inactivo
2011-09,13975,latente,inactivo,inactivo,latente
2011-09,13976,inactivo,inactivo,inactivo,inactivo
2011-09,13979,activo,latente,latente,activo
2011-09,13982,inactivo,activo,inactivo,inactivo
2011-09,13983,activo,activo,latente,activo
2011-09,13984,latente,inactivo,inactivo,latente
2011-09,13985,activo,activo,latente,activo
2011-09,13988,activo,activo,latente,activo
2011-09,13989,inactivo,activo,inactivo,inactivo
2011-09,13990,inactivo,inactivo,inactivo,inactivo
2011-09,13991,activo,activo,latente,activo
2011-09,13993,activo,activo,latente,activo
2011-09,13994,activo,activo,latente,activo
2011-09,13995,latente,activo,inactivo,latente
2011-09,13999,activo,activo,latente,activo
2011-09,14000,inactivo,inactivo,inactivo,inactivo
2011-09,14001,inactivo,activo,inactivo,inactivo
2011-09,14002,inactivo,inactivo,inactivo,inactivo
2011-09,14004,activo,activo,latente,activo
2011-09,14005,activo,latente,latente,activo
2011-09,14006,latente,inactivo,inactivo,latente
2011-09,14009,inactivo,inactivo,inactivo,inactivo
2011-09,14012,inactivo,inactivo,inactivo,inactivo
2011-09,14013,latente,inactivo,inactivo,latente
2011-09,14014,activo,latente,latente,activo
2011-09,14016,inactivo,inactivo,inactivo,inactivo
2011-09,14019,activo,activo,latente,activo
2011-09,14020,activo,latente,latente,activo
2011-09,14021,inactivo,inactivo,inactivo,inactivo
2011-09,14022,inactivo,inactivo,inactivo,inactivo
2011-09,14023,inactivo,inactivo,inactivo,inactivo
2011-09,14024,latente,inactivo,inactivo,latente
2011-09,14029,inactivo,activo,inactivo,inactivo
2011-09,14030,activo,latente,latente,activo
2011-09,14031,activo,activo,latente,activo
2011-09,14032,activo,latente,latente,activo
2011-09,14034,inactivo,inactivo,inactivo,inactivo
2011-09,14035,latente,activo,inactivo,latente
2011-09,14036,inactivo,inactivo,inactivo,inactivo
2011-09,14037,inactivo,inactivo,inactivo,inactivo
2011-09,14038,activo,latente,latente,activo
2011-09,14040,activo,activo,latente,activo
2011-09,14041,inactivo,inactivo,inactivo,inactivo
2011-09,14044,latente,inactivo,inactivo,latente
2011-09,14045,latente,inactivo,inactivo,latente
2011-09,14046,inactivo,inactivo,inactivo,inactivo
2011-09,14047,activo,latente,latente,activo
2011-09,14048,inactivo,inactivo,inactivo,inactivo
2011-09,14049,inactivo,inactivo,inactivo,inactivo
2011-09,14050,latente,inactivo,inactivo,latente
2011-09,14051,activo,activo,latente,activo
2011-09,14053,latente,inactivo,inactivo,latente
2011-09,14055,latente,inactivo,inactivo,latente
2011-09,14056,activo,activo,latente,activo
2011-09,14057,activo,activo,latente,activo
2011-09,14059,inactivo,inactivo,inactivo,inactivo
2011-09,14060,activo,activo,latente,activo
2011-09,14062,activo,latente,latente,activo
2011-09,14064,latente,inactivo,inactivo,latente
2011-09,14066,inactivo,inactivo,inactivo,inactivo
2011-09,14067,activo,activo,latente,activo
2011-09,14068,inactivo,inactivo,inactivo,inactivo
2011-09,14071,inactivo,activo,inactivo,inactivo
2011-09,14075,inactivo,inactivo,inactivo,inactivo
2011-09,14076,latente,inactivo,inactivo,latente
2011-09,14077,activo,activo,latente,activo
2011-09,14078,latente,inactivo,inactivo,latente
2011-09,14079,latente,inactivo,inactivo,latente
2011-09,14081,inactivo,inactivo,inactivo,inactivo
2011-09,14082,inactivo,inactivo,inactivo,inactivo
2011-09,14083,latente,inactivo,inactivo,latente
2011-09,14085,inactivo,activo,inactivo,inactivo
2011-09,14088,latente,activo,inactivo,latente
2011-09,14090,inactivo,inactivo,inactivo,inactivo
2011-09,14092,activo,activo,latente,activo
2011-09,14096,activo,activo,latente,activo
2011-09,14099,latente,activo,inactivo,latente
2011-09,14100,inactivo,inactivo,inactivo,inactivo
2011-09,14101,activo,latente,latente,activo
2011-09,14104,inactivo,inactivo,inactivo,inactivo
2011-09,14105,inactivo,inactivo,inactivo,inactivo
2011-09,14107,activo,activo,latente,activo
2011-09,14108,latente,inactivo,inactivo,latente
2011-09,14109,activo,latente,latente,activo
2011-09,14110,activo,activo,latente,activo
2011-09,14111,activo,latente,latente,activo
2011-09,14112,latente,activo,inactivo,latente
2011-09,14113,activo,latente,latente,activo
2011-09,14114,inactivo,inactivo,inactivo,inactivo
2011-09,14116,activo,activo,latente,activo
2011-09,14117,inactivo,inactivo,inactivo,inactivo
2011-09,14124,activo,latente,latente,activo
2011-09,14125,activo,latente,latente,activo
2011-09,14127,latente,inactivo,inactivo,latente
2011-09,14128,inactivo,activo,inactivo,inactivo
2011-09,14129,activo,latente,latente,activo
2011-09,14130,inactivo,inactivo,inactivo,inactivo
2011-09,14132,activo,activo,latente,activo
2011-09,14133,latente,inactivo,inactivo,latente
2011-09,14135,activo,latente,latente,activo
2011-09,14141,activo,activo,latente,activo
2011-09,14142,inactivo,inactivo,inactivo,inactivo
2011-09,14143,inactivo,inactivo,inactivo,inactivo
2011-09,14145,inactivo,activo,inactivo,inactivo
2011-09,14146,activo,latente,latente,activo
2011-09,14147,activo,latente,latente,activo
2011-09,14148,inactivo,inactivo,inactivo,inactivo
2011-09,14149,inactivo,inactivo,inactivo,inactivo
2011-09,14150,inactivo,inactivo,inactivo,inactivo
2011-09,14152,activo,latente,latente,activo
2011-09,14154,inactivo,inactivo,inactivo,inactivo
2011-09,14155,inactivo,inactivo,inactivo,inactivo
2011-09,14156,activo,activo,latente,activo
2011-09,14157,inactivo,inactivo,inactivo,inactivo
2011-09,14159,activo,activo,latente,activo
2011-09,14161,inactivo,inactivo,inactivo,inactivo
2011-09,14162,inactivo,inactivo,inactivo,inactivo
2011-09,14163,activo,latente,latente,activo
2011-09,14164,activo,latente,latente,activo
2011-09,14165,inactivo,inactivo,inactivo,inactivo
2011-09,14167,inactivo,activo,inactivo,inactivo
2011-09,14171,activo,latente,latente,activo
2011-09,14173,inactivo,activo,inactivo,inactivo
2011-09,14175,inactivo,activo,inactivo,inactivo
2011-09,14176,inactivo,inactivo,inactivo,inactivo
2011-09,14177,activo,latente,latente,activo
2011-09,14178,activo,activo,latente,activo
2011-09,14180,activo,activo,latente,activo
2011-09,14185,inactivo,inactivo,inactivo,inactivo
2011-09,14188,activo,latente,latente,activo
2011-09,14189,activo,activo,latente,activo
2011-09,14191,activo,activo,latente,activo
2011-09,14193,inactivo,activo,inactivo,inactivo
2011-09,14194,activo,activo,latente,activo
2011-09,14195,inactivo,inactivo,inactivo,inactivo
2011-09,14196,latente,inactivo,inactivo,latente
2011-09,14198,activo,latente,latente,activo
2011-09,14199,inactivo,inactivo,inactivo,inactivo
2011-09,14201,activo,activo,latente,activo
2011-09,14205,inactivo,inactivo,inactivo,inactivo
2011-09,14206,inactivo,inactivo,inactivo,inactivo
2011-09,14208,activo,latente,latente,activo
2011-09,14209,latente,inactivo,inactivo,latente
2011-09,14210,latente,inactivo,inactivo,latente
2011-09,14211,activo,activo,latente,activo
2011-09,14212,activo,latente,latente,activo
2011-09,14214,inactivo,activo,inactivo,inactivo
2011-09,14215,activo,latente,latente,activo
2011-09,14217,activo,activo,latente,activo
2011-09,14220,inactivo,inactivo,inactivo,inactivo
2011-09,14221,activo,activo,latente,activo
2011-09,14222,inactivo,inactivo,inactivo,inactivo
2011-09,14223,activo,latente,latente,activo
2011-09,14224,latente,inactivo,inactivo,latente
2011-09,14226,activo,latente,latente,activo
2011-09,14227,activo,latente,latente,activo
2011-09,14229,inactivo,activo,inactivo,inactivo
2011-09,14231,inactivo,inactivo,inactivo,inactivo
2011-09,14232,latente,activo,inactivo,latente
2011-09,14233,inactivo,activo,inactivo,inactivo
2011-09,14235,activo,latente,latente,activo
2011-09,14236,activo,latente,latente,activo
2011-09,14237,inactivo,inactivo,inactivo,inactivo
2011-09,14238,inactivo,inactivo,inactivo,inactivo
2011-09,14239,activo,activo,latente,activo
2011-09,14240,inactivo,inactivo,inactivo,inactivo
2011-09,14241,inactivo,inactivo,inactivo,inactivo
2011-09,14242,inactivo,inactivo,inactivo,inactivo
2011-09,14243,activo,latente,latente,activo
2011-09,14245,inactivo,inactivo,inactivo,inactivo
2011-09,14246,latente,inactivo,inactivo,latente
2011-09,14247,inactivo,inactivo,inactivo,inactivo
2011-09,14248,inactivo,inactivo,inactivo,inactivo
2011-09,14250,activo,latente,latente,activo
2011-09,14256,inactivo,inactivo,inactivo,inactivo
2011-09,14257,latente,activo,inactivo,latente
2011-09,14258,activo,latente,latente,activo
2011-09,14259,inactivo,inactivo,inactivo,inactivo
2011-09,14261,activo,activo,latente,activo
2011-09,14262,activo,activo,latente,activo
2011-09,14264,inactivo,inactivo,inactivo,inactivo
2011-09,14265,latente,inactivo,inactivo,latente
2011-09,14267,inactivo,inactivo,inactivo,inactivo
2011-09,14270,inactivo,inactivo,inactivo,inactivo
2011-09,14271,inactivo,inactivo,inactivo,inactivo
2011-09,14272,activo,latente,latente,activo
2011-09,14273,inactivo,activo,inactivo,inactivo
2011-09,14276,activo,latente,latente,activo
2011-09,14277,inactivo,inactivo,inactivo,inactivo
2011-09,14280,inactivo,inactivo,inactivo,inactivo
2011-09,14282,activo,latente,latente,activo
2011-09,14284,activo,latente,latente,activo
2011-09,14285,activo,latente,latente,activo
2011-09,14286,inactivo,activo,inactivo,inactivo
2011-09,14287,inactivo,inactivo,inactivo,inactivo
2011-09,14288,inactivo,inactivo,inactivo,inactivo
2011-09,14289,inactivo,inactivo,inactivo,inactivo
2011-09,14290,activo,activo,latente,activo
2011-09,14291,latente,activo,inactivo,latente
2011-09,14292,activo,activo,latente,activo
2011-09,14293,inactivo,inactivo,inactivo,inactivo
2011-09,14297,inactivo,activo,inactivo,inactivo
2011-09,14298,activo,activo,latente,activo
2011-09,14299,activo,activo,latente,activo
2011-09,14301,latente,inactivo,inactivo,latente
2011-09,14304,inactivo,inactivo,inactivo,inactivo
2011-09,14305,activo,latente,latente,activo
2011-09,14306,activo,activo,latente,activo
2011-09,14307,activo,latente,latente,activo
2011-09,14309,activo,latente,latente,activo
2011-09,14311,inactivo,inactivo,inactivo,inactivo
2011-09,14312,activo,activo,latente,activo
2011-09,14314,latente,inactivo,inactivo,latente
2011-09,14315,latente,activo,inactivo,latente
2011-09,14320,inactivo,inactivo,inactivo,inactivo
2011-09,14321,activo,latente,latente,activo
2011-09,14323,latente,inactivo,inactivo,latente
2011-09,14326,inactivo,inactivo,inactivo,inactivo
2011-09,14327,inactivo,inactivo,inactivo,inactivo
2011-09,14329,latente,activo,inactivo,latente
2011-09,14331,latente,inactivo,inactivo,latente
2011-09,14332,inactivo,activo,inactivo,inactivo
2011-09,14334,activo,latente,latente,activo
2011-09,14335,activo,latente,latente,activo
2011-09,14336,inactivo,inactivo,inactivo,inactivo
2011-09,14338,inactivo,inactivo,inactivo,inactivo
2011-09,14339,inactivo,inactivo,inactivo,inactivo
2011-09,14340,inactivo,inactivo,inactivo,inactivo
2011-09,14341,latente,activo,inactivo,latente
2011-09,14342,inactivo,inactivo,inactivo,inactivo
2011-09,14344,latente,inactivo,inactivo,latente
2011-09,14346,latente,inactivo,inactivo,latente
2011-09,14348,inactivo,inactivo,inactivo,inactivo
2011-09,14350,inactivo,inactivo,inactivo,inactivo
2011-09,14351,inactivo,inactivo,inactivo,inactivo
2011-09,14352,inactivo,inactivo,inactivo,inactivo
2011-09,14353,inactivo,inactivo,inactivo,inactivo
2011-09,14355,inactivo,inactivo,inactivo,inactivo
2011-09,14356,activo,latente,latente,activo
2011-09,14359,activo,activo,latente,activo
2011-09,14360,activo,activo,latente,activo
2011-09,14364,latente,inactivo,inactivo,latente
2011-09,14367,activo,activo,latente,activo
2011-09,14368,inactivo,inactivo,inactivo,inactivo
2011-09,14371,inactivo,inactivo,inactivo,inactivo
2011-09,14373,inactivo,inactivo,inactivo,inactivo
2011-09,14375,inactivo,inactivo,inactivo,inactivo
2011-09,14377,inactivo,inactivo,inactivo,inactivo
2011-09,14379,inactivo,activo,inactivo,inactivo
2011-09,14383,inactivo,activo,inactivo,inactivo
2011-09,14386,inactivo,inactivo,inactivo,inactivo
2011-09,14387,activo,latente,latente,activo
2011-09,14388,activo,latente,latente,activo
2011-09,14389,inactivo,activo,inactivo,inactivo
2011-09,14390,inactivo,activo,inactivo,inactivo
2011-09,14393,inactivo,inactivo,inactivo,inactivo
2011-09,14395,activo,activo,latente,activo
2011-09,14396,inactivo,activo,inactivo,inactivo
2011-09,14397,activo,activo,latente,activo
2011-09,14400,inactivo,inactivo,inactivo,inactivo
2011-09,14401,activo,latente,latente,activo
2011-09,14403,latente,inactivo,inactivo,latente
2011-09,14404,latente,inactivo,inactivo,latente
2011-09,14406,latente,inactivo,inactivo,latente
2011-09,14407,latente,inactivo,inactivo,latente
2011-09,14408,activo,latente,latente,activo
2011-09,14409,activo,latente,latente,activo
2011-09,14410,activo,latente,latente,activo
2011-09,14411,inactivo,inactivo,inactivo,inactivo
2011-09,14412,activo,activo,latente,activo
2011-09,14413,inactivo,inactivo,inactivo,inactivo
2011-09,14414,activo,latente,latente,activo
2011-09,14415,activo,activo,latente,activo
2011-09,14418,latente,inactivo,inactivo,latente
2011-09,14419,activo,activo,latente,activo
2011-09,14420,activo,latente,latente,activo
2011-09,14421,inactivo,activo,inactivo,inactivo
2011-09,14422,activo,activo,latente,activo
2011-09,14423,inactivo,inactivo,inactivo,inactivo
2011-09,14426,inactivo,inactivo,inactivo,inactivo
2011-09,14428,activo,latente,latente,activo
2011-09,14431,inactivo,inactivo,inactivo,inactivo
2011-09,14432,activo,activo,latente,activo
2011-09,14434,activo,activo,latente,activo
2011-09,14436,activo,latente,latente,activo
2011-09,14437,inactivo,inactivo,inactivo,inactivo
2011-09,14438,inactivo,inactivo,inactivo,inactivo
2011-09,14439,inactivo,inactivo,inactivo,inactivo
2011-09,14440,activo,activo,latente,activo
2011-09,14441,activo,activo,latente,activo
2011-09,14442,inactivo,inactivo,inactivo,inactivo
2011-09,14443,inactivo,activo,inactivo,inactivo
2011-09,14446,activo,latente,latente,activo
2011-09,14447,inactivo,activo,inactivo,inactivo
2011-09,14448,inactivo,inactivo,inactivo,inactivo
2011-09,14449,inactivo,activo,inactivo,inactivo
2011-09,14450,inactivo,inactivo,inactivo,inactivo
2011-09,14451,inactivo,activo,inactivo,inactivo
2011-09,14452,activo,latente,latente,activo
2011-09,14453,inactivo,inactivo,inactivo,inactivo
2011-09,14456,activo,activo,latente,activo
2011-09,14457,inactivo,inactivo,inactivo,inactivo
2011-09,14459,inactivo,inactivo,inactivo,inactivo
2011-09,14460,latente,inactivo,inactivo,latente
2011-09,14461,inactivo,inactivo,inactivo,inactivo
2011-09,14462,activo,activo,latente,activo
2011-09,14463,activo,latente,latente,activo
2011-09,14465,inactivo,inactivo,inactivo,inactivo
2011-09,14466,activo,latente,latente,activo
2011-09,14467,inactivo,activo,inactivo,inactivo
2011-09,14470,inactivo,inactivo,inactivo,inactivo
2011-09,14472,latente,inactivo,inactivo,latente
2011-09,14473,activo,latente,latente,activo
2011-09,14475,activo,latente,latente,activo
2011-09,14476,inactivo,inactivo,inactivo,inactivo
2011-09,14477,inactivo,activo,inactivo,inactivo
2011-09,14479,inactivo,inactivo,inactivo,inactivo
2011-09,14481,inactivo,inactivo,inactivo,inactivo
2011-09,14482,activo,activo,latente,activo
2011-09,14483,inactivo,inactivo,inactivo,inactivo
2011-09,14487,activo,activo,latente,activo
2011-09,14489,inactivo,inactivo,inactivo,inactivo
2011-09,14491,inactivo,inactivo,inactivo,inactivo
2011-09,14493,inactivo,activo,inactivo,inactivo
2011-09,14495,latente,activo,inactivo,latente
2011-09,14496,inactivo,inactivo,inactivo,inactivo
2011-09,14497,inactivo,inactivo,inactivo,inactivo
2011-09,14498,latente,activo,inactivo,latente
2011-09,14499,inactivo,inactivo,inactivo,inactivo
2011-09,14500,activo,latente,latente,activo
2011-09,14501,inactivo,inactivo,inactivo,inactivo
2011-09,14502,inactivo,activo,inactivo,inactivo
2011-09,14503,activo,latente,latente,activo
2011-09,14504,inactivo,activo,inactivo,inactivo
2011-09,14505,latente,inactivo,inactivo,latente
2011-09,14506,inactivo,activo,inactivo,inactivo
2011-09,14507,latente,activo,inactivo,latente
2011-09,14508,activo,latente,latente,activo
2011-09,14511,activo,activo,latente,activo
2011-09,14512,inactivo,inactivo,inactivo,inactivo
2011-09,14513,latente,inactivo,inactivo,latente
2011-09,14514,inactivo,activo,inactivo,inactivo
2011-09,14515,inactivo,activo,inactivo,inactivo
2011-09,14517,inactivo,inactivo,inactivo,inactivo
2011-09,14520,inactivo,inactivo,inactivo,inactivo
2011-09,14522,activo,latente,latente,activo
2011-09,14523,latente,inactivo,inactivo,latente
2011-09,14524,activo,latente,latente,activo
2011-09,14525,latente,activo,inactivo,latente
2011-09,14527,activo,activo,latente,activo
2011-09,14529,activo,activo,latente,activo
2011-09,14530,activo,latente,latente,activo
2011-09,14532,inactivo,inactivo,inactivo,inactivo
2011-09,14533,activo,activo,latente,activo
2011-09,14534,activo,activo,latente,activo
2011-09,14535,latente,activo,inactivo,latente
2011-09,14536,inactivo,inactivo,inactivo,inactivo
2011-09,14538,inactivo,activo,inactivo,inactivo
2011-09,14540,activo,latente,latente,activo
2011-09,14541,inactivo,activo,inactivo,inactivo
2011-09,14542,inactivo,inactivo,inactivo,inactivo
2011-09,14543,activo,latente,latente,activo
2011-09,14544,inactivo,inactivo,inactivo,inactivo
2011-09,14546,activo,activo,latente,activo
2011-09,14548,inactivo,inactivo,inactivo,inactivo
2011-09,14549,inactivo,inactivo,inactivo,inactivo
2011-09,14551,inactivo,inactivo,inactivo,inactivo
2011-09,14552,inactivo,inactivo,inactivo,inactivo
2011-09,14553,inactivo,inactivo,inactivo,inactivo
2011-09,14555,inactivo,activo,inactivo,inactivo
2011-09,14557,activo,latente,latente,activo
2011-09,14560,activo,activo,latente,activo
2011-09,14561,activo,latente,latente,activo
2011-09,14562,activo,activo,latente,activo
2011-09,14565,activo,latente,latente,activo
2011-09,14566,latente,inactivo,inactivo,latente
2011-09,14567,latente,activo,inactivo,latente
2011-09,14570,inactivo,inactivo,inactivo,inactivo
2011-09,14572,latente,activo,inactivo,latente
2011-09,14573,inactivo,inactivo,inactivo,inactivo
2011-09,14576,inactivo,inactivo,inactivo,inactivo
2011-09,14577,inactivo,inactivo,inactivo,inactivo
2011-09,14583,inactivo,inactivo,inactivo,inactivo
2011-09,14584,inactivo,inactivo,inactivo,inactivo
2011-09,14586,inactivo,inactivo,inactivo,inactivo
2011-09,14587,inactivo,inactivo,inactivo,inactivo
2011-09,14589,inactivo,inactivo,inactivo,inactivo
2011-09,14591,inactivo,inactivo,inactivo,inactivo
2011-09,14593,inactivo,inactivo,inactivo,inactivo
2011-09,14594,inactivo,inactivo,inactivo,inactivo
2011-09,14595,activo,activo,latente,activo
2011-09,14597,inactivo,inactivo,inactivo,inactivo
2011-09,14600,inactivo,inactivo,inactivo,inactivo
2011-09,14603,inactivo,inactivo,inactivo,inactivo
2011-09,14606,activo,activo,latente,activo
2011-09,14607,inactivo,activo,inactivo,inactivo
2011-09,14608,activo,latente,latente,activo
2011-09,14609,activo,latente,latente,activo
2011-09,14616,inactivo,inactivo,inactivo,inactivo
2011-09,14618,inactivo,inactivo,inactivo,inactivo
2011-09,14619,inactivo,inactivo,inactivo,inactivo
2011-09,14620,inactivo,inactivo,inactivo,inactivo
2011-09,14621,inactivo,inactivo,inactivo,inactivo
2011-09,14622,inactivo,inactivo,inactivo,inactivo
2011-09,14623,latente,activo,inactivo,latente
2011-09,14625,inactivo,inactivo,inactivo,inactivo
2011-09,14626,latente,activo,inactivo,latente
2011-09,14628,activo,latente,latente,activo
2011-09,14631,inactivo,activo,inactivo,inactivo
2011-09,14632,inactivo,inactivo,inactivo,inactivo
2011-09,14633,inactivo,inactivo,inactivo,inactivo
2011-09,14636,inactivo,inactivo,inactivo,inactivo
2011-09,14639,latente,activo,inactivo,latente
2011-09,14640,latente,activo,inactivo,latente
2011-09,14643,inactivo,inactivo,inactivo,inactivo
2011-09,14644,inactivo,activo,inactivo,inactivo
2011-09,14645,inactivo,inactivo,inactivo,inactivo
2011-09,14646,activo,activo,latente,activo
2011-09,14647,inactivo,inactivo,inactivo,inactivo
2011-09,14649,activo,latente,latente,activo
2011-09,14651,inactivo,activo,inactivo,inactivo
2011-09,14652,activo,latente,latente,activo
2011-09,14653,inactivo,activo,inactivo,inactivo
2011-09,14655,activo,latente,latente,activo
2011-09,14656,inactivo,inactivo,inactivo,inactivo
2011-09,14657,inactivo,inactivo,inactivo,inactivo
2011-09,14658,latente,inactivo,inactivo,latente
2011-09,14659,activo,latente,latente,activo
2011-09,14660,activo,latente,latente,activo
2011-09,14662,inactivo,inactivo,inactivo,inactivo
2011-09,14665,activo,activo,latente,activo
2011-09,14667,activo,latente,latente,activo
2011-09,14669,inactivo,inactivo,inactivo,inactivo
2011-09,14670,inactivo,inactivo,inactivo,inactivo
2011-09,14672,inactivo,inactivo,inactivo,inactivo
2011-09,14673,inactivo,inactivo,inactivo,inactivo
2011-09,14676,activo,latente,latente,activo
2011-09,14680,activo,latente,latente,activo
2011-09,14681,activo,latente,latente,activo
2011-09,14682,inactivo,inactivo,inactivo,inactivo
2011-09,14684,activo,activo,latente,activo
2011-09,14687,latente,inactivo,inactivo,latente
2011-09,14688,activo,activo,latente,activo
2011-09,14689,inactivo,inactivo,inactivo,inactivo
2011-09,14690,inactivo,activo,inactivo,inactivo
2011-09,14691,activo,latente,latente,activo
2011-09,14692,inactivo,inactivo,inactivo,inactivo
2011-09,14693,inactivo,inactivo,inactivo,inactivo
2011-09,14696,activo,latente,latente,activo
2011-09,14697,inactivo,inactivo,inactivo,inactivo
2011-09,14699,inactivo,inactivo,inactivo,inactivo
2011-09,14700,inactivo,inactivo,inactivo,inactivo
2011-09,14701,inactivo,inactivo,inactivo,inactivo
2011-09,14702,activo,activo,latente,activo
2011-09,14704,activo,activo,latente,activo
2011-09,14705,inactivo,inactivo,inactivo,inactivo
2011-09,14708,inactivo,inactivo,inactivo,inactivo
2011-09,14709,activo,latente,latente,activo
2011-09,14711,activo,latente,latente,activo
2011-09,14712,activo,latente,latente,activo
2011-09,14713,activo,latente,latente,activo
2011-09,14715,activo,latente,latente,activo
2011-09,14716,inactivo,activo,inactivo,inactivo
2011-09,14719,inactivo,activo,inactivo,inactivo
2011-09,14720,activo,latente,latente,activo
2011-09,14722,inactivo,inactivo,inactivo,inactivo
2011-09,14723,inactivo,activo,inactivo,inactivo
2011-09,14727,inactivo,inactivo,inactivo,inactivo
2011-09,14729,inactivo,inactivo,inactivo,inactivo
2011-09,14730,latente,activo,inactivo,latente
2011-09,14731,inactivo,activo,inactivo,inactivo
2011-09,14732,activo,latente,latente,activo
2011-09,14733,latente,inactivo,inactivo,latente
2011-09,14735,activo,latente,latente,activo
2011-09,14737,latente,inactivo,inactivo,latente
2011-09,14738,inactivo,activo,inactivo,inactivo
2011-09,14739,activo,activo,latente,activo
2011-09,14740,inactivo,inactivo,inactivo,inactivo
2011-09,14741,latente,activo,inactivo,latente
2011-09,14744,inactivo,activo,inactivo,inactivo
2011-09,14745,latente,inactivo,inactivo,latente
2011-09,14747,inactivo,inactivo,inactivo,inactivo
2011-09,14748,latente,inactivo,inactivo,latente
2011-09,14753,activo,latente,latente,activo
2011-09,14754,inactivo,activo,inactivo,inactivo
2011-09,14755,activo,activo,latente,activo
2011-09,14757,activo,latente,latente,activo
2011-09,14758,inactivo,inactivo,inactivo,inactivo
2011-09,14759,latente,inactivo,inactivo,latente
2011-09,14760,inactivo,inactivo,inactivo,inactivo
2011-09,14761,inactivo,activo,inactivo,inactivo
2011-09,14762,inactivo,inactivo,inactivo,inactivo
2011-09,14765,latente,inactivo,inactivo,latente
2011-09,14766,activo,latente,latente,activo
2011-09,14768,latente,inactivo,inactivo,latente
2011-09,14769,activo,latente,latente,activo
2011-09,14770,inactivo,inactivo,inactivo,inactivo
2011-09,14772,latente,inactivo,inactivo,latente
2011-09,14775,inactivo,activo,inactivo,inactivo
2011-09,14776,latente,activo,inactivo,latente
2011-09,14778,latente,inactivo,inactivo,latente
2011-09,14779,inactivo,inactivo,inactivo,inactivo
2011-09,14780,activo,activo,latente,activo
2011-09,14782,inactivo,inactivo,inactivo,inactivo
2011-09,14784,inactivo,inactivo,inactivo,inactivo
2011-09,14790,latente,inactivo,inactivo,latente
2011-09,14794,inactivo,inactivo,inactivo,inactivo
2011-09,14795,inactivo,inactivo,inactivo,inactivo
2011-09,14796,activo,activo,latente,activo
2011-09,14798,inactivo,activo,inactivo,inactivo
2011-09,14800,activo,activo,latente,activo
2011-09,14803,inactivo,inactivo,inactivo,inactivo
2011-09,14805,inactivo,activo,inactivo,inactivo
2011-09,14806,activo,latente,latente,activo
2011-09,14808,activo,activo,latente,activo
2011-09,14810,latente,activo,inactivo,latente
2011-09,14813,inactivo,inactivo,inactivo,inactivo
2011-09,14816,inactivo,inactivo,inactivo,inactivo
2011-09,14817,inactivo,inactivo,inactivo,inactivo
2011-09,14818,activo,latente,latente,activo
2011-09,14819,inactivo,activo,inactivo,inactivo
2011-09,14820,activo,latente,latente,activo
2011-09,14821,inactivo,inactivo,inactivo,inactivo
2011-09,14823,inactivo,inactivo,inactivo,inactivo
2011-09,14824,activo,latente,latente,activo
2011-09,14825,activo,activo,latente,activo
2011-09,14828,inactivo,inactivo,inactivo,inactivo
2011-09,14829,inactivo,inactivo,inactivo,inactivo
2011-09,14834,activo,activo,latente,activo
2011-09,14837,activo,latente,latente,activo
2011-09,14840,inactivo,inactivo,inactivo,inactivo
2011-09,14841,inactivo,activo,inactivo,inactivo
2011-09,14842,activo,activo,latente,activo
2011-09,14844,latente,activo,inactivo,latente
2011-09,14847,inactivo,inactivo,inactivo,inactivo
2011-09,14849,activo,activo,latente,activo
2011-09,14850,inactivo,inactivo,inactivo,inactivo
2011-09,14851,inactivo,inactivo,inactivo,inactivo
2011-09,14852,activo,activo,latente,activo
2011-09,14853,inactivo,inactivo,inactivo,inactivo
2011-09,14854,activo,latente,latente,activo
2011-09,14855,latente,inactivo,inactivo,latente
2011-09,14857,inactivo,activo,inactivo,inactivo
2011-09,14859,activo,latente,latente,activo
2011-09,14862,inactivo,inactivo,inactivo,inactivo
2011-09,14865,inactivo,inactivo,inactivo,inactivo
2011-09,14866,activo,activo,latente,activo
2011-09,14867,inactivo,inactivo,inactivo,inactivo
2011-09,14868,activo,latente,latente,activo
2011-09,14869,latente,inactivo,inactivo,latente
2011-09,14870,inactivo,inactivo,inactivo,inactivo
2011-09,14871,inactivo,inactivo,inactivo,inactivo
2011-09,14873,inactivo,inactivo,inactivo,inactivo
2011-09,14875,latente,inactivo,inactivo,latente
2011-09,14878,activo,latente,latente,activo
2011-09,14880,activo,latente,latente,activo
2011-09,14883,activo,activo,latente,activo
2011-09,14885,inactivo,inactivo,inactivo,inactivo
2011-09,14886,inactivo,inactivo,inactivo,inactivo
2011-09,14887,activo,latente,latente,activo
2011-09,14888,inactivo,inactivo,inactivo,inactivo
2011-09,14889,inactivo,inactivo,inactivo,inactivo
2011-09,14890,inactivo,inactivo,inactivo,inactivo
2011-09,14891,inactivo,inactivo,inactivo,inactivo
2011-09,14894,activo,latente,latente,activo
2011-09,14895,activo,activo,latente,activo
2011-09,14896,inactivo,inactivo,inactivo,inactivo
2011-09,14897,activo,activo,latente,activo
2011-09,14898,inactivo,inactivo,inactivo,inactivo
2011-09,14901,activo,latente,latente,activo
2011-09,14903,latente,inactivo,inactivo,latente
2011-09,14905,inactivo,inactivo,inactivo,inactivo
2011-09,14907,activo,latente,latente,activo
2011-09,14908,activo,latente,latente,activo
2011-09,14911,activo,activo,latente,activo
2011-09,14912,inactivo,inactivo,inactivo,inactivo
2011-09,14913,inactivo,inactivo,inactivo,inactivo
2011-09,14915,activo,latente,latente,activo
2011-09,14916,activo,latente,latente,activo
2011-09,14918,latente,inactivo,inactivo,latente
2011-09,14920,inactivo,inactivo,inactivo,inactivo
2011-09,14921,inactivo,inactivo,inactivo,inactivo
2011-09,14924,inactivo,inactivo,inactivo,inactivo
2011-09,14930,latente,inactivo,inactivo,latente
2011-09,14931,activo,latente,latente,activo
2011-09,14932,inactivo,inactivo,inactivo,inactivo
2011-09,14934,activo,latente,latente,activo
2011-09,14935,inactivo,inactivo,inactivo,inactivo
2011-09,14936,latente,activo,inactivo,latente
2011-09,14937,latente,activo,inactivo,latente
2011-09,14944,activo,latente,latente,activo
2011-09,14947,activo,latente,latente,activo
2011-09,14948,activo,latente,latente,activo
2011-09,14951,activo,latente,latente,activo
2011-09,14952,activo,activo,latente,activo
2011-09,14957,inactivo,inactivo,inactivo,inactivo
2011-09,14958,inactivo,inactivo,inactivo,inactivo
2011-09,14959,latente,activo,inactivo,latente
2011-09,14960,inactivo,inactivo,inactivo,inactivo
2011-09,14961,activo,latente,latente,activo
2011-09,14962,inactivo,inactivo,inactivo,inactivo
2011-09,14963,inactivo,activo,inactivo,inactivo
2011-09,14964,inactivo,inactivo,inactivo,inactivo
2011-09,14965,activo,latente,latente,activo
2011-09,14970,inactivo,activo,inactivo,inactivo
2011-09,14972,latente,inactivo,inactivo,latente
2011-09,14973,latente,inactivo,inactivo,latente
2011-09,14976,latente,activo,inactivo,latente
2011-09,14978,activo,latente,latente,activo
2011-09,14981,inactivo,inactivo,inactivo,inactivo
2011-09,14984,inactivo,inactivo,inactivo,inactivo
2011-09,14985,inactivo,inactivo,inactivo,inactivo
2011-09,14987,inactivo,inactivo,inactivo,inactivo
2011-09,14988,inactivo,inactivo,inactivo,inactivo
2011-09,14995,inactivo,inactivo,inactivo,inactivo
2011-09,14997,activo,activo,latente,activo
2011-09,14998,inactivo,inactivo,inactivo,inactivo
2011-09,15002,latente,inactivo,inactivo,latente
2011-09,15004,inactivo,inactivo,inactivo,inactivo
2011-09,15005,activo,activo,latente,activo
2011-09,15007,inactivo,inactivo,inactivo,inactivo
2011-09,15012,inactivo,activo,inactivo,inactivo
2011-09,15014,inactivo,activo,inactivo,inactivo
2011-09,15016,inactivo,inactivo,inactivo,inactivo
2011-09,15018,inactivo,inactivo,inactivo,inactivo
2011-09,15019,inactivo,inactivo,inactivo,inactivo
2011-09,15021,activo,latente,latente,activo
2011-09,15023,latente,activo,inactivo,latente
2011-09,15024,latente,activo,inactivo,latente
2011-09,15026,activo,latente,latente,activo
2011-09,15027,inactivo,inactivo,inactivo,inactivo
2011-09,15028,inactivo,activo,inactivo,inactivo
2011-09,15030,activo,latente,latente,activo
2011-09,15031,latente,inactivo,inactivo,latente
2011-09,15032,inactivo,inactivo,inactivo,inactivo
2011-09,15033,latente,activo,inactivo,latente
2011-09,15034,activo,latente,latente,activo
2011-09,15035,activo,latente,latente,activo
2011-09,15036,activo,latente,latente,activo
2011-09,15038,inactivo,activo,inactivo,inactivo
2011-09,15039,activo,activo,latente,activo
2011-09,15041,inactivo,inactivo,inactivo,inactivo
2011-09,15042,inactivo,inactivo,inactivo,inactivo
2011-09,15044,activo,activo,latente,activo
2011-09,15045,inactivo,inactivo,inactivo,inactivo
2011-09,15046,activo,activo,latente,activo
2011-09,15047,inactivo,inactivo,inactivo,inactivo
2011-09,15048,latente,activo,inactivo,latente
2011-09,15049,inactivo,inactivo,inactivo,inactivo
2011-09,15050,activo,latente,latente,activo
2011-09,15051,inactivo,activo,inactivo,inactivo
2011-09,15052,inactivo,inactivo,inactivo,inactivo
2011-09,15053,inactivo,inactivo,inactivo,inactivo
2011-09,15057,inactivo,inactivo,inactivo,inactivo
2011-09,15058,activo,activo,latente,activo
2011-09,15059,latente,activo,inactivo,latente
2011-09,15061,activo,activo,latente,activo
2011-09,15062,activo,latente,latente,activo
2011-09,15063,inactivo,inactivo,inactivo,inactivo
2011-09,15065,inactivo,inactivo,inactivo,inactivo
2011-09,15067,activo,latente,latente,activo
2011-09,15068,inactivo,activo,inactivo,inactivo
2011-09,15069,inactivo,inactivo,inactivo,inactivo
2011-09,15070,inactivo,inactivo,inactivo,inactivo
2011-09,15071,activo,latente,latente,activo
2011-09,15073,inactivo,inactivo,inactivo,inactivo
2011-09,15074,latente,inactivo,inactivo,latente
2011-09,15075,activo,latente,latente,activo
2011-09,15076,inactivo,inactivo,inactivo,inactivo
2011-09,15078,activo,activo,latente,activo
2011-09,15079,inactivo,inactivo,inactivo,inactivo
2011-09,15081,activo,activo,latente,activo
2011-09,15083,inactivo,inactivo,inactivo,inactivo
2011-09,15087,inactivo,inactivo,inactivo,inactivo
2011-09,15089,activo,activo,latente,activo
2011-09,15090,inactivo,inactivo,inactivo,inactivo
2011-09,15092,inactivo,inactivo,inactivo,inactivo
2011-09,15093,latente,inactivo,inactivo,latente
2011-09,15095,latente,inactivo,inactivo,latente
2011-09,15098,inactivo,inactivo,inactivo,inactivo
2011-09,15099,activo,latente,latente,activo
2011-09,15100,inactivo,inactivo,inactivo,inactivo
2011-09,15101,inactivo,inactivo,inactivo,inactivo
2011-09,15103,activo,latente,latente,activo
2011-09,15104,inactivo,inactivo,inactivo,inactivo
2011-09,15105,activo,activo,latente,activo
2011-09,15106,inactivo,activo,inactivo,inactivo
2011-09,15107,inactivo,inactivo,inactivo,inactivo
2011-09,15108,inactivo,inactivo,inactivo,inactivo
2011-09,15109,inactivo,inactivo,inactivo,inactivo
2011-09,15110,latente,activo,inactivo,latente
2011-09,15111,inactivo,activo,inactivo,inactivo
2011-09,15114,activo,latente,latente,activo
2011-09,15116,inactivo,activo,inactivo,inactivo
2011-09,15117,latente,activo,inactivo,latente
2011-09,15118,inactivo,inactivo,inactivo,inactivo
2011-09,15119,inactivo,inactivo,inactivo,inactivo
2011-09,15120,inactivo,inactivo,inactivo,inactivo
2011-09,15121,inactivo,activo,inactivo,inactivo
2011-09,15122,latente,inactivo,inactivo,latente
2011-09,15123,inactivo,inactivo,inactivo,inactivo
2011-09,15124,inactivo,inactivo,inactivo,inactivo
2011-09,15125,latente,activo,inactivo,latente
2011-09,15128,latente,activo,inactivo,latente
2011-09,15129,latente,activo,inactivo,latente
2011-09,15130,inactivo,inactivo,inactivo,inactivo
2011-09,15132,latente,activo,inactivo,latente
2011-09,15133,latente,inactivo,inactivo,latente
2011-09,15134,activo,activo,latente,activo
2011-09,15135,inactivo,inactivo,inactivo,inactivo
2011-09,15136,activo,latente,latente,activo
2011-09,15139,inactivo,inactivo,inactivo,inactivo
2011-09,15140,activo,activo,latente,activo
2011-09,15143,inactivo,inactivo,inactivo,inactivo
2011-09,15144,activo,activo,latente,activo
2011-09,15145,inactivo,activo,inactivo,inactivo
2011-09,15146,inactivo,inactivo,inactivo,inactivo
2011-09,15147,inactivo,inactivo,inactivo,inactivo
2011-09,15149,inactivo,inactivo,inactivo,inactivo
2011-09,15150,activo,latente,latente,activo
2011-09,15152,activo,activo,latente,activo
2011-09,15154,activo,latente,latente,activo
2011-09,15157,inactivo,inactivo,inactivo,inactivo
2011-09,15159,activo,activo,latente,activo
2011-09,15160,inactivo,inactivo,inactivo,inactivo
2011-09,15163,inactivo,inactivo,inactivo,inactivo
2011-09,15164,inactivo,activo,inactivo,inactivo
2011-09,15165,inactivo,inactivo,inactivo,inactivo
2011-09,15167,inactivo,inactivo,inactivo,inactivo
2011-09,15171,inactivo,inactivo,inactivo,inactivo
2011-09,15172,activo,latente,latente,activo
2011-09,15174,inactivo,inactivo,inactivo,inactivo
2011-09,15175,activo,latente,latente,activo
2011-09,15178,inactivo,inactivo,inactivo,inactivo
2011-09,15179,inactivo,activo,inactivo,inactivo
2011-09,15180,inactivo,inactivo,inactivo,inactivo
2011-09,15181,inactivo,activo,inactivo,inactivo
2011-09,15182,inactivo,inactivo,inactivo,inactivo
2011-09,15184,inactivo,inactivo,inactivo,inactivo
2011-09,15185,activo,latente,latente,activo
2011-09,15186,inactivo,inactivo,inactivo,inactivo
2011-09,15187,activo,activo,latente,activo
2011-09,15189,activo,activo,latente,activo
2011-09,15192,latente,inactivo,inactivo,latente
2011-09,15194,activo,latente,latente,activo
2011-09,15197,inactivo,inactivo,inactivo,inactivo
2011-09,15198,activo,latente,latente,activo
2011-09,15199,activo,activo,latente,activo
2011-09,15201,activo,latente,latente,activo
2011-09,15203,activo,latente,latente,activo
2011-09,15204,inactivo,inactivo,inactivo,inactivo
2011-09,15205,activo,latente,latente,activo
2011-09,15206,activo,latente,latente,activo
2011-09,15208,inactivo,activo,inactivo,inactivo
2011-09,15210,inactivo,inactivo,inactivo,inactivo
2011-09,15211,inactivo,activo,inactivo,inactivo
2011-09,15212,inactivo,inactivo,inactivo,inactivo
2011-09,15213,inactivo,inactivo,inactivo,inactivo
2011-09,15214,activo,activo,latente,activo
2011-09,15215,activo,activo,latente,activo
2011-09,15216,activo,latente,latente,activo
2011-09,15218,activo,activo,latente,activo
2011-09,15219,inactivo,inactivo,inactivo,inactivo
2011-09,15220,latente,activo,inactivo,latente
2011-09,15221,inactivo,inactivo,inactivo,inactivo
2011-09,15222,inactivo,inactivo,inactivo,inactivo
2011-09,15223,inactivo,inactivo,inactivo,inactivo
2011-09,15224,inactivo,inactivo,inactivo,inactivo
2011-09,15225,inactivo,inactivo,inactivo,inactivo
2011-09,15226,inactivo,inactivo,inactivo,inactivo
2011-09,15227,inactivo,inactivo,inactivo,inactivo
2011-09,15228,latente,activo,inactivo,latente
2011-09,15230,inactivo,inactivo,inactivo,inactivo
2011-09,15232,latente,inactivo,inactivo,latente
2011-09,15234,inactivo,inactivo,inactivo,inactivo
2011-09,15235,inactivo,inactivo,inactivo,inactivo
2011-09,15236,inactivo,inactivo,inactivo,inactivo
2011-09,15237,activo,latente,latente,activo
2011-09,15238,activo,latente,latente,activo
2011-09,15239,activo,latente,latente,activo
2011-09,15240,activo,activo,latente,activo
2011-09,15241,activo,activo,latente,activo
2011-09,15243,activo,latente,latente,activo
2011-09,15244,inactivo,activo,inactivo,inactivo
2011-09,15245,inactivo,inactivo,inactivo,inactivo
2011-09,15246,inactivo,inactivo,inactivo,inactivo
2011-09,15247,latente,inactivo,inactivo,latente
2011-09,15249,activo,activo,latente,activo
2011-09,15251,activo,activo,latente,activo
2011-09,15252,inactivo,inactivo,inactivo,inactivo
2011-09,15253,activo,latente,latente,activo
2011-09,15254,latente,inactivo,inactivo,latente
2011-09,15256,inactivo,inactivo,inactivo,inactivo
2011-09,15257,inactivo,inactivo,inactivo,inactivo
2011-09,15258,inactivo,inactivo,inactivo,inactivo
2011-09,15260,latente,inactivo,inactivo,latente
2011-09,15261,inactivo,inactivo,inactivo,inactivo
2011-09,15262,inactivo,inactivo,inactivo,inactivo
2011-09,15263,latente,inactivo,inactivo,latente
2011-09,15265,inactivo,inactivo,inactivo,inactivo
2011-09,15266,inactivo,inactivo,inactivo,inactivo
2011-09,15267,inactivo,activo,inactivo,inactivo
2011-09,15270,latente,inactivo,inactivo,latente
2011-09,15271,activo,activo,latente,activo
2011-09,15272,activo,activo,latente,activo
2011-09,15279,inactivo,inactivo,inactivo,inactivo
2011-09,15280,inactivo,inactivo,inactivo,inactivo
2011-09,15281,inactivo,activo,inactivo,inactivo
2011-09,15287,activo,latente,latente,activo
2011-09,15288,inactivo,activo,inactivo,inactivo
2011-09,15289,inactivo,inactivo,inactivo,inactivo
2011-09,15290,activo,activo,latente,activo
2011-09,15291,activo,latente,latente,activo
2011-09,15292,inactivo,inactivo,inactivo,inactivo
2011-09,15296,latente,activo,inactivo,latente
2011-09,15298,activo,activo,latente,activo
2011-09,15299,inactivo,activo,inactivo,inactivo
2011-09,15301,activo,activo,latente,activo
2011-09,15303,inactivo,inactivo,inactivo,inactivo
2011-09,15304,activo,activo,latente,activo
2011-09,15306,activo,activo,latente,activo
2011-09,15307,activo,latente,latente,activo
2011-09,15308,inactivo,inactivo,inactivo,inactivo
2011-09,15311,activo,activo,latente,activo
2011-09,15312,activo,latente,latente,activo
2011-09,15313,latente,inactivo,inactivo,latente
2011-09,15314,inactivo,inactivo,inactivo,inactivo
2011-09,15315,latente,activo,inactivo,latente
2011-09,15316,inactivo,inactivo,inactivo,inactivo
2011-09,15319,inactivo,inactivo,inactivo,inactivo
2011-09,15321,activo,latente,latente,activo
2011-09,15322,activo,latente,latente,activo
2011-09,15325,latente,inactivo,inactivo,latente
2011-09,15326,inactivo,inactivo,inactivo,inactivo
2011-09,15329,inactivo,activo,inactivo,inactivo
2011-09,15332,inactivo,inactivo,inactivo,inactivo
2011-09,15333,inactivo,inactivo,inactivo,inactivo
2011-09,15334,inactivo,inactivo,inactivo,inactivo
2011-09,15339,inactivo,activo,inactivo,inactivo
2011-09,15341,activo,latente,latente,activo
2011-09,15342,latente,inactivo,inactivo,latente
2011-09,15343,activo,latente,latente,activo
2011-09,15344,activo,latente,latente,activo
2011-09,15346,inactivo,inactivo,inactivo,inactivo
2011-09,15347,inactivo,inactivo,inactivo,inactivo
2011-09,15348,activo,latente,latente,activo
2011-09,15349,inactivo,inactivo,inactivo,inactivo
2011-09,15350,inactivo,inactivo,inactivo,inactivo
2011-09,15351,activo,activo,latente,activo
2011-09,15353,inactivo,inactivo,inactivo,inactivo
2011-09,15356,activo,latente,latente,activo
2011-09,15358,activo,activo,latente,activo
2011-09,15361,inactivo,inactivo,inactivo,inactivo
2011-09,15363,inactivo,inactivo,inactivo,inactivo
2011-09,15364,activo,latente,latente,activo
2011-09,15365,activo,latente,latente,activo
2011-09,15366,activo,latente,latente,activo
2011-09,15367,inactivo,activo,inactivo,inactivo
2011-09,15370,activo,activo,latente,activo
2011-09,15372,inactivo,inactivo,inactivo,inactivo
2011-09,15373,latente,inactivo,inactivo,latente
2011-09,15374,latente,inactivo,inactivo,latente
2011-09,15376,latente,activo,inactivo,latente
2011-09,15379,inactivo,inactivo,inactivo,inactivo
2011-09,15380,activo,activo,latente,activo
2011-09,15381,inactivo,inactivo,inactivo,inactivo
2011-09,15382,activo,latente,latente,activo
2011-09,15384,inactivo,inactivo,inactivo,inactivo
2011-09,15386,inactivo,inactivo,inactivo,inactivo
2011-09,15388,inactivo,inactivo,inactivo,inactivo
2011-09,15389,inactivo,inactivo,inactivo,inactivo
2011-09,15392,activo,latente,latente,activo
2011-09,15393,inactivo,inactivo,inactivo,inactivo
2011-09,15394,activo,latente,latente,activo
2011-09,15395,inactivo,inactivo,inactivo,inactivo
2011-09,15396,latente,inactivo,inactivo,latente
2011-09,15397,inactivo,inactivo,inactivo,inactivo
2011-09,15398,activo,latente,latente,activo
2011-09,15399,activo,latente,latente,activo
2011-09,15400,activo,latente,latente,activo
2011-09,15402,inactivo,inactivo,inactivo,inactivo
2011-09,15405,inactivo,inactivo,inactivo,inactivo
2011-09,15406,inactivo,inactivo,inactivo,inactivo
2011-09,15407,inactivo,inactivo,inactivo,inactivo
2011-09,15408,inactivo,inactivo,inactivo,inactivo
2011-09,15410,activo,latente,latente,activo
2011-09,15411,activo,latente,latente,activo
2011-09,15412,inactivo,inactivo,inactivo,inactivo
2011-09,15414,inactivo,inactivo,inactivo,inactivo
2011-09,15415,inactivo,inactivo,inactivo,inactivo
2011-09,15416,inactivo,activo,inactivo,inactivo
2011-09,15417,activo,latente,latente,activo
2011-09,15421,inactivo,activo,inactivo,inactivo
2011-09,15422,inactivo,inactivo,inactivo,inactivo
2011-09,15424,inactivo,inactivo,inactivo,inactivo
2011-09,15426,inactivo,inactivo,inactivo,inactivo
2011-09,15429,activo,latente,latente,activo
2011-09,15433,inactivo,inactivo,inactivo,inactivo
2011-09,15434,latente,inactivo,inactivo,latente
2011-09,15436,inactivo,activo,inactivo,inactivo
2011-09,15437,inactivo,inactivo,inactivo,inactivo
2011-09,15438,inactivo,inactivo,inactivo,inactivo
2011-09,15440,inactivo,activo,inactivo,inactivo
2011-09,15442,inactivo,inactivo,inactivo,inactivo
2011-09,15443,activo,activo,latente,activo
2011-09,15445,inactivo,inactivo,inactivo,inactivo
2011-09,15447,inactivo,inactivo,inactivo,inactivo
2011-09,15448,inactivo,inactivo,inactivo,inactivo
2011-09,15449,inactivo,inactivo,inactivo,inactivo
2011-09,15452,activo,latente,latente,activo
2011-09,15453,activo,activo,latente,activo
2011-09,15454,inactivo,inactivo,inactivo,inactivo
2011-09,15456,inactivo,inactivo,inactivo,inactivo
2011-09,15457,inactivo,inactivo,inactivo,inactivo
2011-09,15460,inactivo,inactivo,inactivo,inactivo
2011-09,15462,activo,latente,latente,activo
2011-09,15464,inactivo,inactivo,inactivo,inactivo
2011-09,15465,activo,activo,latente,activo
2011-09,15466,activo,latente,latente,activo
2011-09,15467,inactivo,inactivo,inactivo,inactivo
2011-09,15469,latente,activo,inactivo,latente
2011-09,15472,latente,inactivo,inactivo,latente
2011-09,15475,activo,latente,latente,activo
2011-09,15480,latente,inactivo,inactivo,latente
2011-09,15482,inactivo,activo,inactivo,inactivo
2011-09,15483,inactivo,inactivo,inactivo,inactivo
2011-09,15484,activo,activo,latente,activo
2011-09,15485,inactivo,inactivo,inactivo,inactivo
2011-09,15488,activo,latente,latente,activo
2011-09,15489,inactivo,activo,inactivo,inactivo
2011-09,15491,activo,latente,latente,activo
2011-09,15492,activo,latente,latente,activo
2011-09,15493,inactivo,inactivo,inactivo,inactivo
2011-09,15494,latente,inactivo,inactivo,latente
2011-09,15497,inactivo,inactivo,inactivo,inactivo
2011-09,15498,activo,activo,latente,activo
2011-09,15500,activo,latente,latente,activo
2011-09,15502,activo,activo,latente,activo
2011-09,15503,inactivo,inactivo,inactivo,inactivo
2011-09,15504,activo,latente,latente,activo
2011-09,15505,activo,activo,latente,activo
2011-09,15506,inactivo,activo,inactivo,inactivo
2011-09,15507,inactivo,inactivo,inactivo,inactivo
2011-09,15508,inactivo,inactivo,inactivo,inactivo
2011-09,15510,inactivo,inactivo,inactivo,inactivo
2011-09,15511,activo,activo,latente,activo
2011-09,15512,inactivo,inactivo,inactivo,inactivo
2011-09,15513,activo,activo,latente,activo
2011-09,15514,inactivo,inactivo,inactivo,inactivo
2011-09,15517,inactivo,inactivo,inactivo,inactivo
2011-09,15518,latente,activo,inactivo,latente
2011-09,15521,activo,activo,latente,activo
2011-09,15522,activo,latente,latente,activo
2011-09,15523,activo,latente,latente,activo
2011-09,15525,inactivo,inactivo,inactivo,inactivo
2011-09,15527,activo,latente,latente,activo
2011-09,15528,inactivo,inactivo,inactivo,inactivo
2011-09,15529,activo,activo,latente,activo
2011-09,15530,inactivo,inactivo,inactivo,inactivo
2011-09,15532,inactivo,inactivo,inactivo,inactivo
2011-09,15533,activo,latente,latente,activo
2011-09,15535,inactivo,inactivo,inactivo,inactivo
2011-09,15537,inactivo,inactivo,inactivo,inactivo
2011-09,15541,latente,inactivo,inactivo,latente
2011-09,15543,inactivo,inactivo,inactivo,inactivo
2011-09,15544,latente,inactivo,inactivo,latente
2011-09,15545,inactivo,activo,inactivo,inactivo
2011-09,15547,activo,activo,latente,activo
2011-09,15549,activo,latente,latente,activo
2011-09,15550,latente,inactivo,inactivo,latente
2011-09,15552,inactivo,inactivo,inactivo,inactivo
2011-09,15554,inactivo,inactivo,inactivo,inactivo
2011-09,15555,activo,activo,latente,activo
2011-09,15561,inactivo,inactivo,inactivo,inactivo
2011-09,15562,inactivo,inactivo,inactivo,inactivo
2011-09,15563,inactivo,inactivo,inactivo,inactivo
2011-09,15565,activo,activo,latente,activo
2011-09,15568,activo,activo,latente,activo
2011-09,15569,latente,inactivo,inactivo,latente
2011-09,15570,inactivo,inactivo,inactivo,inactivo
2011-09,15571,activo,latente,latente,activo
2011-09,15572,latente,inactivo,inactivo,latente
2011-09,15573,activo,latente,latente,activo
2011-09,15574,inactivo,inactivo,inactivo,inactivo
2011-09,15577,inactivo,inactivo,inactivo,inactivo
2011-09,15578,inactivo,inactivo,inactivo,inactivo
2011-09,15579,inactivo,activo,inactivo,inactivo
2011-09,15581,latente,inactivo,inactivo,latente
2011-09,15582,latente,inactivo,inactivo,latente
2011-09,15584,activo,activo,latente,activo
2011-09,15585,inactivo,inactivo,inactivo,inactivo
2011-09,15587,activo,activo,latente,activo
2011-09,15589,inactivo,inactivo,inactivo,inactivo
2011-09,15593,activo,latente,latente,activo
2011-09,15594,activo,latente,latente,activo
2011-09,15596,latente,inactivo,inactivo,latente
2011-09,15599,inactivo,inactivo,inactivo,inactivo
2011-09,15601,activo,activo,latente,activo
2011-09,15602,activo,latente,latente,activo
2011-09,15603,activo,latente,latente,activo
2011-09,15605,activo,latente,latente,activo
2011-09,15606,latente,activo,inactivo,latente
2011-09,15607,inactivo,inactivo,inactivo,inactivo
2011-09,15608,latente,activo,inactivo,latente
2011-09,15609,inactivo,inactivo,inactivo,inactivo
2011-09,15611,activo,activo,latente,activo
2011-09,15615,latente,activo,inactivo,latente
2011-09,15618,activo,latente,latente,activo
2011-09,15620,inactivo,activo,inactivo,inactivo
2011-09,15622,activo,activo,latente,activo
2011-09,15623,inactivo,inactivo,inactivo,inactivo
2011-09,15624,latente,inactivo,inactivo,latente
2011-09,15625,latente,inactivo,inactivo,latente
2011-09,15626,activo,latente,latente,activo
2011-09,15628,activo,activo,latente,activo
2011-09,15630,inactivo,activo,inactivo,inactivo
2011-09,15632,latente,activo,inactivo,latente
2011-09,15636,activo,latente,latente,activo
2011-09,15639,inactivo,inactivo,inactivo,inactivo
2011-09,15640,activo,latente,latente,activo
2011-09,15641,latente,inactivo,inactivo,latente
2011-09,15643,inactivo,inactivo,inactivo,inactivo
2011-09,15644,inactivo,inactivo,inactivo,inactivo
2011-09,15646,inactivo,inactivo,inactivo,inactivo
2011-09,15648,inactivo,inactivo,inactivo,inactivo
2011-09,15649,inactivo,inactivo,inactivo,inactivo
2011-09,15651,inactivo,inactivo,inactivo,inactivo
2011-09,15652,activo,latente,latente,activo
2011-09,15653,activo,latente,latente,activo
2011-09,15655,inactivo,inactivo,inactivo,inactivo
2011-09,15656,inactivo,activo,inactivo,inactivo
2011-09,15658,inactivo,inactivo,inactivo,inactivo
2011-09,15660,activo,latente,latente,activo
2011-09,15661,inactivo,inactivo,inactivo,inactivo
2011-09,15663,latente,inactivo,inactivo,latente
2011-09,15665,inactivo,inactivo,inactivo,inactivo
2011-09,15668,inactivo,inactivo,inactivo,inactivo
2011-09,15669,latente,activo,inactivo,latente
2011-09,15670,inactivo,inactivo,inactivo,inactivo
2011-09,15671,activo,latente,latente,activo
2011-09,15673,activo,latente,latente,activo
2011-09,15674,activo,latente,latente,activo
2011-09,15675,activo,latente,latente,activo
2011-09,15676,inactivo,inactivo,inactivo,inactivo
2011-09,15679,inactivo,inactivo,inactivo,inactivo
2011-09,15680,inactivo,activo,inactivo,inactivo
2011-09,15681,inactivo,inactivo,inactivo,inactivo
2011-09,15683,latente,inactivo,inactivo,latente
2011-09,15687,inactivo,activo,inactivo,inactivo
2011-09,15689,latente,inactivo,inactivo,latente
2011-09,15690,latente,inactivo,inactivo,latente
2011-09,15691,inactivo,inactivo,inactivo,inactivo
2011-09,15694,inactivo,activo,inactivo,inactivo
2011-09,15695,inactivo,inactivo,inactivo,inactivo
2011-09,15696,activo,latente,latente,activo
2011-09,15700,inactivo,inactivo,inactivo,inactivo
2011-09,15701,activo,activo,latente,activo
2011-09,15703,inactivo,inactivo,inactivo,inactivo
2011-09,15704,inactivo,inactivo,inactivo,inactivo
2011-09,15705,inactivo,inactivo,inactivo,inactivo
2011-09,15706,activo,activo,latente,activo
2011-09,15707,activo,activo,latente,activo
2011-09,15708,inactivo,activo,inactivo,inactivo
2011-09,15709,inactivo,inactivo,inactivo,inactivo
2011-09,15712,activo,latente,latente,activo
2011-09,15713,inactivo,inactivo,inactivo,inactivo
2011-09,15714,activo,latente,latente,activo
2011-09,15716,inactivo,inactivo,inactivo,inactivo
2011-09,15717,inactivo,inactivo,inactivo,inactivo
2011-09,15719,activo,activo,latente,activo
2011-09,15722,latente,inactivo,inactivo,latente
2011-09,15723,inactivo,inactivo,inactivo,inactivo
2011-09,15724,inactivo,inactivo,inactivo,inactivo
2011-09,15727,latente,inactivo,inactivo,latente
2011-09,15729,inactivo,inactivo,inactivo,inactivo
2011-09,15730,activo,activo,latente,activo
2011-09,15732,inactivo,inactivo,inactivo,inactivo
2011-09,15733,inactivo,inactivo,inactivo,inactivo
2011-09,15734,latente,inactivo,inactivo,latente
2011-09,15737,activo,latente,latente,activo
2011-09,15738,activo,activo,latente,activo
2011-09,15743,latente,inactivo,inactivo,latente
2011-09,15744,activo,latente,latente,activo
2011-09,15745,activo,latente,latente,activo
2011-09,15746,inactivo,inactivo,inactivo,inactivo
2011-09,15747,latente,inactivo,inactivo,latente
2011-09,15749,inactivo,inactivo,inactivo,inactivo
2011-09,15750,activo,latente,latente,activo
2011-09,15752,activo,activo,latente,activo
2011-09,15753,inactivo,inactivo,inactivo,inactivo
2011-09,15754,activo,activo,latente,activo
2011-09,15755,activo,latente,latente,activo
2011-09,15756,inactivo,activo,inactivo,inactivo
2011-09,15757,inactivo,activo,inactivo,inactivo
2011-09,15759,inactivo,inactivo,inactivo,inactivo
2011-09,15762,activo,activo,latente,activo
2011-09,15763,activo,latente,latente,activo
2011-09,15764,activo,latente,latente,activo
2011-09,15768,latente,inactivo,inactivo,latente
2011-09,15769,activo,activo,latente,activo
2011-09,15775,inactivo,inactivo,inactivo,inactivo
2011-09,15776,inactivo,inactivo,inactivo,inactivo
2011-09,15777,inactivo,inactivo,inactivo,inactivo
2011-09,15780,inactivo,inactivo,inactivo,inactivo
2011-09,15781,inactivo,inactivo,inactivo,inactivo
2011-09,15782,activo,activo,latente,activo
2011-09,15785,inactivo,inactivo,inactivo,inactivo
2011-09,15786,latente,activo,inactivo,latente
2011-09,15789,inactivo,inactivo,inactivo,inactivo
2011-09,15791,inactivo,activo,inactivo,inactivo
2011-09,15793,inactivo,activo,inactivo,inactivo
2011-09,15795,inactivo,inactivo,inactivo,inactivo
2011-09,15796,activo,latente,latente,activo
2011-09,15797,latente,inactivo,inactivo,latente
2011-09,15799,activo,latente,latente,activo
2011-09,15800,latente,inactivo,inactivo,latente
2011-09,15801,latente,activo,inactivo,latente
2011-09,15802,inactivo,inactivo,inactivo,inactivo
2011-09,15804,activo,activo,latente,activo
2011-09,15805,latente,activo,inactivo,latente
2011-09,15806,inactivo,activo,inactivo,inactivo
2011-09,15807,activo,activo,latente,activo
2011-09,15808,inactivo,inactivo,inactivo,inactivo
2011-09,15809,inactivo,inactivo,inactivo,inactivo
2011-09,15810,activo,latente,latente,activo
2011-09,15811,latente,inactivo,inactivo,latente
2011-09,15812,latente,inactivo,inactivo,latente
2011-09,15813,inactivo,inactivo,inactivo,inactivo
2011-09,15815,inactivo,activo,inactivo,inactivo
2011-09,15819,inactivo,activo,inactivo,inactivo
2011-09,15820,inactivo,inactivo,inactivo,inactivo
2011-09,15822,inactivo,inactivo,inactivo,inactivo
2011-09,15823,inactivo,inactivo,inactivo,inactivo
2011-09,15825,inactivo,inactivo,inactivo,inactivo
2011-09,15826,inactivo,activo,inactivo,inactivo
2011-09,15827,activo,latente,latente,activo
2011-09,15829,activo,latente,latente,activo
2011-09,15831,latente,activo,inactivo,latente
2011-09,15832,inactivo,inactivo,inactivo,inactivo
2011-09,15834,activo,latente,latente,activo
2011-09,15835,inactivo,activo,inactivo,inactivo
2011-09,15838,activo,activo,latente,activo
2011-09,15839,activo,latente,latente,activo
2011-09,15840,inactivo,activo,inactivo,inactivo
2011-09,15841,activo,latente,latente,activo
2011-09,15843,inactivo,inactivo,inactivo,inactivo
2011-09,15845,activo,latente,latente,activo
2011-09,15847,inactivo,inactivo,inactivo,inactivo
2011-09,15850,inactivo,inactivo,inactivo,inactivo
2011-09,15852,inactivo,inactivo,inactivo,inactivo
2011-09,15854,activo,latente,latente,activo
2011-09,15855,inactivo,inactivo,inactivo,inactivo
2011-09,15856,activo,activo,latente,activo
2011-09,15858,activo,activo,latente,activo
2011-09,15860,activo,activo,latente,activo
2011-09,15861,inactivo,activo,inactivo,inactivo
2011-09,15862,latente,inactivo,inactivo,latente
2011-09,15863,inactivo,inactivo,inactivo,inactivo
2011-09,15864,activo,activo,latente,activo
2011-09,15865,activo,activo,latente,activo
2011-09,15866,latente,inactivo,inactivo,latente
2011-09,15867,activo,latente,latente,activo
2011-09,15869,inactivo,inactivo,inactivo,inactivo
2011-09,15874,inactivo,activo,inactivo,inactivo
2011-09,15880,inactivo,inactivo,inactivo,inactivo
2011-09,15881,inactivo,inactivo,inactivo,inactivo
2011-09,15882,inactivo,inactivo,inactivo,inactivo
2011-09,15885,activo,latente,latente,activo
2011-09,15888,activo,latente,latente,activo
2011-09,15889,inactivo,inactivo,inactivo,inactivo
2011-09,15891,inactivo,inactivo,inactivo,inactivo
2011-09,15894,inactivo,inactivo,inactivo,inactivo
2011-09,15895,inactivo,inactivo,inactivo,inactivo
2011-09,15897,inactivo,inactivo,inactivo,inactivo
2011-09,15898,inactivo,inactivo,inactivo,inactivo
2011-09,15899,inactivo,inactivo,inactivo,inactivo
2011-09,15901,activo,latente,latente,activo
2011-09,15903,activo,latente,latente,activo
2011-09,15906,inactivo,activo,inactivo,inactivo
2011-09,15907,inactivo,inactivo,inactivo,inactivo
2011-09,15909,inactivo,inactivo,inactivo,inactivo
2011-09,15910,activo,activo,latente,activo
2011-09,15912,inactivo,inactivo,inactivo,inactivo
2011-09,15916,activo,latente,latente,activo
2011-09,15917,inactivo,inactivo,inactivo,inactivo
2011-09,15918,inactivo,inactivo,inactivo,inactivo
2011-09,15919,inactivo,inactivo,inactivo,inactivo
2011-09,15920,inactivo,inactivo,inactivo,inactivo
2011-09,15921,inactivo,inactivo,inactivo,inactivo
2011-09,15922,inactivo,inactivo,inactivo,inactivo
2011-09,15923,inactivo,inactivo,inactivo,inactivo
2011-09,15925,inactivo,inactivo,inactivo,inactivo
2011-09,15932,activo,latente,latente,activo
2011-09,15933,activo,latente,latente,activo
2011-09,15935,inactivo,inactivo,inactivo,inactivo
2011-09,15938,latente,inactivo,inactivo,latente
2011-09,15939,activo,latente,latente,activo
2011-09,15940,inactivo,inactivo,inactivo,inactivo
2011-09,15942,inactivo,inactivo,inactivo,inactivo
2011-09,15944,inactivo,inactivo,inactivo,inactivo
2011-09,15945,inactivo,inactivo,inactivo,inactivo
2011-09,15947,activo,latente,latente,activo
2011-09,15949,activo,latente,latente,activo
2011-09,15950,activo,latente,latente,activo
2011-09,15951,inactivo,inactivo,inactivo,inactivo
2011-09,15952,inactivo,activo,inactivo,inactivo
2011-09,15953,inactivo,activo,inactivo,inactivo
2011-09,15955,activo,activo,latente,activo
2011-09,15958,activo,latente,latente,activo
2011-09,15965,inactivo,inactivo,inactivo,inactivo
2011-09,15967,inactivo,inactivo,inactivo,inactivo
2011-09,15969,inactivo,activo,inactivo,inactivo
2011-09,15970,inactivo,inactivo,inactivo,inactivo
2011-09,15971,activo,activo,latente,activo
2011-09,15973,inactivo,inactivo,inactivo,inactivo
2011-09,15974,activo,activo,latente,activo
2011-09,15975,activo,latente,latente,activo
2011-09,15976,inactivo,inactivo,inactivo,inactivo
2011-09,15978,activo,latente,latente,activo
2011-09,15980,activo,latente,latente,activo
2011-09,15981,activo,latente,latente,activo
2011-09,15983,inactivo,inactivo,inactivo,inactivo
2011-09,15984,activo,latente,latente,activo
2011-09,15985,latente,inactivo,inactivo,latente
2011-09,15987,latente,inactivo,inactivo,latente
2011-09,15990,inactivo,activo,inactivo,inactivo
2011-09,15996,activo,latente,latente,activo
2011-09,15998,activo,latente,latente,activo
2011-09,16003,inactivo,inactivo,inactivo,inactivo
2011-09,16005,inactivo,inactivo,inactivo,inactivo
2011-09,16006,inactivo,inactivo,inactivo,inactivo
2011-09,16007,inactivo,activo,inactivo,inactivo
2011-09,16008,activo,latente,latente,activo
2011-09,16009,inactivo,activo,inactivo,inactivo
2011-09,16010,inactivo,inactivo,inactivo,inactivo
2011-09,16011,activo,activo,latente,activo
2011-09,16012,latente,inactivo,inactivo,latente
2011-09,16013,activo,activo,latente,activo
2011-09,16014,inactivo,inactivo,inactivo,inactivo
2011-09,16016,activo,latente,latente,activo
2011-09,16018,inactivo,activo,inactivo,inactivo
2011-09,16019,inactivo,activo,inactivo,inactivo
2011-09,16022,inactivo,inactivo,inactivo,inactivo
2011-09,16023,inactivo,activo,inactivo,inactivo
2011-09,16027,activo,latente,latente,activo
2011-09,16029,activo,activo,latente,activo
2011-09,16030,inactivo,inactivo,inactivo,inactivo
2011-09,16031,activo,latente,latente,activo
2011-09,16033,activo,activo,latente,activo
2011-09,16034,inactivo,inactivo,inactivo,inactivo
2011-09,16036,activo,latente,latente,activo
2011-09,16037,inactivo,inactivo,inactivo,inactivo
2011-09,16038,inactivo,inactivo,inactivo,inactivo
2011-09,16040,inactivo,activo,inactivo,inactivo
2011-09,16041,inactivo,inactivo,inactivo,inactivo
2011-09,16042,latente,activo,inactivo,latente
2011-09,16043,inactivo,inactivo,inactivo,inactivo
2011-09,16045,latente,inactivo,inactivo,latente
2011-09,16048,inactivo,inactivo,inactivo,inactivo
2011-09,16049,activo,activo,latente,activo
2011-09,16050,inactivo,inactivo,inactivo,inactivo
2011-09,16053,latente,inactivo,inactivo,latente
2011-09,16054,inactivo,inactivo,inactivo,inactivo
2011-09,16055,inactivo,inactivo,inactivo,inactivo
2011-09,16057,activo,latente,latente,activo
2011-09,16059,activo,activo,latente,activo
2011-09,16062,inactivo,inactivo,inactivo,inactivo
2011-09,16063,inactivo,inactivo,inactivo,inactivo
2011-09,16065,inactivo,inactivo,inactivo,inactivo
2011-09,16066,latente,activo,inactivo,latente
2011-09,16072,inactivo,inactivo,inactivo,inactivo
2011-09,16073,inactivo,inactivo,inactivo,inactivo
2011-09,16076,activo,activo,latente,activo
2011-09,16078,inactivo,inactivo,inactivo,inactivo
2011-09,16080,activo,latente,latente,activo
2011-09,16081,activo,activo,latente,activo
2011-09,16083,latente,inactivo,inactivo,latente
2011-09,16084,inactivo,inactivo,inactivo,inactivo
2011-09,16085,activo,activo,latente,activo
2011-09,16086,activo,activo,latente,activo
2011-09,16091,inactivo,inactivo,inactivo,inactivo
2011-09,16092,latente,inactivo,inactivo,latente
2011-09,16093,latente,inactivo,inactivo,latente
2011-09,16094,inactivo,inactivo,inactivo,inactivo
2011-09,16096,inactivo,inactivo,inactivo,inactivo
2011-09,16097,inactivo,inactivo,inactivo,inactivo
2011-09,16098,activo,latente,latente,activo
2011-09,16099,inactivo,activo,inactivo,inactivo
2011-09,16101,activo,latente,latente,activo
2011-09,16102,activo,activo,latente,activo
2011-09,16103,activo,latente,latente,activo
2011-09,16105,inactivo,inactivo,inactivo,inactivo
2011-09,16107,activo,activo,latente,activo
2011-09,16108,activo,latente,latente,activo
2011-09,16109,inactivo,inactivo,inactivo,inactivo
2011-09,16110,inactivo,activo,inactivo,inactivo
2011-09,16112,inactivo,inactivo,inactivo,inactivo
2011-09,16113,inactivo,inactivo,inactivo,inactivo
2011-09,16114,inactivo,inactivo,inactivo,inactivo
2011-09,16115,activo,activo,latente,activo
2011-09,16116,inactivo,inactivo,inactivo,inactivo
2011-09,16117,inactivo,inactivo,inactivo,inactivo
2011-09,16119,activo,latente,latente,activo
2011-09,16121,inactivo,activo,inactivo,inactivo
2011-09,16122,activo,latente,latente,activo
2011-09,16124,inactivo,inactivo,inactivo,inactivo
2011-09,16125,inactivo,inactivo,inactivo,inactivo
2011-09,16126,latente,inactivo,inactivo,latente
2011-09,16128,activo,latente,latente,activo
2011-09,16131,latente,activo,inactivo,latente
2011-09,16133,activo,activo,latente,activo
2011-09,16134,inactivo,inactivo,inactivo,inactivo
2011-09,16135,inactivo,inactivo,inactivo,inactivo
2011-09,16136,activo,activo,latente,activo
2011-09,16139,latente,inactivo,inactivo,latente
2011-09,16140,inactivo,activo,inactivo,inactivo
2011-09,16141,activo,latente,latente,activo
2011-09,16142,inactivo,inactivo,inactivo,inactivo
2011-09,16143,latente,inactivo,inactivo,latente
2011-09,16144,inactivo,inactivo,inactivo,inactivo
2011-09,16145,activo,activo,latente,activo
2011-09,16146,inactivo,inactivo,inactivo,inactivo
2011-09,16147,inactivo,inactivo,inactivo,inactivo
2011-09,16148,inactivo,inactivo,inactivo,inactivo
2011-09,16149,inactivo,inactivo,inactivo,inactivo
2011-09,16150,activo,activo,latente,activo
2011-09,16152,inactivo,inactivo,inactivo,inactivo
2011-09,16153,latente,activo,inactivo,latente
2011-09,16156,activo,activo,latente,activo
2011-09,16157,activo,latente,latente,activo
2011-09,16159,inactivo,inactivo,inactivo,inactivo
2011-09,16160,activo,activo,latente,activo
2011-09,16161,activo,activo,latente,activo
2011-09,16162,inactivo,inactivo,inactivo,inactivo
2011-09,16163,inactivo,inactivo,inactivo,inactivo
2011-09,16168,activo,activo,latente,activo
2011-09,16169,activo,activo,latente,activo
2011-09,16170,latente,activo,inactivo,latente
2011-09,16172,activo,latente,latente,activo
2011-09,16173,activo,activo,latente,activo
2011-09,16174,latente,inactivo,inactivo,latente
2011-09,16175,activo,latente,latente,activo
2011-09,16178,inactivo,inactivo,inactivo,inactivo
2011-09,16180,latente,inactivo,inactivo,latente
2011-09,16181,activo,latente,latente,activo
2011-09,16182,activo,latente,latente,activo
2011-09,16184,latente,activo,inactivo,latente
2011-09,16185,inactivo,inactivo,inactivo,inactivo
2011-09,16186,latente,activo,inactivo,latente
2011-09,16187,activo,activo,latente,activo
2011-09,16188,inactivo,activo,inactivo,inactivo
2011-09,16189,activo,latente,latente,activo
2011-09,16191,inactivo,activo,inactivo,inactivo
2011-09,16193,inactivo,inactivo,inactivo,inactivo
2011-09,16198,activo,latente,latente,activo
2011-09,16200,inactivo,inactivo,inactivo,inactivo
2011-09,16201,latente,activo,inactivo,latente
2011-09,16202,inactivo,inactivo,inactivo,inactivo
2011-09,16203,inactivo,activo,inactivo,inactivo
2011-09,16205,inactivo,activo,inactivo,inactivo
2011-09,16206,latente,activo,inactivo,latente
2011-09,16208,inactivo,activo,inactivo,inactivo
2011-09,16209,activo,latente,latente,activo
2011-09,16210,activo,activo,latente,activo
2011-09,16211,activo,latente,latente,activo
2011-09,16212,inactivo,inactivo,inactivo,inactivo
2011-09,16213,activo,latente,latente,activo
2011-09,16214,inactivo,inactivo,inactivo,inactivo
2011-09,16215,activo,latente,latente,activo
2011-09,16216,inactivo,inactivo,inactivo,inactivo
2011-09,16217,inactivo,inactivo,inactivo,inactivo
2011-09,16218,latente,inactivo,inactivo,latente
2011-09,16221,inactivo,inactivo,inactivo,inactivo
2011-09,16222,inactivo,inactivo,inactivo,inactivo
2011-09,16224,inactivo,activo,inactivo,inactivo
2011-09,16225,inactivo,activo,inactivo,inactivo
2011-09,16226,inactivo,inactivo,inactivo,inactivo
2011-09,16227,inactivo,inactivo,inactivo,inactivo
2011-09,16229,activo,latente,latente,activo
2011-09,16230,inactivo,inactivo,inactivo,inactivo
2011-09,16232,inactivo,activo,inactivo,inactivo
2011-09,16233,activo,latente,latente,activo
2011-09,16235,activo,activo,latente,activo
2011-09,16236,activo,latente,latente,activo
2011-09,16239,inactivo,activo,inactivo,inactivo
2011-09,16240,activo,latente,latente,activo
2011-09,16241,activo,activo,latente,activo
2011-09,16242,inactivo,activo,inactivo,inactivo
2011-09,16244,inactivo,inactivo,inactivo,inactivo
2011-09,16245,latente,inactivo,inactivo,latente
2011-09,16247,inactivo,inactivo,inactivo,inactivo
2011-09,16249,latente,activo,inactivo,latente
2011-09,16250,inactivo,inactivo,inactivo,inactivo
2011-09,16253,inactivo,activo,inactivo,inactivo
2011-09,16255,activo,latente,latente,activo
2011-09,16256,inactivo,inactivo,inactivo,inactivo
2011-09,16257,inactivo,inactivo,inactivo,inactivo
2011-09,16258,latente,activo,inactivo,latente
2011-09,16261,activo,latente,latente,activo
2011-09,16265,latente,activo,inactivo,latente
2011-09,16266,activo,latente,latente,activo
2011-09,16268,activo,latente,latente,activo
2011-09,16270,inactivo,inactivo,inactivo,inactivo
2011-09,16271,latente,inactivo,inactivo,latente
2011-09,16272,latente,inactivo,inactivo,latente
2011-09,16274,inactivo,inactivo,inactivo,inactivo
2011-09,16275,inactivo,inactivo,inactivo,inactivo
2011-09,16276,inactivo,inactivo,inactivo,inactivo
2011-09,16278,latente,inactivo,inactivo,latente
2011-09,16279,activo,latente,latente,activo
2011-09,16281,activo,latente,latente,activo
2011-09,16282,inactivo,inactivo,inactivo,inactivo
2011-09,16283,latente,activo,inactivo,latente
2011-09,16287,inactivo,inactivo,inactivo,inactivo
2011-09,16292,latente,inactivo,inactivo,latente
2011-09,16293,activo,activo,latente,activo
2011-09,16297,inactivo,inactivo,inactivo,inactivo
2011-09,16298,inactivo,activo,inactivo,inactivo
2011-09,16302,latente,inactivo,inactivo,latente
2011-09,16303,latente,inactivo,inactivo,latente
2011-09,16305,inactivo,inactivo,inactivo,inactivo
2011-09,16306,inactivo,inactivo,inactivo,inactivo
2011-09,16308,latente,inactivo,inactivo,latente
2011-09,16309,latente,inactivo,inactivo,latente
2011-09,16315,inactivo,inactivo,inactivo,inactivo
2011-09,16316,inactivo,activo,inactivo,inactivo
2011-09,16317,latente,inactivo,inactivo,latente
2011-09,16319,inactivo,inactivo,inactivo,inactivo
2011-09,16320,inactivo,inactivo,inactivo,inactivo
2011-09,16321,activo,latente,latente,activo
2011-09,16323,inactivo,inactivo,inactivo,inactivo
2011-09,16324,latente,inactivo,inactivo,latente
2011-09,16325,inactivo,activo,inactivo,inactivo
2011-09,16326,activo,activo,latente,activo
2011-09,16327,activo,latente,latente,activo
2011-09,16330,latente,inactivo,inactivo,latente
2011-09,16332,activo,activo,latente,activo
2011-09,16333,activo,activo,latente,activo
2011-09,16338,inactivo,inactivo,inactivo,inactivo
2011-09,16339,inactivo,inactivo,inactivo,inactivo
2011-09,16340,latente,inactivo,inactivo,latente
2011-09,16341,activo,latente,latente,activo
2011-09,16342,activo,latente,latente,activo
2011-09,16344,inactivo,inactivo,inactivo,inactivo
2011-09,16348,activo,latente,latente,activo
2011-09,16349,inactivo,inactivo,inactivo,inactivo
2011-09,16350,activo,activo,latente,activo
2011-09,16351,inactivo,inactivo,inactivo,inactivo
2011-09,16353,activo,activo,latente,activo
2011-09,16354,activo,activo,latente,activo
2011-09,16356,inactivo,inactivo,inactivo,inactivo
2011-09,16357,inactivo,inactivo,inactivo,inactivo
2011-09,16358,activo,activo,latente,activo
2011-09,16359,activo,activo,latente,activo
2011-09,16360,activo,activo,latente,activo
2011-09,16361,activo,activo,latente,activo
2011-09,16362,activo,activo,latente,activo
2011-09,16364,inactivo,inactivo,inactivo,inactivo
2011-09,16365,latente,inactivo,inactivo,latente
2011-09,16367,inactivo,inactivo,inactivo,inactivo
2011-09,16369,activo,latente,latente,activo
2011-09,16370,activo,latente,latente,activo
2011-09,16374,inactivo,activo,inactivo,inactivo
2011-09,16377,inactivo,inactivo,inactivo,inactivo
2011-09,16378,inactivo,inactivo,inactivo,inactivo
2011-09,16379,activo,latente,latente,activo
2011-09,16383,activo,latente,latente,activo
2011-09,16384,activo,latente,latente,activo
2011-09,16385,inactivo,activo,inactivo,inactivo
2011-09,16386,inactivo,inactivo,inactivo,inactivo
2011-09,16387,inactivo,inactivo,inactivo,inactivo
2011-09,16389,activo,activo,latente,activo
2011-09,16392,inactivo,inactivo,inactivo,inactivo
2011-09,16393,activo,activo,latente,activo
2011-09,16394,activo,activo,latente,activo
2011-09,16395,activo,activo,latente,activo
2011-09,16398,inactivo,inactivo,inactivo,inactivo
2011-09,16399,inactivo,inactivo,inactivo,inactivo
2011-09,16400,activo,latente,latente,activo
2011-09,16401,activo,activo,latente,activo
2011-09,16402,inactivo,inactivo,inactivo,inactivo
2011-09,16403,inactivo,inactivo,inactivo,inactivo
2011-09,16404,activo,latente,latente,activo
2011-09,16405,inactivo,inactivo,inactivo,inactivo
2011-09,16407,activo,latente,latente,activo
2011-09,16409,activo,latente,latente,activo
2011-09,16411,inactivo,inactivo,inactivo,inactivo
2011-09,16414,inactivo,inactivo,inactivo,inactivo
2011-09,16418,activo,activo,latente,activo
2011-09,16419,latente,inactivo,inactivo,latente
2011-09,16422,activo,activo,latente,activo
2011-09,16424,inactivo,inactivo,inactivo,inactivo
2011-09,16425,inactivo,inactivo,inactivo,inactivo
2011-09,16426,activo,activo,latente,activo
2011-09,16427,inactivo,inactivo,inactivo,inactivo
2011-09,16429,latente,inactivo,inactivo,latente
2011-09,16431,inactivo,inactivo,inactivo,inactivo
2011-09,16434,activo,activo,latente,activo
2011-09,16438,activo,activo,latente,activo
2011-09,16440,inactivo,activo,inactivo,inactivo
2011-09,16441,inactivo,activo,inactivo,inactivo
2011-09,16442,inactivo,inactivo,inactivo,inactivo
2011-09,16444,activo,activo,latente,activo
2011-09,16446,inactivo,inactivo,inactivo,inactivo
2011-09,16447,inactivo,inactivo,inactivo,inactivo
2011-09,16448,inactivo,inactivo,inactivo,inactivo
2011-09,16449,inactivo,inactivo,inactivo,inactivo
2011-09,16450,inactivo,inactivo,inactivo,inactivo
2011-09,16451,activo,latente,latente,activo
2011-09,16455,activo,activo,latente,activo
2011-09,16456,activo,latente,latente,activo
2011-09,16457,inactivo,inactivo,inactivo,inactivo
2011-09,16458,activo,activo,latente,activo
2011-09,16460,activo,latente,latente,activo
2011-09,16461,inactivo,inactivo,inactivo,inactivo
2011-09,16462,activo,latente,latente,activo
2011-09,16463,inactivo,activo,inactivo,inactivo
2011-09,16464,activo,latente,latente,activo
2011-09,16466,latente,activo,inactivo,latente
2011-09,16468,activo,latente,latente,activo
2011-09,16469,activo,latente,latente,activo
2011-09,16470,latente,activo,inactivo,latente
2011-09,16471,inactivo,inactivo,inactivo,inactivo
2011-09,16473,inactivo,inactivo,inactivo,inactivo
2011-09,16474,activo,activo,latente,activo
2011-09,16475,activo,latente,latente,activo
2011-09,16477,inactivo,activo,inactivo,inactivo
2011-09,16480,activo,latente,latente,activo
2011-09,16483,inactivo,inactivo,inactivo,inactivo
2011-09,16484,inactivo,inactivo,inactivo,inactivo
2011-09,16485,activo,latente,latente,activo
2011-09,16488,latente,inactivo,inactivo,latente
2011-09,16493,activo,latente,latente,activo
2011-09,16494,inactivo,inactivo,inactivo,inactivo
2011-09,16495,inactivo,inactivo,inactivo,inactivo
2011-09,16496,inactivo,inactivo,inactivo,inactivo
2011-09,16497,inactivo,activo,inactivo,inactivo
2011-09,16498,inactivo,inactivo,inactivo,inactivo
2011-09,16499,inactivo,inactivo,inactivo,inactivo
2011-09,16500,inactivo,inactivo,inactivo,inactivo
2011-09,16503,latente,inactivo,inactivo,latente
2011-09,16509,inactivo,inactivo,inactivo,inactivo
2011-09,16510,inactivo,inactivo,inactivo,inactivo
2011-09,16511,inactivo,inactivo,inactivo,inactivo
2011-09,16515,activo,activo,latente,activo
2011-09,16517,inactivo,inactivo,inactivo,inactivo
2011-09,16518,inactivo,activo,inactivo,inactivo
2011-09,16519,inactivo,inactivo,inactivo,inactivo
2011-09,16520,inactivo,inactivo,inactivo,inactivo
2011-09,16523,activo,activo,latente,activo
2011-09,16525,activo,latente,latente,activo
2011-09,16526,inactivo,inactivo,inactivo,inactivo
2011-09,16527,activo,latente,latente,activo
2011-09,16529,inactivo,inactivo,inactivo,inactivo
2011-09,16531,activo,latente,latente,activo
2011-09,16532,inactivo,inactivo,inactivo,inactivo
2011-09,16536,latente,inactivo,inactivo,latente
2011-09,16539,inactivo,inactivo,inactivo,inactivo
2011-09,16545,inactivo,inactivo,inactivo,inactivo
2011-09,16546,inactivo,inactivo,inactivo,inactivo
2011-09,16549,activo,activo,latente,activo
2011-09,16550,latente,inactivo,inactivo,latente
2011-09,16551,activo,latente,latente,activo
2011-09,16552,inactivo,inactivo,inactivo,inactivo
2011-09,16553,inactivo,inactivo,inactivo,inactivo
2011-09,16554,inactivo,activo,inactivo,inactivo
2011-09,16555,latente,inactivo,inactivo,latente
2011-09,16556,latente,activo,inactivo,latente
2011-09,16557,inactivo,inactivo,inactivo,inactivo
2011-09,16558,activo,activo,latente,activo
2011-09,16560,inactivo,inactivo,inactivo,inactivo
2011-09,16565,inactivo,inactivo,inactivo,inactivo
2011-09,16566,inactivo,activo,inactivo,inactivo
2011-09,16567,inactivo,inactivo,inactivo,inactivo
2011-09,16570,latente,activo,inactivo,latente
2011-09,16571,inactivo,inactivo,inactivo,inactivo
2011-09,16572,latente,inactivo,inactivo,latente
2011-09,16573,activo,latente,latente,activo
2011-09,16574,activo,latente,latente,activo
2011-09,16581,inactivo,inactivo,inactivo,inactivo
2011-09,16582,latente,inactivo,inactivo,latente
2011-09,16583,inactivo,inactivo,inactivo,inactivo
2011-09,16584,activo,latente,latente,activo
2011-09,16586,inactivo,inactivo,inactivo,inactivo
2011-09,16587,inactivo,inactivo,inactivo,inactivo
2011-09,16589,activo,latente,latente,activo
2011-09,16592,inactivo,activo,inactivo,inactivo
2011-09,16593,inactivo,activo,inactivo,inactivo
2011-09,16594,activo,latente,latente,activo
2011-09,16596,inactivo,inactivo,inactivo,inactivo
2011-09,16598,inactivo,inactivo,inactivo,inactivo
2011-09,16600,activo,latente,latente,activo
2011-09,16603,activo,latente,latente,activo
2011-09,16607,activo,activo,latente,activo
2011-09,16609,activo,latente,latente,activo
2011-09,16610,inactivo,inactivo,inactivo,inactivo
2011-09,16611,inactivo,inactivo,inactivo,inactivo
2011-09,16612,latente,inactivo,inactivo,latente
2011-09,16613,activo,latente,latente,activo
2011-09,16614,inactivo,inactivo,inactivo,inactivo
2011-09,16616,inactivo,inactivo,inactivo,inactivo
2011-09,16617,inactivo,inactivo,inactivo,inactivo
2011-09,16618,inactivo,inactivo,inactivo,inactivo
2011-09,16619,inactivo,inactivo,inactivo,inactivo
2011-09,16620,inactivo,inactivo,inactivo,inactivo
2011-09,16621,inactivo,activo,inactivo,inactivo
2011-09,16623,inactivo,inactivo,inactivo,inactivo
2011-09,16624,activo,latente,latente,activo
2011-09,16625,inactivo,inactivo,inactivo,inactivo
2011-09,16626,activo,activo,latente,activo
2011-09,16627,activo,latente,latente,activo
2011-09,16628,latente,inactivo,inactivo,latente
2011-09,16629,activo,latente,latente,activo
2011-09,16633,activo,activo,latente,activo
2011-09,16634,inactivo,inactivo,inactivo,inactivo
2011-09,16637,latente,activo,inactivo,latente
2011-09,16638,activo,latente,latente,activo
2011-09,16639,inactivo,inactivo,inactivo,inactivo
2011-09,16641,latente,inactivo,inactivo,latente
2011-09,16642,inactivo,inactivo,inactivo,inactivo
2011-09,16643,inactivo,inactivo,inactivo,inactivo
2011-09,16644,inactivo,inactivo,inactivo,inactivo
2011-09,16647,inactivo,inactivo,inactivo,inactivo
2011-09,16650,activo,latente,latente,activo
2011-09,16652,latente,activo,inactivo,latente
2011-09,16653,activo,latente,latente,activo
2011-09,16654,inactivo,inactivo,inactivo,inactivo
2011-09,16655,activo,latente,latente,activo
2011-09,16656,activo,activo,latente,activo
2011-09,16657,inactivo,inactivo,inactivo,inactivo
2011-09,16658,inactivo,inactivo,inactivo,inactivo
2011-09,16659,inactivo,inactivo,inactivo,inactivo
2011-09,16660,inactivo,inactivo,inactivo,inactivo
2011-09,16665,inactivo,inactivo,inactivo,inactivo
2011-09,16667,inactivo,activo,inactivo,inactivo
2011-09,16668,latente,inactivo,inactivo,latente
2011-09,16669,activo,latente,latente,activo
2011-09,16670,latente,activo,inactivo,latente
2011-09,16671,inactivo,inactivo,inactivo,inactivo
2011-09,16672,activo,latente,latente,activo
2011-09,16674,activo,activo,latente,activo
2011-09,16676,inactivo,inactivo,inactivo,inactivo
2011-09,16678,activo,latente,latente,activo
2011-09,16679,inactivo,inactivo,inactivo,inactivo
2011-09,16681,activo,latente,latente,activo
2011-09,16682,activo,activo,latente,activo
2011-09,16684,inactivo,activo,inactivo,inactivo
2011-09,16686,activo,activo,latente,activo
2011-09,16689,activo,latente,latente,activo
2011-09,16690,activo,latente,latente,activo
2011-09,16692,inactivo,inactivo,inactivo,inactivo
2011-09,16693,inactivo,activo,inactivo,inactivo
2011-09,16696,inactivo,inactivo,inactivo,inactivo
2011-09,16697,inactivo,inactivo,inactivo,inactivo
2011-09,16698,inactivo,inactivo,inactivo,inactivo
2011-09,16700,activo,latente,latente,activo
2011-09,16701,latente,activo,inactivo,latente
2011-09,16705,activo,activo,latente,activo
2011-09,16706,activo,latente,latente,activo
2011-09,16709,activo,latente,latente,activo
2011-09,16710,activo,latente,latente,activo
2011-09,16711,inactivo,inactivo,inactivo,inactivo
2011-09,16712,activo,latente,latente,activo
2011-09,16713,activo,activo,latente,activo
2011-09,16714,inactivo,inactivo,inactivo,inactivo
2011-09,16715,activo,latente,latente,activo
2011-09,16716,inactivo,inactivo,inactivo,inactivo
2011-09,16717,activo,latente,latente,activo
2011-09,16718,inactivo,inactivo,inactivo,inactivo
2011-09,16719,activo,latente,latente,activo
2011-09,16721,inactivo,inactivo,inactivo,inactivo
2011-09,16722,activo,activo,latente,activo
2011-09,16723,activo,latente,latente,activo
2011-09,16725,inactivo,inactivo,inactivo,inactivo
2011-09,16726,inactivo,inactivo,inactivo,inactivo
2011-09,16727,inactivo,inactivo,inactivo,inactivo
2011-09,16728,inactivo,activo,inactivo,inactivo
2011-09,16729,activo,activo,latente,activo
2011-09,16730,inactivo,activo,inactivo,inactivo
2011-09,16734,latente,activo,inactivo,latente
2011-09,16735,activo,latente,latente,activo
2011-09,16738,inactivo,inactivo,inactivo,inactivo
2011-09,16739,inactivo,inactivo,inactivo,inactivo
2011-09,16743,latente,inactivo,inactivo,latente
2011-09,16744,activo,activo,latente,activo
2011-09,16745,activo,latente,latente,activo
2011-09,16746,activo,latente,latente,activo
2011-09,16748,inactivo,inactivo,inactivo,inactivo
2011-09,16750,activo,activo,latente,activo
2011-09,16752,inactivo,inactivo,inactivo,inactivo
2011-09,16754,inactivo,inactivo,inactivo,inactivo
2011-09,16755,latente,inactivo,inactivo,latente
2011-09,16756,inactivo,inactivo,inactivo,inactivo
2011-09,16757,inactivo,inactivo,inactivo,inactivo
2011-09,16761,activo,latente,latente,activo
2011-09,16762,inactivo,activo,inactivo,inactivo
2011-09,16763,inactivo,inactivo,inactivo,inactivo
2011-09,16764,activo,activo,latente,activo
2011-09,16765,inactivo,inactivo,inactivo,inactivo
2011-09,16766,inactivo,inactivo,inactivo,inactivo
2011-09,16767,activo,latente,latente,activo
2011-09,16768,latente,activo,inactivo,latente
2011-09,16769,inactivo,inactivo,inactivo,inactivo
2011-09,16770,inactivo,activo,inactivo,inactivo
2011-09,16771,activo,latente,latente,activo
2011-09,16774,latente,activo,inactivo,latente
2011-09,16775,activo,activo,latente,activo
2011-09,16777,activo,latente,latente,activo
2011-09,16778,activo,latente,latente,activo
2011-09,16779,activo,latente,latente,activo
2011-09,16780,latente,inactivo,inactivo,latente
2011-09,16781,inactivo,inactivo,inactivo,inactivo
2011-09,16782,activo,latente,latente,activo
2011-09,16788,latente,inactivo,inactivo,latente
2011-09,16791,latente,activo,inactivo,latente
2011-09,16792,inactivo,inactivo,inactivo,inactivo
2011-09,16794,activo,activo,latente,activo
2011-09,16795,inactivo,inactivo,inactivo,inactivo
2011-09,16796,activo,latente,latente,activo
2011-09,16801,inactivo,inactivo,inactivo,inactivo
2011-09,16804,inactivo,inactivo,inactivo,inactivo
2011-09,16805,inactivo,inactivo,inactivo,inactivo
2011-09,16806,latente,inactivo,inactivo,latente
2011-09,16807,inactivo,inactivo,inactivo,inactivo
2011-09,16808,activo,latente,latente,activo
2011-09,16809,inactivo,activo,inactivo,inactivo
2011-09,16810,inactivo,inactivo,inactivo,inactivo
2011-09,16812,inactivo,inactivo,inactivo,inactivo
2011-09,16813,activo,activo,latente,activo
2011-09,16814,activo,activo,latente,activo
2011-09,16816,latente,inactivo,inactivo,latente
2011-09,16817,inactivo,inactivo,inactivo,inactivo
2011-09,16818,activo,latente,latente,activo
2011-09,16820,activo,latente,latente,activo
2011-09,16823,inactivo,inactivo,inactivo,inactivo
2011-09,16824,inactivo,inactivo,inactivo,inactivo
2011-09,16825,inactivo,inactivo,inactivo,inactivo
2011-09,16828,activo,latente,latente,activo
2011-09,16829,inactivo,inactivo,inactivo,inactivo
2011-09,16832,inactivo,inactivo,inactivo,inactivo
2011-09,16833,inactivo,inactivo,inactivo,inactivo
2011-09,16834,inactivo,inactivo,inactivo,inactivo
2011-09,16835,latente,inactivo,inactivo,latente
2011-09,16836,latente,activo,inactivo,latente
2011-09,16837,inactivo,activo,inactivo,inactivo
2011-09,16838,inactivo,inactivo,inactivo,inactivo
2011-09,16839,activo,activo,latente,activo
2011-09,16841,inactivo,inactivo,inactivo,inactivo
2011-09,16842,latente,inactivo,inactivo,latente
2011-09,16843,activo,activo,latente,activo
2011-09,16849,inactivo,inactivo,inactivo,inactivo
2011-09,16850,inactivo,inactivo,inactivo,inactivo
2011-09,16852,inactivo,inactivo,inactivo,inactivo
2011-09,16858,inactivo,inactivo,inactivo,inactivo
2011-09,16859,inactivo,inactivo,inactivo,inactivo
2011-09,16861,inactivo,activo,inactivo,inactivo
2011-09,16863,inactivo,inactivo,inactivo,inactivo
2011-09,16866,inactivo,inactivo,inactivo,inactivo
2011-09,16869,inactivo,activo,inactivo,inactivo
2011-09,16871,activo,latente,latente,activo
2011-09,16872,activo,latente,latente,activo
2011-09,16873,latente,activo,inactivo,latente
2011-09,16875,inactivo,activo,inactivo,inactivo
2011-09,16877,inactivo,activo,inactivo,inactivo
2011-09,16878,activo,latente,latente,activo
2011-09,16880,activo,latente,latente,activo
2011-09,16882,inactivo,activo,inactivo,inactivo
2011-09,16883,inactivo,inactivo,inactivo,inactivo
2011-09,16885,inactivo,activo,inactivo,inactivo
2011-09,16889,inactivo,inactivo,inactivo,inactivo
2011-09,16891,activo,latente,latente,activo
2011-09,16892,inactivo,inactivo,inactivo,inactivo
2011-09,16893,inactivo,inactivo,inactivo,inactivo
2011-09,16897,inactivo,inactivo,inactivo,inactivo
2011-09,16898,inactivo,inactivo,inactivo,inactivo
2011-09,16899,activo,latente,latente,activo
2011-09,16902,latente,inactivo,inactivo,latente
2011-09,16904,activo,latente,latente,activo
2011-09,16905,inactivo,activo,inactivo,inactivo
2011-09,16906,activo,latente,latente,activo
2011-09,16907,inactivo,inactivo,inactivo,inactivo
2011-09,16909,activo,latente,latente,activo
2011-09,16910,activo,activo,latente,activo
2011-09,16912,inactivo,activo,inactivo,inactivo
2011-09,16913,inactivo,inactivo,inactivo,inactivo
2011-09,16915,latente,activo,inactivo,latente
2011-09,16916,inactivo,inactivo,inactivo,inactivo
2011-09,16917,inactivo,inactivo,inactivo,inactivo
2011-09,16918,activo,activo,latente,activo
2011-09,16919,inactivo,inactivo,inactivo,inactivo
2011-09,16923,activo,activo,latente,activo
2011-09,16924,activo,activo,latente,activo
2011-09,16926,inactivo,inactivo,inactivo,inactivo
2011-09,16927,latente,inactivo,inactivo,latente
2011-09,16928,activo,latente,latente,activo
2011-09,16929,activo,latente,latente,activo
2011-09,16931,activo,activo,latente,activo
2011-09,16933,inactivo,inactivo,inactivo,inactivo
2011-09,16938,inactivo,inactivo,inactivo,inactivo
2011-09,16940,inactivo,activo,inactivo,inactivo
2011-09,16942,inactivo,inactivo,inactivo,inactivo
2011-09,16943,inactivo,inactivo,inactivo,inactivo
2011-09,16945,activo,activo,latente,activo
2011-09,16947,inactivo,inactivo,inactivo,inactivo
2011-09,16948,inactivo,inactivo,inactivo,inactivo
2011-09,16949,inactivo,activo,inactivo,inactivo
2011-09,16950,latente,activo,inactivo,latente
2011-09,16951,inactivo,inactivo,inactivo,inactivo
2011-09,16952,latente,inactivo,inactivo,latente
2011-09,16954,latente,activo,inactivo,latente
2011-09,16955,inactivo,inactivo,inactivo,inactivo
2011-09,16957,inactivo,inactivo,inactivo,inactivo
2011-09,16959,activo,latente,latente,activo
2011-09,16960,inactivo,activo,inactivo,inactivo
2011-09,16961,latente,inactivo,inactivo,latente
2011-09,16963,inactivo,inactivo,inactivo,inactivo
2011-09,16965,inactivo,inactivo,inactivo,inactivo
2011-09,16966,inactivo,activo,inactivo,inactivo
2011-09,16967,inactivo,inactivo,inactivo,inactivo
2011-09,16968,latente,inactivo,inactivo,latente
2011-09,16969,inactivo,activo,inactivo,inactivo
2011-09,16976,inactivo,inactivo,inactivo,inactivo
2011-09,16978,activo,latente,latente,activo
2011-09,16979,inactivo,activo,inactivo,inactivo
2011-09,16980,inactivo,inactivo,inactivo,inactivo
2011-09,16983,activo,latente,latente,activo
2011-09,16984,activo,latente,latente,activo
2011-09,16985,activo,latente,latente,activo
2011-09,16987,inactivo,activo,inactivo,inactivo
2011-09,16989,activo,activo,latente,activo
2011-09,16990,inactivo,inactivo,inactivo,inactivo
2011-09,16992,activo,latente,latente,activo
2011-09,16996,latente,inactivo,inactivo,latente
2011-09,16997,inactivo,inactivo,inactivo,inactivo
2011-09,16998,inactivo,inactivo,inactivo,inactivo
2011-09,16999,activo,latente,latente,activo
2011-09,17001,activo,activo,latente,activo
2011-09,17002,activo,latente,latente,activo
2011-09,17004,activo,activo,latente,activo
2011-09,17006,activo,latente,latente,activo
2011-09,17007,inactivo,activo,inactivo,inactivo
2011-09,17015,activo,latente,latente,activo
2011-09,17017,activo,activo,latente,activo
2011-09,17018,inactivo,activo,inactivo,inactivo
2011-09,17019,inactivo,inactivo,inactivo,inactivo
2011-09,17024,activo,activo,latente,activo
2011-09,17025,inactivo,activo,inactivo,inactivo
2011-09,17026,inactivo,inactivo,inactivo,inactivo
2011-09,17027,activo,latente,latente,activo
2011-09,17029,latente,inactivo,inactivo,latente
2011-09,17031,inactivo,inactivo,inactivo,inactivo
2011-09,17033,activo,latente,latente,activo
2011-09,17034,activo,latente,latente,activo
2011-09,17035,inactivo,inactivo,inactivo,inactivo
2011-09,17037,activo,latente,latente,activo
2011-09,17040,inactivo,inactivo,inactivo,inactivo
2011-09,17041,latente,inactivo,inactivo,latente
2011-09,17042,latente,inactivo,inactivo,latente
2011-09,17043,inactivo,activo,inactivo,inactivo
2011-09,17045,latente,inactivo,inactivo,latente
2011-09,17046,inactivo,inactivo,inactivo,inactivo
2011-09,17047,activo,latente,latente,activo
2011-09,17048,latente,inactivo,inactivo,latente
2011-09,17049,activo,activo,latente,activo
2011-09,17050,activo,latente,latente,activo
2011-09,17051,inactivo,inactivo,inactivo,inactivo
2011-09,17053,latente,inactivo,inactivo,latente
2011-09,17054,inactivo,inactivo,inactivo,inactivo
2011-09,17058,activo,latente,latente,activo
2011-09,17059,latente,inactivo,inactivo,latente
2011-09,17060,inactivo,inactivo,inactivo,inactivo
2011-09,17061,activo,latente,latente,activo
2011-09,17062,inactivo,inactivo,inactivo,inactivo
2011-09,17063,inactivo,activo,inactivo,inactivo
2011-09,17064,inactivo,activo,inactivo,inactivo
2011-09,17068,activo,activo,latente,activo
2011-09,17069,activo,latente,latente,activo
2011-09,17070,latente,inactivo,inactivo,latente
2011-09,17071,activo,activo,latente,activo
2011-09,17073,activo,activo,latente,activo
2011-09,17075,inactivo,inactivo,inactivo,inactivo
2011-09,17076,inactivo,inactivo,inactivo,inactivo
2011-09,17079,activo,latente,latente,activo
2011-09,17080,inactivo,inactivo,inactivo,inactivo
2011-09,17082,inactivo,inactivo,inactivo,inactivo
2011-09,17083,latente,inactivo,inactivo,latente
2011-09,17085,latente,inactivo,inactivo,latente
2011-09,17088,activo,latente,latente,activo
2011-09,17090,activo,activo,latente,activo
2011-09,17091,activo,latente,latente,activo
2011-09,17092,activo,activo,latente,activo
2011-09,17094,inactivo,inactivo,inactivo,inactivo
2011-09,17095,inactivo,inactivo,inactivo,inactivo
2011-09,17096,inactivo,activo,inactivo,inactivo
2011-09,17097,latente,inactivo,inactivo,latente
2011-09,17101,inactivo,activo,inactivo,inactivo
2011-09,17102,inactivo,inactivo,inactivo,inactivo
2011-09,17105,inactivo,inactivo,inactivo,inactivo
2011-09,17107,activo,latente,latente,activo
2011-09,17109,inactivo,activo,inactivo,inactivo
2011-09,17110,inactivo,inactivo,inactivo,inactivo
2011-09,17114,inactivo,inactivo,inactivo,inactivo
2011-09,17115,inactivo,inactivo,inactivo,inactivo
2011-09,17117,inactivo,inactivo,inactivo,inactivo
2011-09,17118,inactivo,inactivo,inactivo,inactivo
2011-09,17120,inactivo,inactivo,inactivo,inactivo
2011-09,17122,latente,inactivo,inactivo,latente
2011-09,17123,inactivo,inactivo,inactivo,inactivo
2011-09,17124,inactivo,inactivo,inactivo,inactivo
2011-09,17126,inactivo,inactivo,inactivo,inactivo
2011-09,17128,inactivo,inactivo,inactivo,inactivo
2011-09,17131,activo,activo,latente,activo
2011-09,17133,activo,latente,latente,activo
2011-09,17134,latente,inactivo,inactivo,latente
2011-09,17135,inactivo,activo,inactivo,inactivo
2011-09,17138,inactivo,inactivo,inactivo,inactivo
2011-09,17139,activo,activo,latente,activo
2011-09,17140,inactivo,inactivo,inactivo,inactivo
2011-09,17142,inactivo,inactivo,inactivo,inactivo
2011-09,17144,activo,latente,latente,activo
2011-09,17146,latente,inactivo,inactivo,latente
2011-09,17147,activo,latente,latente,activo
2011-09,17152,inactivo,inactivo,inactivo,inactivo
2011-09,17154,activo,latente,latente,activo
2011-09,17155,inactivo,inactivo,inactivo,inactivo
2011-09,17157,inactivo,inactivo,inactivo,inactivo
2011-09,17158,inactivo,inactivo,inactivo,inactivo
2011-09,17159,activo,latente,latente,activo
2011-09,17160,latente,inactivo,inactivo,latente
2011-09,17162,inactivo,inactivo,inactivo,inactivo
2011-09,17163,activo,latente,latente,activo
2011-09,17164,activo,latente,latente,activo
2011-09,17165,inactivo,inactivo,inactivo,inactivo
2011-09,17166,inactivo,inactivo,inactivo,inactivo
2011-09,17169,inactivo,activo,inactivo,inactivo
2011-09,17171,inactivo,inactivo,inactivo,inactivo
2011-09,17172,activo,latente,latente,activo
2011-09,17173,latente,activo,inactivo,latente
2011-09,17174,inactivo,inactivo,inactivo,inactivo
2011-09,17175,inactivo,activo,inactivo,inactivo
2011-09,17176,inactivo,inactivo,inactivo,inactivo
2011-09,17179,inactivo,inactivo,inactivo,inactivo
2011-09,17180,inactivo,activo,inactivo,inactivo
2011-09,17181,inactivo,activo,inactivo,inactivo
2011-09,17183,latente,activo,inactivo,latente
2011-09,17187,inactivo,inactivo,inactivo,inactivo
2011-09,17188,inactivo,inactivo,inactivo,inactivo
2011-09,17189,latente,inactivo,inactivo,latente
2011-09,17190,inactivo,activo,inactivo,inactivo
2011-09,17191,activo,latente,latente,activo
2011-09,17193,activo,activo,latente,activo
2011-09,17194,inactivo,inactivo,inactivo,inactivo
2011-09,17198,inactivo,inactivo,inactivo,inactivo
2011-09,17204,inactivo,inactivo,inactivo,inactivo
2011-09,17211,inactivo,activo,inactivo,inactivo
2011-09,17212,inactivo,inactivo,inactivo,inactivo
2011-09,17213,inactivo,activo,inactivo,inactivo
2011-09,17214,activo,activo,latente,activo
2011-09,17217,inactivo,inactivo,inactivo,inactivo
2011-09,17218,activo,latente,latente,activo
2011-09,17220,activo,activo,latente,activo
2011-09,17223,inactivo,inactivo,inactivo,inactivo
2011-09,17226,inactivo,inactivo,inactivo,inactivo
2011-09,17227,activo,activo,latente,activo
2011-09,17228,activo,activo,latente,activo
2011-09,17229,activo,latente,latente,activo
2011-09,17230,inactivo,inactivo,inactivo,inactivo
2011-09,17231,latente,activo,inactivo,latente
2011-09,17234,inactivo,inactivo,inactivo,inactivo
2011-09,17235,inactivo,inactivo,inactivo,inactivo
2011-09,17236,inactivo,inactivo,inactivo,inactivo
2011-09,17238,activo,activo,latente,activo
2011-09,17239,inactivo,inactivo,inactivo,inactivo
2011-09,17242,latente,inactivo,inactivo,latente
2011-09,17243,activo,activo,latente,activo
2011-09,17245,inactivo,inactivo,inactivo,inactivo
2011-09,17248,latente,inactivo,inactivo,latente
2011-09,17250,inactivo,inactivo,inactivo,inactivo
2011-09,17251,inactivo,inactivo,inactivo,inactivo
2011-09,17252,latente,inactivo,inactivo,latente
2011-09,17255,inactivo,activo,inactivo,inactivo
2011-09,17256,latente,inactivo,inactivo,latente
2011-09,17259,inactivo,inactivo,inactivo,inactivo
2011-09,17262,inactivo,activo,inactivo,inactivo
2011-09,17263,inactivo,inactivo,inactivo,inactivo
2011-09,17265,inactivo,inactivo,inactivo,inactivo
2011-09,17266,inactivo,inactivo,inactivo,inactivo
2011-09,17267,latente,inactivo,inactivo,latente
2011-09,17268,latente,inactivo,inactivo,latente
2011-09,17272,inactivo,activo,inactivo,inactivo
2011-09,17277,inactivo,inactivo,inactivo,inactivo
2011-09,17278,inactivo,inactivo,inactivo,inactivo
2011-09,17282,latente,inactivo,inactivo,latente
2011-09,17284,latente,activo,inactivo,latente
2011-09,17287,activo,latente,latente,activo
2011-09,17288,inactivo,inactivo,inactivo,inactivo
2011-09,17289,inactivo,inactivo,inactivo,inactivo
2011-09,17291,inactivo,inactivo,inactivo,inactivo
2011-09,17293,activo,activo,latente,activo
2011-09,17298,latente,inactivo,inactivo,latente
2011-09,17299,activo,latente,latente,activo
2011-09,17302,latente,inactivo,inactivo,latente
2011-09,17303,inactivo,inactivo,inactivo,inactivo
2011-09,17306,activo,latente,latente,activo
2011-09,17309,activo,latente,latente,activo
2011-09,17311,activo,latente,latente,activo
2011-09,17312,inactivo,inactivo,inactivo,inactivo
2011-09,17314,inactivo,activo,inactivo,inactivo
2011-09,17315,activo,activo,latente,activo
2011-09,17317,activo,activo,latente,activo
2011-09,17320,latente,inactivo,inactivo,latente
2011-09,17323,latente,activo,inactivo,latente
2011-09,17324,inactivo,inactivo,inactivo,inactivo
2011-09,17325,inactivo,inactivo,inactivo,inactivo
2011-09,17329,inactivo,inactivo,inactivo,inactivo
2011-09,17331,latente,inactivo,inactivo,latente
2011-09,17333,activo,latente,latente,activo
2011-09,17334,inactivo,inactivo,inactivo,inactivo
2011-09,17337,inactivo,inactivo,inactivo,inactivo
2011-09,17338,latente,inactivo,inactivo,latente
2011-09,17339,activo,latente,latente,activo
2011-09,17340,activo,latente,latente,activo
2011-09,17341,inactivo,inactivo,inactivo,inactivo
2011-09,17343,inactivo,inactivo,inactivo,inactivo
2011-09,17345,activo,latente,latente,activo
2011-09,17346,latente,activo,inactivo,latente
2011-09,17347,activo,latente,latente,activo
2011-09,17348,activo,latente,latente,activo
2011-09,17349,inactivo,inactivo,inactivo,inactivo
2011-09,17351,inactivo,inactivo,inactivo,inactivo
2011-09,17353,latente,inactivo,inactivo,latente
2011-09,17356,inactivo,inactivo,inactivo,inactivo
2011-09,17358,inactivo,inactivo,inactivo,inactivo
2011-09,17360,inactivo,inactivo,inactivo,inactivo
2011-09,17361,inactivo,activo,inactivo,inactivo
2011-09,17362,inactivo,inactivo,inactivo,inactivo
2011-09,17364,inactivo,inactivo,inactivo,inactivo
2011-09,17365,activo,activo,latente,activo
2011-09,17367,inactivo,inactivo,inactivo,inactivo
2011-09,17368,activo,latente,latente,activo
2011-09,17370,activo,latente,latente,activo
2011-09,17371,inactivo,inactivo,inactivo,inactivo
2011-09,17372,inactivo,activo,inactivo,inactivo
2011-09,17373,activo,activo,latente,activo
2011-09,17374,inactivo,inactivo,inactivo,inactivo
2011-09,17375,inactivo,inactivo,inactivo,inactivo
2011-09,17376,activo,latente,latente,activo
2011-09,17377,activo,activo,latente,activo
2011-09,17381,activo,activo,latente,activo
2011-09,17384,inactivo,inactivo,inactivo,inactivo
2011-09,17386,activo,latente,latente,activo
2011-09,17388,activo,latente,latente,activo
2011-09,17389,activo,latente,latente,activo
2011-09,17391,inactivo,inactivo,inactivo,inactivo
2011-09,17392,inactivo,inactivo,inactivo,inactivo
2011-09,17394,inactivo,inactivo,inactivo,inactivo
2011-09,17396,inactivo,activo,inactivo,inactivo
2011-09,17398,latente,inactivo,inactivo,latente
2011-09,17400,latente,inactivo,inactivo,latente
2011-09,17402,activo,activo,latente,activo
2011-09,17404,activo,activo,latente,activo
2011-09,17405,activo,latente,latente,activo
2011-09,17406,inactivo,inactivo,inactivo,inactivo
2011-09,17408,inactivo,inactivo,inactivo,inactivo
2011-09,17409,inactivo,inactivo,inactivo,inactivo
2011-09,17410,activo,activo,latente,activo
2011-09,17411,activo,latente,latente,activo
2011-09,17412,inactivo,activo,inactivo,inactivo
2011-09,17414,inactivo,activo,inactivo,inactivo
2011-09,17415,activo,latente,latente,activo
2011-09,17416,activo,latente,latente,activo
2011-09,17418,inactivo,activo,inactivo,inactivo
2011-09,17419,inactivo,activo,inactivo,inactivo
2011-09,17420,inactivo,activo,inactivo,inactivo
2011-09,17422,activo,latente,latente,activo
2011-09,17423,inactivo,activo,inactivo,inactivo
2011-09,17426,activo,latente,latente,activo
2011-09,17427,activo,latente,latente,activo
2011-09,17428,activo,activo,latente,activo
2011-09,17429,latente,inactivo,inactivo,latente
2011-09,17430,inactivo,inactivo,inactivo,inactivo
2011-09,17431,inactivo,inactivo,inactivo,inactivo
2011-09,17433,activo,latente,latente,activo
2011-09,17434,activo,activo,latente,activo
2011-09,17436,inactivo,inactivo,inactivo,inactivo
2011-09,17438,inactivo,inactivo,inactivo,inactivo
2011-09,17440,inactivo,inactivo,inactivo,inactivo
2011-09,17442,activo,latente,latente,activo
2011-09,17443,inactivo,inactivo,inactivo,inactivo
2011-09,17444,inactivo,inactivo,inactivo,inactivo
2011-09,17446,inactivo,inactivo,inactivo,inactivo
2011-09,17447,activo,activo,latente,activo
2011-09,17449,activo,activo,latente,activo
2011-09,17450,activo,activo,latente,activo
2011-09,17451,activo,activo,latente,activo
2011-09,17454,inactivo,inactivo,inactivo,inactivo
2011-09,17455,inactivo,inactivo,inactivo,inactivo
2011-09,17456,inactivo,inactivo,inactivo,inactivo
2011-09,17457,latente,inactivo,inactivo,latente
2011-09,17460,activo,latente,latente,activo
2011-09,17462,inactivo,activo,inactivo,inactivo
2011-09,17463,inactivo,activo,inactivo,inactivo
2011-09,17464,inactivo,inactivo,inactivo,inactivo
2011-09,17466,activo,latente,latente,activo
2011-09,17469,activo,latente,latente,activo
2011-09,17470,latente,activo,inactivo,latente
2011-09,17472,inactivo,inactivo,inactivo,inactivo
2011-09,17475,activo,latente,latente,activo
2011-09,17480,activo,latente,latente,activo
2011-09,17481,activo,latente,latente,activo
2011-09,17483,inactivo,activo,inactivo,inactivo
2011-09,17486,inactivo,inactivo,inactivo,inactivo
2011-09,17489,inactivo,activo,inactivo,inactivo
2011-09,17490,activo,activo,latente,activo
2011-09,17491,activo,latente,latente,activo
2011-09,17492,inactivo,inactivo,inactivo,inactivo
2011-09,17496,inactivo,inactivo,inactivo,inactivo
2011-09,17498,activo,latente,latente,activo
2011-09,17499,inactivo,inactivo,inactivo,inactivo
2011-09,17501,inactivo,inactivo,inactivo,inactivo
2011-09,17504,inactivo,inactivo,inactivo,inactivo
2011-09,17505,inactivo,inactivo,inactivo,inactivo
2011-09,17506,activo,latente,latente,activo
2011-09,17507,inactivo,inactivo,inactivo,inactivo
2011-09,17508,inactivo,inactivo,inactivo,inactivo
2011-09,17511,activo,activo,latente,activo
2011-09,17512,latente,activo,inactivo,latente
2011-09,17513,activo,latente,latente,activo
2011-09,17514,latente,inactivo,inactivo,latente
2011-09,17515,inactivo,inactivo,inactivo,inactivo
2011-09,17516,latente,inactivo,inactivo,latente
2011-09,17517,inactivo,inactivo,inactivo,inactivo
2011-09,17519,inactivo,inactivo,inactivo,inactivo
2011-09,17521,inactivo,activo,inactivo,inactivo
2011-09,17522,inactivo,inactivo,inactivo,inactivo
2011-09,17524,inactivo,inactivo,inactivo,inactivo
2011-09,17525,inactivo,inactivo,inactivo,inactivo
2011-09,17526,inactivo,inactivo,inactivo,inactivo
2011-09,17527,activo,activo,latente,activo
2011-09,17528,activo,activo,latente,activo
2011-09,17530,activo,activo,latente,activo
2011-09,17531,inactivo,inactivo,inactivo,inactivo
2011-09,17535,inactivo,inactivo,inactivo,inactivo
2011-09,17536,inactivo,inactivo,inactivo,inactivo
2011-09,17537,inactivo,inactivo,inactivo,inactivo
2011-09,17540,inactivo,inactivo,inactivo,inactivo
2011-09,17542,inactivo,inactivo,inactivo,inactivo
2011-09,17548,inactivo,inactivo,inactivo,inactivo
2011-09,17550,inactivo,inactivo,inactivo,inactivo
2011-09,17551,inactivo,inactivo,inactivo,inactivo
2011-09,17552,activo,activo,latente,activo
2011-09,17553,latente,inactivo,inactivo,latente
2011-09,17554,latente,activo,inactivo,latente
2011-09,17555,inactivo,inactivo,inactivo,inactivo
2011-09,17556,inactivo,inactivo,inactivo,inactivo
2011-09,17557,activo,activo,latente,activo
2011-09,17560,activo,latente,latente,activo
2011-09,17562,activo,activo,latente,activo
2011-09,17564,activo,activo,latente,activo
2011-09,17567,activo,activo,latente,activo
2011-09,17569,inactivo,inactivo,inactivo,inactivo
2011-09,17571,inactivo,activo,inactivo,inactivo
2011-09,17572,activo,latente,latente,activo
2011-09,17573,activo,latente,latente,activo
2011-09,17574,inactivo,inactivo,inactivo,inactivo
2011-09,17576,activo,activo,latente,activo
2011-09,17578,inactivo,inactivo,inactivo,inactivo
2011-09,17579,inactivo,inactivo,inactivo,inactivo
2011-09,17580,inactivo,inactivo,inactivo,inactivo
2011-09,17581,activo,latente,latente,activo
2011-09,17582,inactivo,inactivo,inactivo,inactivo
2011-09,17584,latente,inactivo,inactivo,latente
2011-09,17585,latente,inactivo,inactivo,latente
2011-09,17588,latente,inactivo,inactivo,latente
2011-09,17589,inactivo,activo,inactivo,inactivo
2011-09,17591,activo,latente,latente,activo
2011-09,17593,activo,latente,latente,activo
2011-09,17594,activo,latente,latente,activo
2011-09,17596,inactivo,activo,inactivo,inactivo
2011-09,17597,inactivo,inactivo,inactivo,inactivo
2011-09,17601,inactivo,inactivo,inactivo,inactivo
2011-09,17602,activo,activo,latente,activo
2011-09,17603,activo,latente,latente,activo
2011-09,17604,inactivo,inactivo,inactivo,inactivo
2011-09,17609,activo,activo,latente,activo
2011-09,17611,activo,activo,latente,activo
2011-09,17612,activo,activo,latente,activo
2011-09,17613,activo,activo,latente,activo
2011-09,17615,latente,inactivo,inactivo,latente
2011-09,17616,inactivo,inactivo,inactivo,inactivo
2011-09,17618,inactivo,inactivo,inactivo,inactivo
2011-09,17619,inactivo,inactivo,inactivo,inactivo
2011-09,17621,inactivo,inactivo,inactivo,inactivo
2011-09,17624,inactivo,inactivo,inactivo,inactivo
2011-09,17625,inactivo,activo,inactivo,inactivo
2011-09,17628,activo,latente,latente,activo
2011-09,17629,latente,activo,inactivo,latente
2011-09,17630,inactivo,inactivo,inactivo,inactivo
2011-09,17631,inactivo,inactivo,inactivo,inactivo
2011-09,17633,activo,latente,latente,activo
2011-09,17634,activo,activo,latente,activo
2011-09,17637,latente,inactivo,inactivo,latente
2011-09,17639,inactivo,inactivo,inactivo,inactivo
2011-09,17640,activo,latente,latente,activo
2011-09,17642,latente,inactivo,inactivo,latente
2011-09,17643,inactivo,inactivo,inactivo,inactivo
2011-09,17644,activo,latente,latente,activo
2011-09,17646,inactivo,inactivo,inactivo,inactivo
2011-09,17648,inactivo,activo,inactivo,inactivo
2011-09,17649,inactivo,inactivo,inactivo,inactivo
2011-09,17651,activo,activo,latente,activo
2011-09,17652,activo,activo,latente,activo
2011-09,17653,activo,latente,latente,activo
2011-09,17654,inactivo,inactivo,inactivo,inactivo
2011-09,17655,latente,activo,inactivo,latente
2011-09,17656,activo,latente,latente,activo
2011-09,17658,inactivo,inactivo,inactivo,inactivo
2011-09,17659,latente,activo,inactivo,latente
2011-09,17660,inactivo,inactivo,inactivo,inactivo
2011-09,17663,activo,latente,latente,activo
2011-09,17664,inactivo,inactivo,inactivo,inactivo
2011-09,17667,inactivo,activo,inactivo,inactivo
2011-09,17669,activo,activo,latente,activo
2011-09,17670,inactivo,inactivo,inactivo,inactivo
2011-09,17671,inactivo,inactivo,inactivo,inactivo
2011-09,17672,inactivo,activo,inactivo,inactivo
2011-09,17673,inactivo,activo,inactivo,inactivo
2011-09,17674,activo,latente,latente,activo
2011-09,17675,activo,activo,latente,activo
2011-09,17676,latente,activo,inactivo,latente
2011-09,17677,activo,activo,latente,activo
2011-09,17678,inactivo,inactivo,inactivo,inactivo
2011-09,17679,activo,activo,latente,activo
2011-09,17682,latente,inactivo,inactivo,latente
2011-09,17685,activo,latente,latente,activo
2011-09,17686,activo,latente,latente,activo
2011-09,17690,latente,activo,inactivo,latente
2011-09,17691,inactivo,inactivo,inactivo,inactivo
2011-09,17692,latente,inactivo,inactivo,latente
2011-09,17693,inactivo,inactivo,inactivo,inactivo
2011-09,17694,inactivo,inactivo,inactivo,inactivo
2011-09,17695,inactivo,inactivo,inactivo,inactivo
2011-09,17696,latente,inactivo,inactivo,latente
2011-09,17697,inactivo,inactivo,inactivo,inactivo
2011-09,17698,inactivo,inactivo,inactivo,inactivo
2011-09,17700,activo,latente,latente,activo
2011-09,17701,inactivo,inactivo,inactivo,inactivo
2011-09,17702,latente,inactivo,inactivo,latente
2011-09,17703,latente,inactivo,inactivo,latente
2011-09,17704,inactivo,inactivo,inactivo,inactivo
2011-09,17705,activo,latente,latente,activo
2011-09,17706,latente,activo,inactivo,latente
2011-09,17707,inactivo,inactivo,inactivo,inactivo
2011-09,17708,inactivo,inactivo,inactivo,inactivo
2011-09,17709,inactivo,inactivo,inactivo,inactivo
2011-09,17711,inactivo,inactivo,inactivo,inactivo
2011-09,17714,inactivo,inactivo,inactivo,inactivo
2011-09,17715,inactivo,inactivo,inactivo,inactivo
2011-09,17716,activo,latente,latente,activo
2011-09,17718,inactivo,inactivo,inactivo,inactivo
2011-09,17719,activo,latente,latente,activo
2011-09,17720,latente,inactivo,inactivo,latente
2011-09,17722,activo,latente,latente,activo
2011-09,17723,latente,inactivo,inactivo,latente
2011-09,17724,activo,latente,latente,activo
2011-09,17725,activo,activo,latente,activo
2011-09,17728,activo,activo,latente,activo
2011-09,17730,activo,activo,latente,activo
2011-09,17731,activo,latente,latente,activo
2011-09,17732,inactivo,inactivo,inactivo,inactivo
2011-09,17733,inactivo,inactivo,inactivo,inactivo
2011-09,17734,inactivo,activo,inactivo,inactivo
2011-09,17735,activo,activo,latente,activo
2011-09,17736,latente,activo,inactivo,latente
2011-09,17738,inactivo,inactivo,inactivo,inactivo
2011-09,17739,activo,activo,latente,activo
2011-09,17742,latente,inactivo,inactivo,latente
2011-09,17744,inactivo,inactivo,inactivo,inactivo
2011-09,17746,inactivo,inactivo,inactivo,inactivo
2011-09,17747,latente,inactivo,inactivo,latente
2011-09,17749,inactivo,inactivo,inactivo,inactivo
2011-09,17750,activo,activo,latente,activo
2011-09,17752,inactivo,inactivo,inactivo,inactivo
2011-09,17754,inactivo,activo,inactivo,inactivo
2011-09,17757,activo,activo,latente,activo
2011-09,17758,activo,activo,latente,activo
2011-09,17759,inactivo,inactivo,inactivo,inactivo
2011-09,17760,inactivo,inactivo,inactivo,inactivo
2011-09,17763,inactivo,inactivo,inactivo,inactivo
2011-09,17764,inactivo,activo,inactivo,inactivo
2011-09,17765,inactivo,inactivo,inactivo,inactivo
2011-09,17768,inactivo,inactivo,inactivo,inactivo
2011-09,17769,inactivo,activo,inactivo,inactivo
2011-09,17770,inactivo,inactivo,inactivo,inactivo
2011-09,17771,inactivo,activo,inactivo,inactivo
2011-09,17774,activo,latente,latente,activo
2011-09,17775,inactivo,inactivo,inactivo,inactivo
2011-09,17777,latente,activo,inactivo,latente
2011-09,17779,activo,latente,latente,activo
2011-09,17781,inactivo,inactivo,inactivo,inactivo
2011-09,17783,activo,latente,latente,activo
2011-09,17786,activo,latente,latente,activo
2011-09,17787,inactivo,inactivo,inactivo,inactivo
2011-09,17788,activo,latente,latente,activo
2011-09,17789,inactivo,inactivo,inactivo,inactivo
2011-09,17790,latente,activo,inactivo,latente
2011-09,17795,inactivo,inactivo,inactivo,inactivo
2011-09,17796,inactivo,activo,inactivo,inactivo
2011-09,17797,inactivo,inactivo,inactivo,inactivo
2011-09,17799,activo,latente,latente,activo
2011-09,17800,activo,activo,latente,activo
2011-09,17802,activo,latente,latente,activo
2011-09,17805,activo,latente,latente,activo
2011-09,17809,latente,activo,inactivo,latente
2011-09,17811,activo,activo,latente,activo
2011-09,17812,inactivo,inactivo,inactivo,inactivo
2011-09,17813,activo,activo,latente,activo
2011-09,17816,inactivo,activo,inactivo,inactivo
2011-09,17817,inactivo,inactivo,inactivo,inactivo
2011-09,17819,activo,latente,latente,activo
2011-09,17827,inactivo,inactivo,inactivo,inactivo
2011-09,17828,latente,inactivo,inactivo,latente
2011-09,17829,inactivo,inactivo,inactivo,inactivo
2011-09,17830,inactivo,inactivo,inactivo,inactivo
2011-09,17837,activo,activo,latente,activo
2011-09,17838,activo,latente,latente,activo
2011-09,17841,activo,activo,latente,activo
2011-09,17843,inactivo,inactivo,inactivo,inactivo
2011-09,17844,latente,inactivo,inactivo,latente
2011-09,17846,activo,latente,latente,activo
2011-09,17848,activo,latente,latente,activo
2011-09,17849,inactivo,inactivo,inactivo,inactivo
2011-09,17850,inactivo,inactivo,inactivo,inactivo
2011-09,17854,inactivo,inactivo,inactivo,inactivo
2011-09,17855,inactivo,inactivo,inactivo,inactivo
2011-09,17856,inactivo,inactivo,inactivo,inactivo
2011-09,17857,activo,activo,latente,activo
2011-09,17858,activo,activo,latente,activo
2011-09,17859,inactivo,inactivo,inactivo,inactivo
2011-09,17860,inactivo,inactivo,inactivo,inactivo
2011-09,17861,inactivo,inactivo,inactivo,inactivo
2011-09,17862,inactivo,inactivo,inactivo,inactivo
2011-09,17863,activo,activo,latente,activo
2011-09,17864,activo,latente,latente,activo
2011-09,17865,activo,activo,latente,activo
2011-09,17866,inactivo,inactivo,inactivo,inactivo
2011-09,17867,inactivo,inactivo,inactivo,inactivo
2011-09,17869,latente,inactivo,inactivo,latente
2011-09,17870,activo,activo,latente,activo
2011-09,17871,inactivo,inactivo,inactivo,inactivo
2011-09,17873,activo,latente,latente,activo
2011-09,17874,inactivo,inactivo,inactivo,inactivo
2011-09,17877,inactivo,inactivo,inactivo,inactivo
2011-09,17879,inactivo,inactivo,inactivo,inactivo
2011-09,17880,inactivo,inactivo,inactivo,inactivo
2011-09,17881,inactivo,inactivo,inactivo,inactivo
2011-09,17883,activo,latente,latente,activo
2011-09,17884,inactivo,inactivo,inactivo,inactivo
2011-09,17886,inactivo,inactivo,inactivo,inactivo
2011-09,17887,latente,inactivo,inactivo,latente
2011-09,17888,activo,activo,latente,activo
2011-09,17889,inactivo,inactivo,inactivo,inactivo
2011-09,17890,inactivo,inactivo,inactivo,inactivo
2011-09,17891,inactivo,inactivo,inactivo,inactivo
2011-09,17892,inactivo,activo,inactivo,inactivo
2011-09,17893,inactivo,inactivo,inactivo,inactivo
2011-09,17894,activo,latente,latente,activo
2011-09,17897,inactivo,inactivo,inactivo,inactivo
2011-09,17898,activo,latente,latente,activo
2011-09,17899,inactivo,inactivo,inactivo,inactivo
2011-09,17900,inactivo,inactivo,inactivo,inactivo
2011-09,17905,activo,latente,latente,activo
2011-09,17906,inactivo,inactivo,inactivo,inactivo
2011-09,17908,inactivo,inactivo,inactivo,inactivo
2011-09,17912,inactivo,inactivo,inactivo,inactivo
2011-09,17913,inactivo,activo,inactivo,inactivo
2011-09,17917,inactivo,activo,inactivo,inactivo
2011-09,17919,activo,latente,latente,activo
2011-09,17920,activo,activo,latente,activo
2011-09,17921,inactivo,activo,inactivo,inactivo
2011-09,17923,inactivo,inactivo,inactivo,inactivo
2011-09,17924,inactivo,activo,inactivo,inactivo
2011-09,17925,inactivo,inactivo,inactivo,inactivo
2011-09,17926,inactivo,inactivo,inactivo,inactivo
2011-09,17928,inactivo,activo,inactivo,inactivo
2011-09,17929,latente,inactivo,inactivo,latente
2011-09,17930,activo,activo,latente,activo
2011-09,17931,inactivo,inactivo,inactivo,inactivo
2011-09,17932,inactivo,inactivo,inactivo,inactivo
2011-09,17935,inactivo,inactivo,inactivo,inactivo
2011-09,17937,latente,inactivo,inactivo,latente
2011-09,17939,inactivo,inactivo,inactivo,inactivo
2011-09,17940,latente,activo,inactivo,latente
2011-09,17941,latente,inactivo,inactivo,latente
2011-09,17946,inactivo,inactivo,inactivo,inactivo
2011-09,17948,inactivo,inactivo,inactivo,inactivo
2011-09,17949,activo,activo,latente,activo
2011-09,17950,activo,latente,latente,activo
2011-09,17951,inactivo,activo,inactivo,inactivo
2011-09,17954,latente,activo,inactivo,latente
2011-09,17955,inactivo,inactivo,inactivo,inactivo
2011-09,17956,inactivo,inactivo,inactivo,inactivo
2011-09,17958,latente,inactivo,inactivo,latente
2011-09,17960,inactivo,inactivo,inactivo,inactivo
2011-09,17961,activo,latente,latente,activo
2011-09,17962,inactivo,inactivo,inactivo,inactivo
2011-09,17964,inactivo,inactivo,inactivo,inactivo
2011-09,17965,activo,activo,latente,activo
2011-09,17966,inactivo,inactivo,inactivo,inactivo
2011-09,17967,inactivo,inactivo,inactivo,inactivo
2011-09,17968,inactivo,inactivo,inactivo,inactivo
2011-09,17969,inactivo,inactivo,inactivo,inactivo
2011-09,17970,inactivo,inactivo,inactivo,inactivo
2011-09,17972,inactivo,inactivo,inactivo,inactivo
2011-09,17974,inactivo,activo,inactivo,inactivo
2011-09,17975,latente,activo,inactivo,latente
2011-09,17976,inactivo,inactivo,inactivo,inactivo
2011-09,17978,inactivo,inactivo,inactivo,inactivo
2011-09,17979,inactivo,inactivo,inactivo,inactivo
2011-09,17980,inactivo,inactivo,inactivo,inactivo
2011-09,17984,inactivo,inactivo,inactivo,inactivo
2011-09,17987,inactivo,inactivo,inactivo,inactivo
2011-09,17988,latente,inactivo,inactivo,latente
2011-09,17990,inactivo,inactivo,inactivo,inactivo
2011-09,17991,inactivo,inactivo,inactivo,inactivo
2011-09,17994,latente,inactivo,inactivo,latente
2011-09,17995,inactivo,inactivo,inactivo,inactivo
2011-09,17997,activo,latente,latente,activo
2011-09,17999,inactivo,inactivo,inactivo,inactivo
2011-09,18001,activo,latente,latente,activo
2011-09,18004,inactivo,inactivo,inactivo,inactivo
2011-09,18008,activo,latente,latente,activo
2011-09,18009,inactivo,inactivo,inactivo,inactivo
2011-09,18010,inactivo,inactivo,inactivo,inactivo
2011-09,18011,inactivo,inactivo,inactivo,inactivo
2011-09,18013,inactivo,inactivo,inactivo,inactivo
2011-09,18016,activo,latente,latente,activo
2011-09,18017,activo,latente,latente,activo
2011-09,18018,latente,inactivo,inactivo,latente
2011-09,18024,inactivo,inactivo,inactivo,inactivo
2011-09,18027,activo,latente,latente,activo
2011-09,18032,inactivo,inactivo,inactivo,inactivo
2011-09,18036,latente,inactivo,inactivo,latente
2011-09,18037,inactivo,inactivo,inactivo,inactivo
2011-09,18040,inactivo,inactivo,inactivo,inactivo
2011-09,18041,activo,latente,latente,activo
2011-09,18043,inactivo,inactivo,inactivo,inactivo
2011-09,18044,activo,latente,latente,activo
2011-09,18048,inactivo,inactivo,inactivo,inactivo
2011-09,18050,inactivo,inactivo,inactivo,inactivo
2011-09,18053,activo,latente,latente,activo
2011-09,18055,activo,activo,latente,activo
2011-09,18056,inactivo,inactivo,inactivo,inactivo
2011-09,18061,latente,activo,inactivo,latente
2011-09,18062,inactivo,inactivo,inactivo,inactivo
2011-09,18064,inactivo,inactivo,inactivo,inactivo
2011-09,18065,activo,latente,latente,activo
2011-09,18066,activo,latente,latente,activo
2011-09,18068,inactivo,inactivo,inactivo,inactivo
2011-09,18069,activo,latente,latente,activo
2011-09,18071,inactivo,inactivo,inactivo,inactivo
2011-09,18072,inactivo,inactivo,inactivo,inactivo
2011-09,18073,latente,inactivo,inactivo,latente
2011-09,18074,inactivo,inactivo,inactivo,inactivo
2011-09,18075,latente,activo,inactivo,latente
2011-09,18077,latente,activo,inactivo,latente
2011-09,18078,inactivo,inactivo,inactivo,inactivo
2011-09,18079,latente,activo,inactivo,latente
2011-09,18080,inactivo,inactivo,inactivo,inactivo
2011-09,18081,latente,inactivo,inactivo,latente
2011-09,18085,inactivo,inactivo,inactivo,inactivo
2011-09,18086,inactivo,inactivo,inactivo,inactivo
2011-09,18087,activo,latente,latente,activo
2011-09,18092,activo,latente,latente,activo
2011-09,18093,activo,latente,latente,activo
2011-09,18094,activo,latente,latente,activo
2011-09,18095,inactivo,inactivo,inactivo,inactivo
2011-09,18097,latente,inactivo,inactivo,latente
2011-09,18099,latente,inactivo,inactivo,latente
2011-09,18101,inactivo,inactivo,inactivo,inactivo
2011-09,18102,activo,activo,latente,activo
2011-09,18106,inactivo,inactivo,inactivo,inactivo
2011-09,18108,inactivo,inactivo,inactivo,inactivo
2011-09,18109,activo,activo,latente,activo
2011-09,18112,inactivo,inactivo,inactivo,inactivo
2011-09,18113,inactivo,inactivo,inactivo,inactivo
2011-09,18114,inactivo,inactivo,inactivo,inactivo
2011-09,18116,inactivo,activo,inactivo,inactivo
2011-09,18118,activo,activo,latente,activo
2011-09,18119,inactivo,inactivo,inactivo,inactivo
2011-09,18120,inactivo,inactivo,inactivo,inactivo
2011-09,18121,inactivo,inactivo,inactivo,inactivo
2011-09,18122,activo,activo,latente,activo
2011-09,18125,inactivo,inactivo,inactivo,inactivo
2011-09,18127,inactivo,inactivo,inactivo,inactivo
2011-09,18129,inactivo,inactivo,inactivo,inactivo
2011-09,18133,inactivo,inactivo,inactivo,inactivo
2011-09,18135,activo,latente,latente,activo
2011-09,18136,inactivo,activo,inactivo,inactivo
2011-09,18138,inactivo,inactivo,inactivo,inactivo
2011-09,18142,inactivo,inactivo,inactivo,inactivo
2011-09,18143,latente,inactivo,inactivo,latente
2011-09,18144,activo,latente,latente,activo
2011-09,18145,activo,latente,latente,activo
2011-09,18146,inactivo,inactivo,inactivo,inactivo
2011-09,18147,latente,activo,inactivo,latente
2011-09,18149,inactivo,activo,inactivo,inactivo
2011-09,18150,inactivo,inactivo,inactivo,inactivo
2011-09,18151,inactivo,inactivo,inactivo,inactivo
2011-09,18155,activo,latente,latente,activo
2011-09,18156,inactivo,inactivo,inactivo,inactivo
2011-09,18158,activo,latente,latente,activo
2011-09,18159,inactivo,inactivo,inactivo,inactivo
2011-09,18160,inactivo,activo,inactivo,inactivo
2011-09,18161,inactivo,activo,inactivo,inactivo
2011-09,18165,inactivo,inactivo,inactivo,inactivo
2011-09,18167,latente,inactivo,inactivo,latente
2011-09,18168,inactivo,inactivo,inactivo,inactivo
2011-09,18170,latente,inactivo,inactivo,latente
2011-09,18171,activo,activo,latente,activo
2011-09,18172,activo,latente,latente,activo
2011-09,18173,activo,latente,latente,activo
2011-09,18176,inactivo,inactivo,inactivo,inactivo
2011-09,18177,inactivo,inactivo,inactivo,inactivo
2011-09,18178,latente,inactivo,inactivo,latente
2011-09,18179,inactivo,activo,inactivo,inactivo
2011-09,18180,activo,activo,latente,activo
2011-09,18183,inactivo,inactivo,inactivo,inactivo
2011-09,18185,inactivo,inactivo,inactivo,inactivo
2011-09,18188,activo,latente,latente,activo
2011-09,18189,activo,latente,latente,activo
2011-09,18190,inactivo,inactivo,inactivo,inactivo
2011-09,18191,inactivo,inactivo,inactivo,inactivo
2011-09,18192,activo,latente,latente,activo
2011-09,18193,inactivo,inactivo,inactivo,inactivo
2011-09,18194,activo,latente,latente,activo
2011-09,18196,activo,latente,latente,activo
2011-09,18198,activo,latente,latente,activo
2011-09,18200,latente,inactivo,inactivo,latente
2011-09,18202,inactivo,inactivo,inactivo,inactivo
2011-09,18203,inactivo,inactivo,inactivo,inactivo
2011-09,18204,activo,latente,latente,activo
2011-09,18205,activo,latente,latente,activo
2011-09,18210,inactivo,activo,inactivo,inactivo
2011-09,18211,activo,activo,latente,activo
2011-09,18212,inactivo,inactivo,inactivo,inactivo
2011-09,18213,inactivo,inactivo,inactivo,inactivo
2011-09,18215,activo,latente,latente,activo
2011-09,18217,activo,latente,latente,activo
2011-09,18218,inactivo,inactivo,inactivo,inactivo
2011-09,18219,inactivo,activo,inactivo,inactivo
2011-09,18220,inactivo,inactivo,inactivo,inactivo
2011-09,18221,latente,activo,inactivo,latente
2011-09,18222,activo,latente,latente,activo
2011-09,18223,activo,activo,latente,activo
2011-09,18224,inactivo,inactivo,inactivo,inactivo
2011-09,18225,activo,activo,latente,activo
2011-09,18226,activo,activo,latente,activo
2011-09,18227,inactivo,inactivo,inactivo,inactivo
2011-09,18228,activo,activo,latente,activo
2011-09,18229,activo,activo,latente,activo
2011-09,18230,activo,latente,latente,activo
2011-09,18231,inactivo,inactivo,inactivo,inactivo
2011-09,18232,activo,latente,latente,activo
2011-09,18233,inactivo,inactivo,inactivo,inactivo
2011-09,18235,activo,latente,latente,activo
2011-09,18236,activo,latente,latente,activo
2011-09,18237,activo,activo,latente,activo
2011-09,18239,inactivo,inactivo,inactivo,inactivo
2011-09,18241,activo,activo,latente,activo
2011-09,18242,activo,latente,latente,activo
2011-09,18245,inactivo,inactivo,inactivo,inactivo
2011-09,18246,inactivo,inactivo,inactivo,inactivo
2011-09,18248,latente,inactivo,inactivo,latente
2011-09,18250,inactivo,inactivo,inactivo,inactivo
2011-09,18251,activo,latente,latente,activo
2011-09,18252,inactivo,activo,inactivo,inactivo
2011-09,18255,activo,latente,latente,activo
2011-09,18257,latente,activo,inactivo,latente
2011-09,18259,activo,latente,latente,activo
2011-09,18260,inactivo,inactivo,inactivo,inactivo
2011-09,18261,activo,activo,latente,activo
2011-09,18262,inactivo,inactivo,inactivo,inactivo
2011-09,18263,inactivo,inactivo,inactivo,inactivo
2011-09,18265,activo,latente,latente,activo
2011-09,18268,inactivo,inactivo,inactivo,inactivo
2011-09,18269,inactivo,inactivo,inactivo,inactivo
2011-09,18270,inactivo,inactivo,inactivo,inactivo
2011-09,18272,latente,activo,inactivo,latente
2011-09,18273,activo,latente,latente,activo
2011-09,18278,activo,latente,latente,activo
2011-09,18280,inactivo,inactivo,inactivo,inactivo
2011-09,18281,inactivo,inactivo,inactivo,inactivo
2011-09,18282,latente,inactivo,inactivo,latente
2011-09,18283,activo,activo,latente,activo
2011-09,18287,inactivo,activo,inactivo,inactivo
2011-10,12346,inactivo,inactivo,inactivo,inactivo
2011-10,12347,activo,latente,latente,activo
2011-10,12348,latente,inactivo,inactivo,latente
2011-10,12350,inactivo,inactivo,inactivo,inactivo
2011-10,12352,latente,activo,inactivo,latente
2011-10,12353,inactivo,inactivo,inactivo,inactivo
2011-10,12354,inactivo,inactivo,inactivo,inactivo
2011-10,12355,inactivo,inactivo,inactivo,inactivo
2011-10,12356,inactivo,activo,inactivo,inactivo
2011-10,12358,inactivo,inactivo,inactivo,inactivo
2011-10,12359,activo,latente,latente,activo
2011-10,12360,activo,latente,latente,activo
2011-10,12361,inactivo,inactivo,inactivo,inactivo
2011-10,12362,activo,activo,latente,activo
2011-10,12363,inactivo,inactivo,inactivo,inactivo
2011-10,12364,activo,latente,latente,activo
2011-10,12365,inactivo,inactivo,inactivo,inactivo
2011-10,12370,activo,latente,latente,activo
2011-10,12371,activo,latente,latente,activo
2011-10,12372,latente,inactivo,inactivo,latente
2011-10,12373,inactivo,inactivo,inactivo,inactivo
2011-10,12375,latente,activo,inactivo,latente
2011-10,12377,inactivo,inactivo,inactivo,inactivo
2011-10,12378,inactivo,inactivo,inactivo,inactivo
2011-10,12379,latente,inactivo,inactivo,latente
2011-10,12380,activo,activo,latente,activo
2011-10,12381,activo,activo,latente,activo
2011-10,12383,inactivo,inactivo,inactivo,inactivo
2011-10,12384,inactivo,activo,inactivo,inactivo
2011-10,12386,inactivo,inactivo,inactivo,inactivo
2011-10,12388,latente,activo,inactivo,latente
2011-10,12390,latente,inactivo,inactivo,latente
2011-10,12393,latente,inactivo,inactivo,latente
2011-10,12394,activo,latente,latente,activo
2011-10,12395,activo,activo,latente,activo
2011-10,12397,inactivo,activo,inactivo,inactivo
2011-10,12398,activo,latente,latente,activo
2011-10,12399,inactivo,inactivo,inactivo,inactivo
2011-10,12401,inactivo,inactivo,inactivo,inactivo
2011-10,12402,inactivo,inactivo,inactivo,inactivo
2011-10,12403,activo,latente,latente,activo
2011-10,12405,inactivo,inactivo,inactivo,inactivo
2011-10,12406,inactivo,activo,inactivo,inactivo
2011-10,12407,activo,latente,latente,activo
2011-10,12408,latente,activo,inactivo,latente
2011-10,12409,latente,inactivo,inactivo,latente
2011-10,12410,inactivo,inactivo,inactivo,inactivo
2011-10,12412,latente,inactivo,inactivo,latente
2011-10,12413,activo,latente,latente,activo
2011-10,12414,inactivo,inactivo,inactivo,inactivo
2011-10,12415,activo,activo,latente,activo
2011-10,12417,activo,latente,latente,activo
2011-10,12418,inactivo,inactivo,inactivo,inactivo
2011-10,12420,activo,latente,latente,activo
2011-10,12421,inactivo,activo,inactivo,inactivo
2011-10,12422,latente,inactivo,inactivo,latente
2011-10,12423,inactivo,inactivo,inactivo,inactivo
2011-10,12424,inactivo,inactivo,inactivo,inactivo
2011-10,12425,latente,inactivo,inactivo,latente
2011-10,12426,inactivo,inactivo,inactivo,inactivo
2011-10,12427,activo,activo,latente,activo
2011-10,12428,inactivo,activo,inactivo,inactivo
2011-10,12429,inactivo,activo,inactivo,inactivo
2011-10,12430,activo,latente,latente,activo
2011-10,12431,activo,activo,latente,activo
2011-10,12432,activo,latente,latente,activo
2011-10,12433,activo,activo,latente,activo
2011-10,12434,latente,inactivo,inactivo,latente
2011-10,12435,latente,inactivo,inactivo,latente
2011-10,12436,latente,inactivo,inactivo,latente
2011-10,12437,activo,activo,latente,activo
2011-10,12438,inactivo,activo,inactivo,inactivo
2011-10,12441,inactivo,inactivo,inactivo,inactivo
2011-10,12444,activo,activo,latente,activo
2011-10,12446,activo,latente,latente,activo
2011-10,12447,inactivo,inactivo,inactivo,inactivo
2011-10,12448,activo,latente,latente,activo
2011-10,12449,latente,activo,inactivo,latente
2011-10,12450,inactivo,inactivo,inactivo,inactivo
2011-10,12451,activo,activo,latente,activo
2011-10,12453,inactivo,inactivo,inactivo,inactivo
2011-10,12454,activo,latente,latente,activo
2011-10,12455,latente,inactivo,inactivo,latente
2011-10,12456,activo,latente,latente,activo
2011-10,12457,activo,latente,latente,activo
2011-10,12458,latente,inactivo,inactivo,latente
2011-10,12461,latente,inactivo,inactivo,latente
2011-10,12462,inactivo,activo,inactivo,inactivo
2011-10,12463,activo,latente,latente,activo
2011-10,12464,inactivo,activo,inactivo,inactivo
2011-10,12465,inactivo,activo,inactivo,inactivo
2011-10,12468,inactivo,inactivo,inactivo,inactivo
2011-10,12471,activo,activo,latente,activo
2011-10,12472,activo,activo,latente,activo
2011-10,12473,activo,activo,latente,activo
2011-10,12474,activo,activo,latente,activo
2011-10,12475,activo,latente,latente,activo
2011-10,12476,activo,activo,latente,activo
2011-10,12477,activo,activo,latente,activo
2011-10,12480,inactivo,activo,inactivo,inactivo
2011-10,12481,activo,activo,latente,activo
2011-10,12483,activo,activo,latente,activo
2011-10,12484,inactivo,activo,inactivo,inactivo
2011-10,12488,activo,activo,latente,activo
2011-10,12489,inactivo,inactivo,inactivo,inactivo
2011-10,12490,latente,activo,inactivo,latente
2011-10,12492,activo,latente,latente,activo
2011-10,12493,inactivo,inactivo,inactivo,inactivo
2011-10,12494,activo,activo,latente,activo
2011-10,12497,latente,inactivo,inactivo,latente
2011-10,12498,activo,activo,latente,activo
2011-10,12500,activo,activo,latente,activo
2011-10,12501,inactivo,inactivo,inactivo,inactivo
2011-10,12502,latente,inactivo,inactivo,latente
2011-10,12506,inactivo,inactivo,inactivo,inactivo
2011-10,12507,inactivo,inactivo,inactivo,inactivo
2011-10,12509,inactivo,inactivo,inactivo,inactivo
2011-10,12510,inactivo,inactivo,inactivo,inactivo
2011-10,12512,activo,latente,latente,activo
2011-10,12513,inactivo,inactivo,inactivo,inactivo
2011-10,12514,inactivo,inactivo,inactivo,inactivo
2011-10,12515,inactivo,inactivo,inactivo,inactivo
2011-10,12516,latente,inactivo,inactivo,latente
2011-10,12517,latente,activo,inactivo,latente
2011-10,12518,activo,activo,latente,activo
2011-10,12519,activo,latente,latente,activo
2011-10,12520,latente,inactivo,inactivo,latente
2011-10,12521,inactivo,inactivo,inactivo,inactivo
2011-10,12522,activo,latente,latente,activo
2011-10,12523,activo,activo,latente,activo
2011-10,12524,activo,activo,latente,activo
2011-10,12526,activo,latente,latente,activo
2011-10,12527,latente,inactivo,inactivo,latente
2011-10,12528,activo,activo,latente,activo
2011-10,12530,activo,latente,latente,activo
2011-10,12534,inactivo,inactivo,inactivo,inactivo
2011-10,12535,latente,inactivo,inactivo,latente
2011-10,12536,activo,latente,latente,activo
2011-10,12539,inactivo,activo,inactivo,inactivo
2011-10,12540,activo,activo,latente,activo
2011-10,12541,inactivo,activo,inactivo,inactivo
2011-10,12545,latente,inactivo,inactivo,latente
2011-10,12546,activo,latente,latente,activo
2011-10,12547,inactivo,inactivo,inactivo,inactivo
2011-10,12548,inactivo,inactivo,inactivo,inactivo
2011-10,12550,latente,inactivo,inactivo,latente
2011-10,12551,inactivo,inactivo,inactivo,inactivo
2011-10,12552,activo,activo,latente,activo
2011-10,12553,activo,activo,latente,activo
2011-10,12556,activo,latente,latente,activo
2011-10,12557,inactivo,activo,inactivo,inactivo
2011-10,12559,inactivo,inactivo,inactivo,inactivo
2011-10,12560,inactivo,inactivo,inactivo,inactivo
2011-10,12561,inactivo,inactivo,inactivo,inactivo
2011-10,12562,activo,activo,latente,activo
2011-10,12564,inactivo,inactivo,inactivo,inactivo
2011-10,12565,inactivo,inactivo,inactivo,inactivo
2011-10,12566,latente,inactivo,inactivo,latente
2011-10,12567,latente,activo,inactivo,latente
2011-10,12569,activo,activo,latente,activo
2011-10,12571,activo,latente,latente,activo
2011-10,12572,activo,latente,latente,activo
2011-10,12573,inactivo,inactivo,inactivo,inactivo
2011-10,12574,inactivo,inactivo,inactivo,inactivo
2011-10,12576,latente,activo,inactivo,latente
2011-10,12577,inactivo,activo,inactivo,inactivo
2011-10,12578,inactivo,activo,inactivo,inactivo
2011-10,12579,latente,inactivo,inactivo,latente
2011-10,12580,inactivo,inactivo,inactivo,inactivo
2011-10,12581,activo,latente,latente,activo
2011-10,12582,inactivo,inactivo,inactivo,inactivo
2011-10,12583,activo,activo,latente,activo
2011-10,12584,activo,activo,latente,activo
2011-10,12585,inactivo,inactivo,inactivo,inactivo
2011-10,12588,activo,latente,latente,activo
2011-10,12589,inactivo,activo,inactivo,inactivo
2011-10,12590,inactivo,inactivo,inactivo,inactivo
2011-10,12591,inactivo,inactivo,inactivo,inactivo
2011-10,12592,latente,inactivo,inactivo,latente
2011-10,12593,inactivo,inactivo,inactivo,inactivo
2011-10,12594,activo,activo,latente,activo
2011-10,12596,activo,latente,latente,activo
2011-10,12597,activo,activo,latente,activo
2011-10,12598,latente,activo,inactivo,latente
2011-10,12599,inactivo,activo,inactivo,inactivo
2011-10,12600,latente,activo,inactivo,latente
2011-10,12601,inactivo,inactivo,inactivo,inactivo
2011-10,12602,activo,latente,latente,activo
2011-10,12604,latente,inactivo,inactivo,latente
2011-10,12607,activo,latente,latente,activo
2011-10,12609,latente,inactivo,inactivo,latente
2011-10,12610,activo,activo,latente,activo
2011-10,12611,activo,latente,latente,activo
2011-10,12612,latente,inactivo,inactivo,latente
2011-10,12613,activo,latente,latente,activo
2011-10,12614,inactivo,inactivo,inactivo,inactivo
2011-10,12615,latente,activo,inactivo,latente
2011-10,12616,latente,inactivo,inactivo,latente
2011-10,12619,latente,activo,inactivo,latente
2011-10,12620,latente,activo,inactivo,latente
2011-10,12621,activo,activo,latente,activo
2011-10,12622,inactivo,inactivo,inactivo,inactivo
2011-10,12623,inactivo,inactivo,inactivo,inactivo
2011-10,12624,inactivo,inactivo,inactivo,inactivo
2011-10,12625,inactivo,inactivo,inactivo,inactivo
2011-10,12626,activo,activo,latente,activo
2011-10,12627,activo,activo,latente,activo
2011-10,12628,activo,activo,latente,activo
2011-10,12630,activo,activo,latente,activo
2011-10,12631,activo,latente,latente,activo
2011-10,12633,activo,latente,latente,activo
2011-10,12635,latente,inactivo,inactivo,latente
2011-10,12637,activo,latente,latente,activo
2011-10,12639,inactivo,inactivo,inactivo,inactivo
2011-10,12640,latente,activo,inactivo,latente
2011-10,12641,inactivo,inactivo,inactivo,inactivo
2011-10,12642,activo,activo,latente,activo
2011-10,12643,inactivo,inactivo,inactivo,inactivo
2011-10,12644,inactivo,inactivo,inactivo,inactivo
2011-10,12645,inactivo,activo,inactivo,inactivo
2011-10,12646,activo,latente,latente,activo
2011-10,12647,latente,activo,inactivo,latente
2011-10,12648,inactivo,inactivo,inactivo,inactivo
2011-10,12649,inactivo,inactivo,inactivo,inactivo
2011-10,12651,inactivo,inactivo,inactivo,inactivo
2011-10,12652,inactivo,inactivo,inactivo,inactivo
2011-10,12653,inactivo,inactivo,inactivo,inactivo
2011-10,12654,inactivo,activo,inactivo,inactivo
2011-10,12656,latente,activo,inactivo,latente
2011-10,12657,activo,activo,latente,activo
2011-10,12662,activo,activo,latente,activo
2011-10,12664,activo,activo,latente,activo
2011-10,12665,inactivo,inactivo,inactivo,inactivo
2011-10,12667,activo,latente,latente,activo
2011-10,12668,inactivo,activo,inactivo,inactivo
2011-10,12669,inactivo,inactivo,inactivo,inactivo
2011-10,12670,latente,activo,inactivo,latente
2011-10,12672,inactivo,inactivo,inactivo,inactivo
2011-10,12673,inactivo,inactivo,inactivo,inactivo
2011-10,12674,latente,activo,inactivo,latente
2011-10,12676,latente,activo,inactivo,latente
2011-10,12678,activo,latente,latente,activo
2011-10,12679,activo,latente,latente,activo
2011-10,12680,latente,inactivo,inactivo,latente
2011-10,12681,activo,activo,latente,activo
2011-10,12682,activo,activo,latente,activo
2011-10,12683,activo,latente,latente,activo
2011-10,12684,activo,activo,latente,activo
2011-10,12685,activo,activo,latente,activo
2011-10,12686,inactivo,inactivo,inactivo,inactivo
2011-10,12688,inactivo,inactivo,inactivo,inactivo
2011-10,12689,inactivo,activo,inactivo,inactivo
2011-10,12690,inactivo,inactivo,inactivo,inactivo
2011-10,12691,activo,activo,latente,activo
2011-10,12693,inactivo,inactivo,inactivo,inactivo
2011-10,12694,latente,inactivo,inactivo,latente
2011-10,12695,activo,latente,latente,activo
2011-10,12697,inactivo,activo,inactivo,inactivo
2011-10,12700,activo,latente,latente,activo
2011-10,12701,latente,inactivo,inactivo,latente
2011-10,12703,latente,inactivo,inactivo,latente
2011-10,12704,latente,activo,inactivo,latente
2011-10,12705,activo,activo,latente,activo
2011-10,12707,inactivo,inactivo,inactivo,inactivo
2011-10,12708,latente,activo,inactivo,latente
2011-10,12709,activo,activo,latente,activo
2011-10,12710,latente,inactivo,inactivo,latente
2011-10,12712,activo,activo,latente,activo
2011-10,12714,inactivo,activo,inactivo,inactivo
2011-10,12715,inactivo,inactivo,inactivo,inactivo
2011-10,12716,inactivo,inactivo,inactivo,inactivo
2011-10,12717,inactivo,inactivo,inactivo,inactivo
2011-10,12718,latente,inactivo,inactivo,latente
2011-10,12719,activo,latente,latente,activo
2011-10,12720,activo,activo,latente,activo
2011-10,12721,latente,activo,inactivo,latente
2011-10,12722,latente,inactivo,inactivo,latente
2011-10,12723,activo,activo,latente,activo
2011-10,12724,latente,inactivo,inactivo,latente
2011-10,12725,inactivo,inactivo,inactivo,inactivo
2011-10,12726,latente,activo,inactivo,latente
2011-10,12727,latente,activo,inactivo,latente
2011-10,12728,latente,inactivo,inactivo,latente
2011-10,12729,inactivo,inactivo,inactivo,inactivo
2011-10,12731,activo,activo,latente,activo
2011-10,12732,inactivo,inactivo,inactivo,inactivo
2011-10,12733,inactivo,inactivo,inactivo,inactivo
2011-10,12734,inactivo,inactivo,inactivo,inactivo
2011-10,12735,inactivo,inactivo,inactivo,inactivo
2011-10,12736,inactivo,inactivo,inactivo,inactivo
2011-10,12738,inactivo,inactivo,inactivo,inactivo
2011-10,12739,latente,inactivo,inactivo,latente
2011-10,12740,activo,latente,latente,activo
2011-10,12743,inactivo,inactivo,inactivo,inactivo
2011-10,12744,activo,latente,latente,activo
2011-10,12747,activo,activo,latente,activo
2011-10,12748,activo,activo,latente,activo
2011-10,12749,inactivo,activo,inactivo,inactivo
2011-10,12750,inactivo,inactivo,inactivo,inactivo
2011-10,12752,latente,inactivo,inactivo,latente
2011-10,12753,inactivo,activo,inactivo,inactivo
2011-10,12754,inactivo,inactivo,inactivo,inactivo
2011-10,12755,inactivo,inactivo,inactivo,inactivo
2011-10,12756,latente,inactivo,inactivo,latente
2011-10,12757,activo,activo,latente,activo
2011-10,12758,inactivo,inactivo,inactivo,inactivo
2011-10,12759,activo,latente,latente,activo
2011-10,12763,inactivo,inactivo,inactivo,inactivo
2011-10,12764,inactivo,inactivo,inactivo,inactivo
2011-10,12766,activo,latente,latente,activo
2011-10,12769,inactivo,inactivo,inactivo,inactivo
2011-10,12770,inactivo,inactivo,inactivo,inactivo
2011-10,12772,activo,latente,latente,activo
2011-10,12775,inactivo,activo,inactivo,inactivo
2011-10,12778,activo,activo,latente,activo
2011-10,12779,inactivo,activo,inactivo,inactivo
2011-10,12781,activo,latente,latente,activo
2011-10,12782,inactivo,inactivo,inactivo,inactivo
2011-10,12783,activo,activo,latente,activo
2011-10,12785,inactivo,inactivo,inactivo,inactivo
2011-10,12787,latente,activo,inactivo,latente
2011-10,12789,activo,latente,latente,activo
2011-10,12790,inactivo,inactivo,inactivo,inactivo
2011-10,12791,inactivo,inactivo,inactivo,inactivo
2011-10,12792,inactivo,inactivo,inactivo,inactivo
2011-10,12793,inactivo,inactivo,inactivo,inactivo
2011-10,12794,activo,latente,latente,activo
2011-10,12797,inactivo,inactivo,inactivo,inactivo
2011-10,12798,activo,activo,latente,activo
2011-10,12802,inactivo,inactivo,inactivo,inactivo
2011-10,12808,inactivo,activo,inactivo,inactivo
2011-10,12809,inactivo,inactivo,inactivo,inactivo
2011-10,12811,inactivo,inactivo,inactivo,inactivo
2011-10,12812,activo,latente,latente,activo
2011-10,12814,inactivo,inactivo,inactivo,inactivo
2011-10,12815,inactivo,inactivo,inactivo,inactivo
2011-10,12816,latente,inactivo,inactivo,latente
2011-10,12817,inactivo,inactivo,inactivo,inactivo
2011-10,12818,inactivo,inactivo,inactivo,inactivo
2011-10,12820,activo,latente,latente,activo
2011-10,12821,inactivo,inactivo,inactivo,inactivo
2011-10,12822,latente,inactivo,inactivo,latente
2011-10,12823,latente,inactivo,inactivo,latente
2011-10,12824,activo,latente,latente,activo
2011-10,12826,latente,activo,inactivo,latente
2011-10,12827,activo,activo,latente,activo
2011-10,12828,activo,latente,latente,activo
2011-10,12829,inactivo,inactivo,inactivo,inactivo
2011-10,12830,latente,activo,inactivo,latente
2011-10,12831,inactivo,inactivo,inactivo,inactivo
2011-10,12832,latente,activo,inactivo,latente
2011-10,12833,inactivo,inactivo,inactivo,inactivo
2011-10,12834,inactivo,inactivo,inactivo,inactivo
2011-10,12836,activo,latente,latente,activo
2011-10,12837,inactivo,inactivo,inactivo,inactivo
2011-10,12838,inactivo,activo,inactivo,inactivo
2011-10,12839,activo,activo,latente,activo
2011-10,12840,inactivo,inactivo,inactivo,inactivo
2011-10,12841,activo,activo,latente,activo
2011-10,12842,latente,inactivo,inactivo,latente
2011-10,12843,activo,latente,latente,activo
2011-10,12844,inactivo,activo,inactivo,inactivo
2011-10,12845,inactivo,inactivo,inactivo,inactivo
2011-10,12849,inactivo,activo,inactivo,inactivo
2011-10,12851,latente,inactivo,inactivo,latente
2011-10,12852,inactivo,inactivo,inactivo,inactivo
2011-10,12853,inactivo,inactivo,inactivo,inactivo
2011-10,12854,latente,inactivo,inactivo,latente
2011-10,12855,inactivo,inactivo,inactivo,inactivo
2011-10,12856,activo,activo,latente,activo
2011-10,12857,inactivo,inactivo,inactivo,inactivo
2011-10,12863,activo,latente,latente,activo
2011-10,12864,inactivo,inactivo,inactivo,inactivo
2011-10,12865,inactivo,activo,inactivo,inactivo
2011-10,12866,inactivo,inactivo,inactivo,inactivo
2011-10,12867,latente,activo,inactivo,latente
2011-10,12868,inactivo,inactivo,inactivo,inactivo
2011-10,12871,latente,inactivo,inactivo,latente
2011-10,12872,inactivo,inactivo,inactivo,inactivo
2011-10,12873,inactivo,inactivo,inactivo,inactivo
2011-10,12875,inactivo,inactivo,inactivo,inactivo
2011-10,12876,activo,latente,latente,activo
2011-10,12877,latente,activo,inactivo,latente
2011-10,12878,inactivo,inactivo,inactivo,inactivo
2011-10,12879,activo,latente,latente,activo
2011-10,12881,inactivo,inactivo,inactivo,inactivo
2011-10,12883,latente,activo,inactivo,latente
2011-10,12884,latente,inactivo,inactivo,latente
2011-10,12885,activo,latente,latente,activo
2011-10,12886,activo,latente,latente,activo
2011-10,12888,inactivo,inactivo,inactivo,inactivo
2011-10,12891,inactivo,inactivo,inactivo,inactivo
2011-10,12895,activo,latente,latente,activo
2011-10,12897,inactivo,inactivo,inactivo,inactivo
2011-10,12901,activo,activo,latente,activo
2011-10,12902,inactivo,inactivo,inactivo,inactivo
2011-10,12904,inactivo,activo,inactivo,inactivo
2011-10,12906,latente,activo,inactivo,latente
2011-10,12908,inactivo,inactivo,inactivo,inactivo
2011-10,12909,activo,latente,latente,activo
2011-10,12910,activo,activo,latente,activo
2011-10,12912,activo,activo,latente,activo
2011-10,12913,inactivo,activo,inactivo,inactivo
2011-10,12915,inactivo,inactivo,inactivo,inactivo
2011-10,12916,inactivo,inactivo,inactivo,inactivo
2011-10,12917,inactivo,inactivo,inactivo,inactivo
2011-10,12919,inactivo,activo,inactivo,inactivo
2011-10,12921,activo,activo,latente,activo
2011-10,12922,inactivo,inactivo,inactivo,inactivo
2011-10,12923,activo,latente,latente,activo
2011-10,12924,latente,inactivo,inactivo,latente
2011-10,12925,latente,inactivo,inactivo,latente
2011-10,12928,activo,activo,latente,activo
2011-10,12929,inactivo,inactivo,inactivo,inactivo
2011-10,12930,latente,inactivo,inactivo,latente
2011-10,12931,activo,activo,latente,activo
2011-10,12933,inactivo,activo,inactivo,inactivo
2011-10,12935,inactivo,activo,inactivo,inactivo
2011-10,12936,latente,activo,inactivo,latente
2011-10,12937,latente,activo,inactivo,latente
2011-10,12939,activo,latente,latente,activo
2011-10,12940,activo,latente,latente,activo
2011-10,12942,inactivo,inactivo,inactivo,inactivo
2011-10,12944,inactivo,activo,inactivo,inactivo
2011-10,12945,inactivo,inactivo,inactivo,inactivo
2011-10,12947,inactivo,inactivo,inactivo,inactivo
2011-10,12948,activo,activo,latente,activo
2011-10,12949,inactivo,activo,inactivo,inactivo
2011-10,12951,inactivo,inactivo,inactivo,inactivo
2011-10,12952,activo,latente,latente,activo
2011-10,12955,activo,activo,latente,activo
2011-10,12956,inactivo,inactivo,inactivo,inactivo
2011-10,12957,latente,activo,inactivo,latente
2011-10,12962,inactivo,inactivo,inactivo,inactivo
2011-10,12963,activo,activo,latente,activo
2011-10,12965,latente,inactivo,inactivo,latente
2011-10,12967,inactivo,inactivo,inactivo,inactivo
2011-10,12968,inactivo,inactivo,inactivo,inactivo
2011-10,12970,inactivo,inactivo,inactivo,inactivo
2011-10,12971,activo,activo,latente,activo
2011-10,12974,inactivo,inactivo,inactivo,inactivo
2011-10,12976,inactivo,inactivo,inactivo,inactivo
2011-10,12977,inactivo,inactivo,inactivo,inactivo
2011-10,12980,inactivo,inactivo,inactivo,inactivo
2011-10,12981,inactivo,activo,inactivo,inactivo
2011-10,12982,inactivo,inactivo,inactivo,inactivo
2011-10,12987,latente,inactivo,inactivo,latente
2011-10,12988,inactivo,inactivo,inactivo,inactivo
2011-10,12989,activo,activo,latente,activo
2011-10,12990,inactivo,activo,inactivo,inactivo
2011-10,12991,inactivo,activo,inactivo,inactivo
2011-10,12993,inactivo,activo,inactivo,inactivo
2011-10,12994,inactivo,inactivo,inactivo,inactivo
2011-10,12995,latente,inactivo,inactivo,latente
2011-10,12997,latente,activo,inactivo,latente
2011-10,12999,inactivo,inactivo,inactivo,inactivo
2011-10,13000,inactivo,inactivo,inactivo,inactivo
2011-10,13001,inactivo,activo,inactivo,inactivo
2011-10,13002,inactivo,inactivo,inactivo,inactivo
2011-10,13003,inactivo,inactivo,inactivo,inactivo
2011-10,13004,activo,activo,latente,activo
2011-10,13005,inactivo,inactivo,inactivo,inactivo
2011-10,13006,activo,latente,latente,activo
2011-10,13008,inactivo,inactivo,inactivo,inactivo
2011-10,13011,inactivo,inactivo,inactivo,inactivo
2011-10,13012,latente,activo,inactivo,latente
2011-10,13013,activo,activo,latente,activo
2011-10,13014,latente,activo,inactivo,latente
2011-10,13015,activo,latente,latente,activo
2011-10,13016,latente,inactivo,inactivo,latente
2011-10,13018,activo,activo,latente,activo
2011-10,13021,latente,activo,inactivo,latente
2011-10,13023,activo,latente,latente,activo
2011-10,13026,latente,activo,inactivo,latente
2011-10,13027,inactivo,inactivo,inactivo,inactivo
2011-10,13028,activo,activo,latente,activo
2011-10,13029,inactivo,activo,inactivo,inactivo
2011-10,13030,inactivo,activo,inactivo,inactivo
2011-10,13032,activo,latente,latente,activo
2011-10,13033,inactivo,inactivo,inactivo,inactivo
2011-10,13034,activo,latente,latente,activo
2011-10,13035,latente,inactivo,inactivo,latente
2011-10,13037,inactivo,inactivo,inactivo,inactivo
2011-10,13038,latente,inactivo,inactivo,latente
2011-10,13043,inactivo,inactivo,inactivo,inactivo
2011-10,13044,inactivo,inactivo,inactivo,inactivo
2011-10,13045,latente,inactivo,inactivo,latente
2011-10,13046,inactivo,activo,inactivo,inactivo
2011-10,13047,activo,activo,latente,activo
2011-10,13048,inactivo,activo,inactivo,inactivo
2011-10,13049,activo,latente,latente,activo
2011-10,13050,activo,activo,latente,activo
2011-10,13052,inactivo,inactivo,inactivo,inactivo
2011-10,13055,latente,inactivo,inactivo,latente
2011-10,13058,activo,activo,latente,activo
2011-10,13059,inactivo,inactivo,inactivo,inactivo
2011-10,13060,inactivo,inactivo,inactivo,inactivo
2011-10,13061,latente,inactivo,inactivo,latente
2011-10,13062,inactivo,inactivo,inactivo,inactivo
2011-10,13064,latente,activo,inactivo,latente
2011-10,13065,inactivo,inactivo,inactivo,inactivo
2011-10,13067,latente,inactivo,inactivo,latente
2011-10,13068,inactivo,activo,inactivo,inactivo
2011-10,13069,activo,activo,latente,activo
2011-10,13070,inactivo,inactivo,inactivo,inactivo
2011-10,13072,inactivo,inactivo,inactivo,inactivo
2011-10,13075,inactivo,inactivo,inactivo,inactivo
2011-10,13077,inactivo,inactivo,inactivo,inactivo
2011-10,13078,activo,activo,latente,activo
2011-10,13079,latente,activo,inactivo,latente
2011-10,13080,inactivo,inactivo,inactivo,inactivo
2011-10,13081,inactivo,activo,inactivo,inactivo
2011-10,13082,inactivo,inactivo,inactivo,inactivo
2011-10,13083,latente,inactivo,inactivo,latente
2011-10,13085,inactivo,inactivo,inactivo,inactivo
2011-10,13089,activo,activo,latente,activo
2011-10,13090,activo,activo,latente,activo
2011-10,13092,latente,inactivo,inactivo,latente
2011-10,13093,inactivo,inactivo,inactivo,inactivo
2011-10,13094,latente,activo,inactivo,latente
2011-10,13095,latente,inactivo,inactivo,latente
2011-10,13097,latente,activo,inactivo,latente
2011-10,13098,activo,activo,latente,activo
2011-10,13099,latente,inactivo,inactivo,latente
2011-10,13101,inactivo,inactivo,inactivo,inactivo
2011-10,13102,activo,activo,latente,activo
2011-10,13103,activo,latente,latente,activo
2011-10,13104,activo,latente,latente,activo
2011-10,13106,inactivo,inactivo,inactivo,inactivo
2011-10,13107,activo,latente,latente,activo
2011-10,13108,inactivo,inactivo,inactivo,inactivo
2011-10,13109,activo,latente,latente,activo
2011-10,13110,activo,activo,latente,activo
2011-10,13113,activo,activo,latente,activo
2011-10,13115,activo,activo,latente,activo
2011-10,13116,inactivo,inactivo,inactivo,inactivo
2011-10,13117,inactivo,activo,inactivo,inactivo
2011-10,13118,inactivo,activo,inactivo,inactivo
2011-10,13120,inactivo,inactivo,inactivo,inactivo
2011-10,13121,inactivo,inactivo,inactivo,inactivo
2011-10,13122,latente,inactivo,inactivo,latente
2011-10,13124,latente,inactivo,inactivo,latente
2011-10,13126,activo,latente,latente,activo
2011-10,13127,latente,inactivo,inactivo,latente
2011-10,13130,latente,inactivo,inactivo,latente
2011-10,13131,latente,activo,inactivo,latente
2011-10,13132,inactivo,inactivo,inactivo,inactivo
2011-10,13133,inactivo,inactivo,inactivo,inactivo
2011-10,13134,latente,inactivo,inactivo,latente
2011-10,13135,inactivo,inactivo,inactivo,inactivo
2011-10,13136,activo,latente,latente,activo
2011-10,13137,activo,activo,latente,activo
2011-10,13138,activo,activo,latente,activo
2011-10,13139,latente,activo,inactivo,latente
2011-10,13140,inactivo,inactivo,inactivo,inactivo
2011-10,13141,latente,inactivo,inactivo,latente
2011-10,13144,inactivo,inactivo,inactivo,inactivo
2011-10,13145,activo,latente,latente,activo
2011-10,13147,activo,activo,latente,activo
2011-10,13148,inactivo,activo,inactivo,inactivo
2011-10,13149,inactivo,activo,inactivo,inactivo
2011-10,13151,inactivo,inactivo,inactivo,inactivo
2011-10,13155,latente,activo,inactivo,latente
2011-10,13157,activo,latente,latente,activo
2011-10,13158,latente,inactivo,inactivo,latente
2011-10,13159,activo,latente,latente,activo
2011-10,13161,inactivo,inactivo,inactivo,inactivo
2011-10,13162,inactivo,inactivo,inactivo,inactivo
2011-10,13165,activo,latente,latente,activo
2011-10,13166,inactivo,inactivo,inactivo,inactivo
2011-10,13167,activo,activo,latente,activo
2011-10,13168,inactivo,activo,inactivo,inactivo
2011-10,13169,activo,latente,latente,activo
2011-10,13171,activo,activo,latente,activo
2011-10,13173,inactivo,inactivo,inactivo,inactivo
2011-10,13174,inactivo,activo,inactivo,inactivo
2011-10,13176,activo,latente,latente,activo
2011-10,13177,activo,latente,latente,activo
2011-10,13178,latente,activo,inactivo,latente
2011-10,13182,activo,latente,latente,activo
2011-10,13183,latente,activo,inactivo,latente
2011-10,13184,inactivo,activo,inactivo,inactivo
2011-10,13185,inactivo,inactivo,inactivo,inactivo
2011-10,13186,activo,latente,latente,activo
2011-10,13187,inactivo,inactivo,inactivo,inactivo
2011-10,13189,inactivo,activo,inactivo,inactivo
2011-10,13192,latente,inactivo,inactivo,latente
2011-10,13193,activo,latente,latente,activo
2011-10,13194,inactivo,inactivo,inactivo,inactivo
2011-10,13196,latente,activo,inactivo,latente
2011-10,13198,inactivo,activo,inactivo,inactivo
2011-10,13199,activo,activo,latente,activo
2011-10,13200,latente,activo,inactivo,latente
2011-10,13203,activo,activo,latente,activo
2011-10,13207,inactivo,activo,inactivo,inactivo
2011-10,13208,activo,latente,latente,activo
2011-10,13209,inactivo,activo,inactivo,inactivo
2011-10,13210,latente,inactivo,inactivo,latente
2011-10,13211,latente,activo,inactivo,latente
2011-10,13212,activo,activo,latente,activo
2011-10,13213,activo,latente,latente,activo
2011-10,13216,inactivo,inactivo,inactivo,inactivo
2011-10,13217,inactivo,inactivo,inactivo,inactivo
2011-10,13218,inactivo,inactivo,inactivo,inactivo
2011-10,13220,latente,inactivo,inactivo,latente
2011-10,13221,inactivo,inactivo,inactivo,inactivo
2011-10,13223,inactivo,inactivo,inactivo,inactivo
2011-10,13224,activo,latente,latente,activo
2011-10,13225,activo,latente,latente,activo
2011-10,13226,inactivo,inactivo,inactivo,inactivo
2011-10,13227,inactivo,inactivo,inactivo,inactivo
2011-10,13228,latente,inactivo,inactivo,latente
2011-10,13229,inactivo,inactivo,inactivo,inactivo
2011-10,13230,inactivo,activo,inactivo,inactivo
2011-10,13232,latente,activo,inactivo,latente
2011-10,13233,latente,inactivo,inactivo,latente
2011-10,13235,inactivo,inactivo,inactivo,inactivo
2011-10,13236,inactivo,activo,inactivo,inactivo
2011-10,13238,inactivo,activo,inactivo,inactivo
2011-10,13239,inactivo,inactivo,inactivo,inactivo
2011-10,13240,latente,inactivo,inactivo,latente
2011-10,13242,inactivo,inactivo,inactivo,inactivo
2011-10,13243,inactivo,inactivo,inactivo,inactivo
2011-10,13244,latente,inactivo,inactivo,latente
2011-10,13245,activo,latente,latente,activo
2011-10,13246,inactivo,activo,inactivo,inactivo
2011-10,13247,activo,activo,latente,activo
2011-10,13248,inactivo,inactivo,inactivo,inactivo
2011-10,13249,latente,inactivo,inactivo,latente
2011-10,13253,inactivo,inactivo,inactivo,inactivo
2011-10,13255,inactivo,activo,inactivo,inactivo
2011-10,13258,inactivo,activo,inactivo,inactivo
2011-10,13259,activo,latente,latente,activo
2011-10,13260,activo,latente,latente,activo
2011-10,13261,inactivo,inactivo,inactivo,inactivo
2011-10,13262,inactivo,inactivo,inactivo,inactivo
2011-10,13263,activo,activo,latente,activo
2011-10,13265,activo,latente,latente,activo
2011-10,13266,activo,activo,latente,activo
2011-10,13267,latente,activo,inactivo,latente
2011-10,13268,latente,activo,inactivo,latente
2011-10,13269,activo,activo,latente,activo
2011-10,13270,inactivo,inactivo,inactivo,inactivo
2011-10,13272,latente,activo,inactivo,latente
2011-10,13273,inactivo,inactivo,inactivo,inactivo
2011-10,13276,activo,latente,latente,activo
2011-10,13277,inactivo,activo,inactivo,inactivo
2011-10,13278,activo,latente,latente,activo
2011-10,13279,latente,inactivo,inactivo,latente
2011-10,13280,inactivo,inactivo,inactivo,inactivo
2011-10,13282,inactivo,activo,inactivo,inactivo
2011-10,13283,activo,latente,latente,activo
2011-10,13284,inactivo,inactivo,inactivo,inactivo
2011-10,13285,inactivo,activo,inactivo,inactivo
2011-10,13291,inactivo,inactivo,inactivo,inactivo
2011-10,13292,inactivo,activo,inactivo,inactivo
2011-10,13294,inactivo,inactivo,inactivo,inactivo
2011-10,13295,inactivo,inactivo,inactivo,inactivo
2011-10,13296,inactivo,inactivo,inactivo,inactivo
2011-10,13297,activo,activo,latente,activo
2011-10,13299,inactivo,inactivo,inactivo,inactivo
2011-10,13300,inactivo,inactivo,inactivo,inactivo
2011-10,13301,inactivo,inactivo,inactivo,inactivo
2011-10,13302,inactivo,inactivo,inactivo,inactivo
2011-10,13304,inactivo,inactivo,inactivo,inactivo
2011-10,13305,latente,activo,inactivo,latente
2011-10,13307,inactivo,inactivo,inactivo,inactivo
2011-10,13308,activo,activo,latente,activo
2011-10,13309,activo,latente,latente,activo
2011-10,13310,inactivo,activo,inactivo,inactivo
2011-10,13311,inactivo,inactivo,inactivo,inactivo
2011-10,13313,inactivo,activo,inactivo,inactivo
2011-10,13314,activo,latente,latente,activo
2011-10,13316,latente,activo,inactivo,latente
2011-10,13317,activo,latente,latente,activo
2011-10,13319,activo,activo,latente,activo
2011-10,13320,latente,inactivo,inactivo,latente
2011-10,13321,latente,inactivo,inactivo,latente
2011-10,13323,latente,activo,inactivo,latente
2011-10,13324,latente,activo,inactivo,latente
2011-10,13325,latente,inactivo,inactivo,latente
2011-10,13327,inactivo,activo,inactivo,inactivo
2011-10,13328,inactivo,inactivo,inactivo,inactivo
2011-10,13329,inactivo,activo,inactivo,inactivo
2011-10,13330,latente,inactivo,inactivo,latente
2011-10,13334,latente,inactivo,inactivo,latente
2011-10,13336,latente,inactivo,inactivo,latente
2011-10,13338,inactivo,inactivo,inactivo,inactivo
2011-10,13339,inactivo,inactivo,inactivo,inactivo
2011-10,13340,activo,latente,latente,activo
2011-10,13341,inactivo,inactivo,inactivo,inactivo
2011-10,13343,inactivo,inactivo,inactivo,inactivo
2011-10,13344,activo,latente,latente,activo
2011-10,13345,inactivo,inactivo,inactivo,inactivo
2011-10,13347,latente,inactivo,inactivo,latente
2011-10,13348,activo,latente,latente,activo
2011-10,13350,latente,activo,inactivo,latente
2011-10,13351,activo,latente,latente,activo
2011-10,13352,activo,latente,latente,activo
2011-10,13354,latente,inactivo,inactivo,latente
2011-10,13355,inactivo,inactivo,inactivo,inactivo
2011-10,13356,latente,inactivo,inactivo,latente
2011-10,13357,inactivo,inactivo,inactivo,inactivo
2011-10,13358,inactivo,inactivo,inactivo,inactivo
2011-10,13359,activo,latente,latente,activo
2011-10,13362,activo,activo,latente,activo
2011-10,13363,activo,activo,latente,activo
2011-10,13364,latente,inactivo,inactivo,latente
2011-10,13365,inactivo,activo,inactivo,inactivo
2011-10,13366,activo,latente,latente,activo
2011-10,13368,inactivo,inactivo,inactivo,inactivo
2011-10,13369,inactivo,inactivo,inactivo,inactivo
2011-10,13370,inactivo,inactivo,inactivo,inactivo
2011-10,13372,latente,inactivo,inactivo,latente
2011-10,13373,activo,latente,latente,activo
2011-10,13375,latente,inactivo,inactivo,latente
2011-10,13376,latente,inactivo,inactivo,latente
2011-10,13379,activo,activo,latente,activo
2011-10,13381,latente,activo,inactivo,latente
2011-10,13382,inactivo,inactivo,inactivo,inactivo
2011-10,13384,activo,activo,latente,activo
2011-10,13385,inactivo,inactivo,inactivo,inactivo
2011-10,13388,inactivo,inactivo,inactivo,inactivo
2011-10,13389,latente,activo,inactivo,latente
2011-10,13390,latente,inactivo,inactivo,latente
2011-10,13391,inactivo,inactivo,inactivo,inactivo
2011-10,13394,activo,latente,latente,activo
2011-10,13395,inactivo,inactivo,inactivo,inactivo
2011-10,13396,inactivo,activo,inactivo,inactivo
2011-10,13397,latente,inactivo,inactivo,latente
2011-10,13398,inactivo,inactivo,inactivo,inactivo
2011-10,13402,inactivo,inactivo,inactivo,inactivo
2011-10,13404,inactivo,inactivo,inactivo,inactivo
2011-10,13405,latente,inactivo,inactivo,latente
2011-10,13408,activo,activo,latente,activo
2011-10,13410,latente,activo,inactivo,latente
2011-10,13411,inactivo,inactivo,inactivo,inactivo
2011-10,13414,inactivo,inactivo,inactivo,inactivo
2011-10,13416,activo,latente,latente,activo
2011-10,13417,inactivo,inactivo,inactivo,inactivo
2011-10,13418,activo,activo,latente,activo
2011-10,13419,activo,latente,latente,activo
2011-10,13420,inactivo,inactivo,inactivo,inactivo
2011-10,13421,activo,latente,latente,activo
2011-10,13422,activo,latente,latente,activo
2011-10,13425,inactivo,inactivo,inactivo,inactivo
2011-10,13426,activo,activo,latente,activo
2011-10,13427,inactivo,activo,inactivo,inactivo
2011-10,13429,activo,activo,latente,activo
2011-10,13430,latente,activo,inactivo,latente
2011-10,13431,activo,latente,latente,activo
2011-10,13434,latente,inactivo,inactivo,latente
2011-10,13435,activo,activo,latente,activo
2011-10,13437,latente,activo,inactivo,latente
2011-10,13439,inactivo,inactivo,inactivo,inactivo
2011-10,13441,latente,inactivo,inactivo,latente
2011-10,13448,latente,activo,inactivo,latente
2011-10,13450,latente,activo,inactivo,latente
2011-10,13451,inactivo,activo,inactivo,inactivo
2011-10,13452,inactivo,inactivo,inactivo,inactivo
2011-10,13453,inactivo,inactivo,inactivo,inactivo
2011-10,13455,inactivo,activo,inactivo,inactivo
2011-10,13456,activo,activo,latente,activo
2011-10,13458,activo,activo,latente,activo
2011-10,13460,activo,activo,latente,activo
2011-10,13461,inactivo,activo,inactivo,inactivo
2011-10,13462,inactivo,inactivo,inactivo,inactivo
2011-10,13464,activo,latente,latente,activo
2011-10,13466,inactivo,inactivo,inactivo,inactivo
2011-10,13468,activo,activo,latente,activo
2011-10,13470,latente,inactivo,inactivo,latente
2011-10,13471,activo,activo,latente,activo
2011-10,13473,activo,latente,latente,activo
2011-10,13474,inactivo,inactivo,inactivo,inactivo
2011-10,13475,inactivo,inactivo,inactivo,inactivo
2011-10,13476,inactivo,inactivo,inactivo,inactivo
2011-10,13477,activo,activo,latente,activo
2011-10,13479,inactivo,inactivo,inactivo,inactivo
2011-10,13481,activo,latente,latente,activo
2011-10,13482,inactivo,inactivo,inactivo,inactivo
2011-10,13483,activo,latente,latente,activo
2011-10,13484,inactivo,inactivo,inactivo,inactivo
2011-10,13485,inactivo,inactivo,inactivo,inactivo
2011-10,13486,latente,inactivo,inactivo,latente
2011-10,13487,activo,latente,latente,activo
2011-10,13488,activo,activo,latente,activo
2011-10,13489,inactivo,inactivo,inactivo,inactivo
2011-10,13491,activo,latente,latente,activo
2011-10,13492,inactivo,inactivo,inactivo,inactivo
2011-10,13493,inactivo,inactivo,inactivo,inactivo
2011-10,13494,inactivo,inactivo,inactivo,inactivo
2011-10,13495,inactivo,activo,inactivo,inactivo
2011-10,13496,inactivo,activo,inactivo,inactivo
2011-10,13497,inactivo,inactivo,inactivo,inactivo
2011-10,13499,latente,activo,inactivo,latente
2011-10,13500,inactivo,activo,inactivo,inactivo
2011-10,13501,inactivo,inactivo,inactivo,inactivo
2011-10,13502,inactivo,activo,inactivo,inactivo
2011-10,13503,latente,inactivo,inactivo,latente
2011-10,13504,activo,latente,latente,activo
2011-10,13505,latente,inactivo,inactivo,latente
2011-10,13506,inactivo,inactivo,inactivo,inactivo
2011-10,13507,latente,inactivo,inactivo,latente
2011-10,13508,inactivo,inactivo,inactivo,inactivo
2011-10,13509,activo,latente,latente,activo
2011-10,13510,activo,latente,latente,activo
2011-10,13512,inactivo,inactivo,inactivo,inactivo
2011-10,13513,inactivo,inactivo,inactivo,inactivo
2011-10,13514,latente,inactivo,inactivo,latente
2011-10,13515,latente,inactivo,inactivo,latente
2011-10,13516,latente,activo,inactivo,latente
2011-10,13517,activo,latente,latente,activo
2011-10,13518,latente,inactivo,inactivo,latente
2011-10,13519,latente,inactivo,inactivo,latente
2011-10,13520,activo,latente,latente,activo
2011-10,13523,activo,activo,latente,activo
2011-10,13524,activo,latente,latente,activo
2011-10,13525,inactivo,activo,inactivo,inactivo
2011-10,13527,latente,activo,inactivo,latente
2011-10,13529,latente,inactivo,inactivo,latente
2011-10,13531,inactivo,inactivo,inactivo,inactivo
2011-10,13533,inactivo,inactivo,inactivo,inactivo
2011-10,13534,activo,activo,latente,activo
2011-10,13536,activo,activo,latente,activo
2011-10,13538,activo,latente,latente,activo
2011-10,13539,latente,inactivo,inactivo,latente
2011-10,13544,activo,latente,latente,activo
2011-10,13546,activo,activo,latente,activo
2011-10,13548,latente,inactivo,inactivo,latente
2011-10,13549,activo,activo,latente,activo
2011-10,13551,inactivo,inactivo,inactivo,inactivo
2011-10,13552,activo,latente,latente,activo
2011-10,13555,latente,inactivo,inactivo,latente
2011-10,13557,inactivo,activo,inactivo,inactivo
2011-10,13558,activo,activo,latente,activo
2011-10,13561,inactivo,inactivo,inactivo,inactivo
2011-10,13562,latente,inactivo,inactivo,latente
2011-10,13563,latente,inactivo,inactivo,latente
2011-10,13564,inactivo,inactivo,inactivo,inactivo
2011-10,13565,inactivo,activo,inactivo,inactivo
2011-10,13566,activo,latente,latente,activo
2011-10,13568,inactivo,inactivo,inactivo,inactivo
2011-10,13569,inactivo,activo,inactivo,inactivo
2011-10,13570,inactivo,inactivo,inactivo,inactivo
2011-10,13571,activo,activo,latente,activo
2011-10,13572,inactivo,inactivo,inactivo,inactivo
2011-10,13573,activo,latente,latente,activo
2011-10,13575,activo,activo,latente,activo
2011-10,13576,activo,activo,latente,activo
2011-10,13577,latente,activo,inactivo,latente
2011-10,13579,inactivo,activo,inactivo,inactivo
2011-10,13581,inactivo,inactivo,inactivo,inactivo
2011-10,13583,inactivo,inactivo,inactivo,inactivo
2011-10,13584,inactivo,inactivo,inactivo,inactivo
2011-10,13587,activo,latente,latente,activo
2011-10,13588,activo,activo,latente,activo
2011-10,13589,inactivo,activo,inactivo,inactivo
2011-10,13590,activo,activo,latente,activo
2011-10,13591,activo,latente,latente,activo
2011-10,13592,inactivo,activo,inactivo,inactivo
2011-10,13593,inactivo,inactivo,inactivo,inactivo
2011-10,13594,activo,latente,latente,activo
2011-10,13598,activo,latente,latente,activo
2011-10,13599,latente,activo,inactivo,latente
2011-10,13600,inactivo,inactivo,inactivo,inactivo
2011-10,13601,activo,latente,latente,activo
2011-10,13602,activo,latente,latente,activo
2011-10,13606,inactivo,activo,inactivo,inactivo
2011-10,13607,activo,latente,latente,activo
2011-10,13610,activo,activo,latente,activo
2011-10,13611,latente,inactivo,inactivo,latente
2011-10,13614,latente,activo,inactivo,latente
2011-10,13615,inactivo,inactivo,inactivo,inactivo
2011-10,13617,activo,latente,latente,activo
2011-10,13618,inactivo,inactivo,inactivo,inactivo
2011-10,13621,inactivo,inactivo,inactivo,inactivo
2011-10,13623,inactivo,activo,inactivo,inactivo
2011-10,13626,inactivo,inactivo,inactivo,inactivo
2011-10,13627,activo,latente,latente,activo
2011-10,13629,activo,activo,latente,activo
2011-10,13630,latente,inactivo,inactivo,latente
2011-10,13631,latente,inactivo,inactivo,latente
2011-10,13632,activo,activo,latente,activo
2011-10,13634,latente,activo,inactivo,latente
2011-10,13635,activo,latente,latente,activo
2011-10,13636,inactivo,activo,inactivo,inactivo
2011-10,13637,activo,latente,latente,activo
2011-10,13639,latente,inactivo,inactivo,latente
2011-10,13642,inactivo,inactivo,inactivo,inactivo
2011-10,13643,latente,activo,inactivo,latente
2011-10,13644,activo,activo,latente,activo
2011-10,13645,inactivo,inactivo,inactivo,inactivo
2011-10,13647,latente,activo,inactivo,latente
2011-10,13649,inactivo,inactivo,inactivo,inactivo
2011-10,13650,activo,activo,latente,activo
2011-10,13651,activo,activo,latente,activo
2011-10,13652,activo,latente,latente,activo
2011-10,13654,activo,latente,latente,activo
2011-10,13655,inactivo,inactivo,inactivo,inactivo
2011-10,13656,inactivo,inactivo,inactivo,inactivo
2011-10,13657,inactivo,activo,inactivo,inactivo
2011-10,13658,latente,activo,inactivo,latente
2011-10,13659,inactivo,inactivo,inactivo,inactivo
2011-10,13662,latente,inactivo,inactivo,latente
2011-10,13663,inactivo,inactivo,inactivo,inactivo
2011-10,13666,activo,latente,latente,activo
2011-10,13667,inactivo,inactivo,inactivo,inactivo
2011-10,13668,activo,activo,latente,activo
2011-10,13669,activo,latente,latente,activo
2011-10,13670,latente,inactivo,inactivo,latente
2011-10,13672,inactivo,inactivo,inactivo,inactivo
2011-10,13675,inactivo,inactivo,inactivo,inactivo
2011-10,13678,inactivo,inactivo,inactivo,inactivo
2011-10,13680,activo,latente,latente,activo
2011-10,13681,activo,activo,latente,activo
2011-10,13682,inactivo,inactivo,inactivo,inactivo
2011-10,13684,inactivo,inactivo,inactivo,inactivo
2011-10,13685,activo,latente,latente,activo
2011-10,13686,inactivo,inactivo,inactivo,inactivo
2011-10,13689,activo,latente,latente,activo
2011-10,13690,activo,latente,latente,activo
2011-10,13692,inactivo,activo,inactivo,inactivo
2011-10,13694,activo,activo,latente,activo
2011-10,13695,activo,activo,latente,activo
2011-10,13699,inactivo,inactivo,inactivo,inactivo
2011-10,13700,activo,activo,latente,activo
2011-10,13703,inactivo,inactivo,inactivo,inactivo
2011-10,13704,activo,activo,latente,activo
2011-10,13705,inactivo,inactivo,inactivo,inactivo
2011-10,13706,inactivo,inactivo,inactivo,inactivo
2011-10,13707,inactivo,inactivo,inactivo,inactivo
2011-10,13708,inactivo,inactivo,inactivo,inactivo
2011-10,13709,activo,activo,latente,activo
2011-10,13711,inactivo,inactivo,inactivo,inactivo
2011-10,13712,inactivo,inactivo,inactivo,inactivo
2011-10,13715,inactivo,inactivo,inactivo,inactivo
2011-10,13716,inactivo,inactivo,inactivo,inactivo
2011-10,13717,activo,activo,latente,activo
2011-10,13718,inactivo,inactivo,inactivo,inactivo
2011-10,13719,activo,activo,latente,activo
2011-10,13720,inactivo,inactivo,inactivo,inactivo
2011-10,13722,inactivo,inactivo,inactivo,inactivo
2011-10,13723,inactivo,inactivo,inactivo,inactivo
2011-10,13725,activo,latente,latente,activo
2011-10,13726,inactivo,activo,inactivo,inactivo
2011-10,13728,inactivo,activo,inactivo,inactivo
2011-10,13730,inactivo,inactivo,inactivo,inactivo
2011-10,13731,inactivo,inactivo,inactivo,inactivo
2011-10,13735,activo,activo,latente,activo
2011-10,13736,inactivo,inactivo,inactivo,inactivo
2011-10,13737,inactivo,inactivo,inactivo,inactivo
2011-10,13740,inactivo,inactivo,inactivo,inactivo
2011-10,13741,latente,inactivo,inactivo,latente
2011-10,13742,latente,activo,inactivo,latente
2011-10,13743,latente,inactivo,inactivo,latente
2011-10,13744,latente,inactivo,inactivo,latente
2011-10,13745,inactivo,inactivo,inactivo,inactivo
2011-10,13747,inactivo,inactivo,inactivo,inactivo
2011-10,13748,latente,inactivo,inactivo,latente
2011-10,13750,activo,latente,latente,activo
2011-10,13751,inactivo,inactivo,inactivo,inactivo
2011-10,13752,inactivo,inactivo,inactivo,inactivo
2011-10,13753,inactivo,inactivo,inactivo,inactivo
2011-10,13754,inactivo,inactivo,inactivo,inactivo
2011-10,13755,activo,activo,latente,activo
2011-10,13756,activo,activo,latente,activo
2011-10,13758,inactivo,activo,inactivo,inactivo
2011-10,13759,latente,activo,inactivo,latente
2011-10,13760,activo,latente,latente,activo
2011-10,13761,activo,latente,latente,activo
2011-10,13762,inactivo,inactivo,inactivo,inactivo
2011-10,13763,activo,latente,latente,activo
2011-10,13764,latente,inactivo,inactivo,latente
2011-10,13767,activo,activo,latente,activo
2011-10,13769,latente,activo,inactivo,latente
2011-10,13771,activo,latente,latente,activo
2011-10,13772,latente,activo,inactivo,latente
2011-10,13774,latente,inactivo,inactivo,latente
2011-10,13777,activo,activo,latente,activo
2011-10,13778,inactivo,inactivo,inactivo,inactivo
2011-10,13780,inactivo,inactivo,inactivo,inactivo
2011-10,13781,inactivo,inactivo,inactivo,inactivo
2011-10,13782,activo,activo,latente,activo
2011-10,13784,activo,activo,latente,activo
2011-10,13786,inactivo,inactivo,inactivo,inactivo
2011-10,13787,latente,inactivo,inactivo,latente
2011-10,13791,inactivo,inactivo,inactivo,inactivo
2011-10,13792,activo,latente,latente,activo
2011-10,13798,activo,activo,latente,activo
2011-10,13799,inactivo,inactivo,inactivo,inactivo
2011-10,13800,inactivo,inactivo,inactivo,inactivo
2011-10,13801,activo,latente,latente,activo
2011-10,13802,inactivo,inactivo,inactivo,inactivo
2011-10,13803,inactivo,inactivo,inactivo,inactivo
2011-10,13804,latente,activo,inactivo,latente
2011-10,13805,activo,latente,latente,activo
2011-10,13806,activo,latente,latente,activo
2011-10,13807,inactivo,inactivo,inactivo,inactivo
2011-10,13808,activo,latente,latente,activo
2011-10,13809,inactivo,inactivo,inactivo,inactivo
2011-10,13810,activo,activo,latente,activo
2011-10,13811,inactivo,inactivo,inactivo,inactivo
2011-10,13812,activo,latente,latente,activo
2011-10,13813,activo,latente,latente,activo
2011-10,13814,latente,inactivo,inactivo,latente
2011-10,13815,inactivo,activo,inactivo,inactivo
2011-10,13816,activo,activo,latente,activo
2011-10,13817,inactivo,activo,inactivo,inactivo
2011-10,13819,inactivo,inactivo,inactivo,inactivo
2011-10,13821,inactivo,inactivo,inactivo,inactivo
2011-10,13822,activo,latente,latente,activo
2011-10,13823,latente,activo,inactivo,latente
2011-10,13824,inactivo,activo,inactivo,inactivo
2011-10,13826,inactivo,inactivo,inactivo,inactivo
2011-10,13827,activo,latente,latente,activo
2011-10,13831,latente,activo,inactivo,latente
2011-10,13833,inactivo,inactivo,inactivo,inactivo
2011-10,13835,activo,activo,latente,activo
2011-10,13837,inactivo,inactivo,inactivo,inactivo
2011-10,13838,inactivo,inactivo,inactivo,inactivo
2011-10,13841,inactivo,inactivo,inactivo,inactivo
2011-10,13842,activo,latente,latente,activo
2011-10,13845,activo,latente,latente,activo
2011-10,13846,inactivo,activo,inactivo,inactivo
2011-10,13848,latente,inactivo,inactivo,latente
2011-10,13849,activo,latente,latente,activo
2011-10,13850,inactivo,inactivo,inactivo,inactivo
2011-10,13851,latente,inactivo,inactivo,latente
2011-10,13853,activo,latente,latente,activo
2011-10,13854,activo,activo,latente,activo
2011-10,13856,inactivo,inactivo,inactivo,inactivo
2011-10,13858,activo,latente,latente,activo
2011-10,13859,inactivo,inactivo,inactivo,inactivo
2011-10,13860,activo,activo,latente,activo
2011-10,13862,latente,activo,inactivo,latente
2011-10,13863,inactivo,inactivo,inactivo,inactivo
2011-10,13865,activo,latente,latente,activo
2011-10,13866,latente,inactivo,inactivo,latente
2011-10,13867,latente,activo,inactivo,latente
2011-10,13869,inactivo,inactivo,inactivo,inactivo
2011-10,13870,activo,latente,latente,activo
2011-10,13871,activo,activo,latente,activo
2011-10,13873,inactivo,inactivo,inactivo,inactivo
2011-10,13874,inactivo,inactivo,inactivo,inactivo
2011-10,13875,activo,latente,latente,activo
2011-10,13876,activo,latente,latente,activo
2011-10,13877,latente,inactivo,inactivo,latente
2011-10,13878,activo,latente,latente,activo
2011-10,13880,activo,activo,latente,activo
2011-10,13881,activo,activo,latente,activo
2011-10,13882,activo,activo,latente,activo
2011-10,13883,inactivo,activo,inactivo,inactivo
2011-10,13884,latente,inactivo,inactivo,latente
2011-10,13885,inactivo,inactivo,inactivo,inactivo
2011-10,13886,latente,inactivo,inactivo,latente
2011-10,13887,inactivo,inactivo,inactivo,inactivo
2011-10,13888,inactivo,inactivo,inactivo,inactivo
2011-10,13889,latente,inactivo,inactivo,latente
2011-10,13890,activo,activo,latente,activo
2011-10,13892,activo,activo,latente,activo
2011-10,13893,inactivo,inactivo,inactivo,inactivo
2011-10,13894,inactivo,activo,inactivo,inactivo
2011-10,13895,activo,activo,latente,activo
2011-10,13897,activo,latente,latente,activo
2011-10,13898,inactivo,inactivo,inactivo,inactivo
2011-10,13899,inactivo,activo,inactivo,inactivo
2011-10,13900,inactivo,inactivo,inactivo,inactivo
2011-10,13901,latente,inactivo,inactivo,latente
2011-10,13904,inactivo,activo,inactivo,inactivo
2011-10,13908,latente,inactivo,inactivo,latente
2011-10,13911,activo,latente,latente,activo
2011-10,13917,activo,latente,latente,activo
2011-10,13918,activo,latente,latente,activo
2011-10,13919,activo,latente,latente,activo
2011-10,13922,inactivo,inactivo,inactivo,inactivo
2011-10,13923,activo,latente,latente,activo
2011-10,13924,activo,activo,latente,activo
2011-10,13925,latente,inactivo,inactivo,latente
2011-10,13927,latente,inactivo,inactivo,latente
2011-10,13928,inactivo,activo,inactivo,inactivo
2011-10,13929,inactivo,inactivo,inactivo,inactivo
2011-10,13930,activo,latente,latente,activo
2011-10,13931,latente,inactivo,inactivo,latente
2011-10,13932,inactivo,inactivo,inactivo,inactivo
2011-10,13933,inactivo,inactivo,inactivo,inactivo
2011-10,13934,inactivo,inactivo,inactivo,inactivo
2011-10,13936,inactivo,inactivo,inactivo,inactivo
2011-10,13937,inactivo,inactivo,inactivo,inactivo
2011-10,13939,inactivo,activo,inactivo,inactivo
2011-10,13940,activo,activo,latente,activo
2011-10,13941,latente,activo,inactivo,latente
2011-10,13946,latente,inactivo,inactivo,latente
2011-10,13947,activo,latente,latente,activo
2011-10,13948,inactivo,inactivo,inactivo,inactivo
2011-10,13949,activo,activo,latente,activo
2011-10,13950,latente,activo,inactivo,latente
2011-10,13951,inactivo,inactivo,inactivo,inactivo
2011-10,13952,inactivo,inactivo,inactivo,inactivo
2011-10,13953,activo,latente,latente,activo
2011-10,13954,latente,inactivo,inactivo,latente
2011-10,13955,inactivo,inactivo,inactivo,inactivo
2011-10,13956,activo,latente,latente,activo
2011-10,13959,latente,inactivo,inactivo,latente
2011-10,13960,latente,activo,inactivo,latente
2011-10,13962,inactivo,activo,inactivo,inactivo
2011-10,13963,inactivo,inactivo,inactivo,inactivo
2011-10,13967,inactivo,inactivo,inactivo,inactivo
2011-10,13969,activo,activo,latente,activo
2011-10,13971,activo,activo,latente,activo
2011-10,13972,latente,inactivo,inactivo,latente
2011-10,13973,inactivo,inactivo,inactivo,inactivo
2011-10,13974,activo,latente,latente,activo
2011-10,13975,inactivo,activo,inactivo,inactivo
2011-10,13976,inactivo,inactivo,inactivo,inactivo
2011-10,13978,activo,activo,latente,activo
2011-10,13979,latente,inactivo,inactivo,latente
2011-10,13980,activo,latente,latente,activo
2011-10,13982,activo,latente,latente,activo
2011-10,13983,activo,activo,latente,activo
2011-10,13984,inactivo,activo,inactivo,inactivo
2011-10,13985,activo,activo,latente,activo
2011-10,13988,activo,activo,latente,activo
2011-10,13989,activo,latente,latente,activo
2011-10,13990,inactivo,inactivo,inactivo,inactivo
2011-10,13991,activo,activo,latente,activo
2011-10,13993,activo,latente,latente,activo
2011-10,13994,activo,latente,latente,activo
2011-10,13995,activo,activo,latente,activo
2011-10,13999,activo,activo,latente,activo
2011-10,14000,inactivo,inactivo,inactivo,inactivo
2011-10,14001,activo,latente,latente,activo
2011-10,14002,inactivo,inactivo,inactivo,inactivo
2011-10,14004,activo,latente,latente,activo
2011-10,14005,latente,activo,inactivo,latente
2011-10,14006,inactivo,inactivo,inactivo,inactivo
2011-10,14009,inactivo,inactivo,inactivo,inactivo
2011-10,14012,inactivo,inactivo,inactivo,inactivo
2011-10,14013,inactivo,inactivo,inactivo,inactivo
2011-10,14014,latente,inactivo,inactivo,latente
2011-10,14015,activo,latente,latente,activo
2011-10,14016,inactivo,inactivo,inactivo,inactivo
2011-10,14019,activo,latente,latente,activo
2011-10,14020,latente,activo,inactivo,latente
2011-10,14021,inactivo,inactivo,inactivo,inactivo
2011-10,14022,inactivo,inactivo,inactivo,inactivo
2011-10,14023,inactivo,inactivo,inactivo,inactivo
2011-10,14024,inactivo,inactivo,inactivo,inactivo
2011-10,14027,activo,latente,latente,activo
2011-10,14029,activo,latente,latente,activo
2011-10,14030,latente,activo,inactivo,latente
2011-10,14031,activo,activo,latente,activo
2011-10,14032,latente,activo,inactivo,latente
2011-10,14034,inactivo,activo,inactivo,inactivo
2011-10,14035,activo,activo,latente,activo
2011-10,14036,inactivo,inactivo,inactivo,inactivo
2011-10,14037,inactivo,inactivo,inactivo,inactivo
2011-10,14038,latente,inactivo,inactivo,latente
2011-10,14040,activo,latente,latente,activo
2011-10,14041,inactivo,inactivo,inactivo,inactivo
2011-10,14044,inactivo,activo,inactivo,inactivo
2011-10,14045,inactivo,inactivo,inactivo,inactivo
2011-10,14046,inactivo,inactivo,inactivo,inactivo
2011-10,14047,latente,inactivo,inactivo,latente
2011-10,14048,inactivo,inactivo,inactivo,inactivo
2011-10,14049,inactivo,activo,inactivo,inactivo
2011-10,14050,inactivo,activo,inactivo,inactivo
2011-10,14051,activo,activo,latente,activo
2011-10,14053,inactivo,inactivo,inactivo,inactivo
2011-10,14054,activo,latente,latente,activo
2011-10,14055,inactivo,inactivo,inactivo,inactivo
2011-10,14056,activo,activo,latente,activo
2011-10,14057,activo,activo,latente,activo
2011-10,14059,inactivo,inactivo,inactivo,inactivo
2011-10,14060,activo,activo,latente,activo
2011-10,14062,latente,activo,inactivo,latente
2011-10,14064,inactivo,activo,inactivo,inactivo
2011-10,14066,inactivo,inactivo,inactivo,inactivo
2011-10,14067,activo,latente,latente,activo
2011-10,14068,inactivo,inactivo,inactivo,inactivo
2011-10,14071,activo,activo,latente,activo
2011-10,14075,inactivo,activo,inactivo,inactivo
2011-10,14076,inactivo,inactivo,inactivo,inactivo
2011-10,14077,activo,latente,latente,activo
2011-10,14078,inactivo,inactivo,inactivo,inactivo
2011-10,14079,inactivo,inactivo,inactivo,inactivo
2011-10,14081,inactivo,inactivo,inactivo,inactivo
2011-10,14082,inactivo,inactivo,inactivo,inactivo
2011-10,14083,inactivo,inactivo,inactivo,inactivo
2011-10,14085,activo,activo,latente,activo
2011-10,14088,activo,activo,latente,activo
2011-10,14089,activo,latente,latente,activo
2011-10,14090,inactivo,inactivo,inactivo,inactivo
2011-10,14092,activo,activo,latente,activo
2011-10,14096,activo,activo,latente,activo
2011-10,14099,activo,activo,latente,activo
2011-10,14100,inactivo,inactivo,inactivo,inactivo
2011-10,14101,latente,inactivo,inactivo,latente
2011-10,14102,activo,activo,latente,activo
2011-10,14104,inactivo,inactivo,inactivo,inactivo
2011-10,14105,inactivo,inactivo,inactivo,inactivo
2011-10,14107,activo,latente,latente,activo
2011-10,14108,inactivo,activo,inactivo,inactivo
2011-10,14109,latente,inactivo,inactivo,latente
2011-10,14110,activo,activo,latente,activo
2011-10,14111,latente,activo,inactivo,latente
2011-10,14112,activo,activo,latente,activo
2011-10,14113,latente,activo,inactivo,latente
2011-10,14114,inactivo,inactivo,inactivo,inactivo
2011-10,14116,activo,activo,latente,activo
2011-10,14117,inactivo,inactivo,inactivo,inactivo
2011-10,14121,activo,activo,latente,activo
2011-10,14124,latente,inactivo,inactivo,latente
2011-10,14125,latente,activo,inactivo,latente
2011-10,14127,inactivo,inactivo,inactivo,inactivo
2011-10,14128,activo,latente,latente,activo
2011-10,14129,latente,activo,inactivo,latente
2011-10,14130,inactivo,inactivo,inactivo,inactivo
2011-10,14132,activo,activo,latente,activo
2011-10,14133,inactivo,inactivo,inactivo,inactivo
2011-10,14135,latente,activo,inactivo,latente
2011-10,14138,activo,latente,latente,activo
2011-10,14139,activo,latente,latente,activo
2011-10,14141,activo,latente,latente,activo
2011-10,14142,inactivo,inactivo,inactivo,inactivo
2011-10,14143,inactivo,inactivo,inactivo,inactivo
2011-10,14145,activo,latente,latente,activo
2011-10,14146,latente,inactivo,inactivo,latente
2011-10,14147,latente,inactivo,inactivo,latente
2011-10,14148,inactivo,inactivo,inactivo,inactivo
2011-10,14149,inactivo,inactivo,inactivo,inactivo
2011-10,14150,inactivo,activo,inactivo,inactivo
2011-10,14152,latente,inactivo,inactivo,latente
2011-10,14154,inactivo,inactivo,inactivo,inactivo
2011-10,14155,inactivo,inactivo,inactivo,inactivo
2011-10,14156,activo,activo,latente,activo
2011-10,14157,inactivo,activo,inactivo,inactivo
2011-10,14158,activo,latente,latente,activo
2011-10,14159,activo,activo,latente,activo
2011-10,14161,inactivo,inactivo,inactivo,inactivo
2011-10,14162,inactivo,inactivo,inactivo,inactivo
2011-10,14163,latente,inactivo,inactivo,latente
2011-10,14164,latente,inactivo,inactivo,latente
2011-10,14165,inactivo,inactivo,inactivo,inactivo
2011-10,14167,activo,latente,latente,activo
2011-10,14171,latente,inactivo,inactivo,latente
2011-10,14173,activo,activo,latente,activo
2011-10,14175,activo,latente,latente,activo
2011-10,14176,inactivo,inactivo,inactivo,inactivo
2011-10,14177,latente,inactivo,inactivo,latente
2011-10,14178,activo,activo,latente,activo
2011-10,14179,activo,latente,latente,activo
2011-10,14180,activo,activo,latente,activo
2011-10,14184,activo,latente,latente,activo
2011-10,14185,inactivo,inactivo,inactivo,inactivo
2011-10,14188,latente,activo,inactivo,latente
2011-10,14189,activo,activo,latente,activo
2011-10,14191,activo,activo,latente,activo
2011-10,14193,activo,latente,latente,activo
2011-10,14194,activo,activo,latente,activo
2011-10,14195,inactivo,inactivo,inactivo,inactivo
2011-10,14196,inactivo,inactivo,inactivo,inactivo
2011-10,14198,latente,activo,inactivo,latente
2011-10,14199,inactivo,inactivo,inactivo,inactivo
2011-10,14201,activo,latente,latente,activo
2011-10,14205,inactivo,activo,inactivo,inactivo
2011-10,14206,inactivo,inactivo,inactivo,inactivo
2011-10,14208,latente,inactivo,inactivo,latente
2011-10,14209,inactivo,activo,inactivo,inactivo
2011-10,14210,inactivo,inactivo,inactivo,inactivo
2011-10,14211,activo,latente,latente,activo
2011-10,14212,latente,inactivo,inactivo,latente
2011-10,14214,activo,activo,latente,activo
2011-10,14215,latente,activo,inactivo,latente
2011-10,14217,activo,activo,latente,activo
2011-10,14218,activo,latente,latente,activo
2011-10,14220,inactivo,inactivo,inactivo,inactivo
2011-10,14221,activo,latente,latente,activo
2011-10,14222,inactivo,inactivo,inactivo,inactivo
2011-10,14223,latente,inactivo,inactivo,latente
2011-10,14224,inactivo,inactivo,inactivo,inactivo
2011-10,14226,latente,activo,inactivo,latente
2011-10,14227,latente,activo,inactivo,latente
2011-10,14229,activo,latente,latente,activo
2011-10,14231,inactivo,inactivo,inactivo,inactivo
2011-10,14232,activo,latente,latente,activo
2011-10,14233,activo,latente,latente,activo
2011-10,14234,activo,activo,latente,activo
2011-10,14235,latente,inactivo,inactivo,latente
2011-10,14236,latente,inactivo,inactivo,latente
2011-10,14237,inactivo,inactivo,inactivo,inactivo
2011-10,14238,inactivo,inactivo,inactivo,inactivo
2011-10,14239,activo,latente,latente,activo
2011-10,14240,inactivo,activo,inactivo,inactivo
2011-10,14241,inactivo,inactivo,inactivo,inactivo
2011-10,14242,inactivo,inactivo,inactivo,inactivo
2011-10,14243,latente,activo,inactivo,latente
2011-10,14245,inactivo,inactivo,inactivo,inactivo
2011-10,14246,inactivo,inactivo,inactivo,inactivo
2011-10,14247,inactivo,inactivo,inactivo,inactivo
2011-10,14248,inactivo,inactivo,inactivo,inactivo
2011-10,14250,latente,inactivo,inactivo,latente
2011-10,14251,activo,activo,latente,activo
2011-10,14256,inactivo,inactivo,inactivo,inactivo
2011-10,14257,activo,latente,latente,activo
2011-10,14258,latente,activo,inactivo,latente
2011-10,14259,inactivo,inactivo,inactivo,inactivo
2011-10,14261,activo,latente,latente,activo
2011-10,14262,activo,activo,latente,activo
2011-10,14264,inactivo,inactivo,inactivo,inactivo
2011-10,14265,inactivo,inactivo,inactivo,inactivo
2011-10,14267,inactivo,inactivo,inactivo,inactivo
2011-10,14270,inactivo,inactivo,inactivo,inactivo
2011-10,14271,inactivo,inactivo,inactivo,inactivo
2011-10,14272,latente,inactivo,inactivo,latente
2011-10,14273,activo,latente,latente,activo
2011-10,14276,latente,inactivo,inactivo,latente
2011-10,14277,inactivo,activo,inactivo,inactivo
2011-10,14280,inactivo,inactivo,inactivo,inactivo
2011-10,14282,latente,activo,inactivo,latente
2011-10,14284,latente,activo,inactivo,latente
2011-10,14285,latente,activo,inactivo,latente
2011-10,14286,activo,activo,latente,activo
2011-10,14287,inactivo,inactivo,inactivo,inactivo
2011-10,14288,inactivo,inactivo,inactivo,inactivo
2011-10,14289,inactivo,inactivo,inactivo,inactivo
2011-10,14290,activo,activo,latente,activo
2011-10,14291,activo,latente,latente,activo
2011-10,14292,activo,latente,latente,activo
2011-10,14293,inactivo,inactivo,inactivo,inactivo
2011-10,14295,activo,latente,latente,activo
2011-10,14297,activo,activo,latente,activo
2011-10,14298,activo,activo,latente,activo
2011-10,14299,activo,activo,latente,activo
2011-10,14301,inactivo,inactivo,inactivo,inactivo
2011-10,14304,inactivo,inactivo,inactivo,inactivo
2011-10,14305,latente,inactivo,inactivo,latente
2011-10,14306,activo,latente,latente,activo
2011-10,14307,latente,inactivo,inactivo,latente
2011-10,14309,latente,activo,inactivo,latente
2011-10,14311,inactivo,inactivo,inactivo,inactivo
2011-10,14312,activo,latente,latente,activo
2011-10,14314,inactivo,inactivo,inactivo,inactivo
2011-10,14315,activo,latente,latente,activo
2011-10,14317,activo,latente,latente,activo
2011-10,14320,inactivo,inactivo,inactivo,inactivo
2011-10,14321,latente,activo,inactivo,latente
2011-10,14323,inactivo,inactivo,inactivo,inactivo
2011-10,14326,inactivo,inactivo,inactivo,inactivo
2011-10,14327,inactivo,inactivo,inactivo,inactivo
2011-10,14329,activo,activo,latente,activo
2011-10,14331,inactivo,inactivo,inactivo,inactivo
2011-10,14332,activo,activo,latente,activo
2011-10,14333,activo,latente,latente,activo
2011-10,14334,latente,activo,inactivo,latente
2011-10,14335,latente,activo,inactivo,latente
2011-10,14336,inactivo,activo,inactivo,inactivo
2011-10,14338,inactivo,inactivo,inactivo,inactivo
2011-10,14339,inactivo,inactivo,inactivo,inactivo
2011-10,14340,inactivo,inactivo,inactivo,inactivo
2011-10,14341,activo,latente,latente,activo
2011-10,14342,inactivo,activo,inactivo,inactivo
2011-10,14344,inactivo,inactivo,inactivo,inactivo
2011-10,14346,inactivo,inactivo,inactivo,inactivo
2011-10,14348,inactivo,inactivo,inactivo,inactivo
2011-10,14350,inactivo,inactivo,inactivo,inactivo
2011-10,14351,inactivo,inactivo,inactivo,inactivo
2011-10,14352,inactivo,inactivo,inactivo,inactivo
2011-10,14353,inactivo,inactivo,inactivo,inactivo
2011-10,14355,inactivo,inactivo,inactivo,inactivo
2011-10,14356,latente,inactivo,inactivo,latente
2011-10,14357,activo,latente,latente,activo
2011-10,14359,activo,activo,latente,activo
2011-10,14360,activo,activo,latente,activo
2011-10,14364,inactivo,inactivo,inactivo,inactivo
2011-10,14367,activo,activo,latente,activo
2011-10,14368,inactivo,inactivo,inactivo,inactivo
2011-10,14371,inactivo,inactivo,inactivo,inactivo
2011-10,14373,inactivo,inactivo,inactivo,inactivo
2011-10,14375,inactivo,inactivo,inactivo,inactivo
2011-10,14377,inactivo,inactivo,inactivo,inactivo
2011-10,14379,activo,latente,latente,activo
2011-10,14381,activo,latente,latente,activo
2011-10,14383,activo,activo,latente,activo
2011-10,14386,inactivo,inactivo,inactivo,inactivo
2011-10,14387,latente,activo,inactivo,latente
2011-10,14388,latente,activo,inactivo,latente
2011-10,14389,activo,latente,latente,activo
2011-10,14390,activo,activo,latente,activo
2011-10,14393,inactivo,inactivo,inactivo,inactivo
2011-10,14395,activo,latente,latente,activo
2011-10,14396,activo,latente,latente,activo
2011-10,14397,activo,activo,latente,activo
2011-10,14400,inactivo,inactivo,inactivo,inactivo
2011-10,14401,latente,activo,inactivo,latente
2011-10,14403,inactivo,inactivo,inactivo,inactivo
2011-10,14404,inactivo,activo,inactivo,inactivo
2011-10,14406,inactivo,inactivo,inactivo,inactivo
2011-10,14407,inactivo,inactivo,inactivo,inactivo
2011-10,14408,latente,activo,inactivo,latente
2011-10,14409,latente,inactivo,inactivo,latente
2011-10,14410,latente,inactivo,inactivo,latente
2011-10,14411,inactivo,inactivo,inactivo,inactivo
2011-10,14412,activo,latente,latente,activo
2011-10,14413,inactivo,inactivo,inactivo,inactivo
2011-10,14414,latente,inactivo,inactivo,latente
2011-10,14415,activo,activo,latente,activo
2011-10,14416,activo,activo,latente,activo
2011-10,14418,inactivo,activo,inactivo,inactivo
2011-10,14419,activo,activo,latente,activo
2011-10,14420,latente,inactivo,inactivo,latente
2011-10,14421,activo,latente,latente,activo
2011-10,14422,activo,activo,latente,activo
2011-10,14423,inactivo,inactivo,inactivo,inactivo
2011-10,14426,inactivo,activo,inactivo,inactivo
2011-10,14427,activo,latente,latente,activo
2011-10,14428,latente,activo,inactivo,latente
2011-10,14431,inactivo,inactivo,inactivo,inactivo
2011-10,14432,activo,activo,latente,activo
2011-10,14434,activo,activo,latente,activo
2011-10,14436,latente,inactivo,inactivo,latente
2011-10,14437,inactivo,inactivo,inactivo,inactivo
2011-10,14438,inactivo,inactivo,inactivo,inactivo
2011-10,14439,inactivo,inactivo,inactivo,inactivo
2011-10,14440,activo,latente,latente,activo
2011-10,14441,activo,latente,latente,activo
2011-10,14442,inactivo,inactivo,inactivo,inactivo
2011-10,14443,activo,latente,latente,activo
2011-10,14446,latente,activo,inactivo,latente
2011-10,14447,activo,activo,latente,activo
2011-10,14448,inactivo,activo,inactivo,inactivo
2011-10,14449,activo,activo,latente,activo
2011-10,14450,inactivo,inactivo,inactivo,inactivo
2011-10,14451,activo,latente,latente,activo
2011-10,14452,latente,activo,inactivo,latente
2011-10,14453,inactivo,inactivo,inactivo,inactivo
2011-10,14456,activo,activo,latente,activo
2011-10,14457,inactivo,inactivo,inactivo,inactivo
2011-10,14459,inactivo,inactivo,inactivo,inactivo
2011-10,14460,inactivo,inactivo,inactivo,inactivo
2011-10,14461,inactivo,inactivo,inactivo,inactivo
2011-10,14462,activo,latente,latente,activo
2011-10,14463,latente,inactivo,inactivo,latente
2011-10,14465,inactivo,inactivo,inactivo,inactivo
2011-10,14466,latente,activo,inactivo,latente
2011-10,14467,activo,activo,latente,activo
2011-10,14470,inactivo,activo,inactivo,inactivo
2011-10,14472,inactivo,inactivo,inactivo,inactivo
2011-10,14473,latente,inactivo,inactivo,latente
2011-10,14474,activo,latente,latente,activo
2011-10,14475,latente,inactivo,inactivo,latente
2011-10,14476,inactivo,inactivo,inactivo,inactivo
2011-10,14477,activo,activo,latente,activo
2011-10,14479,inactivo,inactivo,inactivo,inactivo
2011-10,14481,inactivo,inactivo,inactivo,inactivo
2011-10,14482,activo,activo,latente,activo
2011-10,14483,inactivo,inactivo,inactivo,inactivo
2011-10,14484,activo,latente,latente,activo
2011-10,14487,activo,activo,latente,activo
2011-10,14488,activo,latente,latente,activo
2011-10,14489,inactivo,inactivo,inactivo,inactivo
2011-10,14491,inactivo,inactivo,inactivo,inactivo
2011-10,14493,activo,activo,latente,activo
2011-10,14495,activo,latente,latente,activo
2011-10,14496,inactivo,inactivo,inactivo,inactivo
2011-10,14497,inactivo,inactivo,inactivo,inactivo
2011-10,14498,activo,latente,latente,activo
2011-10,14499,inactivo,activo,inactivo,inactivo
2011-10,14500,latente,inactivo,inactivo,latente
2011-10,14501,inactivo,inactivo,inactivo,inactivo
2011-10,14502,activo,activo,latente,activo
2011-10,14503,latente,activo,inactivo,latente
2011-10,14504,activo,latente,latente,activo
2011-10,14505,inactivo,activo,inactivo,inactivo
2011-10,14506,activo,activo,latente,activo
2011-10,14507,activo,activo,latente,activo
2011-10,14508,latente,activo,inactivo,latente
2011-10,14511,activo,activo,latente,activo
2011-10,14512,inactivo,inactivo,inactivo,inactivo
2011-10,14513,inactivo,inactivo,inactivo,inactivo
2011-10,14514,activo,latente,latente,activo
2011-10,14515,activo,activo,latente,activo
2011-10,14517,inactivo,activo,inactivo,inactivo
2011-10,14518,activo,latente,latente,activo
2011-10,14520,inactivo,inactivo,inactivo,inactivo
2011-10,14522,latente,activo,inactivo,latente
2011-10,14523,inactivo,inactivo,inactivo,inactivo
2011-10,14524,latente,activo,inactivo,latente
2011-10,14525,activo,activo,latente,activo
2011-10,14527,activo,activo,latente,activo
2011-10,14529,activo,latente,latente,activo
2011-10,14530,latente,activo,inactivo,latente
2011-10,14532,inactivo,inactivo,inactivo,inactivo
2011-10,14533,activo,activo,latente,activo
2011-10,14534,activo,activo,latente,activo
2011-10,14535,activo,latente,latente,activo
2011-10,14536,inactivo,inactivo,inactivo,inactivo
2011-10,14537,activo,latente,latente,activo
2011-10,14538,activo,latente,latente,activo
2011-10,14539,activo,activo,latente,activo
2011-10,14540,latente,activo,inactivo,latente
2011-10,14541,activo,latente,latente,activo
2011-10,14542,inactivo,inactivo,inactivo,inactivo
2011-10,14543,latente,activo,inactivo,latente
2011-10,14544,inactivo,activo,inactivo,inactivo
2011-10,14546,activo,latente,latente,activo
2011-10,14547,activo,activo,latente,activo
2011-10,14548,inactivo,inactivo,inactivo,inactivo
2011-10,14549,inactivo,inactivo,inactivo,inactivo
2011-10,14550,activo,activo,latente,activo
2011-10,14551,inactivo,activo,inactivo,inactivo
2011-10,14552,inactivo,inactivo,inactivo,inactivo
2011-10,14553,inactivo,activo,inactivo,inactivo
2011-10,14554,activo,activo,latente,activo
2011-10,14555,activo,latente,latente,activo
2011-10,14557,latente,inactivo,inactivo,latente
2011-10,14560,activo,activo,latente,activo
2011-10,14561,latente,inactivo,inactivo,latente
2011-10,14562,activo,activo,latente,activo
2011-10,14565,latente,inactivo,inactivo,latente
2011-10,14566,inactivo,inactivo,inactivo,inactivo
2011-10,14567,activo,latente,latente,activo
2011-10,14570,inactivo,inactivo,inactivo,inactivo
2011-10,14572,activo,latente,latente,activo
2011-10,14573,inactivo,inactivo,inactivo,inactivo
2011-10,14576,inactivo,inactivo,inactivo,inactivo
2011-10,14577,inactivo,activo,inactivo,inactivo
2011-10,14582,activo,latente,latente,activo
2011-10,14583,inactivo,inactivo,inactivo,inactivo
2011-10,14584,inactivo,inactivo,inactivo,inactivo
2011-10,14585,activo,latente,latente,activo
2011-10,14586,inactivo,inactivo,inactivo,inactivo
2011-10,14587,inactivo,activo,inactivo,inactivo
2011-10,14589,inactivo,inactivo,inactivo,inactivo
2011-10,14591,inactivo,activo,inactivo,inactivo
2011-10,14592,activo,activo,latente,activo
2011-10,14593,inactivo,activo,inactivo,inactivo
2011-10,14594,inactivo,inactivo,inactivo,inactivo
2011-10,14595,activo,activo,latente,activo
2011-10,14597,inactivo,activo,inactivo,inactivo
2011-10,14598,activo,latente,latente,activo
2011-10,14600,inactivo,inactivo,inactivo,inactivo
2011-10,14603,inactivo,inactivo,inactivo,inactivo
2011-10,14606,activo,activo,latente,activo
2011-10,14607,activo,activo,latente,activo
2011-10,14608,latente,activo,inactivo,latente
2011-10,14609,latente,inactivo,inactivo,latente
2011-10,14616,inactivo,inactivo,inactivo,inactivo
2011-10,14618,inactivo,activo,inactivo,inactivo
2011-10,14619,inactivo,inactivo,inactivo,inactivo
2011-10,14620,inactivo,inactivo,inactivo,inactivo
2011-10,14621,inactivo,activo,inactivo,inactivo
2011-10,14622,inactivo,inactivo,inactivo,inactivo
2011-10,14623,activo,activo,latente,activo
2011-10,14624,activo,latente,latente,activo
2011-10,14625,inactivo,inactivo,inactivo,inactivo
2011-10,14626,activo,activo,latente,activo
2011-10,14628,latente,inactivo,inactivo,latente
2011-10,14629,activo,latente,latente,activo
2011-10,14631,activo,latente,latente,activo
2011-10,14632,inactivo,inactivo,inactivo,inactivo
2011-10,14633,inactivo,inactivo,inactivo,inactivo
2011-10,14636,inactivo,activo,inactivo,inactivo
2011-10,14638,activo,latente,latente,activo
2011-10,14639,activo,latente,latente,activo
2011-10,14640,activo,activo,latente,activo
2011-10,14642,activo,latente,latente,activo
2011-10,14643,inactivo,inactivo,inactivo,inactivo
2011-10,14644,activo,latente,latente,activo
2011-10,14645,inactivo,inactivo,inactivo,inactivo
2011-10,14646,activo,activo,latente,activo
2011-10,14647,inactivo,inactivo,inactivo,inactivo
2011-10,14649,latente,inactivo,inactivo,latente
2011-10,14651,activo,latente,latente,activo
2011-10,14652,latente,inactivo,inactivo,latente
2011-10,14653,activo,activo,latente,activo
2011-10,14655,latente,activo,inactivo,latente
2011-10,14656,inactivo,inactivo,inactivo,inactivo
2011-10,14657,inactivo,activo,inactivo,inactivo
2011-10,14658,inactivo,inactivo,inactivo,inactivo
2011-10,14659,latente,activo,inactivo,latente
2011-10,14660,latente,inactivo,inactivo,latente
2011-10,14662,inactivo,activo,inactivo,inactivo
2011-10,14665,activo,latente,latente,activo
2011-10,14667,latente,activo,inactivo,latente
2011-10,14669,inactivo,inactivo,inactivo,inactivo
2011-10,14670,inactivo,inactivo,inactivo,inactivo
2011-10,14672,inactivo,inactivo,inactivo,inactivo
2011-10,14673,inactivo,activo,inactivo,inactivo
2011-10,14676,latente,activo,inactivo,latente
2011-10,14680,latente,activo,inactivo,latente
2011-10,14681,latente,inactivo,inactivo,latente
2011-10,14682,inactivo,inactivo,inactivo,inactivo
2011-10,14684,activo,activo,latente,activo
2011-10,14687,inactivo,inactivo,inactivo,inactivo
2011-10,14688,activo,latente,latente,activo
2011-10,14689,inactivo,inactivo,inactivo,inactivo
2011-10,14690,activo,latente,latente,activo
2011-10,14691,latente,activo,inactivo,latente
2011-10,14692,inactivo,inactivo,inactivo,inactivo
2011-10,14693,inactivo,inactivo,inactivo,inactivo
2011-10,14696,latente,inactivo,inactivo,latente
2011-10,14697,inactivo,inactivo,inactivo,inactivo
2011-10,14698,activo,activo,latente,activo
2011-10,14699,inactivo,inactivo,inactivo,inactivo
2011-10,14700,inactivo,activo,inactivo,inactivo
2011-10,14701,inactivo,activo,inactivo,inactivo
2011-10,14702,activo,activo,latente,activo
2011-10,14704,activo,activo,latente,activo
2011-10,14705,inactivo,inactivo,inactivo,inactivo
2011-10,14708,inactivo,inactivo,inactivo,inactivo
2011-10,14709,latente,activo,inactivo,latente
2011-10,14710,activo,activo,latente,activo
2011-10,14711,latente,activo,inactivo,latente
2011-10,14712,latente,activo,inactivo,latente
2011-10,14713,latente,activo,inactivo,latente
2011-10,14715,latente,activo,inactivo,latente
2011-10,14716,activo,latente,latente,activo
2011-10,14719,activo,activo,latente,activo
2011-10,14720,latente,inactivo,inactivo,latente
2011-10,14722,inactivo,inactivo,inactivo,inactivo
2011-10,14723,activo,activo,latente,activo
2011-10,14727,inactivo,inactivo,inactivo,inactivo
2011-10,14729,inactivo,inactivo,inactivo,inactivo
2011-10,14730,activo,latente,latente,activo
2011-10,14731,activo,latente,latente,activo
2011-10,14732,latente,activo,inactivo,latente
2011-10,14733,inactivo,activo,inactivo,inactivo
2011-10,14735,latente,activo,inactivo,latente
2011-10,14737,inactivo,inactivo,inactivo,inactivo
2011-10,14738,activo,latente,latente,activo
2011-10,14739,activo,activo,latente,activo
2011-10,14740,inactivo,inactivo,inactivo,inactivo
2011-10,14741,activo,activo,latente,activo
2011-10,14744,activo,activo,latente,activo
2011-10,14745,inactivo,inactivo,inactivo,inactivo
2011-10,14747,inactivo,inactivo,inactivo,inactivo
2011-10,14748,inactivo,activo,inactivo,inactivo
2011-10,14752,activo,latente,latente,activo
2011-10,14753,latente,inactivo,inactivo,latente
2011-10,14754,activo,latente,latente,activo
2011-10,14755,activo,activo,latente,activo
2011-10,14757,latente,inactivo,inactivo,latente
2011-10,14758,inactivo,inactivo,inactivo,inactivo
2011-10,14759,inactivo,inactivo,inactivo,inactivo
2011-10,14760,inactivo,inactivo,inactivo,inactivo
2011-10,14761,activo,latente,latente,activo
2011-10,14762,inactivo,inactivo,inactivo,inactivo
2011-10,14764,activo,latente,latente,activo
2011-10,14765,inactivo,activo,inactivo,inactivo
2011-10,14766,latente,inactivo,inactivo,latente
2011-10,14768,inactivo,activo,inactivo,inactivo
2011-10,14769,latente,inactivo,inactivo,latente
2011-10,14770,inactivo,inactivo,inactivo,inactivo
2011-10,14772,inactivo,inactivo,inactivo,inactivo
2011-10,14775,activo,latente,latente,activo
2011-10,14776,activo,latente,latente,activo
2011-10,14778,inactivo,inactivo,inactivo,inactivo
2011-10,14779,inactivo,inactivo,inactivo,inactivo
2011-10,14780,activo,latente,latente,activo
2011-10,14782,inactivo,inactivo,inactivo,inactivo
2011-10,14784,inactivo,activo,inactivo,inactivo
2011-10,14790,inactivo,activo,inactivo,inactivo
2011-10,14792,activo,latente,latente,activo
2011-10,14794,inactivo,activo,inactivo,inactivo
2011-10,14795,inactivo,inactivo,inactivo,inactivo
2011-10,14796,activo,activo,latente,activo
2011-10,14798,activo,latente,latente,activo
2011-10,14799,activo,latente,latente,activo
2011-10,14800,activo,latente,latente,activo
2011-10,14801,activo,latente,latente,activo
2011-10,14803,inactivo,inactivo,inactivo,inactivo
2011-10,14805,activo,activo,latente,activo
2011-10,14806,latente,inactivo,inactivo,latente
2011-10,14808,activo,latente,latente,activo
2011-10,14810,activo,latente,latente,activo
2011-10,14813,inactivo,inactivo,inactivo,inactivo
2011-10,14815,activo,activo,latente,activo
2011-10,14816,inactivo,inactivo,inactivo,inactivo
2011-10,14817,inactivo,inactivo,inactivo,inactivo
2011-10,14818,latente,inactivo,inactivo,latente
2011-10,14819,activo,latente,latente,activo
2011-10,14820,latente,activo,inactivo,latente
2011-10,14821,inactivo,inactivo,inactivo,inactivo
2011-10,14823,inactivo,inactivo,inactivo,inactivo
2011-10,14824,latente,activo,inactivo,latente
2011-10,14825,activo,activo,latente,activo
2011-10,14828,inactivo,inactivo,inactivo,inactivo
2011-10,14829,inactivo,activo,inactivo,inactivo
2011-10,14830,activo,latente,latente,activo
2011-10,14834,activo,activo,latente,activo
2011-10,14837,latente,inactivo,inactivo,latente
2011-10,14840,inactivo,inactivo,inactivo,inactivo
2011-10,14841,activo,latente,latente,activo
2011-10,14842,activo,latente,latente,activo
2011-10,14844,activo,latente,latente,activo
2011-10,14847,inactivo,inactivo,inactivo,inactivo
2011-10,14849,activo,activo,latente,activo
2011-10,14850,inactivo,inactivo,inactivo,inactivo
2011-10,14851,inactivo,activo,inactivo,inactivo
2011-10,14852,activo,latente,latente,activo
2011-10,14853,inactivo,activo,inactivo,inactivo
2011-10,14854,latente,inactivo,inactivo,latente
2011-10,14855,inactivo,inactivo,inactivo,inactivo
2011-10,14856,activo,activo,latente,activo
2011-10,14857,activo,latente,latente,activo
2011-10,14859,latente,activo,inactivo,latente
2011-10,14861,activo,latente,latente,activo
2011-10,14862,inactivo,activo,inactivo,inactivo
2011-10,14865,inactivo,inactivo,inactivo,inactivo
2011-10,14866,activo,activo,latente,activo
2011-10,14867,inactivo,inactivo,inactivo,inactivo
2011-10,14868,latente,activo,inactivo,latente
2011-10,14869,inactivo,inactivo,inactivo,inactivo
2011-10,14870,inactivo,inactivo,inactivo,inactivo
2011-10,14871,inactivo,inactivo,inactivo,inactivo
2011-10,14873,inactivo,inactivo,inactivo,inactivo
2011-10,14875,inactivo,inactivo,inactivo,inactivo
2011-10,14878,latente,activo,inactivo,latente
2011-10,14880,latente,inactivo,inactivo,latente
2011-10,14883,activo,activo,latente,activo
2011-10,14885,inactivo,inactivo,inactivo,inactivo
2011-10,14886,inactivo,inactivo,inactivo,inactivo
2011-10,14887,latente,inactivo,inactivo,latente
2011-10,14888,inactivo,inactivo,inactivo,inactivo
2011-10,14889,inactivo,inactivo,inactivo,inactivo
2011-10,14890,inactivo,inactivo,inactivo,inactivo
2011-10,14891,inactivo,inactivo,inactivo,inactivo
2011-10,14894,latente,inactivo,inactivo,latente
2011-10,14895,activo,activo,latente,activo
2011-10,14896,inactivo,inactivo,inactivo,inactivo
2011-10,14897,activo,latente,latente,activo
2011-10,14898,inactivo,activo,inactivo,inactivo
2011-10,14901,latente,activo,inactivo,latente
2011-10,14903,inactivo,activo,inactivo,inactivo
2011-10,14905,inactivo,inactivo,inactivo,inactivo
2011-10,14907,latente,activo,inactivo,latente
2011-10,14908,latente,inactivo,inactivo,latente
2011-10,14910,activo,activo,latente,activo
2011-10,14911,activo,activo,latente,activo
2011-10,14912,inactivo,activo,inactivo,inactivo
2011-10,14913,inactivo,activo,inactivo,inactivo
2011-10,14915,latente,inactivo,inactivo,latente
2011-10,14916,latente,inactivo,inactivo,latente
2011-10,14918,inactivo,inactivo,inactivo,inactivo
2011-10,14920,inactivo,inactivo,inactivo,inactivo
2011-10,14921,inactivo,activo,inactivo,inactivo
2011-10,14923,activo,latente,latente,activo
2011-10,14924,inactivo,inactivo,inactivo,inactivo
2011-10,14930,inactivo,inactivo,inactivo,inactivo
2011-10,14931,latente,activo,inactivo,latente
2011-10,14932,inactivo,inactivo,inactivo,inactivo
2011-10,14934,latente,inactivo,inactivo,latente
2011-10,14935,inactivo,inactivo,inactivo,inactivo
2011-10,14936,activo,activo,latente,activo
2011-10,14937,activo,latente,latente,activo
2011-10,14944,latente,activo,inactivo,latente
2011-10,14947,latente,inactivo,inactivo,latente
2011-10,14948,latente,activo,inactivo,latente
2011-10,14951,latente,inactivo,inactivo,latente
2011-10,14952,activo,latente,latente,activo
2011-10,14957,inactivo,inactivo,inactivo,inactivo
2011-10,14958,inactivo,inactivo,inactivo,inactivo
2011-10,14959,activo,latente,latente,activo
2011-10,14960,inactivo,inactivo,inactivo,inactivo
2011-10,14961,latente,activo,inactivo,latente
2011-10,14962,inactivo,inactivo,inactivo,inactivo
2011-10,14963,activo,activo,latente,activo
2011-10,14964,inactivo,inactivo,inactivo,inactivo
2011-10,14965,latente,inactivo,inactivo,latente
2011-10,14967,activo,latente,latente,activo
2011-10,14970,activo,latente,latente,activo
2011-10,14971,activo,activo,latente,activo
2011-10,14972,inactivo,inactivo,inactivo,inactivo
2011-10,14973,inactivo,inactivo,inactivo,inactivo
2011-10,14975,activo,latente,latente,activo
2011-10,14976,activo,latente,latente,activo
2011-10,14978,latente,inactivo,inactivo,latente
2011-10,14981,inactivo,inactivo,inactivo,inactivo
2011-10,14984,inactivo,activo,inactivo,inactivo
2011-10,14985,inactivo,inactivo,inactivo,inactivo
2011-10,14987,inactivo,activo,inactivo,inactivo
2011-10,14988,inactivo,inactivo,inactivo,inactivo
2011-10,14995,inactivo,activo,inactivo,inactivo
2011-10,14997,activo,latente,latente,activo
2011-10,14998,inactivo,inactivo,inactivo,inactivo
2011-10,15000,activo,latente,latente,activo
2011-10,15002,inactivo,inactivo,inactivo,inactivo
2011-10,15004,inactivo,inactivo,inactivo,inactivo
2011-10,15005,activo,activo,latente,activo
2011-10,15006,activo,latente,latente,activo
2011-10,15007,inactivo,inactivo,inactivo,inactivo
2011-10,15012,activo,latente,latente,activo
2011-10,15014,activo,latente,latente,activo
2011-10,15016,inactivo,inactivo,inactivo,inactivo
2011-10,15018,inactivo,activo,inactivo,inactivo
2011-10,15019,inactivo,inactivo,inactivo,inactivo
2011-10,15021,latente,activo,inactivo,latente
2011-10,15022,activo,activo,latente,activo
2011-10,15023,activo,latente,latente,activo
2011-10,15024,activo,activo,latente,activo
2011-10,15026,latente,inactivo,inactivo,latente
2011-10,15027,inactivo,activo,inactivo,inactivo
2011-10,15028,activo,latente,latente,activo
2011-10,15030,latente,inactivo,inactivo,latente
2011-10,15031,inactivo,activo,inactivo,inactivo
2011-10,15032,inactivo,inactivo,inactivo,inactivo
2011-10,15033,activo,activo,latente,activo
2011-10,15034,latente,activo,inactivo,latente
2011-10,15035,latente,inactivo,inactivo,latente
2011-10,15036,latente,inactivo,inactivo,latente
2011-10,15038,activo,latente,latente,activo
2011-10,15039,activo,activo,latente,activo
2011-10,15041,inactivo,inactivo,inactivo,inactivo
2011-10,15042,inactivo,inactivo,inactivo,inactivo
2011-10,15044,activo,activo,latente,activo
2011-10,15045,inactivo,inactivo,inactivo,inactivo
2011-10,15046,activo,activo,latente,activo
2011-10,15047,inactivo,inactivo,inactivo,inactivo
2011-10,15048,activo,latente,latente,activo
2011-10,15049,inactivo,inactivo,inactivo,inactivo
2011-10,15050,latente,activo,inactivo,latente
2011-10,15051,activo,activo,latente,activo
2011-10,15052,inactivo,inactivo,inactivo,inactivo
2011-10,15053,inactivo,inactivo,inactivo,inactivo
2011-10,15054,activo,activo,latente,activo
2011-10,15057,inactivo,inactivo,inactivo,inactivo
2011-10,15058,activo,activo,latente,activo
2011-10,15059,activo,latente,latente,activo
2011-10,15061,activo,activo,latente,activo
2011-10,15062,latente,inactivo,inactivo,latente
2011-10,15063,inactivo,inactivo,inactivo,inactivo
2011-10,15065,inactivo,activo,inactivo,inactivo
2011-10,15066,activo,latente,latente,activo
2011-10,15067,latente,inactivo,inactivo,latente
2011-10,15068,activo,latente,latente,activo
2011-10,15069,inactivo,inactivo,inactivo,inactivo
2011-10,15070,inactivo,inactivo,inactivo,inactivo
2011-10,15071,latente,inactivo,inactivo,latente
2011-10,15073,inactivo,activo,inactivo,inactivo
2011-10,15074,inactivo,inactivo,inactivo,inactivo
2011-10,15075,latente,inactivo,inactivo,latente
2011-10,15076,inactivo,inactivo,inactivo,inactivo
2011-10,15078,activo,activo,latente,activo
2011-10,15079,inactivo,inactivo,inactivo,inactivo
2011-10,15081,activo,activo,latente,activo
2011-10,15083,inactivo,inactivo,inactivo,inactivo
2011-10,15087,inactivo,inactivo,inactivo,inactivo
2011-10,15088,activo,activo,latente,activo
2011-10,15089,activo,activo,latente,activo
2011-10,15090,inactivo,inactivo,inactivo,inactivo
2011-10,15091,activo,latente,latente,activo
2011-10,15092,inactivo,inactivo,inactivo,inactivo
2011-10,15093,inactivo,activo,inactivo,inactivo
2011-10,15095,inactivo,inactivo,inactivo,inactivo
2011-10,15096,activo,latente,latente,activo
2011-10,15098,inactivo,inactivo,inactivo,inactivo
2011-10,15099,latente,inactivo,inactivo,latente
2011-10,15100,inactivo,inactivo,inactivo,inactivo
2011-10,15101,inactivo,inactivo,inactivo,inactivo
2011-10,15103,latente,activo,inactivo,latente
2011-10,15104,inactivo,inactivo,inactivo,inactivo
2011-10,15105,activo,activo,latente,activo
2011-10,15106,activo,activo,latente,activo
2011-10,15107,inactivo,inactivo,inactivo,inactivo
2011-10,15108,inactivo,inactivo,inactivo,inactivo
2011-10,15109,inactivo,inactivo,inactivo,inactivo
2011-10,15110,activo,activo,latente,activo
2011-10,15111,activo,activo,latente,activo
2011-10,15113,activo,activo,latente,activo
2011-10,15114,latente,activo,inactivo,latente
2011-10,15116,activo,activo,latente,activo
2011-10,15117,activo,activo,latente,activo
2011-10,15118,inactivo,inactivo,inactivo,inactivo
2011-10,15119,inactivo,inactivo,inactivo,inactivo
2011-10,15120,inactivo,inactivo,inactivo,inactivo
2011-10,15121,activo,latente,latente,activo
2011-10,15122,inactivo,inactivo,inactivo,inactivo
2011-10,15123,inactivo,inactivo,inactivo,inactivo
2011-10,15124,inactivo,activo,inactivo,inactivo
2011-10,15125,activo,activo,latente,activo
2011-10,15127,activo,latente,latente,activo
2011-10,15128,activo,latente,latente,activo
2011-10,15129,activo,latente,latente,activo
2011-10,15130,inactivo,inactivo,inactivo,inactivo
2011-10,15132,activo,activo,latente,activo
2011-10,15133,inactivo,inactivo,inactivo,inactivo
2011-10,15134,activo,activo,latente,activo
2011-10,15135,inactivo,inactivo,inactivo,inactivo
2011-10,15136,latente,activo,inactivo,latente
2011-10,15139,inactivo,inactivo,inactivo,inactivo
2011-10,15140,activo,latente,latente,activo
2011-10,15142,activo,latente,latente,activo
2011-10,15143,inactivo,inactivo,inactivo,inactivo
2011-10,15144,activo,activo,latente,activo
2011-10,15145,activo,latente,latente,activo
2011-10,15146,inactivo,inactivo,inactivo,inactivo
2011-10,15147,inactivo,inactivo,inactivo,inactivo
2011-10,15149,inactivo,inactivo,inactivo,inactivo
2011-10,15150,latente,activo,inactivo,latente
2011-10,15152,activo,activo,latente,activo
2011-10,15154,latente,inactivo,inactivo,latente
2011-10,15157,inactivo,inactivo,inactivo,inactivo
2011-10,15158,activo,latente,latente,activo
2011-10,15159,activo,activo,latente,activo
2011-10,15160,inactivo,inactivo,inactivo,inactivo
2011-10,15163,inactivo,activo,inactivo,inactivo
2011-10,15164,activo,latente,latente,activo
2011-10,15165,inactivo,inactivo,inactivo,inactivo
2011-10,15167,inactivo,inactivo,inactivo,inactivo
2011-10,15171,inactivo,inactivo,inactivo,inactivo
2011-10,15172,latente,inactivo,inactivo,latente
2011-10,15174,inactivo,inactivo,inactivo,inactivo
2011-10,15175,latente,inactivo,inactivo,latente
2011-10,15178,inactivo,inactivo,inactivo,inactivo
2011-10,15179,activo,activo,latente,activo
2011-10,15180,inactivo,inactivo,inactivo,inactivo
2011-10,15181,activo,latente,latente,activo
2011-10,15182,inactivo,inactivo,inactivo,inactivo
2011-10,15184,inactivo,activo,inactivo,inactivo
2011-10,15185,latente,inactivo,inactivo,latente
2011-10,15186,inactivo,activo,inactivo,inactivo
2011-10,15187,activo,activo,latente,activo
2011-10,15189,activo,activo,latente,activo
2011-10,15192,inactivo,inactivo,inactivo,inactivo
2011-10,15193,activo,latente,latente,activo
2011-10,15194,latente,activo,inactivo,latente
2011-10,15197,inactivo,activo,inactivo,inactivo
2011-10,15198,latente,inactivo,inactivo,latente
2011-10,15199,activo,latente,latente,activo
2011-10,15201,latente,inactivo,inactivo,latente
2011-10,15203,latente,activo,inactivo,latente
2011-10,15204,inactivo,inactivo,inactivo,inactivo
2011-10,15205,latente,inactivo,inactivo,latente
2011-10,15206,latente,activo,inactivo,latente
2011-10,15208,activo,activo,latente,activo
2011-10,15210,inactivo,inactivo,inactivo,inactivo
2011-10,15211,activo,latente,latente,activo
2011-10,15212,inactivo,inactivo,inactivo,inactivo
2011-10,15213,inactivo,inactivo,inactivo,inactivo
2011-10,15214,activo,activo,latente,activo
2011-10,15215,activo,latente,latente,activo
2011-10,15216,latente,inactivo,inactivo,latente
2011-10,15218,activo,activo,latente,activo
2011-10,15219,inactivo,inactivo,inactivo,inactivo
2011-10,15220,activo,latente,latente,activo
2011-10,15221,inactivo,inactivo,inactivo,inactivo
2011-10,15222,inactivo,inactivo,inactivo,inactivo
2011-10,15223,inactivo,inactivo,inactivo,inactivo
2011-10,15224,inactivo,inactivo,inactivo,inactivo
2011-10,15225,inactivo,inactivo,inactivo,inactivo
2011-10,15226,inactivo,inactivo,inactivo,inactivo
2011-10,15227,inactivo,activo,inactivo,inactivo
2011-10,15228,activo,latente,latente,activo
2011-10,15230,inactivo,inactivo,inactivo,inactivo
2011-10,15232,inactivo,inactivo,inactivo,inactivo
2011-10,15234,inactivo,inactivo,inactivo,inactivo
2011-10,15235,inactivo,inactivo,inactivo,inactivo
2011-10,15236,inactivo,inactivo,inactivo,inactivo
2011-10,15237,latente,inactivo,inactivo,latente
2011-10,15238,latente,activo,inactivo,latente
2011-10,15239,latente,activo,inactivo,latente
2011-10,15240,activo,latente,latente,activo
2011-10,15241,activo,latente,latente,activo
2011-10,15243,latente,inactivo,inactivo,latente
2011-10,15244,activo,latente,latente,activo
2011-10,15245,inactivo,inactivo,inactivo,inactivo
2011-10,15246,inactivo,inactivo,inactivo,inactivo
2011-10,15247,inactivo,inactivo,inactivo,inactivo
2011-10,15249,activo,activo,latente,activo
2011-10,15251,activo,activo,latente,activo
2011-10,15252,inactivo,activo,inactivo,inactivo
2011-10,15253,latente,activo,inactivo,latente
2011-10,15254,inactivo,inactivo,inactivo,inactivo
2011-10,15255,activo,latente,latente,activo
2011-10,15256,inactivo,inactivo,inactivo,inactivo
2011-10,15257,inactivo,inactivo,inactivo,inactivo
2011-10,15258,inactivo,inactivo,inactivo,inactivo
2011-10,15260,inactivo,inactivo,inactivo,inactivo
2011-10,15261,inactivo,inactivo,inactivo,inactivo
2011-10,15262,inactivo,inactivo,inactivo,inactivo
2011-10,15263,inactivo,inactivo,inactivo,inactivo
2011-10,15264,activo,latente,latente,activo
2011-10,15265,inactivo,inactivo,inactivo,inactivo
2011-10,15266,inactivo,inactivo,inactivo,inactivo
2011-10,15267,activo,activo,latente,activo
2011-10,15270,inactivo,activo,inactivo,inactivo
2011-10,15271,activo,activo,latente,activo
2011-10,15272,activo,latente,latente,activo
2011-10,15276,activo,latente,latente,activo
2011-10,15277,activo,latente,latente,activo
2011-10,15279,inactivo,inactivo,inactivo,inactivo
2011-10,15280,inactivo,inactivo,inactivo,inactivo
2011-10,15281,activo,latente,latente,activo
2011-10,15286,activo,latente,latente,activo
2011-10,15287,latente,activo,inactivo,latente
2011-10,15288,activo,latente,latente,activo
2011-10,15289,inactivo,activo,inactivo,inactivo
2011-10,15290,activo,activo,latente,activo
2011-10,15291,latente,activo,inactivo,latente
2011-10,15292,inactivo,inactivo,inactivo,inactivo
2011-10,15296,activo,latente,latente,activo
2011-10,15297,activo,activo,latente,activo
2011-10,15298,activo,activo,latente,activo
2011-10,15299,activo,latente,latente,activo
2011-10,15300,activo,latente,latente,activo
2011-10,15301,activo,latente,latente,activo
2011-10,15303,inactivo,inactivo,inactivo,inactivo
2011-10,15304,activo,latente,latente,activo
2011-10,15306,activo,latente,latente,activo
2011-10,15307,latente,inactivo,inactivo,latente
2011-10,15308,inactivo,inactivo,inactivo,inactivo
2011-10,15311,activo,activo,latente,activo
2011-10,15312,latente,inactivo,inactivo,latente
2011-10,15313,inactivo,inactivo,inactivo,inactivo
2011-10,15314,inactivo,inactivo,inactivo,inactivo
2011-10,15315,activo,latente,latente,activo
2011-10,15316,inactivo,inactivo,inactivo,inactivo
2011-10,15319,inactivo,inactivo,inactivo,inactivo
2011-10,15320,activo,latente,latente,activo
2011-10,15321,latente,inactivo,inactivo,latente
2011-10,15322,latente,inactivo,inactivo,latente
2011-10,15325,inactivo,inactivo,inactivo,inactivo
2011-10,15326,inactivo,inactivo,inactivo,inactivo
2011-10,15327,activo,latente,latente,activo
2011-10,15329,activo,latente,latente,activo
2011-10,15330,activo,activo,latente,activo
2011-10,15332,inactivo,inactivo,inactivo,inactivo
2011-10,15333,inactivo,inactivo,inactivo,inactivo
2011-10,15334,inactivo,inactivo,inactivo,inactivo
2011-10,15335,activo,latente,latente,activo
2011-10,15339,activo,latente,latente,activo
2011-10,15341,latente,inactivo,inactivo,latente
2011-10,15342,inactivo,inactivo,inactivo,inactivo
2011-10,15343,latente,inactivo,inactivo,latente
2011-10,15344,latente,activo,inactivo,latente
2011-10,15345,activo,latente,latente,activo
2011-10,15346,inactivo,inactivo,inactivo,inactivo
2011-10,15347,inactivo,inactivo,inactivo,inactivo
2011-10,15348,latente,inactivo,inactivo,latente
2011-10,15349,inactivo,inactivo,inactivo,inactivo
2011-10,15350,inactivo,inactivo,inactivo,inactivo
2011-10,15351,activo,activo,latente,activo
2011-10,15353,inactivo,inactivo,inactivo,inactivo
2011-10,15355,activo,activo,latente,activo
2011-10,15356,latente,activo,inactivo,latente
2011-10,15358,activo,activo,latente,activo
2011-10,15360,activo,latente,latente,activo
2011-10,15361,inactivo,inactivo,inactivo,inactivo
2011-10,15363,inactivo,inactivo,inactivo,inactivo
2011-10,15364,latente,inactivo,inactivo,latente
2011-10,15365,latente,activo,inactivo,latente
2011-10,15366,latente,inactivo,inactivo,latente
2011-10,15367,activo,latente,latente,activo
2011-10,15370,activo,latente,latente,activo
2011-10,15372,inactivo,inactivo,inactivo,inactivo
2011-10,15373,inactivo,activo,inactivo,inactivo
2011-10,15374,inactivo,inactivo,inactivo,inactivo
2011-10,15376,activo,latente,latente,activo
2011-10,15379,inactivo,inactivo,inactivo,inactivo
2011-10,15380,activo,latente,latente,activo
2011-10,15381,inactivo,inactivo,inactivo,inactivo
2011-10,15382,latente,activo,inactivo,latente
2011-10,15384,inactivo,inactivo,inactivo,inactivo
2011-10,15385,activo,latente,latente,activo
2011-10,15386,inactivo,inactivo,inactivo,inactivo
2011-10,15388,inactivo,inactivo,inactivo,inactivo
2011-10,15389,inactivo,inactivo,inactivo,inactivo
2011-10,15392,latente,activo,inactivo,latente
2011-10,15393,inactivo,activo,inactivo,inactivo
2011-10,15394,latente,activo,inactivo,latente
2011-10,15395,inactivo,inactivo,inactivo,inactivo
2011-10,15396,inactivo,inactivo,inactivo,inactivo
2011-10,15397,inactivo,inactivo,inactivo,inactivo
2011-10,15398,latente,activo,inactivo,latente
2011-10,15399,latente,activo,inactivo,latente
2011-10,15400,latente,inactivo,inactivo,latente
2011-10,15402,inactivo,inactivo,inactivo,inactivo
2011-10,15405,inactivo,inactivo,inactivo,inactivo
2011-10,15406,inactivo,activo,inactivo,inactivo
2011-10,15407,inactivo,activo,inactivo,inactivo
2011-10,15408,inactivo,inactivo,inactivo,inactivo
2011-10,15410,latente,inactivo,inactivo,latente
2011-10,15411,latente,activo,inactivo,latente
2011-10,15412,inactivo,inactivo,inactivo,inactivo
2011-10,15414,inactivo,activo,inactivo,inactivo
2011-10,15415,inactivo,inactivo,inactivo,inactivo
2011-10,15416,activo,latente,latente,activo
2011-10,15417,latente,inactivo,inactivo,latente
2011-10,15421,activo,latente,latente,activo
2011-10,15422,inactivo,inactivo,inactivo,inactivo
2011-10,15424,inactivo,inactivo,inactivo,inactivo
2011-10,15426,inactivo,activo,inactivo,inactivo
2011-10,15427,activo,activo,latente,activo
2011-10,15429,latente,activo,inactivo,latente
2011-10,15433,inactivo,inactivo,inactivo,inactivo
2011-10,15434,inactivo,activo,inactivo,inactivo
2011-10,15436,activo,activo,latente,activo
2011-10,15437,inactivo,inactivo,inactivo,inactivo
2011-10,15438,inactivo,inactivo,inactivo,inactivo
2011-10,15440,activo,latente,latente,activo
2011-10,15442,inactivo,inactivo,inactivo,inactivo
2011-10,15443,activo,activo,latente,activo
2011-10,15444,activo,activo,latente,activo
2011-10,15445,inactivo,inactivo,inactivo,inactivo
2011-10,15447,inactivo,inactivo,inactivo,inactivo
2011-10,15448,inactivo,inactivo,inactivo,inactivo
2011-10,15449,inactivo,activo,inactivo,inactivo
2011-10,15452,latente,activo,inactivo,latente
2011-10,15453,activo,activo,latente,activo
2011-10,15454,inactivo,inactivo,inactivo,inactivo
2011-10,15456,inactivo,inactivo,inactivo,inactivo
2011-10,15457,inactivo,inactivo,inactivo,inactivo
2011-10,15460,inactivo,inactivo,inactivo,inactivo
2011-10,15462,latente,inactivo,inactivo,latente
2011-10,15464,inactivo,inactivo,inactivo,inactivo
2011-10,15465,activo,activo,latente,activo
2011-10,15466,latente,inactivo,inactivo,latente
2011-10,15467,inactivo,activo,inactivo,inactivo
2011-10,15468,activo,latente,latente,activo
2011-10,15469,activo,latente,latente,activo
2011-10,15472,inactivo,inactivo,inactivo,inactivo
2011-10,15473,activo,activo,latente,activo
2011-10,15475,latente,inactivo,inactivo,latente
2011-10,15478,activo,latente,latente,activo
2011-10,15480,inactivo,inactivo,inactivo,inactivo
2011-10,15482,activo,activo,latente,activo
2011-10,15483,inactivo,inactivo,inactivo,inactivo
2011-10,15484,activo,activo,latente,activo
2011-10,15485,inactivo,activo,inactivo,inactivo
2011-10,15488,latente,inactivo,inactivo,latente
2011-10,15489,activo,activo,latente,activo
2011-10,15491,latente,inactivo,inactivo,latente
2011-10,15492,latente,activo,inactivo,latente
2011-10,15493,inactivo,activo,inactivo,inactivo
2011-10,15494,inactivo,activo,inactivo,inactivo
2011-10,15497,inactivo,activo,inactivo,inactivo
2011-10,15498,activo,activo,latente,activo
2011-10,15500,latente,activo,inactivo,latente
2011-10,15502,activo,activo,latente,activo
2011-10,15503,inactivo,inactivo,inactivo,inactivo
2011-10,15504,latente,inactivo,inactivo,latente
2011-10,15505,activo,latente,latente,activo
2011-10,15506,activo,activo,latente,activo
2011-10,15507,inactivo,inactivo,inactivo,inactivo
2011-10,15508,inactivo,inactivo,inactivo,inactivo
2011-10,15510,inactivo,inactivo,inactivo,inactivo
2011-10,15511,activo,activo,latente,activo
2011-10,15512,inactivo,inactivo,inactivo,inactivo
2011-10,15513,activo,activo,latente,activo
2011-10,15514,inactivo,activo,inactivo,inactivo
2011-10,15516,activo,latente,latente,activo
2011-10,15517,inactivo,inactivo,inactivo,inactivo
2011-10,15518,activo,latente,latente,activo
2011-10,15521,activo,latente,latente,activo
2011-10,15522,latente,activo,inactivo,latente
2011-10,15523,latente,inactivo,inactivo,latente
2011-10,15525,inactivo,activo,inactivo,inactivo
2011-10,15527,latente,activo,inactivo,latente
2011-10,15528,inactivo,inactivo,inactivo,inactivo
2011-10,15529,activo,activo,latente,activo
2011-10,15530,inactivo,activo,inactivo,inactivo
2011-10,15532,inactivo,activo,inactivo,inactivo
2011-10,15533,latente,activo,inactivo,latente
2011-10,15535,inactivo,inactivo,inactivo,inactivo
2011-10,15537,inactivo,inactivo,inactivo,inactivo
2011-10,15541,inactivo,inactivo,inactivo,inactivo
2011-10,15543,inactivo,inactivo,inactivo,inactivo
2011-10,15544,inactivo,activo,inactivo,inactivo
2011-10,15545,activo,latente,latente,activo
2011-10,15547,activo,latente,latente,activo
2011-10,15549,latente,inactivo,inactivo,latente
2011-10,15550,inactivo,inactivo,inactivo,inactivo
2011-10,15552,inactivo,inactivo,inactivo,inactivo
2011-10,15553,activo,latente,latente,activo
2011-10,15554,inactivo,inactivo,inactivo,inactivo
2011-10,15555,activo,activo,latente,activo
2011-10,15561,inactivo,activo,inactivo,inactivo
2011-10,15562,inactivo,inactivo,inactivo,inactivo
2011-10,15563,inactivo,activo,inactivo,inactivo
2011-10,15565,activo,latente,latente,activo
2011-10,15568,activo,latente,latente,activo
2011-10,15569,inactivo,inactivo,inactivo,inactivo
2011-10,15570,inactivo,activo,inactivo,inactivo
2011-10,15571,latente,activo,inactivo,latente
2011-10,15572,inactivo,activo,inactivo,inactivo
2011-10,15573,latente,activo,inactivo,latente
2011-10,15574,inactivo,inactivo,inactivo,inactivo
2011-10,15577,inactivo,inactivo,inactivo,inactivo
2011-10,15578,inactivo,inactivo,inactivo,inactivo
2011-10,15579,activo,latente,latente,activo
2011-10,15581,inactivo,inactivo,inactivo,inactivo
2011-10,15582,inactivo,activo,inactivo,inactivo
2011-10,15584,activo,activo,latente,activo
2011-10,15585,inactivo,inactivo,inactivo,inactivo
2011-10,15587,activo,latente,latente,activo
2011-10,15589,inactivo,inactivo,inactivo,inactivo
2011-10,15592,activo,latente,latente,activo
2011-10,15593,latente,inactivo,inactivo,latente
2011-10,15594,latente,activo,inactivo,latente
2011-10,15596,inactivo,inactivo,inactivo,inactivo
2011-10,15598,activo,latente,latente,activo
2011-10,15599,inactivo,activo,inactivo,inactivo
2011-10,15601,activo,activo,latente,activo
2011-10,15602,latente,activo,inactivo,latente
2011-10,15603,latente,inactivo,inactivo,latente
2011-10,15604,activo,latente,latente,activo
2011-10,15605,latente,activo,inactivo,latente
2011-10,15606,activo,latente,latente,activo
2011-10,15607,inactivo,inactivo,inactivo,inactivo
2011-10,15608,activo,activo,latente,activo
2011-10,15609,inactivo,inactivo,inactivo,inactivo
2011-10,15610,activo,latente,latente,activo
2011-10,15611,activo,activo,latente,activo
2011-10,15612,activo,activo,latente,activo
2011-10,15615,activo,activo,latente,activo
2011-10,15618,latente,activo,inactivo,latente
2011-10,15620,activo,latente,latente,activo
2011-10,15622,activo,latente,latente,activo
2011-10,15623,inactivo,inactivo,inactivo,inactivo
2011-10,15624,inactivo,inactivo,inactivo,inactivo
2011-10,15625,inactivo,inactivo,inactivo,inactivo
2011-10,15626,latente,inactivo,inactivo,latente
2011-10,15628,activo,activo,latente,activo
2011-10,15630,activo,latente,latente,activo
2011-10,15632,activo,activo,latente,activo
2011-10,15636,latente,inactivo,inactivo,latente
2011-10,15637,activo,latente,latente,activo
2011-10,15639,inactivo,inactivo,inactivo,inactivo
2011-10,15640,latente,activo,inactivo,latente
2011-10,15641,inactivo,inactivo,inactivo,inactivo
2011-10,15643,inactivo,inactivo,inactivo,inactivo
2011-10,15644,inactivo,inactivo,inactivo,inactivo
2011-10,15646,inactivo,inactivo,inactivo,inactivo
2011-10,15648,inactivo,inactivo,inactivo,inactivo
2011-10,15649,inactivo,inactivo,inactivo,inactivo
2011-10,15651,inactivo,activo,inactivo,inactivo
2011-10,15652,latente,inactivo,inactivo,latente
2011-10,15653,latente,inactivo,inactivo,latente
2011-10,15655,inactivo,inactivo,inactivo,inactivo
2011-10,15656,activo,latente,latente,activo
2011-10,15658,inactivo,inactivo,inactivo,inactivo
2011-10,15659,activo,latente,latente,activo
2011-10,15660,latente,activo,inactivo,latente
2011-10,15661,inactivo,inactivo,inactivo,inactivo
2011-10,15663,inactivo,inactivo,inactivo,inactivo
2011-10,15664,activo,latente,latente,activo
2011-10,15665,inactivo,inactivo,inactivo,inactivo
2011-10,15667,activo,latente,latente,activo
2011-10,15668,inactivo,inactivo,inactivo,inactivo
2011-10,15669,activo,latente,latente,activo
2011-10,15670,inactivo,inactivo,inactivo,inactivo
2011-10,15671,latente,activo,inactivo,latente
2011-10,15673,latente,inactivo,inactivo,latente
2011-10,15674,latente,inactivo,inactivo,latente
2011-10,15675,latente,inactivo,inactivo,latente
2011-10,15676,inactivo,activo,inactivo,inactivo
2011-10,15677,activo,latente,latente,activo
2011-10,15678,activo,latente,latente,activo
2011-10,15679,inactivo,activo,inactivo,inactivo
2011-10,15680,activo,activo,latente,activo
2011-10,15681,inactivo,activo,inactivo,inactivo
2011-10,15683,inactivo,inactivo,inactivo,inactivo
2011-10,15687,activo,activo,latente,activo
2011-10,15689,inactivo,inactivo,inactivo,inactivo
2011-10,15690,inactivo,inactivo,inactivo,inactivo
2011-10,15691,inactivo,inactivo,inactivo,inactivo
2011-10,15694,activo,activo,latente,activo
2011-10,15695,inactivo,inactivo,inactivo,inactivo
2011-10,15696,latente,activo,inactivo,latente
2011-10,15700,inactivo,inactivo,inactivo,inactivo
2011-10,15701,activo,latente,latente,activo
2011-10,15703,inactivo,inactivo,inactivo,inactivo
2011-10,15704,inactivo,inactivo,inactivo,inactivo
2011-10,15705,inactivo,inactivo,inactivo,inactivo
2011-10,15706,activo,latente,latente,activo
2011-10,15707,activo,activo,latente,activo
2011-10,15708,activo,latente,latente,activo
2011-10,15709,inactivo,inactivo,inactivo,inactivo
2011-10,15712,latente,activo,inactivo,latente
2011-10,15713,inactivo,inactivo,inactivo,inactivo
2011-10,15714,latente,activo,inactivo,latente
2011-10,15716,inactivo,inactivo,inactivo,inactivo
2011-10,15717,inactivo,inactivo,inactivo,inactivo
2011-10,15719,activo,activo,latente,activo
2011-10,15722,inactivo,activo,inactivo,inactivo
2011-10,15723,inactivo,inactivo,inactivo,inactivo
2011-10,15724,inactivo,inactivo,inactivo,inactivo
2011-10,15727,inactivo,activo,inactivo,inactivo
2011-10,15729,inactivo,inactivo,inactivo,inactivo
2011-10,15730,activo,latente,latente,activo
2011-10,15732,inactivo,inactivo,inactivo,inactivo
2011-10,15733,inactivo,inactivo,inactivo,inactivo
2011-10,15734,inactivo,inactivo,inactivo,inactivo
2011-10,15737,latente,activo,inactivo,latente
2011-10,15738,activo,activo,latente,activo
2011-10,15739,activo,latente,latente,activo
2011-10,15740,activo,latente,latente,activo
2011-10,15743,inactivo,activo,inactivo,inactivo
2011-10,15744,latente,inactivo,inactivo,latente
2011-10,15745,latente,activo,inactivo,latente
2011-10,15746,inactivo,inactivo,inactivo,inactivo
2011-10,15747,inactivo,activo,inactivo,inactivo
2011-10,15748,activo,latente,latente,activo
2011-10,15749,inactivo,inactivo,inactivo,inactivo
2011-10,15750,latente,activo,inactivo,latente
2011-10,15752,activo,latente,latente,activo
2011-10,15753,inactivo,inactivo,inactivo,inactivo
2011-10,15754,activo,latente,latente,activo
2011-10,15755,latente,activo,inactivo,latente
2011-10,15756,activo,latente,latente,activo
2011-10,15757,activo,latente,latente,activo
2011-10,15759,inactivo,inactivo,inactivo,inactivo
2011-10,15762,activo,latente,latente,activo
2011-10,15763,latente,activo,inactivo,latente
2011-10,15764,latente,inactivo,inactivo,latente
2011-10,15766,activo,latente,latente,activo
2011-10,15768,inactivo,inactivo,inactivo,inactivo
2011-10,15769,activo,activo,latente,activo
2011-10,15774,activo,latente,latente,activo
2011-10,15775,inactivo,inactivo,inactivo,inactivo
2011-10,15776,inactivo,inactivo,inactivo,inactivo
2011-10,15777,inactivo,inactivo,inactivo,inactivo
2011-10,15780,inactivo,inactivo,inactivo,inactivo
2011-10,15781,inactivo,activo,inactivo,inactivo
2011-10,15782,activo,activo,latente,activo
2011-10,15785,inactivo,activo,inactivo,inactivo
2011-10,15786,activo,latente,latente,activo
2011-10,15787,activo,activo,latente,activo
2011-10,15789,inactivo,inactivo,inactivo,inactivo
2011-10,15791,activo,latente,latente,activo
2011-10,15793,activo,activo,latente,activo
2011-10,15795,inactivo,inactivo,inactivo,inactivo
2011-10,15796,latente,activo,inactivo,latente
2011-10,15797,inactivo,inactivo,inactivo,inactivo
2011-10,15799,latente,inactivo,inactivo,latente
2011-10,15800,inactivo,inactivo,inactivo,inactivo
2011-10,15801,activo,latente,latente,activo
2011-10,15802,inactivo,inactivo,inactivo,inactivo
2011-10,15803,activo,latente,latente,activo
2011-10,15804,activo,activo,latente,activo
2011-10,15805,activo,activo,latente,activo
2011-10,15806,activo,latente,latente,activo
2011-10,15807,activo,latente,latente,activo
2011-10,15808,inactivo,inactivo,inactivo,inactivo
2011-10,15809,inactivo,activo,inactivo,inactivo
2011-10,15810,latente,inactivo,inactivo,latente
2011-10,15811,inactivo,activo,inactivo,inactivo
2011-10,15812,inactivo,inactivo,inactivo,inactivo
2011-10,15813,inactivo,inactivo,inactivo,inactivo
2011-10,15814,activo,activo,latente,activo
2011-10,15815,activo,latente,latente,activo
2011-10,15819,activo,latente,latente,activo
2011-10,15820,inactivo,inactivo,inactivo,inactivo
2011-10,15821,activo,latente,latente,activo
2011-10,15822,inactivo,inactivo,inactivo,inactivo
2011-10,15823,inactivo,inactivo,inactivo,inactivo
2011-10,15825,inactivo,inactivo,inactivo,inactivo
2011-10,15826,activo,latente,latente,activo
2011-10,15827,latente,inactivo,inactivo,latente
2011-10,15829,latente,inactivo,inactivo,latente
2011-10,15831,activo,latente,latente,activo
2011-10,15832,inactivo,inactivo,inactivo,inactivo
2011-10,15834,latente,inactivo,inactivo,latente
2011-10,15835,activo,latente,latente,activo
2011-10,15836,activo,latente,latente,activo
2011-10,15837,activo,latente,latente,activo
2011-10,15838,activo,activo,latente,activo
2011-10,15839,latente,activo,inactivo,latente
2011-10,15840,activo,latente,latente,activo
2011-10,15841,latente,inactivo,inactivo,latente
2011-10,15843,inactivo,inactivo,inactivo,inactivo
2011-10,15844,activo,latente,latente,activo
2011-10,15845,latente,activo,inactivo,latente
2011-10,15847,inactivo,activo,inactivo,inactivo
2011-10,15850,inactivo,activo,inactivo,inactivo
2011-10,15852,inactivo,inactivo,inactivo,inactivo
2011-10,15853,activo,latente,latente,activo
2011-10,15854,latente,inactivo,inactivo,latente
2011-10,15855,inactivo,inactivo,inactivo,inactivo
2011-10,15856,activo,latente,latente,activo
2011-10,15858,activo,activo,latente,activo
2011-10,15860,activo,latente,latente,activo
2011-10,15861,activo,activo,latente,activo
2011-10,15862,inactivo,inactivo,inactivo,inactivo
2011-10,15863,inactivo,activo,inactivo,inactivo
2011-10,15864,activo,activo,latente,activo
2011-10,15865,activo,latente,latente,activo
2011-10,15866,inactivo,inactivo,inactivo,inactivo
2011-10,15867,latente,activo,inactivo,latente
2011-10,15869,inactivo,inactivo,inactivo,inactivo
2011-10,15874,activo,latente,latente,activo
2011-10,15880,inactivo,inactivo,inactivo,inactivo
2011-10,15881,inactivo,inactivo,inactivo,inactivo
2011-10,15882,inactivo,inactivo,inactivo,inactivo
2011-10,15885,latente,inactivo,inactivo,latente
2011-10,15886,activo,latente,latente,activo
2011-10,15888,latente,inactivo,inactivo,latente
2011-10,15889,inactivo,inactivo,inactivo,inactivo
2011-10,15891,inactivo,inactivo,inactivo,inactivo
2011-10,15894,inactivo,inactivo,inactivo,inactivo
2011-10,15895,inactivo,inactivo,inactivo,inactivo
2011-10,15897,inactivo,inactivo,inactivo,inactivo
2011-10,15898,inactivo,inactivo,inactivo,inactivo
2011-10,15899,inactivo,inactivo,inactivo,inactivo
2011-10,15901,latente,activo,inactivo,latente
2011-10,15903,latente,activo,inactivo,latente
2011-10,15906,activo,activo,latente,activo
2011-10,15907,inactivo,inactivo,inactivo,inactivo
2011-10,15909,inactivo,inactivo,inactivo,inactivo
2011-10,15910,activo,activo,latente,activo
2011-10,15912,inactivo,inactivo,inactivo,inactivo
2011-10,15916,latente,activo,inactivo,latente
2011-10,15917,inactivo,inactivo,inactivo,inactivo
2011-10,15918,inactivo,inactivo,inactivo,inactivo
2011-10,15919,inactivo,activo,inactivo,inactivo
2011-10,15920,inactivo,inactivo,inactivo,inactivo
2011-10,15921,inactivo,inactivo,inactivo,inactivo
2011-10,15922,inactivo,inactivo,inactivo,inactivo
2011-10,15923,inactivo,inactivo,inactivo,inactivo
2011-10,15925,inactivo,inactivo,inactivo,inactivo
2011-10,15930,activo,latente,latente,activo
2011-10,15932,latente,inactivo,inactivo,latente
2011-10,15933,latente,activo,inactivo,latente
2011-10,15935,inactivo,inactivo,inactivo,inactivo
2011-10,15937,activo,latente,latente,activo
2011-10,15938,inactivo,inactivo,inactivo,inactivo
2011-10,15939,latente,inactivo,inactivo,latente
2011-10,15940,inactivo,inactivo,inactivo,inactivo
2011-10,15942,inactivo,inactivo,inactivo,inactivo
2011-10,15944,inactivo,inactivo,inactivo,inactivo
2011-10,15945,inactivo,inactivo,inactivo,inactivo
2011-10,15947,latente,inactivo,inactivo,latente
2011-10,15948,activo,latente,latente,activo
2011-10,15949,latente,activo,inactivo,latente
2011-10,15950,latente,activo,inactivo,latente
2011-10,15951,inactivo,inactivo,inactivo,inactivo
2011-10,15952,activo,activo,latente,activo
2011-10,15953,activo,activo,latente,activo
2011-10,15955,activo,activo,latente,activo
2011-10,15958,latente,inactivo,inactivo,latente
2011-10,15963,activo,activo,latente,activo
2011-10,15965,inactivo,activo,inactivo,inactivo
2011-10,15967,inactivo,activo,inactivo,inactivo
2011-10,15969,activo,latente,latente,activo
2011-10,15970,inactivo,inactivo,inactivo,inactivo
2011-10,15971,activo,activo,latente,activo
2011-10,15973,inactivo,inactivo,inactivo,inactivo
2011-10,15974,activo,latente,latente,activo
2011-10,15975,latente,inactivo,inactivo,latente
2011-10,15976,inactivo,inactivo,inactivo,inactivo
2011-10,15977,activo,activo,latente,activo
2011-10,15978,latente,inactivo,inactivo,latente
2011-10,15980,latente,inactivo,inactivo,latente
2011-10,15981,latente,activo,inactivo,latente
2011-10,15983,inactivo,activo,inactivo,inactivo
2011-10,15984,latente,inactivo,inactivo,latente
2011-10,15985,inactivo,inactivo,inactivo,inactivo
2011-10,15987,inactivo,activo,inactivo,inactivo
2011-10,15990,activo,latente,latente,activo
2011-10,15993,activo,activo,latente,activo
2011-10,15994,activo,latente,latente,activo
2011-10,15996,latente,inactivo,inactivo,latente
2011-10,15998,latente,activo,inactivo,latente
2011-10,16003,inactivo,activo,inactivo,inactivo
2011-10,16005,inactivo,activo,inactivo,inactivo
2011-10,16006,inactivo,inactivo,inactivo,inactivo
2011-10,16007,activo,latente,latente,activo
2011-10,16008,latente,activo,inactivo,latente
2011-10,16009,activo,activo,latente,activo
2011-10,16010,inactivo,inactivo,inactivo,inactivo
2011-10,16011,activo,activo,latente,activo
2011-10,16012,inactivo,activo,inactivo,inactivo
2011-10,16013,activo,activo,latente,activo
2011-10,16014,inactivo,activo,inactivo,inactivo
2011-10,16015,activo,activo,latente,activo
2011-10,16016,latente,activo,inactivo,latente
2011-10,16017,activo,latente,latente,activo
2011-10,16018,activo,latente,latente,activo
2011-10,16019,activo,latente,latente,activo
2011-10,16020,activo,activo,latente,activo
2011-10,16022,inactivo,inactivo,inactivo,inactivo
2011-10,16023,activo,latente,latente,activo
2011-10,16026,activo,latente,latente,activo
2011-10,16027,latente,inactivo,inactivo,latente
2011-10,16029,activo,activo,latente,activo
2011-10,16030,inactivo,inactivo,inactivo,inactivo
2011-10,16031,latente,inactivo,inactivo,latente
2011-10,16033,activo,activo,latente,activo
2011-10,16034,inactivo,inactivo,inactivo,inactivo
2011-10,16036,latente,inactivo,inactivo,latente
2011-10,16037,inactivo,inactivo,inactivo,inactivo
2011-10,16038,inactivo,inactivo,inactivo,inactivo
2011-10,16040,activo,latente,latente,activo
2011-10,16041,inactivo,activo,inactivo,inactivo
2011-10,16042,activo,activo,latente,activo
2011-10,16043,inactivo,activo,inactivo,inactivo
2011-10,16045,inactivo,inactivo,inactivo,inactivo
2011-10,16048,inactivo,inactivo,inactivo,inactivo
2011-10,16049,activo,latente,latente,activo
2011-10,16050,inactivo,inactivo,inactivo,inactivo
2011-10,16052,activo,latente,latente,activo
2011-10,16053,inactivo,activo,inactivo,inactivo
2011-10,16054,inactivo,inactivo,inactivo,inactivo
2011-10,16055,inactivo,inactivo,inactivo,inactivo
2011-10,16056,activo,latente,latente,activo
2011-10,16057,latente,activo,inactivo,latente
2011-10,16059,activo,latente,latente,activo
2011-10,16062,inactivo,activo,inactivo,inactivo
2011-10,16063,inactivo,inactivo,inactivo,inactivo
2011-10,16065,inactivo,inactivo,inactivo,inactivo
2011-10,16066,activo,activo,latente,activo
2011-10,16071,activo,latente,latente,activo
2011-10,16072,inactivo,inactivo,inactivo,inactivo
2011-10,16073,inactivo,inactivo,inactivo,inactivo
2011-10,16076,activo,activo,latente,activo
2011-10,16078,inactivo,inactivo,inactivo,inactivo
2011-10,16079,activo,activo,latente,activo
2011-10,16080,latente,inactivo,inactivo,latente
2011-10,16081,activo,latente,latente,activo
2011-10,16083,inactivo,inactivo,inactivo,inactivo
2011-10,16084,inactivo,inactivo,inactivo,inactivo
2011-10,16085,activo,activo,latente,activo
2011-10,16086,activo,latente,latente,activo
2011-10,16091,inactivo,inactivo,inactivo,inactivo
2011-10,16092,inactivo,inactivo,inactivo,inactivo
2011-10,16093,inactivo,inactivo,inactivo,inactivo
2011-10,16094,inactivo,activo,inactivo,inactivo
2011-10,16096,inactivo,inactivo,inactivo,inactivo
2011-10,16097,inactivo,inactivo,inactivo,inactivo
2011-10,16098,latente,inactivo,inactivo,latente
2011-10,16099,activo,latente,latente,activo
2011-10,16101,latente,inactivo,inactivo,latente
2011-10,16102,activo,latente,latente,activo
2011-10,16103,latente,inactivo,inactivo,latente
2011-10,16104,activo,latente,latente,activo
2011-10,16105,inactivo,inactivo,inactivo,inactivo
2011-10,16106,activo,latente,latente,activo
2011-10,16107,activo,activo,latente,activo
2011-10,16108,latente,inactivo,inactivo,latente
2011-10,16109,inactivo,inactivo,inactivo,inactivo
2011-10,16110,activo,latente,latente,activo
2011-10,16112,inactivo,inactivo,inactivo,inactivo
2011-10,16113,inactivo,inactivo,inactivo,inactivo
2011-10,16114,inactivo,inactivo,inactivo,inactivo
2011-10,16115,activo,activo,latente,activo
2011-10,16116,inactivo,inactivo,inactivo,inactivo
2011-10,16117,inactivo,inactivo,inactivo,inactivo
2011-10,16119,latente,inactivo,inactivo,latente
2011-10,16120,activo,latente,latente,activo
2011-10,16121,activo,latente,latente,activo
2011-10,16122,latente,inactivo,inactivo,latente
2011-10,16123,activo,latente,latente,activo
2011-10,16124,inactivo,inactivo,inactivo,inactivo
2011-10,16125,inactivo,inactivo,inactivo,inactivo
2011-10,16126,inactivo,activo,inactivo,inactivo
2011-10,16127,activo,latente,latente,activo
2011-10,16128,latente,activo,inactivo,latente
2011-10,16131,activo,latente,latente,activo
2011-10,16133,activo,activo,latente,activo
2011-10,16134,inactivo,activo,inactivo,inactivo
2011-10,16135,inactivo,inactivo,inactivo,inactivo
2011-10,16136,activo,latente,latente,activo
2011-10,16139,inactivo,activo,inactivo,inactivo
2011-10,16140,activo,latente,latente,activo
2011-10,16141,latente,inactivo,inactivo,latente
2011-10,16142,inactivo,inactivo,inactivo,inactivo
2011-10,16143,inactivo,inactivo,inactivo,inactivo
2011-10,16144,inactivo,inactivo,inactivo,inactivo
2011-10,16145,activo,latente,latente,activo
2011-10,16146,inactivo,inactivo,inactivo,inactivo
2011-10,16147,inactivo,inactivo,inactivo,inactivo
2011-10,16148,inactivo,inactivo,inactivo,inactivo
2011-10,16149,inactivo,inactivo,inactivo,inactivo
2011-10,16150,activo,latente,latente,activo
2011-10,16152,inactivo,inactivo,inactivo,inactivo
2011-10,16153,activo,latente,latente,activo
2011-10,16156,activo,activo,latente,activo
2011-10,16157,latente,activo,inactivo,latente
2011-10,16159,inactivo,inactivo,inactivo,inactivo
2011-10,16160,activo,latente,latente,activo
2011-10,16161,activo,activo,latente,activo
2011-10,16162,inactivo,inactivo,inactivo,inactivo
2011-10,16163,inactivo,inactivo,inactivo,inactivo
2011-10,16164,activo,activo,latente,activo
2011-10,16168,activo,activo,latente,activo
2011-10,16169,activo,activo,latente,activo
2011-10,16170,activo,latente,latente,activo
2011-10,16171,activo,latente,latente,activo
2011-10,16172,latente,inactivo,inactivo,latente
2011-10,16173,activo,activo,latente,activo
2011-10,16174,inactivo,inactivo,inactivo,inactivo
2011-10,16175,latente,inactivo,inactivo,latente
2011-10,16177,activo,latente,latente,activo
2011-10,16178,inactivo,inactivo,inactivo,inactivo
2011-10,16179,activo,latente,latente,activo
2011-10,16180,inactivo,inactivo,inactivo,inactivo
2011-10,16181,latente,inactivo,inactivo,latente
2011-10,16182,latente,inactivo,inactivo,latente
2011-10,16183,activo,latente,latente,activo
2011-10,16184,activo,latente,latente,activo
2011-10,16185,inactivo,activo,inactivo,inactivo
2011-10,16186,activo,activo,latente,activo
2011-10,16187,activo,activo,latente,activo
2011-10,16188,activo,latente,latente,activo
2011-10,16189,latente,activo,inactivo,latente
2011-10,16190,activo,latente,latente,activo
2011-10,16191,activo,activo,latente,activo
2011-10,16193,inactivo,inactivo,inactivo,inactivo
2011-10,16198,latente,inactivo,inactivo,latente
2011-10,16200,inactivo,inactivo,inactivo,inactivo
2011-10,16201,activo,activo,latente,activo
2011-10,16202,inactivo,inactivo,inactivo,inactivo
2011-10,16203,activo,latente,latente,activo
2011-10,16205,activo,activo,latente,activo
2011-10,16206,activo,latente,latente,activo
2011-10,16208,activo,latente,latente,activo
2011-10,16209,latente,inactivo,inactivo,latente
2011-10,16210,activo,activo,latente,activo
2011-10,16211,latente,inactivo,inactivo,latente
2011-10,16212,inactivo,activo,inactivo,inactivo
2011-10,16213,latente,inactivo,inactivo,latente
2011-10,16214,inactivo,inactivo,inactivo,inactivo
2011-10,16215,latente,inactivo,inactivo,latente
2011-10,16216,inactivo,inactivo,inactivo,inactivo
2011-10,16217,inactivo,inactivo,inactivo,inactivo
2011-10,16218,inactivo,activo,inactivo,inactivo
2011-10,16221,inactivo,activo,inactivo,inactivo
2011-10,16222,inactivo,inactivo,inactivo,inactivo
2011-10,16224,activo,latente,latente,activo
2011-10,16225,activo,latente,latente,activo
2011-10,16226,inactivo,inactivo,inactivo,inactivo
2011-10,16227,inactivo,inactivo,inactivo,inactivo
2011-10,16229,latente,inactivo,inactivo,latente
2011-10,16230,inactivo,inactivo,inactivo,inactivo
2011-10,16232,activo,latente,latente,activo
2011-10,16233,latente,inactivo,inactivo,latente
2011-10,16235,activo,latente,latente,activo
2011-10,16236,latente,inactivo,inactivo,latente
2011-10,16239,activo,latente,latente,activo
2011-10,16240,latente,activo,inactivo,latente
2011-10,16241,activo,activo,latente,activo
2011-10,16242,activo,activo,latente,activo
2011-10,16243,activo,activo,latente,activo
2011-10,16244,inactivo,inactivo,inactivo,inactivo
2011-10,16245,inactivo,activo,inactivo,inactivo
2011-10,16247,inactivo,inactivo,inactivo,inactivo
2011-10,16248,activo,latente,latente,activo
2011-10,16249,activo,latente,latente,activo
2011-10,16250,inactivo,inactivo,inactivo,inactivo
2011-10,16253,activo,latente,latente,activo
2011-10,16255,latente,activo,inactivo,latente
2011-10,16256,inactivo,inactivo,inactivo,inactivo
2011-10,16257,inactivo,inactivo,inactivo,inactivo
2011-10,16258,activo,latente,latente,activo
2011-10,16260,activo,latente,latente,activo
2011-10,16261,latente,activo,inactivo,latente
2011-10,16265,activo,activo,latente,activo
2011-10,16266,latente,inactivo,inactivo,latente
2011-10,16268,latente,inactivo,inactivo,latente
2011-10,16270,inactivo,inactivo,inactivo,inactivo
2011-10,16271,inactivo,activo,inactivo,inactivo
2011-10,16272,inactivo,inactivo,inactivo,inactivo
2011-10,16274,inactivo,inactivo,inactivo,inactivo
2011-10,16275,inactivo,inactivo,inactivo,inactivo
2011-10,16276,inactivo,inactivo,inactivo,inactivo
2011-10,16278,inactivo,inactivo,inactivo,inactivo
2011-10,16279,latente,activo,inactivo,latente
2011-10,16281,latente,inactivo,inactivo,latente
2011-10,16282,inactivo,inactivo,inactivo,inactivo
2011-10,16283,activo,latente,latente,activo
2011-10,16284,activo,activo,latente,activo
2011-10,16287,inactivo,inactivo,inactivo,inactivo
2011-10,16292,inactivo,inactivo,inactivo,inactivo
2011-10,16293,activo,activo,latente,activo
2011-10,16295,activo,activo,latente,activo
2011-10,16297,inactivo,inactivo,inactivo,inactivo
2011-10,16298,activo,activo,latente,activo
2011-10,16302,inactivo,inactivo,inactivo,inactivo
2011-10,16303,inactivo,activo,inactivo,inactivo
2011-10,16305,inactivo,inactivo,inactivo,inactivo
2011-10,16306,inactivo,inactivo,inactivo,inactivo
2011-10,16308,inactivo,activo,inactivo,inactivo
2011-10,16309,inactivo,inactivo,inactivo,inactivo
2011-10,16311,activo,activo,latente,activo
2011-10,16313,activo,latente,latente,activo
2011-10,16315,inactivo,inactivo,inactivo,inactivo
2011-10,16316,activo,latente,latente,activo
2011-10,16317,inactivo,inactivo,inactivo,inactivo
2011-10,16319,inactivo,inactivo,inactivo,inactivo
2011-10,16320,inactivo,inactivo,inactivo,inactivo
2011-10,16321,latente,inactivo,inactivo,latente
2011-10,16323,inactivo,inactivo,inactivo,inactivo
2011-10,16324,inactivo,inactivo,inactivo,inactivo
2011-10,16325,activo,latente,latente,activo
2011-10,16326,activo,activo,latente,activo
2011-10,16327,latente,activo,inactivo,latente
2011-10,16330,inactivo,activo,inactivo,inactivo
2011-10,16332,activo,activo,latente,activo
2011-10,16333,activo,activo,latente,activo
2011-10,16338,inactivo,inactivo,inactivo,inactivo
2011-10,16339,inactivo,inactivo,inactivo,inactivo
2011-10,16340,inactivo,inactivo,inactivo,inactivo
2011-10,16341,latente,activo,inactivo,latente
2011-10,16342,latente,inactivo,inactivo,latente
2011-10,16344,inactivo,inactivo,inactivo,inactivo
2011-10,16345,activo,latente,latente,activo
2011-10,16348,latente,activo,inactivo,latente
2011-10,16349,inactivo,inactivo,inactivo,inactivo
2011-10,16350,activo,activo,latente,activo
2011-10,16351,inactivo,inactivo,inactivo,inactivo
2011-10,16353,activo,activo,latente,activo
2011-10,16354,activo,latente,latente,activo
2011-10,16356,inactivo,inactivo,inactivo,inactivo
2011-10,16357,inactivo,activo,inactivo,inactivo
2011-10,16358,activo,latente,latente,activo
2011-10,16359,activo,latente,latente,activo
2011-10,16360,activo,activo,latente,activo
2011-10,16361,activo,activo,latente,activo
2011-10,16362,activo,activo,latente,activo
2011-10,16363,activo,latente,latente,activo
2011-10,16364,inactivo,activo,inactivo,inactivo
2011-10,16365,inactivo,activo,inactivo,inactivo
2011-10,16367,inactivo,activo,inactivo,inactivo
2011-10,16369,latente,activo,inactivo,latente
2011-10,16370,latente,inactivo,inactivo,latente
2011-10,16374,activo,latente,latente,activo
2011-10,16377,inactivo,inactivo,inactivo,inactivo
2011-10,16378,inactivo,inactivo,inactivo,inactivo
2011-10,16379,latente,activo,inactivo,latente
2011-10,16380,activo,latente,latente,activo
2011-10,16383,latente,inactivo,inactivo,latente
2011-10,16384,latente,inactivo,inactivo,latente
2011-10,16385,activo,latente,latente,activo
2011-10,16386,inactivo,activo,inactivo,inactivo
2011-10,16387,inactivo,inactivo,inactivo,inactivo
2011-10,16389,activo,latente,latente,activo
2011-10,16392,inactivo,inactivo,inactivo,inactivo
2011-10,16393,activo,activo,latente,activo
2011-10,16394,activo,latente,latente,activo
2011-10,16395,activo,latente,latente,activo
2011-10,16398,inactivo,inactivo,inactivo,inactivo
2011-10,16399,inactivo,activo,inactivo,inactivo
2011-10,16400,latente,inactivo,inactivo,latente
2011-10,16401,activo,activo,latente,activo
2011-10,16402,inactivo,inactivo,inactivo,inactivo
2011-10,16403,inactivo,inactivo,inactivo,inactivo
2011-10,16404,latente,inactivo,inactivo,latente
2011-10,16405,inactivo,inactivo,inactivo,inactivo
2011-10,16407,latente,activo,inactivo,latente
2011-10,16409,latente,activo,inactivo,latente
2011-10,16411,inactivo,activo,inactivo,inactivo
2011-10,16412,activo,latente,latente,activo
2011-10,16413,activo,latente,latente,activo
2011-10,16414,inactivo,activo,inactivo,inactivo
2011-10,16415,activo,latente,latente,activo
2011-10,16416,activo,activo,latente,activo
2011-10,16418,activo,latente,latente,activo
2011-10,16419,inactivo,inactivo,inactivo,inactivo
2011-10,16422,activo,activo,latente,activo
2011-10,16424,inactivo,inactivo,inactivo,inactivo
2011-10,16425,inactivo,inactivo,inactivo,inactivo
2011-10,16426,activo,activo,latente,activo
2011-10,16427,inactivo,inactivo,inactivo,inactivo
2011-10,16429,inactivo,inactivo,inactivo,inactivo
2011-10,16430,activo,latente,latente,activo
2011-10,16431,inactivo,inactivo,inactivo,inactivo
2011-10,16432,activo,latente,latente,activo
2011-10,16434,activo,activo,latente,activo
2011-10,16438,activo,activo,latente,activo
2011-10,16440,activo,activo,latente,activo
2011-10,16441,activo,latente,latente,activo
2011-10,16442,inactivo,inactivo,inactivo,inactivo
2011-10,16444,activo,latente,latente,activo
2011-10,16446,inactivo,inactivo,inactivo,inactivo
2011-10,16447,inactivo,inactivo,inactivo,inactivo
2011-10,16448,inactivo,inactivo,inactivo,inactivo
2011-10,16449,inactivo,inactivo,inactivo,inactivo
2011-10,16450,inactivo,inactivo,inactivo,inactivo
2011-10,16451,latente,inactivo,inactivo,latente
2011-10,16454,activo,latente,latente,activo
2011-10,16455,activo,latente,latente,activo
2011-10,16456,latente,inactivo,inactivo,latente
2011-10,16457,inactivo,inactivo,inactivo,inactivo
2011-10,16458,activo,activo,latente,activo
2011-10,16460,latente,activo,inactivo,latente
2011-10,16461,inactivo,inactivo,inactivo,inactivo
2011-10,16462,latente,inactivo,inactivo,latente
2011-10,16463,activo,activo,latente,activo
2011-10,16464,latente,activo,inactivo,latente
2011-10,16466,activo,activo,latente,activo
2011-10,16468,latente,inactivo,inactivo,latente
2011-10,16469,latente,activo,inactivo,latente
2011-10,16470,activo,latente,latente,activo
2011-10,16471,inactivo,inactivo,inactivo,inactivo
2011-10,16473,inactivo,inactivo,inactivo,inactivo
2011-10,16474,activo,activo,latente,activo
2011-10,16475,latente,inactivo,inactivo,latente
2011-10,16477,activo,latente,latente,activo
2011-10,16478,activo,activo,latente,activo
2011-10,16480,latente,inactivo,inactivo,latente
2011-10,16483,inactivo,inactivo,inactivo,inactivo
2011-10,16484,inactivo,inactivo,inactivo,inactivo
2011-10,16485,latente,inactivo,inactivo,latente
2011-10,16488,inactivo,activo,inactivo,inactivo
2011-10,16491,activo,latente,latente,activo
2011-10,16493,latente,inactivo,inactivo,latente
2011-10,16494,inactivo,inactivo,inactivo,inactivo
2011-10,16495,inactivo,inactivo,inactivo,inactivo
2011-10,16496,inactivo,inactivo,inactivo,inactivo
2011-10,16497,activo,latente,latente,activo
2011-10,16498,inactivo,inactivo,inactivo,inactivo
2011-10,16499,inactivo,inactivo,inactivo,inactivo
2011-10,16500,inactivo,activo,inactivo,inactivo
2011-10,16503,inactivo,inactivo,inactivo,inactivo
2011-10,16506,activo,activo,latente,activo
2011-10,16509,inactivo,inactivo,inactivo,inactivo
2011-10,16510,inactivo,inactivo,inactivo,inactivo
2011-10,16511,inactivo,activo,inactivo,inactivo
2011-10,16513,activo,activo,latente,activo
2011-10,16515,activo,latente,latente,activo
2011-10,16517,inactivo,inactivo,inactivo,inactivo
2011-10,16518,activo,latente,latente,activo
2011-10,16519,inactivo,activo,inactivo,inactivo
2011-10,16520,inactivo,inactivo,inactivo,inactivo
2011-10,16523,activo,activo,latente,activo
2011-10,16525,latente,activo,inactivo,latente
2011-10,16526,inactivo,inactivo,inactivo,inactivo
2011-10,16527,latente,inactivo,inactivo,latente
2011-10,16529,inactivo,inactivo,inactivo,inactivo
2011-10,16531,latente,activo,inactivo,latente
2011-10,16532,inactivo,activo,inactivo,inactivo
2011-10,16533,activo,activo,latente,activo
2011-10,16536,inactivo,inactivo,inactivo,inactivo
2011-10,16539,inactivo,inactivo,inactivo,inactivo
2011-10,16542,activo,latente,latente,activo
2011-10,16545,inactivo,inactivo,inactivo,inactivo
2011-10,16546,inactivo,inactivo,inactivo,inactivo
2011-10,16549,activo,activo,latente,activo
2011-10,16550,inactivo,inactivo,inactivo,inactivo
2011-10,16551,latente,inactivo,inactivo,latente
2011-10,16552,inactivo,inactivo,inactivo,inactivo
2011-10,16553,inactivo,inactivo,inactivo,inactivo
2011-10,16554,activo,latente,latente,activo
2011-10,16555,inactivo,activo,inactivo,inactivo
2011-10,16556,activo,latente,latente,activo
2011-10,16557,inactivo,activo,inactivo,inactivo
2011-10,16558,activo,activo,latente,activo
2011-10,16560,inactivo,activo,inactivo,inactivo
2011-10,16561,activo,latente,latente,activo
2011-10,16563,activo,latente,latente,activo
2011-10,16565,inactivo,inactivo,inactivo,inactivo
2011-10,16566,activo,activo,latente,activo
2011-10,16567,inactivo,inactivo,inactivo,inactivo
2011-10,16570,activo,activo,latente,activo
2011-10,16571,inactivo,activo,inactivo,inactivo
2011-10,16572,inactivo,inactivo,inactivo,inactivo
2011-10,16573,latente,inactivo,inactivo,latente
2011-10,16574,latente,inactivo,inactivo,latente
2011-10,16581,inactivo,inactivo,inactivo,inactivo
2011-10,16582,inactivo,inactivo,inactivo,inactivo
2011-10,16583,inactivo,inactivo,inactivo,inactivo
2011-10,16584,latente,inactivo,inactivo,latente
2011-10,16586,inactivo,inactivo,inactivo,inactivo
2011-10,16587,inactivo,inactivo,inactivo,inactivo
2011-10,16589,latente,inactivo,inactivo,latente
2011-10,16591,activo,latente,latente,activo
2011-10,16592,activo,activo,latente,activo
2011-10,16593,activo,latente,latente,activo
2011-10,16594,latente,inactivo,inactivo,latente
2011-10,16595,activo,latente,latente,activo
2011-10,16596,inactivo,activo,inactivo,inactivo
2011-10,16598,inactivo,inactivo,inactivo,inactivo
2011-10,16600,latente,activo,inactivo,latente
2011-10,16601,activo,latente,latente,activo
2011-10,16603,latente,inactivo,inactivo,latente
2011-10,16607,activo,activo,latente,activo
2011-10,16609,latente,activo,inactivo,latente
2011-10,16610,inactivo,inactivo,inactivo,inactivo
2011-10,16611,inactivo,inactivo,inactivo,inactivo
2011-10,16612,inactivo,activo,inactivo,inactivo
2011-10,16613,latente,inactivo,inactivo,latente
2011-10,16614,inactivo,inactivo,inactivo,inactivo
2011-10,16616,inactivo,activo,inactivo,inactivo
2011-10,16617,inactivo,inactivo,inactivo,inactivo
2011-10,16618,inactivo,activo,inactivo,inactivo
2011-10,16619,inactivo,inactivo,inactivo,inactivo
2011-10,16620,inactivo,inactivo,inactivo,inactivo
2011-10,16621,activo,latente,latente,activo
2011-10,16623,inactivo,inactivo,inactivo,inactivo
2011-10,16624,latente,inactivo,inactivo,latente
2011-10,16625,inactivo,inactivo,inactivo,inactivo
2011-10,16626,activo,activo,latente,activo
2011-10,16627,latente,inactivo,inactivo,latente
2011-10,16628,inactivo,activo,inactivo,inactivo
2011-10,16629,latente,inactivo,inactivo,latente
2011-10,16633,activo,activo,latente,activo
2011-10,16634,inactivo,inactivo,inactivo,inactivo
2011-10,16637,activo,activo,latente,activo
2011-10,16638,latente,activo,inactivo,latente
2011-10,16639,inactivo,activo,inactivo,inactivo
2011-10,16641,inactivo,inactivo,inactivo,inactivo
2011-10,16642,inactivo,inactivo,inactivo,inactivo
2011-10,16643,inactivo,inactivo,inactivo,inactivo
2011-10,16644,inactivo,inactivo,inactivo,inactivo
2011-10,16647,inactivo,inactivo,inactivo,inactivo
2011-10,16648,activo,latente,latente,activo
2011-10,16650,latente,inactivo,inactivo,latente
2011-10,16652,activo,latente,latente,activo
2011-10,16653,latente,activo,inactivo,latente
2011-10,16654,inactivo,inactivo,inactivo,inactivo
2011-10,16655,latente,activo,inactivo,latente
2011-10,16656,activo,activo,latente,activo
2011-10,16657,inactivo,activo,inactivo,inactivo
2011-10,16658,inactivo,inactivo,inactivo,inactivo
2011-10,16659,inactivo,inactivo,inactivo,inactivo
2011-10,16660,inactivo,activo,inactivo,inactivo
2011-10,16665,inactivo,inactivo,inactivo,inactivo
2011-10,16667,activo,latente,latente,activo
2011-10,16668,inactivo,activo,inactivo,inactivo
2011-10,16669,latente,activo,inactivo,latente
2011-10,16670,activo,activo,latente,activo
2011-10,16671,inactivo,activo,inactivo,inactivo
2011-10,16672,latente,activo,inactivo,latente
2011-10,16674,activo,latente,latente,activo
2011-10,16676,inactivo,activo,inactivo,inactivo
2011-10,16678,latente,activo,inactivo,latente
2011-10,16679,inactivo,inactivo,inactivo,inactivo
2011-10,16680,activo,latente,latente,activo
2011-10,16681,latente,inactivo,inactivo,latente
2011-10,16682,activo,latente,latente,activo
2011-10,16684,activo,activo,latente,activo
2011-10,16685,activo,latente,latente,activo
2011-10,16686,activo,latente,latente,activo
2011-10,16688,activo,activo,latente,activo
2011-10,16689,latente,inactivo,inactivo,latente
2011-10,16690,latente,inactivo,inactivo,latente
2011-10,16692,inactivo,inactivo,inactivo,inactivo
2011-10,16693,activo,latente,latente,activo
2011-10,16696,inactivo,inactivo,inactivo,inactivo
2011-10,16697,inactivo,inactivo,inactivo,inactivo
2011-10,16698,inactivo,inactivo,inactivo,inactivo
2011-10,16700,latente,activo,inactivo,latente
2011-10,16701,activo,latente,latente,activo
2011-10,16705,activo,activo,latente,activo
2011-10,16706,latente,activo,inactivo,latente
2011-10,16708,activo,latente,latente,activo
2011-10,16709,latente,inactivo,inactivo,latente
2011-10,16710,latente,activo,inactivo,latente
2011-10,16711,inactivo,activo,inactivo,inactivo
2011-10,16712,latente,activo,inactivo,latente
2011-10,16713,activo,activo,latente,activo
2011-10,16714,inactivo,inactivo,inactivo,inactivo
2011-10,16715,latente,inactivo,inactivo,latente
2011-10,16716,inactivo,inactivo,inactivo,inactivo
2011-10,16717,latente,activo,inactivo,latente
2011-10,16718,inactivo,inactivo,inactivo,inactivo
2011-10,16719,latente,activo,inactivo,latente
2011-10,16721,inactivo,inactivo,inactivo,inactivo
2011-10,16722,activo,activo,latente,activo
2011-10,16723,latente,inactivo,inactivo,latente
2011-10,16725,inactivo,inactivo,inactivo,inactivo
2011-10,16726,inactivo,activo,inactivo,inactivo
2011-10,16727,inactivo,inactivo,inactivo,inactivo
2011-10,16728,activo,latente,latente,activo
2011-10,16729,activo,activo,latente,activo
2011-10,16730,activo,latente,latente,activo
2011-10,16734,activo,latente,latente,activo
2011-10,16735,latente,inactivo,inactivo,latente
2011-10,16737,activo,latente,latente,activo
2011-10,16738,inactivo,inactivo,inactivo,inactivo
2011-10,16739,inactivo,inactivo,inactivo,inactivo
2011-10,16742,activo,latente,latente,activo
2011-10,16743,inactivo,activo,inactivo,inactivo
2011-10,16744,activo,activo,latente,activo
2011-10,16745,latente,inactivo,inactivo,latente
2011-10,16746,latente,activo,inactivo,latente
2011-10,16747,activo,activo,latente,activo
2011-10,16748,inactivo,activo,inactivo,inactivo
2011-10,16750,activo,latente,latente,activo
2011-10,16752,inactivo,inactivo,inactivo,inactivo
2011-10,16753,activo,latente,latente,activo
2011-10,16754,inactivo,inactivo,inactivo,inactivo
2011-10,16755,inactivo,inactivo,inactivo,inactivo
2011-10,16756,inactivo,inactivo,inactivo,inactivo
2011-10,16757,inactivo,inactivo,inactivo,inactivo
2011-10,16758,activo,latente,latente,activo
2011-10,16761,latente,inactivo,inactivo,latente
2011-10,16762,activo,activo,latente,activo
2011-10,16763,inactivo,inactivo,inactivo,inactivo
2011-10,16764,activo,activo,latente,activo
2011-10,16765,inactivo,inactivo,inactivo,inactivo
2011-10,16766,inactivo,inactivo,inactivo,inactivo
2011-10,16767,latente,activo,inactivo,latente
2011-10,16768,activo,latente,latente,activo
2011-10,16769,inactivo,inactivo,inactivo,inactivo
2011-10,16770,activo,latente,latente,activo
2011-10,16771,latente,activo,inactivo,latente
2011-10,16773,activo,latente,latente,activo
2011-10,16774,activo,latente,latente,activo
2011-10,16775,activo,activo,latente,activo
2011-10,16776,activo,latente,latente,activo
2011-10,16777,latente,inactivo,inactivo,latente
2011-10,16778,latente,inactivo,inactivo,latente
2011-10,16779,latente,activo,inactivo,latente
2011-10,16780,inactivo,inactivo,inactivo,inactivo
2011-10,16781,inactivo,inactivo,inactivo,inactivo
2011-10,16782,latente,activo,inactivo,latente
2011-10,16788,inactivo,inactivo,inactivo,inactivo
2011-10,16791,activo,activo,latente,activo
2011-10,16792,inactivo,inactivo,inactivo,inactivo
2011-10,16793,activo,latente,latente,activo
2011-10,16794,activo,activo,latente,activo
2011-10,16795,inactivo,inactivo,inactivo,inactivo
2011-10,16796,latente,inactivo,inactivo,latente
2011-10,16801,inactivo,inactivo,inactivo,inactivo
2011-10,16803,activo,latente,latente,activo
2011-10,16804,inactivo,activo,inactivo,inactivo
2011-10,16805,inactivo,inactivo,inactivo,inactivo
2011-10,16806,inactivo,inactivo,inactivo,inactivo
2011-10,16807,inactivo,inactivo,inactivo,inactivo
2011-10,16808,latente,inactivo,inactivo,latente
2011-10,16809,activo,activo,latente,activo
2011-10,16810,inactivo,inactivo,inactivo,inactivo
2011-10,16812,inactivo,inactivo,inactivo,inactivo
2011-10,16813,activo,latente,latente,activo
2011-10,16814,activo,activo,latente,activo
2011-10,16816,inactivo,inactivo,inactivo,inactivo
2011-10,16817,inactivo,activo,inactivo,inactivo
2011-10,16818,latente,activo,inactivo,latente
2011-10,16820,latente,inactivo,inactivo,latente
2011-10,16823,inactivo,inactivo,inactivo,inactivo
2011-10,16824,inactivo,activo,inactivo,inactivo
2011-10,16825,inactivo,activo,inactivo,inactivo
2011-10,16826,activo,latente,latente,activo
2011-10,16828,latente,inactivo,inactivo,latente
2011-10,16829,inactivo,inactivo,inactivo,inactivo
2011-10,16832,inactivo,inactivo,inactivo,inactivo
2011-10,16833,inactivo,inactivo,inactivo,inactivo
2011-10,16834,inactivo,inactivo,inactivo,inactivo
2011-10,16835,inactivo,inactivo,inactivo,inactivo
2011-10,16836,activo,latente,latente,activo
2011-10,16837,activo,activo,latente,activo
2011-10,16838,inactivo,inactivo,inactivo,inactivo
2011-10,16839,activo,activo,latente,activo
2011-10,16841,inactivo,activo,inactivo,inactivo
2011-10,16842,inactivo,inactivo,inactivo,inactivo
2011-10,16843,activo,latente,latente,activo
2011-10,16846,activo,latente,latente,activo
2011-10,16847,activo,latente,latente,activo
2011-10,16848,activo,latente,latente,activo
2011-10,16849,inactivo,inactivo,inactivo,inactivo
2011-10,16850,inactivo,inactivo,inactivo,inactivo
2011-10,16851,activo,latente,latente,activo
2011-10,16852,inactivo,activo,inactivo,inactivo
2011-10,16855,activo,activo,latente,activo
2011-10,16858,inactivo,inactivo,inactivo,inactivo
2011-10,16859,inactivo,inactivo,inactivo,inactivo
2011-10,16861,activo,latente,latente,activo
2011-10,16863,inactivo,activo,inactivo,inactivo
2011-10,16866,inactivo,inactivo,inactivo,inactivo
2011-10,16869,activo,activo,latente,activo
2011-10,16871,latente,activo,inactivo,latente
2011-10,16872,latente,inactivo,inactivo,latente
2011-10,16873,activo,latente,latente,activo
2011-10,16875,activo,latente,latente,activo
2011-10,16877,activo,activo,latente,activo
2011-10,16878,latente,inactivo,inactivo,latente
2011-10,16880,latente,activo,inactivo,latente
2011-10,16881,activo,latente,latente,activo
2011-10,16882,activo,latente,latente,activo
2011-10,16883,inactivo,inactivo,inactivo,inactivo
2011-10,16885,activo,activo,latente,activo
2011-10,16889,inactivo,inactivo,inactivo,inactivo
2011-10,16891,latente,activo,inactivo,latente
2011-10,16892,inactivo,activo,inactivo,inactivo
2011-10,16893,inactivo,inactivo,inactivo,inactivo
2011-10,16895,activo,latente,latente,activo
2011-10,16897,inactivo,inactivo,inactivo,inactivo
2011-10,16898,inactivo,activo,inactivo,inactivo
2011-10,16899,latente,activo,inactivo,latente
2011-10,16900,activo,activo,latente,activo
2011-10,16902,inactivo,inactivo,inactivo,inactivo
2011-10,16904,latente,activo,inactivo,latente
2011-10,16905,activo,activo,latente,activo
2011-10,16906,latente,inactivo,inactivo,latente
2011-10,16907,inactivo,activo,inactivo,inactivo
2011-10,16909,latente,inactivo,inactivo,latente
2011-10,16910,activo,activo,latente,activo
2011-10,16912,activo,activo,latente,activo
2011-10,16913,inactivo,inactivo,inactivo,inactivo
2011-10,16915,activo,activo,latente,activo
2011-10,16916,inactivo,activo,inactivo,inactivo
2011-10,16917,inactivo,inactivo,inactivo,inactivo
2011-10,16918,activo,latente,latente,activo
2011-10,16919,inactivo,inactivo,inactivo,inactivo
2011-10,16921,activo,latente,latente,activo
2011-10,16923,activo,activo,latente,activo
2011-10,16924,activo,activo,latente,activo
2011-10,16926,inactivo,inactivo,inactivo,inactivo
2011-10,16927,inactivo,inactivo,inactivo,inactivo
2011-10,16928,latente,inactivo,inactivo,latente
2011-10,16929,latente,activo,inactivo,latente
2011-10,16930,activo,activo,latente,activo
2011-10,16931,activo,activo,latente,activo
2011-10,16932,activo,latente,latente,activo
2011-10,16933,inactivo,inactivo,inactivo,inactivo
2011-10,16934,activo,latente,latente,activo
2011-10,16938,inactivo,inactivo,inactivo,inactivo
2011-10,16940,activo,latente,latente,activo
2011-10,16942,inactivo,activo,inactivo,inactivo
2011-10,16943,inactivo,inactivo,inactivo,inactivo
2011-10,16945,activo,activo,latente,activo
2011-10,16947,inactivo,inactivo,inactivo,inactivo
2011-10,16948,inactivo,inactivo,inactivo,inactivo
2011-10,16949,activo,latente,latente,activo
2011-10,16950,activo,latente,latente,activo
2011-10,16951,inactivo,inactivo,inactivo,inactivo
2011-10,16952,inactivo,inactivo,inactivo,inactivo
2011-10,16954,activo,activo,latente,activo
2011-10,16955,inactivo,inactivo,inactivo,inactivo
2011-10,16957,inactivo,inactivo,inactivo,inactivo
2011-10,16959,latente,inactivo,inactivo,latente
2011-10,16960,activo,activo,latente,activo
2011-10,16961,inactivo,inactivo,inactivo,inactivo
2011-10,16963,inactivo,inactivo,inactivo,inactivo
2011-10,16965,inactivo,inactivo,inactivo,inactivo
2011-10,16966,activo,activo,latente,activo
2011-10,16967,inactivo,inactivo,inactivo,inactivo
2011-10,16968,inactivo,inactivo,inactivo,inactivo
2011-10,16969,activo,latente,latente,activo
2011-10,16976,inactivo,inactivo,inactivo,inactivo
2011-10,16978,latente,inactivo,inactivo,latente
2011-10,16979,activo,activo,latente,activo
2011-10,16980,inactivo,inactivo,inactivo,inactivo
2011-10,16982,activo,latente,latente,activo
2011-10,16983,latente,activo,inactivo,latente
2011-10,16984,latente,inactivo,inactivo,latente
2011-10,16985,latente,activo,inactivo,latente
2011-10,16987,activo,latente,latente,activo
2011-10,16989,activo,activo,latente,activo
2011-10,16990,inactivo,inactivo,inactivo,inactivo
2011-10,16992,latente,activo,inactivo,latente
2011-10,16996,inactivo,activo,inactivo,inactivo
2011-10,16997,inactivo,inactivo,inactivo,inactivo
2011-10,16998,inactivo,inactivo,inactivo,inactivo
2011-10,16999,latente,activo,inactivo,latente
2011-10,17001,activo,activo,latente,activo
2011-10,17002,latente,inactivo,inactivo,latente
2011-10,17004,activo,latente,latente,activo
2011-10,17006,latente,activo,inactivo,latente
2011-10,17007,activo,latente,latente,activo
2011-10,17014,activo,activo,latente,activo
2011-10,17015,latente,activo,inactivo,latente
2011-10,17017,activo,activo,latente,activo
2011-10,17018,activo,latente,latente,activo
2011-10,17019,inactivo,activo,inactivo,inactivo
2011-10,17024,activo,latente,latente,activo
2011-10,17025,activo,latente,latente,activo
2011-10,17026,inactivo,inactivo,inactivo,inactivo
2011-10,17027,latente,inactivo,inactivo,latente
2011-10,17029,inactivo,inactivo,inactivo,inactivo
2011-10,17030,activo,latente,latente,activo
2011-10,17031,inactivo,activo,inactivo,inactivo
2011-10,17033,latente,inactivo,inactivo,latente
2011-10,17034,latente,activo,inactivo,latente
2011-10,17035,inactivo,inactivo,inactivo,inactivo
2011-10,17037,latente,inactivo,inactivo,latente
2011-10,17040,inactivo,inactivo,inactivo,inactivo
2011-10,17041,inactivo,activo,inactivo,inactivo
2011-10,17042,inactivo,inactivo,inactivo,inactivo
2011-10,17043,activo,activo,latente,activo
2011-10,17045,inactivo,inactivo,inactivo,inactivo
2011-10,17046,inactivo,inactivo,inactivo,inactivo
2011-10,17047,latente,inactivo,inactivo,latente
2011-10,17048,inactivo,inactivo,inactivo,inactivo
2011-10,17049,activo,activo,latente,activo
2011-10,17050,latente,inactivo,inactivo,latente
2011-10,17051,inactivo,inactivo,inactivo,inactivo
2011-10,17053,inactivo,inactivo,inactivo,inactivo
2011-10,17054,inactivo,activo,inactivo,inactivo
2011-10,17058,latente,inactivo,inactivo,latente
2011-10,17059,inactivo,activo,inactivo,inactivo
2011-10,17060,inactivo,inactivo,inactivo,inactivo
2011-10,17061,latente,inactivo,inactivo,latente
2011-10,17062,inactivo,inactivo,inactivo,inactivo
2011-10,17063,activo,activo,latente,activo
2011-10,17064,activo,latente,latente,activo
2011-10,17068,activo,activo,latente,activo
2011-10,17069,latente,activo,inactivo,latente
2011-10,17070,inactivo,inactivo,inactivo,inactivo
2011-10,17071,activo,activo,latente,activo
2011-10,17073,activo,activo,latente,activo
2011-10,17075,inactivo,activo,inactivo,inactivo
2011-10,17076,inactivo,activo,inactivo,inactivo
2011-10,17079,latente,inactivo,inactivo,latente
2011-10,17080,inactivo,activo,inactivo,inactivo
2011-10,17081,activo,activo,latente,activo
2011-10,17082,inactivo,activo,inactivo,inactivo
2011-10,17083,inactivo,inactivo,inactivo,inactivo
2011-10,17085,inactivo,inactivo,inactivo,inactivo
2011-10,17086,activo,activo,latente,activo
2011-10,17088,latente,activo,inactivo,latente
2011-10,17090,activo,latente,latente,activo
2011-10,17091,latente,activo,inactivo,latente
2011-10,17092,activo,latente,latente,activo
2011-10,17094,inactivo,inactivo,inactivo,inactivo
2011-10,17095,inactivo,activo,inactivo,inactivo
2011-10,17096,activo,activo,latente,activo
2011-10,17097,inactivo,activo,inactivo,inactivo
2011-10,17101,activo,activo,latente,activo
2011-10,17102,inactivo,inactivo,inactivo,inactivo
2011-10,17105,inactivo,inactivo,inactivo,inactivo
2011-10,17107,latente,activo,inactivo,latente
2011-10,17109,activo,activo,latente,activo
2011-10,17110,inactivo,inactivo,inactivo,inactivo
2011-10,17111,activo,latente,latente,activo
2011-10,17114,inactivo,activo,inactivo,inactivo
2011-10,17115,inactivo,inactivo,inactivo,inactivo
2011-10,17117,inactivo,inactivo,inactivo,inactivo
2011-10,17118,inactivo,inactivo,inactivo,inactivo
2011-10,17119,activo,latente,latente,activo
2011-10,17120,inactivo,inactivo,inactivo,inactivo
2011-10,17122,inactivo,inactivo,inactivo,inactivo
2011-10,17123,inactivo,inactivo,inactivo,inactivo
2011-10,17124,inactivo,inactivo,inactivo,inactivo
2011-10,17125,activo,latente,latente,activo
2011-10,17126,inactivo,inactivo,inactivo,inactivo
2011-10,17128,inactivo,inactivo,inactivo,inactivo
2011-10,17131,activo,activo,latente,activo
2011-10,17133,latente,activo,inactivo,latente
2011-10,17134,inactivo,inactivo,inactivo,inactivo
2011-10,17135,activo,activo,latente,activo
2011-10,17138,inactivo,inactivo,inactivo,inactivo
2011-10,17139,activo,activo,latente,activo
2011-10,17140,inactivo,inactivo,inactivo,inactivo
2011-10,17142,inactivo,inactivo,inactivo,inactivo
2011-10,17144,latente,inactivo,inactivo,latente
2011-10,17146,inactivo,inactivo,inactivo,inactivo
2011-10,17147,latente,activo,inactivo,latente
2011-10,17148,activo,latente,latente,activo
2011-10,17152,inactivo,inactivo,inactivo,inactivo
2011-10,17154,latente,inactivo,inactivo,latente
2011-10,17155,inactivo,activo,inactivo,inactivo
2011-10,17157,inactivo,inactivo,inactivo,inactivo
2011-10,17158,inactivo,activo,inactivo,inactivo
2011-10,17159,latente,activo,inactivo,latente
2011-10,17160,inactivo,activo,inactivo,inactivo
2011-10,17162,inactivo,activo,inactivo,inactivo
2011-10,17163,latente,activo,inactivo,latente
2011-10,17164,latente,activo,inactivo,latente
2011-10,17165,inactivo,inactivo,inactivo,inactivo
2011-10,17166,inactivo,activo,inactivo,inactivo
2011-10,17169,activo,latente,latente,activo
2011-10,17171,inactivo,inactivo,inactivo,inactivo
2011-10,17172,latente,inactivo,inactivo,latente
2011-10,17173,activo,activo,latente,activo
2011-10,17174,inactivo,inactivo,inactivo,inactivo
2011-10,17175,activo,latente,latente,activo
2011-10,17176,inactivo,inactivo,inactivo,inactivo
2011-10,17179,inactivo,inactivo,inactivo,inactivo
2011-10,17180,activo,latente,latente,activo
2011-10,17181,activo,latente,latente,activo
2011-10,17183,activo,activo,latente,activo
2011-10,17186,activo,latente,latente,activo
2011-10,17187,inactivo,inactivo,inactivo,inactivo
2011-10,17188,inactivo,activo,inactivo,inactivo
2011-10,17189,inactivo,inactivo,inactivo,inactivo
2011-10,17190,activo,latente,latente,activo
2011-10,17191,latente,activo,inactivo,latente
2011-10,17193,activo,activo,latente,activo
2011-10,17194,inactivo,inactivo,inactivo,inactivo
2011-10,17198,inactivo,activo,inactivo,inactivo
2011-10,17201,activo,latente,latente,activo
2011-10,17203,activo,activo,latente,activo
2011-10,17204,inactivo,inactivo,inactivo,inactivo
2011-10,17205,activo,latente,latente,activo
2011-10,17206,activo,latente,latente,activo
2011-10,17211,activo,activo,latente,activo
2011-10,17212,inactivo,inactivo,inactivo,inactivo
2011-10,17213,activo,latente,latente,activo
2011-10,17214,activo,latente,latente,activo
2011-10,17217,inactivo,inactivo,inactivo,inactivo
2011-10,17218,latente,activo,inactivo,latente
2011-10,17220,activo,activo,latente,activo
2011-10,17222,activo,latente,latente,activo
2011-10,17223,inactivo,inactivo,inactivo,inactivo
2011-10,17226,inactivo,inactivo,inactivo,inactivo
2011-10,17227,activo,activo,latente,activo
2011-10,17228,activo,activo,latente,activo
2011-10,17229,latente,inactivo,inactivo,latente
2011-10,17230,inactivo,inactivo,inactivo,inactivo
2011-10,17231,activo,activo,latente,activo
2011-10,17234,inactivo,inactivo,inactivo,inactivo
2011-10,17235,inactivo,activo,inactivo,inactivo
2011-10,17236,inactivo,activo,inactivo,inactivo
2011-10,17238,activo,activo,latente,activo
2011-10,17239,inactivo,inactivo,inactivo,inactivo
2011-10,17242,inactivo,inactivo,inactivo,inactivo
2011-10,17243,activo,activo,latente,activo
2011-10,17244,activo,latente,latente,activo
2011-10,17245,inactivo,inactivo,inactivo,inactivo
2011-10,17248,inactivo,inactivo,inactivo,inactivo
2011-10,17250,inactivo,inactivo,inactivo,inactivo
2011-10,17251,inactivo,inactivo,inactivo,inactivo
2011-10,17252,inactivo,inactivo,inactivo,inactivo
2011-10,17255,activo,latente,latente,activo
2011-10,17256,inactivo,inactivo,inactivo,inactivo
2011-10,17259,inactivo,inactivo,inactivo,inactivo
2011-10,17262,activo,latente,latente,activo
2011-10,17263,inactivo,inactivo,inactivo,inactivo
2011-10,17265,inactivo,inactivo,inactivo,inactivo
2011-10,17266,inactivo,inactivo,inactivo,inactivo
2011-10,17267,inactivo,inactivo,inactivo,inactivo
2011-10,17268,inactivo,inactivo,inactivo,inactivo
2011-10,17272,activo,latente,latente,activo
2011-10,17277,inactivo,inactivo,inactivo,inactivo
2011-10,17278,inactivo,inactivo,inactivo,inactivo
2011-10,17279,activo,latente,latente,activo
2011-10,17282,inactivo,inactivo,inactivo,inactivo
2011-10,17284,activo,latente,latente,activo
2011-10,17287,latente,activo,inactivo,latente
2011-10,17288,inactivo,activo,inactivo,inactivo
2011-10,17289,inactivo,activo,inactivo,inactivo
2011-10,17291,inactivo,inactivo,inactivo,inactivo
2011-10,17293,activo,activo,latente,activo
2011-10,17295,activo,activo,latente,activo
2011-10,17298,inactivo,inactivo,inactivo,inactivo
2011-10,17299,latente,activo,inactivo,latente
2011-10,17302,inactivo,activo,inactivo,inactivo
2011-10,17303,inactivo,inactivo,inactivo,inactivo
2011-10,17306,latente,activo,inactivo,latente
2011-10,17309,latente,inactivo,inactivo,latente
2011-10,17311,latente,inactivo,inactivo,latente
2011-10,17312,inactivo,inactivo,inactivo,inactivo
2011-10,17314,activo,activo,latente,activo
2011-10,17315,activo,activo,latente,activo
2011-10,17317,activo,latente,latente,activo
2011-10,17320,inactivo,inactivo,inactivo,inactivo
2011-10,17321,activo,latente,latente,activo
2011-10,17323,activo,activo,latente,activo
2011-10,17324,inactivo,activo,inactivo,inactivo
2011-10,17325,inactivo,inactivo,inactivo,inactivo
2011-10,17329,inactivo,activo,inactivo,inactivo
2011-10,17330,activo,activo,latente,activo
2011-10,17331,inactivo,inactivo,inactivo,inactivo
2011-10,17333,latente,inactivo,inactivo,latente
2011-10,17334,inactivo,inactivo,inactivo,inactivo
2011-10,17337,inactivo,inactivo,inactivo,inactivo
2011-10,17338,inactivo,activo,inactivo,inactivo
2011-10,17339,latente,inactivo,inactivo,latente
2011-10,17340,latente,activo,inactivo,latente
2011-10,17341,inactivo,inactivo,inactivo,inactivo
2011-10,17343,inactivo,inactivo,inactivo,inactivo
2011-10,17344,activo,latente,latente,activo
2011-10,17345,latente,activo,inactivo,latente
2011-10,17346,activo,activo,latente,activo
2011-10,17347,latente,inactivo,inactivo,latente
2011-10,17348,latente,activo,inactivo,latente
2011-10,17349,inactivo,inactivo,inactivo,inactivo
2011-10,17350,activo,latente,latente,activo
2011-10,17351,inactivo,activo,inactivo,inactivo
2011-10,17353,inactivo,inactivo,inactivo,inactivo
2011-10,17354,activo,latente,latente,activo
2011-10,17356,inactivo,inactivo,inactivo,inactivo
2011-10,17358,inactivo,inactivo,inactivo,inactivo
2011-10,17360,inactivo,activo,inactivo,inactivo
2011-10,17361,activo,latente,latente,activo
2011-10,17362,inactivo,inactivo,inactivo,inactivo
2011-10,17364,inactivo,activo,inactivo,inactivo
2011-10,17365,activo,activo,latente,activo
2011-10,17367,inactivo,inactivo,inactivo,inactivo
2011-10,17368,latente,activo,inactivo,latente
2011-10,17370,latente,inactivo,inactivo,latente
2011-10,17371,inactivo,activo,inactivo,inactivo
2011-10,17372,activo,latente,latente,activo
2011-10,17373,activo,latente,latente,activo
2011-10,17374,inactivo,inactivo,inactivo,inactivo
2011-10,17375,inactivo,inactivo,inactivo,inactivo
2011-10,17376,latente,inactivo,inactivo,latente
2011-10,17377,activo,activo,latente,activo
2011-10,17381,activo,activo,latente,activo
2011-10,17382,activo,latente,latente,activo
2011-10,17384,inactivo,activo,inactivo,inactivo
2011-10,17386,latente,inactivo,inactivo,latente
2011-10,17388,latente,inactivo,inactivo,latente
2011-10,17389,latente,activo,inactivo,latente
2011-10,17391,inactivo,inactivo,inactivo,inactivo
2011-10,17392,inactivo,inactivo,inactivo,inactivo
2011-10,17394,inactivo,inactivo,inactivo,inactivo
2011-10,17396,activo,latente,latente,activo
2011-10,17398,inactivo,inactivo,inactivo,inactivo
2011-10,17400,inactivo,inactivo,inactivo,inactivo
2011-10,17402,activo,activo,latente,activo
2011-10,17404,activo,activo,latente,activo
2011-10,17405,latente,inactivo,inactivo,latente
2011-10,17406,inactivo,inactivo,inactivo,inactivo
2011-10,17408,inactivo,inactivo,inactivo,inactivo
2011-10,17409,inactivo,inactivo,inactivo,inactivo
2011-10,17410,activo,activo,latente,activo
2011-10,17411,latente,activo,inactivo,latente
2011-10,17412,activo,activo,latente,activo
2011-10,17414,activo,latente,latente,activo
2011-10,17415,latente,inactivo,inactivo,latente
2011-10,17416,latente,activo,inactivo,latente
2011-10,17418,activo,latente,latente,activo
2011-10,17419,activo,activo,latente,activo
2011-10,17420,activo,latente,latente,activo
2011-10,17422,latente,activo,inactivo,latente
2011-10,17423,activo,latente,latente,activo
2011-10,17425,activo,activo,latente,activo
2011-10,17426,latente,inactivo,inactivo,latente
2011-10,17427,latente,inactivo,inactivo,latente
2011-10,17428,activo,activo,latente,activo
2011-10,17429,inactivo,inactivo,inactivo,inactivo
2011-10,17430,inactivo,activo,inactivo,inactivo
2011-10,17431,inactivo,inactivo,inactivo,inactivo
2011-10,17433,latente,inactivo,inactivo,latente
2011-10,17434,activo,activo,latente,activo
2011-10,17436,inactivo,inactivo,inactivo,inactivo
2011-10,17438,inactivo,inactivo,inactivo,inactivo
2011-10,17440,inactivo,inactivo,inactivo,inactivo
2011-10,17442,latente,activo,inactivo,latente
2011-10,17443,inactivo,inactivo,inactivo,inactivo
2011-10,17444,inactivo,inactivo,inactivo,inactivo
2011-10,17446,inactivo,inactivo,inactivo,inactivo
2011-10,17447,activo,latente,latente,activo
2011-10,17449,activo,latente,latente,activo
2011-10,17450,activo,activo,latente,activo
2011-10,17451,activo,activo,latente,activo
2011-10,17453,activo,activo,latente,activo
2011-10,17454,inactivo,inactivo,inactivo,inactivo
2011-10,17455,inactivo,inactivo,inactivo,inactivo
2011-10,17456,inactivo,inactivo,inactivo,inactivo
2011-10,17457,inactivo,inactivo,inactivo,inactivo
2011-10,17459,activo,latente,latente,activo
2011-10,17460,latente,inactivo,inactivo,latente
2011-10,17462,activo,latente,latente,activo
2011-10,17463,activo,activo,latente,activo
2011-10,17464,inactivo,inactivo,inactivo,inactivo
2011-10,17466,latente,activo,inactivo,latente
2011-10,17469,latente,activo,inactivo,latente
2011-10,17470,activo,latente,latente,activo
2011-10,17472,inactivo,inactivo,inactivo,inactivo
2011-10,17475,latente,inactivo,inactivo,latente
2011-10,17480,latente,inactivo,inactivo,latente
2011-10,17481,latente,activo,inactivo,latente
2011-10,17483,activo,latente,latente,activo
2011-10,17486,inactivo,inactivo,inactivo,inactivo
2011-10,17489,activo,latente,latente,activo
2011-10,17490,activo,latente,latente,activo
2011-10,17491,latente,activo,inactivo,latente
2011-10,17492,inactivo,inactivo,inactivo,inactivo
2011-10,17496,inactivo,inactivo,inactivo,inactivo
2011-10,17498,latente,inactivo,inactivo,latente
2011-10,17499,inactivo,inactivo,inactivo,inactivo
2011-10,17501,inactivo,inactivo,inactivo,inactivo
2011-10,17504,inactivo,inactivo,inactivo,inactivo
2011-10,17505,inactivo,inactivo,inactivo,inactivo
2011-10,17506,latente,inactivo,inactivo,latente
2011-10,17507,inactivo,inactivo,inactivo,inactivo
2011-10,17508,inactivo,inactivo,inactivo,inactivo
2011-10,17509,activo,latente,latente,activo
2011-10,17511,activo,activo,latente,activo
2011-10,17512,activo,activo,latente,activo
2011-10,17513,latente,inactivo,inactivo,latente
2011-10,17514,inactivo,inactivo,inactivo,inactivo
2011-10,17515,inactivo,activo,inactivo,inactivo
2011-10,17516,inactivo,activo,inactivo,inactivo
2011-10,17517,inactivo,inactivo,inactivo,inactivo
2011-10,17519,inactivo,activo,inactivo,inactivo
2011-10,17520,activo,latente,latente,activo
2011-10,17521,activo,activo,latente,activo
2011-10,17522,inactivo,inactivo,inactivo,inactivo
2011-10,17524,inactivo,inactivo,inactivo,inactivo
2011-10,17525,inactivo,inactivo,inactivo,inactivo
2011-10,17526,inactivo,inactivo,inactivo,inactivo
2011-10,17527,activo,latente,latente,activo
2011-10,17528,activo,activo,latente,activo
2011-10,17530,activo,activo,latente,activo
2011-10,17531,inactivo,inactivo,inactivo,inactivo
2011-10,17534,activo,latente,latente,activo
2011-10,17535,inactivo,inactivo,inactivo,inactivo
2011-10,17536,inactivo,inactivo,inactivo,inactivo
2011-10,17537,inactivo,activo,inactivo,inactivo
2011-10,17540,inactivo,activo,inactivo,inactivo
2011-10,17542,inactivo,inactivo,inactivo,inactivo
2011-10,17545,activo,latente,latente,activo
2011-10,17548,inactivo,inactivo,inactivo,inactivo
2011-10,17549,activo,activo,latente,activo
2011-10,17550,inactivo,inactivo,inactivo,inactivo
2011-10,17551,inactivo,inactivo,inactivo,inactivo
2011-10,17552,activo,latente,latente,activo
2011-10,17553,inactivo,inactivo,inactivo,inactivo
2011-10,17554,activo,activo,latente,activo
2011-10,17555,inactivo,activo,inactivo,inactivo
2011-10,17556,inactivo,inactivo,inactivo,inactivo
2011-10,17557,activo,activo,latente,activo
2011-10,17560,latente,inactivo,inactivo,latente
2011-10,17562,activo,activo,latente,activo
2011-10,17564,activo,activo,latente,activo
2011-10,17567,activo,latente,latente,activo
2011-10,17569,inactivo,inactivo,inactivo,inactivo
2011-10,17571,activo,latente,latente,activo
2011-10,17572,latente,inactivo,inactivo,latente
2011-10,17573,latente,activo,inactivo,latente
2011-10,17574,inactivo,inactivo,inactivo,inactivo
2011-10,17576,activo,activo,latente,activo
2011-10,17578,inactivo,inactivo,inactivo,inactivo
2011-10,17579,inactivo,inactivo,inactivo,inactivo
2011-10,17580,inactivo,inactivo,inactivo,inactivo
2011-10,17581,latente,activo,inactivo,latente
2011-10,17582,inactivo,inactivo,inactivo,inactivo
2011-10,17584,inactivo,inactivo,inactivo,inactivo
2011-10,17585,inactivo,inactivo,inactivo,inactivo
2011-10,17588,inactivo,inactivo,inactivo,inactivo
2011-10,17589,activo,latente,latente,activo
2011-10,17590,activo,activo,latente,activo
2011-10,17591,latente,inactivo,inactivo,latente
2011-10,17593,latente,inactivo,inactivo,latente
2011-10,17594,latente,inactivo,inactivo,latente
2011-10,17596,activo,activo,latente,activo
2011-10,17597,inactivo,inactivo,inactivo,inactivo
2011-10,17601,inactivo,inactivo,inactivo,inactivo
2011-10,17602,activo,activo,latente,activo
2011-10,17603,latente,inactivo,inactivo,latente
2011-10,17604,inactivo,inactivo,inactivo,inactivo
2011-10,17609,activo,latente,latente,activo
2011-10,17611,activo,activo,latente,activo
2011-10,17612,activo,latente,latente,activo
2011-10,17613,activo,activo,latente,activo
2011-10,17614,activo,latente,latente,activo
2011-10,17615,inactivo,inactivo,inactivo,inactivo
2011-10,17616,inactivo,inactivo,inactivo,inactivo
2011-10,17618,inactivo,inactivo,inactivo,inactivo
2011-10,17619,inactivo,inactivo,inactivo,inactivo
2011-10,17620,activo,latente,latente,activo
2011-10,17621,inactivo,activo,inactivo,inactivo
2011-10,17624,inactivo,activo,inactivo,inactivo
2011-10,17625,activo,activo,latente,activo
2011-10,17628,latente,inactivo,inactivo,latente
2011-10,17629,activo,activo,latente,activo
2011-10,17630,inactivo,inactivo,inactivo,inactivo
2011-10,17631,inactivo,inactivo,inactivo,inactivo
2011-10,17633,latente,activo,inactivo,latente
2011-10,17634,activo,activo,latente,activo
2011-10,17637,inactivo,activo,inactivo,inactivo
2011-10,17639,inactivo,inactivo,inactivo,inactivo
2011-10,17640,latente,inactivo,inactivo,latente
2011-10,17642,inactivo,inactivo,inactivo,inactivo
2011-10,17643,inactivo,inactivo,inactivo,inactivo
2011-10,17644,latente,activo,inactivo,latente
2011-10,17646,inactivo,inactivo,inactivo,inactivo
2011-10,17647,activo,latente,latente,activo
2011-10,17648,activo,latente,latente,activo
2011-10,17649,inactivo,inactivo,inactivo,inactivo
2011-10,17651,activo,activo,latente,activo
2011-10,17652,activo,activo,latente,activo
2011-10,17653,latente,activo,inactivo,latente
2011-10,17654,inactivo,inactivo,inactivo,inactivo
2011-10,17655,activo,activo,latente,activo
2011-10,17656,latente,inactivo,inactivo,latente
2011-10,17658,inactivo,activo,inactivo,inactivo
2011-10,17659,activo,activo,latente,activo
2011-10,17660,inactivo,inactivo,inactivo,inactivo
2011-10,17663,latente,activo,inactivo,latente
2011-10,17664,inactivo,activo,inactivo,inactivo
2011-10,17666,activo,latente,latente,activo
2011-10,17667,activo,latente,latente,activo
2011-10,17669,activo,latente,latente,activo
2011-10,17670,inactivo,inactivo,inactivo,inactivo
2011-10,17671,inactivo,activo,inactivo,inactivo
2011-10,17672,activo,latente,latente,activo
2011-10,17673,activo,latente,latente,activo
2011-10,17674,latente,inactivo,inactivo,latente
2011-10,17675,activo,activo,latente,activo
2011-10,17676,activo,latente,latente,activo
2011-10,17677,activo,activo,latente,activo
2011-10,17678,inactivo,inactivo,inactivo,inactivo
2011-10,17679,activo,latente,latente,activo
2011-10,17682,inactivo,activo,inactivo,inactivo
2011-10,17684,activo,latente,latente,activo
2011-10,17685,latente,activo,inactivo,latente
2011-10,17686,latente,inactivo,inactivo,latente
2011-10,17690,activo,activo,latente,activo
2011-10,17691,inactivo,inactivo,inactivo,inactivo
2011-10,17692,inactivo,inactivo,inactivo,inactivo
2011-10,17693,inactivo,inactivo,inactivo,inactivo
2011-10,17694,inactivo,inactivo,inactivo,inactivo
2011-10,17695,inactivo,inactivo,inactivo,inactivo
2011-10,17696,inactivo,activo,inactivo,inactivo
2011-10,17697,inactivo,inactivo,inactivo,inactivo
2011-10,17698,inactivo,inactivo,inactivo,inactivo
2011-10,17700,latente,activo,inactivo,latente
2011-10,17701,inactivo,inactivo,inactivo,inactivo
2011-10,17702,inactivo,activo,inactivo,inactivo
2011-10,17703,inactivo,activo,inactivo,inactivo
2011-10,17704,inactivo,inactivo,inactivo,inactivo
2011-10,17705,latente,activo,inactivo,latente
2011-10,17706,activo,latente,latente,activo
2011-10,17707,inactivo,inactivo,inactivo,inactivo
2011-10,17708,inactivo,inactivo,inactivo,inactivo
2011-10,17709,inactivo,inactivo,inactivo,inactivo
2011-10,17711,inactivo,activo,inactivo,inactivo
2011-10,17712,activo,latente,latente,activo
2011-10,17714,inactivo,inactivo,inactivo,inactivo
2011-10,17715,inactivo,inactivo,inactivo,inactivo
2011-10,17716,latente,activo,inactivo,latente
2011-10,17718,inactivo,inactivo,inactivo,inactivo
2011-10,17719,latente,activo,inactivo,latente
2011-10,17720,inactivo,activo,inactivo,inactivo
2011-10,17722,latente,inactivo,inactivo,latente
2011-10,17723,inactivo,inactivo,inactivo,inactivo
2011-10,17724,latente,inactivo,inactivo,latente
2011-10,17725,activo,activo,latente,activo
2011-10,17728,activo,latente,latente,activo
2011-10,17730,activo,activo,latente,activo
2011-10,17731,latente,inactivo,inactivo,latente
2011-10,17732,inactivo,inactivo,inactivo,inactivo
2011-10,17733,inactivo,activo,inactivo,inactivo
2011-10,17734,activo,latente,latente,activo
2011-10,17735,activo,activo,latente,activo
2011-10,17736,activo,activo,latente,activo
2011-10,17737,activo,activo,latente,activo
2011-10,17738,inactivo,activo,inactivo,inactivo
2011-10,17739,activo,activo,latente,activo
2011-10,17742,inactivo,inactivo,inactivo,inactivo
2011-10,17744,inactivo,activo,inactivo,inactivo
2011-10,17746,inactivo,inactivo,inactivo,inactivo
2011-10,17747,inactivo,inactivo,inactivo,inactivo
2011-10,17749,inactivo,inactivo,inactivo,inactivo
2011-10,17750,activo,activo,latente,activo
2011-10,17752,inactivo,inactivo,inactivo,inactivo
2011-10,17754,activo,activo,latente,activo
2011-10,17757,activo,activo,latente,activo
2011-10,17758,activo,activo,latente,activo
2011-10,17759,inactivo,activo,inactivo,inactivo
2011-10,17760,inactivo,activo,inactivo,inactivo
2011-10,17763,inactivo,inactivo,inactivo,inactivo
2011-10,17764,activo,latente,latente,activo
2011-10,17765,inactivo,inactivo,inactivo,inactivo
2011-10,17768,inactivo,activo,inactivo,inactivo
2011-10,17769,activo,activo,latente,activo
2011-10,17770,inactivo,inactivo,inactivo,inactivo
2011-10,17771,activo,latente,latente,activo
2011-10,17774,latente,inactivo,inactivo,latente
2011-10,17775,inactivo,inactivo,inactivo,inactivo
2011-10,17777,activo,activo,latente,activo
2011-10,17779,latente,activo,inactivo,latente
2011-10,17781,inactivo,inactivo,inactivo,inactivo
2011-10,17783,latente,inactivo,inactivo,latente
2011-10,17785,activo,latente,latente,activo
2011-10,17786,latente,inactivo,inactivo,latente
2011-10,17787,inactivo,inactivo,inactivo,inactivo
2011-10,17788,latente,inactivo,inactivo,latente
2011-10,17789,inactivo,inactivo,inactivo,inactivo
2011-10,17790,activo,activo,latente,activo
2011-10,17795,inactivo,inactivo,inactivo,inactivo
2011-10,17796,activo,latente,latente,activo
2011-10,17797,inactivo,activo,inactivo,inactivo
2011-10,17799,latente,activo,inactivo,latente
2011-10,17800,activo,activo,latente,activo
2011-10,17802,latente,inactivo,inactivo,latente
2011-10,17805,latente,inactivo,inactivo,latente
2011-10,17809,activo,activo,latente,activo
2011-10,17811,activo,activo,latente,activo
2011-10,17812,inactivo,activo,inactivo,inactivo
2011-10,17813,activo,activo,latente,activo
2011-10,17816,activo,activo,latente,activo
2011-10,17817,inactivo,inactivo,inactivo,inactivo
2011-10,17819,latente,inactivo,inactivo,latente
2011-10,17824,activo,latente,latente,activo
2011-10,17827,inactivo,inactivo,inactivo,inactivo
2011-10,17828,inactivo,activo,inactivo,inactivo
2011-10,17829,inactivo,inactivo,inactivo,inactivo
2011-10,17830,inactivo,inactivo,inactivo,inactivo
2011-10,17832,activo,latente,latente,activo
2011-10,17836,activo,latente,latente,activo
2011-10,17837,activo,latente,latente,activo
2011-10,17838,latente,activo,inactivo,latente
2011-10,17839,activo,latente,latente,activo
2011-10,17841,activo,activo,latente,activo
2011-10,17843,inactivo,inactivo,inactivo,inactivo
2011-10,17844,inactivo,inactivo,inactivo,inactivo
2011-10,17846,latente,inactivo,inactivo,latente
2011-10,17848,latente,inactivo,inactivo,latente
2011-10,17849,inactivo,inactivo,inactivo,inactivo
2011-10,17850,inactivo,inactivo,inactivo,inactivo
2011-10,17854,inactivo,inactivo,inactivo,inactivo
2011-10,17855,inactivo,inactivo,inactivo,inactivo
2011-10,17856,inactivo,inactivo,inactivo,inactivo
2011-10,17857,activo,activo,latente,activo
2011-10,17858,activo,latente,latente,activo
2011-10,17859,inactivo,inactivo,inactivo,inactivo
2011-10,17860,inactivo,inactivo,inactivo,inactivo
2011-10,17861,inactivo,activo,inactivo,inactivo
2011-10,17862,inactivo,inactivo,inactivo,inactivo
2011-10,17863,activo,latente,latente,activo
2011-10,17864,latente,activo,inactivo,latente
2011-10,17865,activo,activo,latente,activo
2011-10,17866,inactivo,inactivo,inactivo,inactivo
2011-10,17867,inactivo,activo,inactivo,inactivo
2011-10,17869,inactivo,inactivo,inactivo,inactivo
2011-10,17870,activo,activo,latente,activo
2011-10,17871,inactivo,inactivo,inactivo,inactivo
2011-10,17873,latente,inactivo,inactivo,latente
2011-10,17874,inactivo,inactivo,inactivo,inactivo
2011-10,17877,inactivo,inactivo,inactivo,inactivo
2011-10,17878,activo,latente,latente,activo
2011-10,17879,inactivo,inactivo,inactivo,inactivo
2011-10,17880,inactivo,inactivo,inactivo,inactivo
2011-10,17881,inactivo,inactivo,inactivo,inactivo
2011-10,17883,latente,activo,inactivo,latente
2011-10,17884,inactivo,inactivo,inactivo,inactivo
2011-10,17886,inactivo,activo,inactivo,inactivo
2011-10,17887,inactivo,inactivo,inactivo,inactivo
2011-10,17888,activo,activo,latente,activo
2011-10,17889,inactivo,inactivo,inactivo,inactivo
2011-10,17890,inactivo,inactivo,inactivo,inactivo
2011-10,17891,inactivo,inactivo,inactivo,inactivo
2011-10,17892,activo,latente,latente,activo
2011-10,17893,inactivo,inactivo,inactivo,inactivo
2011-10,17894,latente,inactivo,inactivo,latente
2011-10,17895,activo,latente,latente,activo
2011-10,17897,inactivo,inactivo,inactivo,inactivo
2011-10,17898,latente,inactivo,inactivo,latente
2011-10,17899,inactivo,inactivo,inactivo,inactivo
2011-10,17900,inactivo,inactivo,inactivo,inactivo
2011-10,17905,latente,inactivo,inactivo,latente
2011-10,17906,inactivo,inactivo,inactivo,inactivo
2011-10,17908,inactivo,inactivo,inactivo,inactivo
2011-10,17912,inactivo,inactivo,inactivo,inactivo
2011-10,17913,activo,latente,latente,activo
2011-10,17917,activo,latente,latente,activo
2011-10,17919,latente,inactivo,inactivo,latente
2011-10,17920,activo,activo,latente,activo
2011-10,17921,activo,latente,latente,activo
2011-10,17923,inactivo,inactivo,inactivo,inactivo
2011-10,17924,activo,activo,latente,activo
2011-10,17925,inactivo,inactivo,inactivo,inactivo
2011-10,17926,inactivo,inactivo,inactivo,inactivo
2011-10,17928,activo,latente,latente,activo
2011-10,17929,inactivo,activo,inactivo,inactivo
2011-10,17930,activo,activo,latente,activo
2011-10,17931,inactivo,inactivo,inactivo,inactivo
2011-10,17932,inactivo,activo,inactivo,inactivo
2011-10,17934,activo,latente,latente,activo
2011-10,17935,inactivo,inactivo,inactivo,inactivo
2011-10,17937,inactivo,activo,inactivo,inactivo
2011-10,17939,inactivo,inactivo,inactivo,inactivo
2011-10,17940,activo,latente,latente,activo
2011-10,17941,inactivo,inactivo,inactivo,inactivo
2011-10,17946,inactivo,inactivo,inactivo,inactivo
2011-10,17948,inactivo,inactivo,inactivo,inactivo
2011-10,17949,activo,activo,latente,activo
2011-10,17950,latente,inactivo,inactivo,latente
2011-10,17951,activo,latente,latente,activo
2011-10,17954,activo,latente,latente,activo
2011-10,17955,inactivo,inactivo,inactivo,inactivo
2011-10,17956,inactivo,inactivo,inactivo,inactivo
2011-10,17957,activo,latente,latente,activo
2011-10,17958,inactivo,inactivo,inactivo,inactivo
2011-10,17960,inactivo,inactivo,inactivo,inactivo
2011-10,17961,latente,activo,inactivo,latente
2011-10,17962,inactivo,inactivo,inactivo,inactivo
2011-10,17964,inactivo,activo,inactivo,inactivo
2011-10,17965,activo,activo,latente,activo
2011-10,17966,inactivo,activo,inactivo,inactivo
2011-10,17967,inactivo,inactivo,inactivo,inactivo
2011-10,17968,inactivo,inactivo,inactivo,inactivo
2011-10,17969,inactivo,inactivo,inactivo,inactivo
2011-10,17970,inactivo,inactivo,inactivo,inactivo
2011-10,17972,inactivo,inactivo,inactivo,inactivo
2011-10,17973,activo,latente,latente,activo
2011-10,17974,activo,activo,latente,activo
2011-10,17975,activo,activo,latente,activo
2011-10,17976,inactivo,inactivo,inactivo,inactivo
2011-10,17978,inactivo,inactivo,inactivo,inactivo
2011-10,17979,inactivo,activo,inactivo,inactivo
2011-10,17980,inactivo,inactivo,inactivo,inactivo
2011-10,17984,inactivo,inactivo,inactivo,inactivo
2011-10,17986,activo,latente,latente,activo
2011-10,17987,inactivo,inactivo,inactivo,inactivo
2011-10,17988,inactivo,activo,inactivo,inactivo
2011-10,17990,inactivo,inactivo,inactivo,inactivo
2011-10,17991,inactivo,inactivo,inactivo,inactivo
2011-10,17994,inactivo,inactivo,inactivo,inactivo
2011-10,17995,inactivo,inactivo,inactivo,inactivo
2011-10,17997,latente,inactivo,inactivo,latente
2011-10,17999,inactivo,activo,inactivo,inactivo
2011-10,18001,latente,activo,inactivo,latente
2011-10,18004,inactivo,inactivo,inactivo,inactivo
2011-10,18005,activo,latente,latente,activo
2011-10,18008,latente,inactivo,inactivo,latente
2011-10,18009,inactivo,inactivo,inactivo,inactivo
2011-10,18010,inactivo,inactivo,inactivo,inactivo
2011-10,18011,inactivo,inactivo,inactivo,inactivo
2011-10,18013,inactivo,inactivo,inactivo,inactivo
2011-10,18016,latente,activo,inactivo,latente
2011-10,18017,latente,inactivo,inactivo,latente
2011-10,18018,inactivo,inactivo,inactivo,inactivo
2011-10,18019,activo,latente,latente,activo
2011-10,18024,inactivo,inactivo,inactivo,inactivo
2011-10,18027,latente,inactivo,inactivo,latente
2011-10,18030,activo,latente,latente,activo
2011-10,18032,inactivo,inactivo,inactivo,inactivo
2011-10,18033,activo,latente,latente,activo
2011-10,18035,activo,activo,latente,activo
2011-10,18036,inactivo,activo,inactivo,inactivo
2011-10,18037,inactivo,inactivo,inactivo,inactivo
2011-10,18040,inactivo,activo,inactivo,inactivo
2011-10,18041,latente,activo,inactivo,latente
2011-10,18042,activo,latente,latente,activo
2011-10,18043,inactivo,activo,inactivo,inactivo
2011-10,18044,latente,activo,inactivo,latente
2011-10,18045,activo,latente,latente,activo
2011-10,18048,inactivo,inactivo,inactivo,inactivo
2011-10,18050,inactivo,inactivo,inactivo,inactivo
2011-10,18053,latente,inactivo,inactivo,latente
2011-10,18055,activo,latente,latente,activo
2011-10,18056,inactivo,inactivo,inactivo,inactivo
2011-10,18059,activo,activo,latente,activo
2011-10,18061,activo,activo,latente,activo
2011-10,18062,inactivo,inactivo,inactivo,inactivo
2011-10,18064,inactivo,inactivo,inactivo,inactivo
2011-10,18065,latente,inactivo,inactivo,latente
2011-10,18066,latente,inactivo,inactivo,latente
2011-10,18067,activo,latente,latente,activo
2011-10,18068,inactivo,inactivo,inactivo,inactivo
2011-10,18069,latente,activo,inactivo,latente
2011-10,18071,inactivo,inactivo,inactivo,inactivo
2011-10,18072,inactivo,inactivo,inactivo,inactivo
2011-10,18073,inactivo,inactivo,inactivo,inactivo
2011-10,18074,inactivo,inactivo,inactivo,inactivo
2011-10,18075,activo,activo,latente,activo
2011-10,18077,activo,activo,latente,activo
2011-10,18078,inactivo,inactivo,inactivo,inactivo
2011-10,18079,activo,latente,latente,activo
2011-10,18080,inactivo,activo,inactivo,inactivo
2011-10,18081,inactivo,activo,inactivo,inactivo
2011-10,18085,inactivo,inactivo,inactivo,inactivo
2011-10,18086,inactivo,inactivo,inactivo,inactivo
2011-10,18087,latente,inactivo,inactivo,latente
2011-10,18088,activo,latente,latente,activo
2011-10,18092,latente,activo,inactivo,latente
2011-10,18093,latente,inactivo,inactivo,latente
2011-10,18094,latente,inactivo,inactivo,latente
2011-10,18095,inactivo,inactivo,inactivo,inactivo
2011-10,18096,activo,activo,latente,activo
2011-10,18097,inactivo,inactivo,inactivo,inactivo
2011-10,18099,inactivo,inactivo,inactivo,inactivo
2011-10,18101,inactivo,activo,inactivo,inactivo
2011-10,18102,activo,activo,latente,activo
2011-10,18106,inactivo,inactivo,inactivo,inactivo
2011-10,18108,inactivo,inactivo,inactivo,inactivo
2011-10,18109,activo,activo,latente,activo
2011-10,18112,inactivo,activo,inactivo,inactivo
2011-10,18113,inactivo,inactivo,inactivo,inactivo
2011-10,18114,inactivo,inactivo,inactivo,inactivo
2011-10,18116,activo,latente,latente,activo
2011-10,18118,activo,activo,latente,activo
2011-10,18119,inactivo,inactivo,inactivo,inactivo
2011-10,18120,inactivo,inactivo,inactivo,inactivo
2011-10,18121,inactivo,inactivo,inactivo,inactivo
2011-10,18122,activo,activo,latente,activo
2011-10,18125,inactivo,activo,inactivo,inactivo
2011-10,18126,activo,latente,latente,activo
2011-10,18127,inactivo,activo,inactivo,inactivo
2011-10,18129,inactivo,inactivo,inactivo,inactivo
2011-10,18130,activo,activo,latente,activo
2011-10,18133,inactivo,inactivo,inactivo,inactivo
2011-10,18135,latente,activo,inactivo,latente
2011-10,18136,activo,latente,latente,activo
2011-10,18138,inactivo,inactivo,inactivo,inactivo
2011-10,18142,inactivo,inactivo,inactivo,inactivo
2011-10,18143,inactivo,inactivo,inactivo,inactivo
2011-10,18144,latente,activo,inactivo,latente
2011-10,18145,latente,activo,inactivo,latente
2011-10,18146,inactivo,inactivo,inactivo,inactivo
2011-10,18147,activo,latente,latente,activo
2011-10,18149,activo,latente,latente,activo
2011-10,18150,inactivo,activo,inactivo,inactivo
2011-10,18151,inactivo,inactivo,inactivo,inactivo
2011-10,18154,activo,latente,latente,activo
2011-10,18155,latente,inactivo,inactivo,latente
2011-10,18156,inactivo,activo,inactivo,inactivo
2011-10,18158,latente,activo,inactivo,latente
2011-10,18159,inactivo,inactivo,inactivo,inactivo
2011-10,18160,activo,latente,latente,activo
2011-10,18161,activo,activo,latente,activo
2011-10,18165,inactivo,inactivo,inactivo,inactivo
2011-10,18167,inactivo,activo,inactivo,inactivo
2011-10,18168,inactivo,inactivo,inactivo,inactivo
2011-10,18169,activo,latente,latente,activo
2011-10,18170,inactivo,activo,inactivo,inactivo
2011-10,18171,activo,latente,latente,activo
2011-10,18172,latente,activo,inactivo,latente
2011-10,18173,latente,inactivo,inactivo,latente
2011-10,18176,inactivo,inactivo,inactivo,inactivo
2011-10,18177,inactivo,activo,inactivo,inactivo
2011-10,18178,inactivo,inactivo,inactivo,inactivo
2011-10,18179,activo,activo,latente,activo
2011-10,18180,activo,latente,latente,activo
2011-10,18183,inactivo,inactivo,inactivo,inactivo
2011-10,18185,inactivo,inactivo,inactivo,inactivo
2011-10,18188,latente,activo,inactivo,latente
2011-10,18189,latente,inactivo,inactivo,latente
2011-10,18190,inactivo,inactivo,inactivo,inactivo
2011-10,18191,inactivo,inactivo,inactivo,inactivo
2011-10,18192,latente,inactivo,inactivo,latente
2011-10,18193,inactivo,inactivo,inactivo,inactivo
2011-10,18194,latente,inactivo,inactivo,latente
2011-10,18196,latente,inactivo,inactivo,latente
2011-10,18198,latente,activo,inactivo,latente
2011-10,18200,inactivo,inactivo,inactivo,inactivo
2011-10,18202,inactivo,inactivo,inactivo,inactivo
2011-10,18203,inactivo,inactivo,inactivo,inactivo
2011-10,18204,latente,inactivo,inactivo,latente
2011-10,18205,latente,activo,inactivo,latente
2011-10,18210,activo,activo,latente,activo
2011-10,18211,activo,activo,latente,activo
2011-10,18212,inactivo,inactivo,inactivo,inactivo
2011-10,18213,inactivo,inactivo,inactivo,inactivo
2011-10,18215,latente,inactivo,inactivo,latente
2011-10,18217,latente,activo,inactivo,latente
2011-10,18218,inactivo,inactivo,inactivo,inactivo
2011-10,18219,activo,latente,latente,activo
2011-10,18220,inactivo,inactivo,inactivo,inactivo
2011-10,18221,activo,activo,latente,activo
2011-10,18222,latente,inactivo,inactivo,latente
2011-10,18223,activo,latente,latente,activo
2011-10,18224,inactivo,inactivo,inactivo,inactivo
2011-10,18225,activo,activo,latente,activo
2011-10,18226,activo,latente,latente,activo
2011-10,18227,inactivo,inactivo,inactivo,inactivo
2011-10,18228,activo,latente,latente,activo
2011-10,18229,activo,activo,latente,activo
2011-10,18230,latente,activo,inactivo,latente
2011-10,18231,inactivo,inactivo,inactivo,inactivo
2011-10,18232,latente,inactivo,inactivo,latente
2011-10,18233,inactivo,inactivo,inactivo,inactivo
2011-10,18235,latente,inactivo,inactivo,latente
2011-10,18236,latente,activo,inactivo,latente
2011-10,18237,activo,latente,latente,activo
2011-10,18239,inactivo,inactivo,inactivo,inactivo
2011-10,18240,activo,latente,latente,activo
2011-10,18241,activo,activo,latente,activo
2011-10,18242,latente,inactivo,inactivo,latente
2011-10,18245,inactivo,inactivo,inactivo,inactivo
2011-10,18246,inactivo,activo,inactivo,inactivo
2011-10,18248,inactivo,inactivo,inactivo,inactivo
2011-10,18250,inactivo,inactivo,inactivo,inactivo
2011-10,18251,latente,inactivo,inactivo,latente
2011-10,18252,activo,latente,latente,activo
2011-10,18255,latente,inactivo,inactivo,latente
2011-10,18257,activo,latente,latente,activo
2011-10,18259,latente,activo,inactivo,latente
2011-10,18260,inactivo,inactivo,inactivo,inactivo
2011-10,18261,activo,latente,latente,activo
2011-10,18262,inactivo,inactivo,inactivo,inactivo
2011-10,18263,inactivo,activo,inactivo,inactivo
2011-10,18265,latente,inactivo,inactivo,latente
2011-10,18268,inactivo,inactivo,inactivo,inactivo
2011-10,18269,inactivo,inactivo,inactivo,inactivo
2011-10,18270,inactivo,activo,inactivo,inactivo
2011-10,18272,activo,latente,latente,activo
2011-10,18273,latente,inactivo,inactivo,latente
2011-10,18276,activo,latente,latente,activo
2011-10,18277,activo,latente,latente,activo
2011-10,18278,latente,inactivo,inactivo,latente
2011-10,18280,inactivo,inactivo,inactivo,inactivo
2011-10,18281,inactivo,inactivo,inactivo,inactivo
2011-10,18282,inactivo,inactivo,inactivo,inactivo
2011-10,18283,activo,activo,latente,activo
2011-10,18287,activo,latente,latente,activo
