Order ID,Order Date,Customer ID,Product Category,Product Name,Region,Sales,Profit,Discount
88522,2015-01-07,3,Office Supplies,SANFORD Liquid Accentâ¢ Tank-Style Highlighters,West,13.01,4.56,0.01
90193,2015-06-13,5,Furniture,Global Troyâ¢ Executive Leather Low-Back Tilter,West,6362.85,4390.3665,0.02
90192,2015-02-15,11,Furniture,"DAX Two-Tone Rosewood/Black Document Frame, Desktop, 5 x 7",East,211.15,-53.8096,0.06
86838,2015-05-12,14,Furniture,Howard Miller 12-3/4 Diameter Accuwave DS â¢ Wall Clock,Central,1164.45,803.4705,0.09
86838,2015-05-12,14,Office Supplies,Newell 321,Central,22.23,-24.03,0.08
86838,2015-05-12,14,Office Supplies,Newell 351,Central,13.99,-37.03,0.05
86838,2015-05-12,14,Office Supplies,"OIC Colored Binder Clips, Assorted Sizes",Central,14.26,-0.71,0.05
86837,2015-04-08,15,Office Supplies,Grip Seal Envelopes,East,33.47,-59.82,0.0
86839,2015-05-28,15,Office Supplies,"Tyvek Â® Top-Opening Peel & Seel Â® Envelopes, Gray",East,379.53,261.8757,0.01
86836,2015-02-12,16,Office Supplies,Staples Gold Paper Clips,East,18.8,2.63,0.04
86836,2015-02-12,16,Technology,StarTAC 7797,East,945.99,652.7331,0.05
90031,2015-05-15,18,Furniture,DAX Natural Wood-Tone Poster Frame,West,455.77,314.4813,0.05
90032,2015-05-21,19,Technology,Hewlett Packard 6S Scientific Calculator,West,231.79,-114.6399,0.07
41793,2015-05-15,21,Furniture,DAX Natural Wood-Tone Poster Frame,East,1876.69,384.38,0.05
42949,2015-05-21,21,Office Supplies,Advantus Plastic Paper Clips,East,293.06,-17.49,0.08
42949,2015-05-21,21,Technology,Hewlett Packard 6S Scientific Calculator,East,914.29,-114.6399,0.07
87651,2015-01-28,24,Office Supplies,Xerox 194,West,67.49,-28.2968,0.06
87651,2015-01-28,24,Office Supplies,Newell 323,West,2.25,-5.3072,0.02
87652,2015-05-02,27,Furniture,Eldon Image Series Black Desk Accessories,West,54.78,8.894,0.04
89199,2015-02-22,32,Office Supplies,Hunt BostonÂ® Vacuum Mount KS Pencil Sharpener,West,424.68,144.69,0.08
89200,2015-03-27,32,Technology,Canon P1-DHIII Palm Printing Calculator,West,40.17,-35.8788,0.01
89202,2015-01-20,32,Technology,StarTAC 3000,West,783.55,209.997,0.09
89203,2015-03-12,32,Technology,TimeportP7382,West,3838.14,3568.096,0.06
89201,2015-06-15,33,Office Supplies,Storex DuraTech Recycled Plastic Frosted Binders,West,58.68,-84.4376,0.03
89201,2015-06-15,33,Office Supplies,Newell 338,West,53.1,24.312,0.04
91454,2015-05-10,43,Technology,AT&T 2230 Dual Handset Phone With Caller ID/Call Waiting,West,647.07,25.91382,0.0
88426,2015-03-10,52,Technology,6160,West,627.04,162.666,0.0
88425,2015-01-28,53,Technology,Okidata Pacemark 4410N Wide Format Dot Matrix Printer,West,3267.55,-6923.5992,0.07
88426,2015-03-10,53,Office Supplies,Xerox 1903,West,110.19,-67.49,0.02
88075,2015-04-20,56,Office Supplies,Durable Pressboard Binders,East,73.55,19.6282,0.06
88075,2015-04-20,56,Office Supplies,Newell 310,East,29.57,-1.6524,0.06
87407,2015-05-09,62,Office Supplies,Xerox 193,Central,22.85,2.14,0.02
87408,2015-06-12,62,Office Supplies,"Snap-A-WayÂ® Black Print Carbonless Speed Message, No Reply Area, Duplicate",Central,506.39,349.4091,0.04
87406,2015-03-02,64,Office Supplies,Avery 501,South,4.0,-37.5291,0.0
87406,2015-03-02,64,Technology,5165,South,589.8,101.49,0.02
87946,2015-01-02,67,Office Supplies,"Dual Level, Single-Width Filing Carts",West,1225.6,845.664,0.05
37537,2015-01-02,68,Furniture,Hon 4070 Series Pagodaâ¢ Armless Upholstered Stacking Chairs,East,1239.06,-308.928,0.0
37537,2015-01-02,68,Furniture,Hon Valutaskâ¢ Swivel Chairs,East,4083.19,-1679.76,0.07
37537,2015-01-02,68,Office Supplies,"Dual Level, Single-Width Filing Carts",East,4902.38,575.396,0.05
55713,2015-02-02,68,Furniture,"Global High-Back Leather Tilter, Burgundy",East,5718.85,-2426.55,0.09
87947,2015-02-02,70,Furniture,"Global High-Back Leather Tilter, Burgundy",East,1400.53,-2426.55,0.09
87365,2015-03-15,83,Furniture,Hon 94000 Series Round Tables,East,1821.89,-715.778206,0.04
87364,2015-02-02,84,Furniture,"6"" Cubicle Wall Clock, Black",East,90.98,-144.56,0.0
87366,2015-03-30,84,Office Supplies,GBC DocuBind TL300 Electric Binding System,East,10728.0,7402.32,0.08
90596,2015-06-03,87,Office Supplies,Fellowes Super Stor/DrawerÂ® Files,West,3127.69,1892.424,0.05
90597,2015-03-22,87,Office Supplies,Avery 493,West,41.82,28.8558,0.09
90597,2015-03-22,87,Furniture,Hon 94000 Series Round Tables,West,2875.72,173.48,0.01
87175,2015-05-17,91,Office Supplies,Prismacolor Color Pencil Set,West,170.8,117.852,0.07
87176,2015-02-18,91,Office Supplies,ArrayÂ® Memo Cubes,West,53.54,34.0104,0.05
87177,2015-03-04,91,Technology,2180,West,3363.53,2031.507,0.06
87175,2015-05-17,92,Office Supplies,"REDIFORM Incoming/Outgoing Call Register, 11"" X 8 1/2"", 100 Messages",South,132.08,-190.68,0.07
87175,2015-05-17,92,Office Supplies,Xerox 1897,South,45.34,325.398,0.09
87178,2015-06-07,92,Office Supplies,"AcmeÂ® 8"" Straight Scissors",South,216.04,22.818,0.04
44231,2015-05-03,94,Furniture,Office Star - Mid Back Dual function Ergonomic High Back Chair with 2-Way Adjustable Arms,Central,6276.34,116.1,0.04
44231,2015-05-03,94,Technology,"Belkin 107-key enhanced keyboard, USB/PS/2 interface",Central,2664.4,-87.96,0.01
87306,2015-05-03,97,Furniture,Office Star - Mid Back Dual function Ergonomic High Back Chair with 2-Way Adjustable Arms,Central,1526.68,255.42,0.04
87306,2015-05-03,97,Technology,5185,Central,1952.56,685.6146,0.06
88205,2015-06-22,101,Technology,Belkin 105-Key Black Keyboard,East,303.59,-16.2,0.1
42599,2015-04-06,102,Furniture,"Atlantic Metals Mobile 5-Shelf Bookcases, Custom Colors",East,9459.94,2023.75,0.04
3397,2015-06-22,102,Technology,Belkin 105-Key Black Keyboard,East,1233.32,-20.25,0.1
3397,2015-06-22,102,Office Supplies,Avery Durable Binders,East,47.31,-3.381,0.09
88204,2015-04-06,107,Furniture,"Atlantic Metals Mobile 5-Shelf Bookcases, Custom Colors",East,2441.27,1684.4763,0.04
88205,2015-06-22,109,Office Supplies,Avery Durable Binders,East,11.13,-2.7048,0.09
89583,2015-01-03,114,Office Supplies,"Dixon PrangÂ® Watercolor Pencils, 10-Color Set with Brush",West,29.5,18.658,0.03
89584,2015-04-04,114,Office Supplies,Avery 493,West,58.33,40.2477,0.01
89584,2015-04-04,114,Office Supplies,EcoTonesÂ® Memo Sheets,West,20.42,14.0898,0.09
89585,2015-04-09,115,Technology,Fuji Slim Jewel Case CD-R,West,26.07,-55.84,0.07
7909,2015-01-03,117,Office Supplies,"Dixon PrangÂ® Watercolor Pencils, 10-Color Set with Brush",West,122.23,9.82,0.03
13959,2015-04-04,117,Office Supplies,Avery 493,West,228.46,112.06,0.01
13959,2015-04-04,117,Office Supplies,EcoTonesÂ® Memo Sheets,West,77.61,16.79,0.09
58914,2015-04-09,117,Technology,Fuji Slim Jewel Case CD-R,West,99.94,-55.84,0.07
86520,2015-01-12,120,Office Supplies,Avery 51,West,59.85,41.2965,0.05
86520,2015-01-12,120,Technology,6185,West,1708.73,1179.0237,0.09
90669,2015-04-09,123,Office Supplies,AcmeÂ® Office Executive Series Stainless Steel Trimmers,South,94.97,105.678,0.06
86693,2015-01-27,129,Furniture,"Eldon Regeneration Recycled Desk Accessories, Smoke",Central,10.23,-37.39,0.02
86694,2015-05-25,129,Office Supplies,"#10-4 1/8"" x 9 1/2"" Premium Diagonal Seam Envelopes",Central,217.23,149.8887,0.07
88534,2015-05-16,136,Office Supplies,Xerox 1939,West,101.74,3.04,0.04
88534,2015-05-16,136,Office Supplies,FiskarsÂ® Softgrip Scissors,West,84.52,2.706,0.09
91087,2015-06-02,142,Office Supplies,Xerox 1964,East,312.59,91.956,0.03
91087,2015-06-02,144,Office Supplies,FiskarsÂ® Softgrip Scissors,East,64.4,-2.544,0.05
91086,2015-01-15,145,Office Supplies,"Wirebound Message Books, 2 7/8"" x 5"", 3 Forms per Page",East,14.65,2.4852,0.06
91089,2015-03-16,145,Furniture,Laminate Occasional Tables,East,453.62,-634.7341,0.07
91088,2015-03-12,146,Furniture,Tenex B1-RE Series Chair Mats for Low Pile Carpets,Central,193.59,133.5771,0.01
91090,2015-04-23,146,Furniture,Global Ergonomic Managers Chair,Central,929.57,251.4084,0.06
89521,2015-01-22,151,Technology,PC Concepts 116 Key Quantum 3000 Keyboard,South,62.46,-20.258,0.09
89523,2015-04-20,151,Office Supplies,Wausau Papers AstrobrightsÂ® Colored Envelopes,South,28.11,13.896,0.09
89520,2015-01-15,152,Office Supplies,Newell 335,South,5.5,-172.718,0.09
89522,2015-04-19,152,Furniture,Eldon Cleatmat Plusâ¢ Chair Mats for High Pile Carpets,South,667.84,-40.684,0.01
89524,2015-03-29,152,Technology,StarTAC Analog,South,292.23,97.86,0.01
89525,2015-06-18,152,Technology,Microsoft Natural Keyboard Elite,South,772.56,360.24,0.1
87671,2015-05-14,156,Technology,T60,West,1050.08,713.88,0.01
87672,2015-01-25,156,Office Supplies,Belkin 6 Outlet Metallic Surge Strip,West,33.82,-18.64,0.03
89961,2015-01-02,164,Furniture,"Bush Westfield Collection Bookcases, Fully Assembled",West,715.55,-111.4,0.05
89961,2015-01-02,164,Office Supplies,Xerox 1952,West,45.63,-77.03,0.02
89426,2015-01-11,166,Technology,Okidata ML320 Series Turbo Dot Matrix Printers,South,1839.91,28.5141,0.08
87463,2015-01-03,169,Technology,"Fellowes Mobile Numeric Keypad, Graphite",South,130.62,280.27458,0.08
87463,2015-01-03,169,Technology,Polycom ViaVideoâ¢ Desktop Video Communications Unit,South,6945.16,-112.4263,0.05
87463,2015-01-03,169,Office Supplies,"Staples Wirebound Steno Books, 6"" x 9"", 12/Pack",South,30.94,24.924,0.04
87464,2015-04-13,171,Office Supplies,StaplesÂ® General Use 3-Ring Binders,East,3.42,-2.9095,0.05
38087,2015-02-21,181,Technology,Zoom V.92 USB External Faxmodem,West,901.81,-76.89,0.02
3585,2015-05-22,181,Office Supplies,Newell 323,West,186.59,-35.75,0.07
88360,2015-02-21,184,Technology,Zoom V.92 USB External Faxmodem,East,250.5,-76.89,0.02
88361,2015-05-22,188,Office Supplies,Riverleaf Stik-WithitÂ® Designer Note CubesÂ®,Central,221.24,152.6556,0.07
88361,2015-05-22,188,Office Supplies,Newell 323,Central,46.65,7.15,0.07
89092,2015-02-12,190,Office Supplies,Avery Arch Ring Binders,Central,164.71,113.6499,0.1
89092,2015-02-12,191,Office Supplies,APC 7 Outlet Network SurgeArrest Surge Protector,Central,79.68,-35.4744,0.01
89093,2015-04-09,191,Office Supplies,Durable Pressboard Binders,Central,53.26,14.467,0.05
89093,2015-04-09,191,Technology,Fellowes 17-key keypad for PS/2 interface,Central,203.49,-99.9864,0.09
89093,2015-04-09,191,Technology,StarTAC ST7762,Central,2356.01,1348.59672,0.0
90430,2015-01-03,193,Technology,Panasonic KX-P2130 Dot Matrix Printer,West,224.12,-560.81418,0.0
90432,2015-03-30,193,Office Supplies,Wilson JonesÂ® Four-Pocket Poly Binders,West,140.3,-66.0445,0.07
90431,2015-01-10,194,Office Supplies,Xerox 1996,West,28.2,-105.6852,0.02
90432,2015-03-30,194,Office Supplies,AccoÂ® Hot Clipsâ¢ Clips to Go,West,71.55,15.66,0.09
88921,2015-04-02,197,Office Supplies,Fellowes Super Stor/DrawerÂ® Files,Central,3108.98,1167.158,0.0
51072,2015-04-02,198,Office Supplies,Fellowes Super Stor/DrawerÂ® Files,Central,12599.55,1014.92,0.0
88971,2015-04-27,202,Office Supplies,Xerox 1933,Central,34.65,1.73,0.09
88972,2015-01-16,202,Technology,"Imation 3.5"" Unformatted DS/HD Diskettes, 10/Box",Central,85.79,-133.7,0.03
85965,2015-01-17,210,Office Supplies,"Super Bands, 12/Pack",East,17.61,-66.62,0.05
85966,2015-06-02,210,Office Supplies,3M Organizer Strips,East,27.3,-21.48775,0.09
85966,2015-06-02,210,Furniture,"Seth Thomas 8 1/2"" Cubicle Clock",East,64.75,44.6775,0.02
85966,2015-06-02,210,Office Supplies,Newell 309,East,62.98,23.595,0.0
85964,2015-01-06,211,Office Supplies,Riverleaf Stik-WithitÂ® Designer Note CubesÂ®,East,21.2,7.59,0.01
85964,2015-01-06,211,Technology,252,East,173.32,-107.987,0.0
85966,2015-06-02,211,Office Supplies,KleencutÂ® Forged Office Shears by Acme United Corporation,East,42.29,-36.25,0.05
88048,2015-06-09,218,Technology,Hewlett-Packard 2600DN Business Color Inkjet Printer,West,730.37,-102.5121,0.05
88527,2015-04-02,228,Furniture,"Global Push Button Manager's Chair, Indigo",South,450.49,36.354,0.03
90237,2015-02-20,233,Office Supplies,Fellowes Black Plastic Comb Bindings,Central,58.8,-243.2365,0.07
90237,2015-02-20,233,Furniture,"Eldon Expressionsâ¢ Desk Accessory, Wood Pencil Holder, Oak",Central,120.47,-53.62,0.04
90236,2015-02-05,234,Office Supplies,Sanyo 2.5 Cubic Foot Mid-Size Office Refrigerators,Central,1599.96,1103.9724,0.06
90238,2015-03-27,234,Office Supplies,Lock-Up Easel 'Spel-Binder',Central,197.59,136.3371,0.03
90238,2015-03-27,234,Technology,"Memorex 4.7GB DVD+R, 3/Pack",Central,33.04,-12.46,0.01
90239,2015-04-28,234,Office Supplies,"Eldon SpacemakerÂ® Box, Quick-Snap Lid, Clear",Central,27.45,-175.86,0.06
86621,2015-02-22,236,Technology,Okidata ML390 Turbo Dot Matrix Printers,West,4775.11,3294.8259,0.0
90479,2015-04-20,240,Office Supplies,Xerox Blank Computer Paper,West,57.41,35.09,0.1
90479,2015-04-20,241,Furniture,"Bevis Round Bullnose 29"" High Table Top",West,2809.87,785.63,0.06
90480,2015-05-26,241,Office Supplies,Storex Dura Proâ¢ Binders,West,79.93,-256.519,0.01
90480,2015-05-26,241,Technology,270c,West,873.18,398.358,0.02
89139,2015-02-23,247,Furniture,BPI Conference Tables,South,798.69,-101.192,0.02
89139,2015-02-23,247,Technology,252,South,792.11,-3.332,0.06
89140,2015-03-21,247,Office Supplies,Avery 514,South,28.73,-145.082,0.09
87214,2015-05-28,250,Office Supplies,DIXON OrioleÂ® Pencils,Central,109.74,1.108,0.02
87214,2015-05-28,250,Technology,StarTAC Series,Central,1543.55,1061.379,0.02
86268,2015-06-10,254,Furniture,Global Adaptabilitiesâ¢ Conference Tables,West,1332.82,-53.745,0.1
86267,2015-01-31,256,Office Supplies,AcmeÂ® Elite Stainless Steel Scissors,East,34.64,0.684,0.03
85858,2015-01-02,258,Technology,"Maxell Pro 80 Minute CD-R, 10/Pack",South,52.47,-127.008,0.05
85857,2015-01-19,259,Office Supplies,Newell 340,West,26.38,5.7532,0.09
86297,2015-01-21,263,Furniture,Hon iLevelâ¢ Computer Training Table,East,304.34,-2177.986096,0.05
90593,2015-05-18,266,Technology,Keytronic 105-Key Spanish Keyboard,Central,1300.81,326.25,0.0
90594,2015-05-15,266,Office Supplies,Xerox 214,Central,67.86,8.932,0.08
90594,2015-05-15,266,Office Supplies,Tennsco Commercial Shelving,Central,747.28,229.638,0.01
88941,2015-04-07,268,Office Supplies,Staples Brown Kraft Recycled Clasp Envelopes,West,18.67,-22.48,0.02
88941,2015-04-07,268,Furniture,Eldon Executive Woodline II Cherry Finish Desk Accessories,West,210.77,78.98,0.03
88942,2015-06-05,269,Office Supplies,"Tyvek Â® Top-Opening Peel & Seel Â® Envelopes, Gray",West,209.12,144.2928,0.09
88942,2015-06-05,269,Furniture,Tenex Antistatic Computer Chair Mats,West,1287.17,888.1473,0.0
88942,2015-06-05,269,Office Supplies,Xerox 1922,West,46.17,-46.005,0.09
88940,2015-03-30,271,Technology,Hewlett-Packard Deskjet 940 REFURBISHED Color Inkjet Printer,South,899.81,128.0253,0.1
5509,2015-04-07,272,Office Supplies,Staples Brown Kraft Recycled Clasp Envelopes,South,68.46,-29.8984,0.02
5509,2015-04-07,272,Furniture,Eldon Executive Woodline II Cherry Finish Desk Accessories,South,885.23,52.9166,0.03
36069,2015-06-05,272,Office Supplies,"Tyvek Â® Top-Opening Peel & Seel Â® Envelopes, Gray",South,836.47,72.1858,0.09
36069,2015-06-05,272,Office Supplies,Xerox 1922,South,189.83,-122.3733,0.09
89292,2015-01-24,275,Office Supplies,Recycled Premium Regency Composition Covers,East,61.52,-51.75,0.09
89291,2015-05-21,276,Office Supplies,"Brites Rubber Bands, 1 1/2 oz. Box",East,8.3,-1.0,0.04
89291,2015-05-21,282,Technology,Accessory36,East,416.95,-221.254,0.03
89293,2015-06-17,283,Office Supplies,Newell 323,East,18.71,-11.57,0.1
89761,2015-06-17,286,Office Supplies,ACCOHIDEÂ® Binder by Acco,Central,40.95,-61.87,0.0
89761,2015-06-17,286,Furniture,"O'Sullivan Elevations Bookcase, Cherry Finish",Central,1155.73,-530.24,0.1
89762,2015-01-16,288,Technology,"Memorex 4.7GB DVD+RW, 3/Pack",Central,192.3,132.687,0.09
89762,2015-01-16,288,Technology,MicroTAC 650,Central,748.1,496.89,0.08
90837,2015-03-25,290,Technology,"Imation 3.5"", DISKETTE 44766 HGHLD3.52HD/FM, 10/Pack",West,102.54,-135.16,0.04
87057,2015-02-14,306,Technology,"80 Minute Slim Jewel Case CD-R , 10/Pack - Staples",East,70.16,15.8952,0.01
87057,2015-02-14,306,Technology,Accessory34,East,1240.57,855.9933,0.04
37760,2015-02-14,308,Technology,"80 Minute Slim Jewel Case CD-R , 10/Pack - Staples",West,280.62,10.74,0.01
89166,2015-03-20,314,Office Supplies,High Speed Automatic Electric Letter Opener,Central,3206.94,-1759.58,0.04
89166,2015-03-20,315,Technology,Belkin 105-Key Black Keyboard,East,43.08,-72.23,0.01
86041,2015-06-17,317,Furniture,"EldonÂ® Expressionsâ¢ Wood Desk Accessories, Oak",West,66.55,-27.16,0.09
86041,2015-06-17,317,Office Supplies,Xerox 193,West,103.49,-52.344,0.04
86041,2015-06-17,317,Office Supplies,"Decoflex Hanging Personal Folder File, Blue",West,192.18,-119.936,0.04
91057,2015-04-04,321,Technology,"80 Minute Slim Jewel Case CD-R , 10/Pack - Staples",East,89.76,9.9268,0.04
90973,2015-06-09,326,Technology,Bell Sonecor JB700 Caller ID,Central,28.46,-29.172,0.06
89726,2015-04-14,329,Furniture,Hon 94000 Series Round Tables,East,1170.21,-715.778206,0.06
89726,2015-04-14,331,Technology,Acco Keyboard-In-A-BoxÂ®,East,243.32,-22.82,0.01
87277,2015-05-04,335,Furniture,SAFCO Arco Folding Chair,West,3825.32,2639.4708,0.06
87277,2015-05-04,335,Furniture,"EldonÂ® 200 Classâ¢ Desk Accessories, Burgundy",West,8.53,-5.2,0.09
90583,2015-03-17,339,Office Supplies,Hoover Commercial Soft Guard Upright Vacuum And Disposable Filtration Bags,East,40.3,-83.65,0.08
90583,2015-03-17,339,Furniture,"Master Giant FootÂ® Doorstop, Safety Yellow",East,111.88,24.39,0.07
3332,2015-05-04,342,Office Supplies,"Avery Hi-Liter GlideStik Fluorescent Highlighter, Yellow Ink",South,73.97,-4.6683,0.01
88151,2015-01-31,343,Furniture,Anderson Hickey Conga Table Tops & Accessories,East,111.86,11.65095,0.03
88152,2015-05-04,344,Office Supplies,"Avery Hi-Liter GlideStik Fluorescent Highlighter, Yellow Ink",East,18.49,0.702,0.01
17446,2015-06-09,349,Office Supplies,AcmeÂ® Elite Stainless Steel Scissors,South,212.89,5.8625,0.0
11527,2015-01-02,349,Furniture,"GE 48"" Fluorescent Tube, Cool White Energy Saver, 34 Watts, 30/Box",South,5555.6,1916.6757,0.04
88685,2015-06-09,351,Office Supplies,AcmeÂ® Elite Stainless Steel Scissors,East,55.54,10.5,0.0
88686,2015-01-02,351,Furniture,"GE 48"" Fluorescent Tube, Cool White Energy Saver, 34 Watts, 30/Box",East,1440.34,993.8346,0.04
89647,2015-05-14,353,Technology,"Maxell 3.5"" DS/HD IBM-Formatted Diskettes, 10/Pack",West,84.76,-165.45,0.08
89647,2015-05-14,353,Office Supplies,Xerox 1898,West,104.84,-141.12,0.07
91131,2015-05-24,357,Furniture,Bevis 36 x 72 Conference Tables,West,1714.93,1074.44,0.07
91130,2015-01-09,358,Technology,M70,East,107.95,-627.82192,0.04
87347,2015-01-17,366,Office Supplies,"Sanyo Counter Height Refrigerator with Crisper, 3.6 Cubic Foot, Stainless Steel/Black",East,1967.98,411.5172,0.05
90292,2015-04-11,369,Furniture,"Executive Impressions 13"" Clairmont Wall Clock",West,394.1,211.232,0.09
90291,2015-05-27,370,Technology,1726 Digital Answering Machine,East,266.39,49.788,0.02
90291,2015-05-27,371,Office Supplies,3M Organizer Strips,East,51.82,-132.6295,0.05
24193,2015-03-14,373,Furniture,O'Sullivan Living Dimensions 3-Shelf Bookcases,Central,9539.6,-163.63,0.02
24193,2015-03-14,373,Office Supplies,Xerox 1971,Central,109.86,-63.87,0.02
24193,2015-03-14,373,Technology,Accessory4,Central,1426.51,-175.175,0.04
90917,2015-03-14,375,Furniture,O'Sullivan Living Dimensions 3-Shelf Bookcases,South,2331.9,-224.9478,0.02
90917,2015-03-14,375,Office Supplies,Xerox 1971,South,27.47,196.8,0.02
89579,2015-04-17,377,Office Supplies,3M Office Air Cleaner,Central,460.87,250.0376,0.03
88929,2015-05-01,381,Office Supplies,Deluxe Rollaway Locking File with Drawer,Central,394.51,-539.59,0.07
88928,2015-03-19,383,Office Supplies,"Pressboard Data Binder, Crimson, 12"" X 8 1/2""",East,38.65,-82.823,0.06
88928,2015-03-19,383,Technology,8860,East,279.83,107.082,0.07
90339,2015-06-12,387,Office Supplies,GBC Instant Indexâ¢ System for Binding Systems,Central,126.9,-27.28375,0.1
90337,2015-01-03,388,Office Supplies,Xerox 4200 Series MultiUse Premium Copy Paper (20Lb. and 84 Bright),Central,22.82,-51.5592,0.03
90337,2015-01-03,388,Technology,T18,Central,188.66,-263.56572,0.01
90338,2015-02-06,389,Furniture,Office Star - Mid Back Dual function Ergonomic High Back Chair with 2-Way Adjustable Arms,Central,1845.23,1273.2087,0.03
86383,2015-03-05,392,Technology,Fellowes EZ Multi-Media Keyboard,Central,37.16,-159.68,0.02
86383,2015-03-05,392,Furniture,Telescoping Adjustable Floor Lamp,Central,43.65,27.91,0.01
86382,2015-02-15,393,Office Supplies,Filing/Storage Totes and Swivel Casters,East,31.44,-81.77,0.07
86384,2015-06-18,395,Technology,Logitech Access Keyboard,South,64.59,-19.208,0.04
86384,2015-06-18,395,Office Supplies,Xerox 1929,South,461.94,7.44,0.06
89319,2015-02-02,397,Furniture,Laminate Occasional Tables,East,1216.32,-372.485971,0.1
89320,2015-05-23,398,Furniture,"Howard Miller 16"" Diameter Gallery Wall Clock",East,1989.32,1372.6308,0.05
87804,2015-05-21,406,Office Supplies,Rediform S.O.S. Phone Message Books,East,72.76,50.2044,0.03
89639,2015-05-02,408,Office Supplies,Binding Machine Supplies,Central,400.47,236.2371,0.07
87905,2015-05-04,411,Office Supplies,"Hot FileÂ® 7-Pocket, Floor Stand",West,1531.31,943.0,0.05
87700,2015-02-06,421,Technology,"Polycom Soundstation EX Audio-Conferencing Telephone, Black",East,919.09,-2531.4825,0.09
88479,2015-01-15,428,Technology,"Memorex 4.7GB DVD+R, 3/Pack",West,236.46,163.1574,0.02
88479,2015-01-15,428,Technology,Accessory20,West,73.82,-302.225,0.0
88480,2015-03-03,428,Office Supplies,"Manila Recycled Extra-Heavyweight Clasp Envelopes, 6"" x 9""",West,243.11,90.62,0.05
90695,2015-06-22,437,Technology,StarTAC ST7762,East,952.26,427.1184,0.05
88085,2015-05-25,444,Furniture,"Master Giant FootÂ® Doorstop, Safety Yellow",Central,355.92,86.438,0.0
88083,2015-04-11,445,Office Supplies,14-7/8 x 11 Blue Bar Computer Printout Paper,Central,101.71,-4.46,0.03
88084,2015-06-23,445,Furniture,O'Sullivan Living Dimensions 3-Shelf Bookcases,Central,1766.68,-512.872,0.09
88084,2015-06-23,445,Office Supplies,Newell 333,Central,29.02,-3.784,0.09
90449,2015-06-25,447,Furniture,"Office Star - Contemporary Task Swivel chair with 2-way adjustable arms, Plum",Central,159.51,-82.904,0.04
90449,2015-06-25,447,Technology,2160i,Central,1838.85,1268.8065,0.05
86010,2015-04-10,451,Technology,"210 Trimline Phone, White",West,35.48,-53.2962,0.03
86012,2015-05-27,451,Office Supplies,Vinyl Sectional Post Binders,West,434.31,299.6739,0.04
86013,2015-01-05,451,Office Supplies,GBC Instant Indexâ¢ System for Binding Systems,West,19.86,-15.456,0.01
86013,2015-01-05,451,Office Supplies,Avery 514,West,23.26,16.0494,0.06
86012,2015-05-27,452,Technology,Accessory36,West,51.83,-235.895,0.01
86011,2015-05-08,453,Furniture,"Seth Thomas 14"" Putty-Colored Wall Clock",West,32.4,-41.32,0.03
86014,2015-05-23,460,Office Supplies,"Tenex Personal Self-Stacking Standard File Box, Black/Gray",East,492.9,7.9,0.07
88061,2015-01-14,463,Office Supplies,Economy Rollaway Files,West,1081.54,521.69,0.07
88060,2015-01-11,466,Technology,Panasonic KX-P3200 Dot Matrix Printer,East,1132.84,496.7968,0.08
88060,2015-01-11,467,Furniture,"Tensor ""Hersey Kiss"" Styled Floor Lamp",East,143.63,-556.8096,0.02
88060,2015-01-11,468,Office Supplies,Holmes Odor Grabber,East,73.04,-27.7388,0.06
88060,2015-01-11,469,Furniture,Eldon Image Series Black Desk Accessories,East,33.35,-128.6872,0.05
88060,2015-01-11,470,Office Supplies,Xerox 188,East,60.24,23.2028,0.03
3138,2015-02-08,471,Technology,Motorola SB4200 Cable Modem,South,718.03,-568.5351,0.07
88023,2015-02-08,472,Technology,Motorola SB4200 Cable Modem,East,179.51,-427.47,0.07
90353,2015-01-27,483,Office Supplies,Staples 6 Outlet Surge,Central,73.18,-18.19,0.03
90354,2015-04-23,483,Office Supplies,Cardinal Poly Pocket Divider Pockets for Ring Binders,Central,8.82,-24.05754,0.06
90354,2015-04-23,483,Technology,Canon PC1060 Personal Laser Copier,Central,5976.09,2583.56148,0.07
91062,2015-03-18,485,Office Supplies,Avery 49,West,8.77,6.0513,0.05
91063,2015-05-18,487,Office Supplies,Cardinal Poly Pocket Divider Pockets for Ring Binders,East,20.87,-67.0565,0.1
91063,2015-05-18,488,Office Supplies,Xerox 1933,East,25.7,-7.94,0.07
91063,2015-05-18,489,Technology,Accessory25,East,229.57,122.292,0.09
8353,2015-05-15,491,Office Supplies,Newell 343,East,66.7,-2.12,0.08
10464,2015-02-10,491,Office Supplies,Xerox 1897,East,217.0,-69.07,0.01
6562,2015-06-20,491,Technology,Okidata ML395C Color Dot Matrix Printer,East,31670.6,2028.12,0.02
42852,2015-06-20,491,Office Supplies,Southworth 25% Cotton Linen-Finish Paper & Envelopes,East,239.82,-63.51,0.02
88906,2015-01-20,493,Office Supplies,Xerox 21,West,66.71,-92.05,0.02
88906,2015-01-20,493,Office Supplies,Advantus Rolling Storage Box,West,87.16,6.11,0.04
88905,2015-05-15,494,Technology,"Imation 3.5 IBM Formatted Diskettes, 10/Box",West,101.26,-36.63,0.06
88905,2015-05-15,494,Office Supplies,Newell 343,West,17.4,-2.12,0.08
88907,2015-02-10,494,Office Supplies,Xerox 1897,West,52.93,-35.9164,0.01
88908,2015-06-20,494,Technology,Okidata ML395C Color Dot Matrix Printer,West,8637.44,3042.18,0.02
88908,2015-06-20,494,Office Supplies,Southworth 25% Cotton Linen-Finish Paper & Envelopes,West,59.95,-31.755,0.02
90706,2015-05-14,497,Technology,Adesso Programmable 142-Key Keyboard,South,5062.49,171.8388,0.07
87357,2015-04-18,507,Office Supplies,Xerox 1908,South,646.97,32.9409,0.01
87357,2015-04-18,507,Technology,Talkabout T8367,South,946.29,131.334,0.04
87356,2015-02-23,508,Office Supplies,"Tennsco Lockers, Gray",South,123.0,-282.0818,0.01
87357,2015-04-18,508,Furniture,SAFCO Folding Chair Trolley,South,554.08,140.1354,0.01
90058,2015-01-13,510,Office Supplies,Xerox 1910,West,152.54,105.2526,0.02
90059,2015-02-01,510,Office Supplies,"C-Line Peel & Stick Add-On Filing Pockets, 8-3/4 x 5-1/8, 10/Pack",West,89.79,-29.0927,0.03
90867,2015-06-05,518,Furniture,Nu-Dell Executive Frame,Central,199.76,113.415,0.07
89327,2015-06-22,522,Technology,Canon MP41DH Printing Calculator,West,480.37,26.1,0.02
89327,2015-06-22,522,Office Supplies,"Wirebound Message Book, 4 per Page",West,5.76,-2.58,0.1
89327,2015-06-22,522,Furniture,"Bevis Round Conference Table Top, X-Base",West,3112.13,2800.12,0.01
91127,2015-01-20,524,Office Supplies,Fellowes PB500 Electric Punch Plastic Comb Binding Machine with Manual Bind,South,2589.01,363.552,0.03
91127,2015-01-20,524,Technology,Lexmark 4227 Plus Dot Matrix Printer,South,1893.93,-11.536,0.07
90026,2015-05-25,526,Technology,Canon P1-DHIII Palm Printing Calculator,West,211.13,-6.612,0.09
90027,2015-01-17,526,Office Supplies,StaplesÂ® General Use 3-Ring Binders,West,25.39,-15.5595,0.0
90027,2015-01-17,526,Office Supplies,Xerox 1978,West,87.27,-108.19,0.06
88511,2015-04-21,535,Office Supplies,"GBC Pre-Punched Binding Paper, Plastic, White, 8-1/2"" x 11""",South,403.25,46.488,0.0
91174,2015-05-14,539,Office Supplies,GBC Recycled Regency Composition Covers,Central,414.49,159.5297,0.05
91174,2015-05-14,540,Technology,Accessory29,Central,469.69,15.3714,0.08
91175,2015-05-23,540,Technology,"Soundgear Copyboard Conference Phone, Optional Battery",Central,8585.67,5924.1123,0.05
86250,2015-06-14,547,Furniture,DAX Wood Document Frame.,East,57.37,39.5853,0.03
90908,2015-01-20,549,Office Supplies,"Wilson Jones Hanging View Binder, White, 1""",West,66.32,-66.378,0.02
90909,2015-01-30,550,Office Supplies,Newell 323,Central,18.75,-33.34,0.05
90909,2015-01-30,550,Furniture,BoxOffice By Design Rectangular and Half-Moon Meeting Room Tables,Central,188.51,-201.276,0.1
90910,2015-06-12,550,Technology,Sharp 1540cs Digital Laser Copier,Central,6720.88,4637.4072,0.06
90910,2015-06-12,550,Technology,2160,Central,102.21,-239.5415,0.08
90909,2015-01-30,551,Office Supplies,White GlueTop Scratch Pads,Central,31.18,21.5142,0.0
17155,2015-01-28,553,Office Supplies,"Adams Phone Message Book, 200 Message Capacity, 8 1/16â x 11â",West,267.53,34.068,0.0
2433,2015-02-21,553,Technology,Lexmark 4227 Plus Dot Matrix Printer,West,43046.2,4073.25,0.07
8165,2015-04-15,553,Office Supplies,Xerox 1922,West,330.21,-179.592,0.01
359,2015-06-18,553,Furniture,Bevis 36 x 72 Conference Tables,West,6831.37,-500.38,0.08
86190,2015-02-21,555,Technology,Lexmark 4227 Plus Dot Matrix Printer,West,10331.09,6028.41,0.07
86191,2015-04-15,555,Office Supplies,Xerox 1922,West,83.86,-161.6328,0.01
86192,2015-06-18,555,Furniture,Bevis 36 x 72 Conference Tables,West,1707.84,-250.19,0.08
86189,2015-01-28,556,Office Supplies,"Adams Phone Message Book, 200 Message Capacity, 8 1/16â x 11â",West,66.88,46.1472,0.0
86189,2015-01-28,556,Office Supplies,Fellowes Neat IdeasÂ® Storage Cubes,West,274.91,-1116.3348,0.03
88879,2015-03-04,568,Furniture,Hon 2090 âPillow Softâ Series Mid Back Swivel/Tilt Chairs,South,1128.74,1141.794,0.02
88880,2015-04-15,568,Office Supplies,Tripp Lite Isotel 8 Ultra 8 Outlet Metal Surge,South,805.99,-99.568,0.09
88882,2015-04-01,568,Office Supplies,Catalog Binders with Expanding Posts,South,1066.54,224.8506,0.08
88881,2015-01-13,570,Technology,Bell Sonecor JB700 Caller ID,West,65.74,-122.133,0.06
86555,2015-03-13,573,Office Supplies,"ACCOHIDEÂ® 3-Ring Binder, Blue, 1""",Central,5.84,-12.1555,0.05
86556,2015-02-26,573,Office Supplies,Deluxe Rollaway Locking File with Drawer,Central,405.57,-269.0844,0.08
88645,2015-01-13,576,Office Supplies,Hoover Portapowerâ¢ Portable Vacuum,West,32.6,-566.0,0.06
88644,2015-05-13,578,Office Supplies,Multimedia Mailers,East,515.88,293.14,0.03
88644,2015-05-13,579,Office Supplies,"Peel & SeelÂ® Recycled Catalog Envelopes, Brown",East,25.06,-6.61,0.01
88644,2015-05-13,580,Technology,Accessory6,East,578.24,-57.541,0.01
88646,2015-01-21,584,Office Supplies,"Tenex File Box, Personal Filing Tote with Lid, Black",East,116.93,-266.22,0.04
88644,2015-05-13,585,Office Supplies,"Acme Hot Forged Carbon Steel Scissors with Nickel-Plated Handles, 3 7/8"" Cut, 8""L",East,170.45,-67.59,0.06
86307,2015-01-17,592,Office Supplies,"Avery 4027 File Folder Labels for Dot Matrix Printers, 5000 Labels per Box, White",Central,285.87,-239.8656,0.08
86307,2015-01-17,593,Office Supplies,Newell 323,Central,20.37,-53.444,0.01
86309,2015-03-15,594,Furniture,9-3/4 Diameter Round Wall Clock,Central,17.44,-22.12,0.09
86311,2015-06-19,594,Technology,"80 Minute CD-R Spindle, 100/Pack - Staples",Central,702.68,484.8492,0.04
86311,2015-06-19,594,Furniture,3M Hangers With Command Adhesive,Central,67.24,18.0,0.04
86308,2015-02-15,596,Office Supplies,Durable Pressboard Binders,Central,24.27,15.2745,0.03
86308,2015-02-15,596,Office Supplies,"Adams Telephone Message Book w/Frequently-Called Numbers Space, 400 Messages per Book",Central,38.53,26.5857,0.07
86308,2015-02-15,596,Furniture,Bretford âJust In Timeâ Height-Adjustable Multi-Task Work Tables,Central,4910.72,-575.352,0.07
86310,2015-06-10,597,Office Supplies,Xerox 1976,Central,116.8,-51.635,0.1
87579,2015-03-13,600,Office Supplies,Xerox 210,East,32.39,-75.44,0.06
87020,2015-02-03,603,Technology,Accessory27,West,227.79,-120.934,0.02
28647,2015-03-14,604,Furniture,Laminate Occasional Tables,West,5679.59,-1763.7477,0.09
34882,2015-01-24,604,Office Supplies,StaplesÂ® General Use 3-Ring Binders,West,102.32,-15.0995,0.03
91144,2015-03-14,605,Furniture,Laminate Occasional Tables,East,1494.63,-1763.7477,0.09
88198,2015-04-29,617,Office Supplies,Park Ridgeâ¢ Embossed Executive Business Envelopes,West,46.23,23.5428,0.02
88198,2015-04-29,617,Office Supplies,"IrisÂ® 3-Drawer Stacking Bin, Black",West,279.28,-276.1128,0.02
88197,2015-03-24,618,Technology,"Belkin 107-key enhanced keyboard, USB/PS/2 interface",West,70.06,-78.13,0.06
88198,2015-04-29,618,Office Supplies,"Acco PRESSTEXÂ® Data Binder with Storage Hooks, Dark Blue, 14 7/8"" X 11""",West,81.82,-64.67094,0.06
88198,2015-04-29,618,Office Supplies,"1/4 Fold Party Design Invitations & White Envelopes, 24 8-1/2"" X 11"" Cards, 25 Env./Pack",West,13.16,-11.1132,0.03
88196,2015-01-07,619,Furniture,Coloredge Poster Frame,Central,205.98,107.02,0.03
91432,2015-02-26,621,Office Supplies,"Adams Phone Message Book, 200 Message Capacity, 8 1/16â x 11â",East,31.46,18.42,0.1
91432,2015-02-26,622,Technology,T28 WORLD,East,948.97,349.47,0.06
91433,2015-04-01,623,Office Supplies,Xerox 212,East,136.99,-226.3464,0.05
91433,2015-04-01,624,Technology,Accessory6,East,99.36,-281.17584,0.05
90469,2015-04-21,627,Office Supplies,Smead Adjustable Mobile File Trolley with Lockable Top,East,9580.0,6610.2,0.02
89284,2015-04-05,635,Furniture,EldonÂ® Wave Desk Accessories,Central,28.32,-103.7124,0.01
89284,2015-04-05,635,Office Supplies,"Sauder Facets Collection Locker/File Cabinet, Sky Alder Finish",Central,2309.49,-124.2864,0.03
87953,2015-03-20,637,Furniture,Rush Hierlooms Collection Rich Wood Bookcases,West,1232.01,-229.68,0.06
87954,2015-04-30,638,Technology,6120,West,506.38,288.09,0.06
87954,2015-04-30,638,Technology,KH 688,West,1042.72,719.4768,0.0
87952,2015-02-14,639,Furniture,Chromcraft Rectangular Conference Tables,West,1769.91,1192.04,0.0
56452,2015-02-14,640,Furniture,Chromcraft Rectangular Conference Tables,West,6686.34,1192.04,0.0
11077,2015-03-20,640,Furniture,Rush Hierlooms Collection Rich Wood Bookcases,West,4620.05,-229.68,0.06
45380,2015-04-30,640,Technology,6120,West,1912.98,288.09,0.06
45380,2015-04-30,640,Technology,KH 688,West,4170.87,1030.509,0.0
90735,2015-06-17,646,Furniture,"Howard Miller 13-3/4"" Diameter Brushed Chrome Round Wall Clock",Central,818.81,261.444,0.03
91365,2015-06-21,648,Furniture,"Executive Impressions 13"" Chairman Wall Clock",Central,34.11,-10.36,0.02
91366,2015-05-29,649,Office Supplies,Staples Bulldog Clip,Central,154.71,106.7499,0.02
91575,2015-01-07,651,Office Supplies,"GBC Pre-Punched Binding Paper, Plastic, White, 8-1/2"" x 11""",West,192.33,-246.92616,0.08
91576,2015-02-15,651,Furniture,"Riverside Palais Royal Lawyers Bookcase, Royale Cherry Finish",West,6901.25,4233.2588,0.04
91576,2015-02-15,651,Furniture,Electrix 20W Halogen Replacement Bulb for Zoom-In Desk Lamp,West,148.94,102.7686,0.07
91576,2015-02-15,651,Technology,"210 Trimline Phone, White",West,200.68,-36.671544,0.01
91213,2015-04-16,653,Office Supplies,Wilson Jones Suede Grain Vinyl Binders,West,29.92,20.6448,0.0
91212,2015-01-19,657,Office Supplies,Computer Printout Paper with Letter-Trim Perforations,East,19.73,-24.2048,0.1
91212,2015-01-19,659,Technology,Hewlett-Packard 2600DN Business Color Inkjet Printer,East,615.54,-126.05778,0.0
90922,2015-05-29,663,Furniture,DAX Clear Channel Poster Frame,East,261.34,10.802,0.02
88677,2015-01-16,665,Furniture,"Executive Impressions 14"" Two-Color Numerals Wall Clock",South,202.41,-678.496,0.04
88678,2015-04-18,665,Furniture,"Office Star - Contemporary Task Swivel chair with 2-way adjustable arms, Plum",South,793.39,90.762,0.02
88679,2015-04-22,666,Office Supplies,NewellÂ® 3-Hole Punched Plastic Slotted Magazine Holders for Binders,South,54.04,-352.814,0.02
22147,2015-01-16,667,Furniture,"Executive Impressions 14"" Two-Color Numerals Wall Clock",Central,832.14,70.028,0.04
48257,2015-04-22,667,Office Supplies,NewellÂ® 3-Hole Punched Plastic Slotted Magazine Holders for Binders,Central,221.06,-124.2805,0.02
88475,2015-03-20,669,Office Supplies,Avery 498,Central,58.67,40.4823,0.09
88475,2015-03-20,669,Office Supplies,Xerox 1891,Central,101.06,32.86,0.02
88474,2015-03-05,670,Furniture,Hon 94000 Series Round Tables,South,1429.81,-187.222,0.08
88173,2015-02-05,672,Office Supplies,"Sanford Colorific Colored Pencils, 12/Box",Central,34.97,9.59,0.07
88173,2015-02-05,672,Technology,R380,Central,308.86,-655.424,0.1
88174,2015-01-02,674,Office Supplies,Fellowes Super Stor/DrawerÂ® Files,Central,485.01,-7.58,0.06
88889,2015-04-22,678,Office Supplies,"Decoflex Hanging Personal Folder File, Blue",South,81.14,-109.704,0.04
88890,2015-03-04,679,Office Supplies,"Hoover Replacement Belts For Soft Guardâ¢ & Commercial Ltweight Upright Vacs, 2/Pk",West,10.11,-19.93,0.01
88890,2015-03-04,679,Office Supplies,Ibico Ibimaster 300 Manual Binding System,West,6621.17,4568.6073,0.02
88890,2015-03-04,680,Technology,T60,West,253.78,-258.225,0.04
87765,2015-04-07,683,Furniture,"Executive Impressions 12"" Wall Clock",Central,69.96,38.06,0.06
88503,2015-05-16,688,Office Supplies,"Tennsco Snap-Together Open Shelving Units, Starter Sets and Add-On Units",Central,2716.09,-207.28,0.07
88504,2015-03-06,688,Office Supplies,AveryÂ® Durable Slant Ring Binders With Label Holder,Central,21.34,-12.719,0.06
88502,2015-02-04,689,Technology,BASF Silver 74 Minute CD-R,Central,17.42,-51.42,0.07
89915,2015-03-21,691,Office Supplies,Xerox 200,West,49.81,-88.6,0.09
87811,2015-03-25,693,Furniture,DMI Eclipse Executive Suite Bookcases,West,3722.41,2568.4629,0.02
87812,2015-03-08,693,Office Supplies,Wilson Jones 14 Line Acrylic Coated Pressboard Data Binders,West,95.1,9.486,0.09
87812,2015-03-08,693,Furniture,"Bush Heritage Pine Collection 5-Shelf Bookcase, Albany Pine Finish, *Special Order",West,734.74,-263.65,0.07
87812,2015-03-08,693,Technology,i470,West,1882.87,890.181,0.06
87813,2015-05-05,693,Furniture,"BushÂ® Cubix Conference Tables, Fully Assembled",West,8834.58,6095.8602,0.0
89847,2015-03-27,696,Technology,"Imation Neon Mac Format Diskettes, 10/Pack",Central,78.54,-82.83,0.06
89847,2015-03-27,696,Furniture,"Deflect-o EconoMat Nonstudded, No Bevel Mat",Central,605.1,25.04,0.05
89848,2015-04-07,696,Technology,Keytronic Designer 104- Key Black Keyboard,Central,355.84,-580.32,0.1
89847,2015-03-27,697,Technology,2180,Central,1346.32,928.9608,0.1
89849,2015-02-07,697,Office Supplies,"Holmes Replacement Filter for HEPA Air Cleaner, Large Room",Central,292.18,-131.6172,0.08
32869,2015-03-27,698,Technology,"Imation Neon Mac Format Diskettes, 10/Pack",West,322.03,-82.83,0.06
32869,2015-03-27,698,Furniture,"Deflect-o EconoMat Nonstudded, No Bevel Mat",West,2470.84,25.04,0.05
32869,2015-03-27,698,Technology,2180,West,5250.66,930.987,0.1
8994,2015-04-07,698,Technology,Keytronic Designer 104- Key Black Keyboard,West,1423.35,-580.32,0.1
53410,2015-02-07,698,Office Supplies,"Holmes Replacement Filter for HEPA Air Cleaner, Large Room",West,1154.12,-253.11,0.08
44517,2015-04-23,699,Office Supplies,Xerox 1954,West,32.5,-16.67,0.03
55392,2015-06-06,699,Office Supplies,"Staples Pen Style Liquid Stix; Assorted (yellow, pink, green, blue, orange), 5/Pack",West,193.95,40.2,0.02
55392,2015-06-06,699,Office Supplies,SANFORD Liquid Accentâ¢ Tank-Style Highlighters,West,158.8,3.21,0.07
36647,2015-06-30,699,Office Supplies,"Staples Vinyl Coated Paper Clips, 800/Box",West,274.26,38.7,0.01
36647,2015-06-30,699,Office Supplies,"*Staples* vLetter Openers, 2/Pack",West,83.16,-21.91,0.09
36647,2015-06-30,699,Office Supplies,Filing/Storage Totes and Swivel Casters,West,261.93,-119.77,0.1
32420,2015-01-29,699,Technology,"Imation 3.5, DISKETTE 44766 HGHLD3.52HD/FM, 10/Pack",West,210.1,-168.72,0.07
32420,2015-01-29,699,Furniture,Hon 2090 âPillow Softâ Series Mid Back Swivel/Tilt Chairs,West,6499.87,-439.62,0.07
3042,2015-05-20,699,Office Supplies,"Dixon PrangÂ® Watercolor Pencils, 10-Color Set with Brush",West,351.56,15.42,0.1
87980,2015-05-20,700,Office Supplies,"Dixon PrangÂ® Watercolor Pencils, 10-Color Set with Brush",West,87.89,33.924,0.1
87977,2015-04-23,702,Office Supplies,Xerox 1954,West,6.5,-16.67,0.03
87979,2015-06-30,702,Office Supplies,"Staples Vinyl Coated Paper Clips, 800/Box",West,68.56,46.44,0.01
87979,2015-06-30,702,Office Supplies,"*Staples* vLetter Openers, 2/Pack",West,20.79,-17.528,0.09
87979,2015-06-30,702,Office Supplies,Filing/Storage Totes and Swivel Casters,West,67.91,-95.816,0.1
87978,2015-06-06,711,Office Supplies,SANFORD Liquid Accentâ¢ Tank-Style Highlighters,East,40.37,3.852,0.07
89344,2015-02-28,719,Technology,Hewlett-Packard 4.7GB DVD+R Discs,West,122.25,71.7356,0.0
89344,2015-02-28,719,Office Supplies,Fellowes Stor/DrawerÂ® Steel Plusâ¢ Storage Drawers,West,206.09,-79.3208,0.03
91053,2015-06-24,721,Furniture,"Eldon Expressions Punched Metal & Wood Desk Accessories, Pewter & Cherry",Central,66.9,24.096,0.04
91053,2015-06-24,721,Office Supplies,Prang Drawing Pencil Set,Central,43.13,6.972,0.03
91054,2015-04-11,721,Office Supplies,"ArrayÂ® Parchment Paper, Assorted Colors",Central,11.21,-24.246,0.01
90359,2015-03-15,724,Technology,SC7868i,East,100.38,-605.374,0.09
90359,2015-03-15,727,Technology,"Belkin 107-key enhanced keyboard, USB/PS/2 interface",East,66.32,-99.55,0.1
90362,2015-04-26,731,Office Supplies,Tennsco Regal Shelving Units,East,1178.32,-801.1548,0.09
90361,2015-06-15,736,Furniture,Office Star - Professional Matrix Back Chair with 2-to-1 Synchro Tilt and Mesh Fabric Seat,East,2016.32,797.856,0.06
90360,2015-06-07,737,Office Supplies,Xerox 1937,East,612.25,422.4525,0.02
90361,2015-06-15,738,Furniture,"Hon Metal Bookcases, Putty",East,313.63,-178.216,0.02
90361,2015-06-15,741,Technology,Belkin MediaBoard 104- Keyboard,East,397.17,-26.656,0.04
87725,2015-01-28,744,Office Supplies,Belkin 8 Outlet SurgeMaster II Gold Surge Protector,West,63.48,-54.622,0.02
87725,2015-01-28,744,Office Supplies,Wilson Jones Impact Binders,West,47.64,-126.81418,0.03
87726,2015-01-17,744,Technology,Hewlett-Packard 2600DN Business Color Inkjet Printer,West,1545.58,1400.1,0.03
87727,2015-05-25,744,Technology,SC7868i,West,2104.99,916.6806,0.09
87726,2015-01-17,745,Technology,"Verbatim DVD-R, 4.7GB, Spindle, WE, Blank, Ink Jet/Thermal, 20/Spindle",West,353.1,67.6,0.05
91200,2015-01-12,750,Office Supplies,Fellowes Super Stor/DrawerÂ®,South,257.52,-224.644,0.09
91201,2015-02-27,751,Furniture,"O'Sullivan Elevations Bookcase, Cherry Finish",South,411.64,14.76,0.06
90438,2015-03-11,753,Office Supplies,Avery 479,West,17.59,10.85,0.06
90438,2015-03-11,753,Office Supplies,"Telephone Message Books with Fax/Mobile Section, 5 1/2"" x 3 3/16""",West,141.54,97.6626,0.01
90437,2015-06-04,754,Furniture,BoxOffice By Design Rectangular and Half-Moon Meeting Room Tables,West,905.4,-453.2,0.06
90439,2015-04-12,754,Technology,Epson C82 Color Inkjet Printer,West,243.86,-207.679788,0.06
90258,2015-02-11,757,Office Supplies,"Snap-A-WayÂ® Black Print Carbonless Ruled Speed Letter, Triplicate",West,39.97,-7.5244,0.03
86639,2015-05-29,759,Technology,Accessory39,Central,92.96,-92.961,0.0
87525,2015-04-27,762,Technology,5170i,West,1362.2,613.89576,0.0
86279,2015-01-30,767,Technology,"Memorex 4.7GB DVD-RAM, 3/Pack",Central,336.64,232.2816,0.1
88667,2015-03-19,770,Technology,Fellowes 17-key keypad for PS/2 interface,West,429.33,-45.07,0.08
88667,2015-03-19,771,Office Supplies,Acco 6 Outlet Guardian Premium Surge Suppressor,West,44.66,-8.53,0.05
88667,2015-03-19,771,Technology,Brother DCP1000 Digital 3 in 1 Multifunction Machine,West,1619.95,285.95,0.0
88666,2015-01-14,772,Office Supplies,Hoover Commercial Soft Guard Upright Vacuum And Disposable Filtration Bags,East,56.44,-209.25,0.08
88666,2015-01-14,772,Office Supplies,Xerox 1939,East,56.73,-9.1636,0.1
88668,2015-05-17,772,Office Supplies,Eureka Disposable Bags for SanitaireÂ® Vibra Groomer IÂ® Upright Vac,East,64.41,12.706,0.02
88668,2015-05-17,772,Technology,"Sharp EL501VB Scientific Calculator, Battery Operated, 10-Digit Display, Hard Case",East,344.57,7.71516,0.07
90962,2015-04-29,782,Office Supplies,Home/Office Personal File Carts,West,279.01,192.5169,0.04
90961,2015-01-06,783,Furniture,"Bush Westfield Collection Bookcases, Fully Assembled",East,614.99,-134.912,0.02
91513,2015-04-06,786,Office Supplies,Southworth 25% Cotton Antique Laid Paper & Envelopes,West,76.23,-5.05,0.0
88753,2015-06-21,792,Office Supplies,Xerox 1993,Central,99.92,-204.16,0.09
86867,2015-03-11,796,Office Supplies,Avery Printable Repositionable Plastic Tabs,Central,79.4,-46.115,0.06
86869,2015-06-19,796,Office Supplies,Holmes Odor Grabber,Central,15.49,-20.104,0.1
86868,2015-06-01,797,Office Supplies,Dixon Ticonderoga Core-Lock Colored Pencils,West,18.59,-3.496,0.04
86868,2015-06-01,797,Office Supplies,Space Solutions Commercial Steel Shelving,West,834.08,-717.072,0.07
86870,2015-03-06,797,Office Supplies,Xerox 204,West,50.88,-62.23,0.09
89909,2015-01-06,799,Furniture,Novimex Swivel Fabric Task Chair,South,958.46,131.382,0.01
89909,2015-01-06,799,Office Supplies,Eldon Portable Mobile Manager,South,368.84,-89.292,0.01
89909,2015-01-06,799,Technology,Accessory35,South,30.86,-211.036,0.03
89910,2015-03-28,800,Technology,Microsoft Natural Multimedia Keyboard,West,568.25,-13.28,0.04
89910,2015-03-28,800,Office Supplies,Xerox 23,West,126.66,-48.68,0.02
90048,2015-04-29,803,Technology,Accessory27,South,93.82,-184.548,0.03
40547,2015-01-09,806,Technology,VTech VT20-2481 2.4GHz Two-Line Phone System w/Answering Machine,South,8332.91,1220.03784,0.06
90244,2015-05-21,820,Office Supplies,Avery Hi-LiterÂ® Smear-Safe Highlighters,West,5.9,-2.87,0.09
89257,2015-01-12,823,Furniture,Eldon Expressions Mahogany Wood Desk Collection,South,80.23,4.3809,0.04
89257,2015-01-12,824,Furniture,"Atlantic Metals Mobile 3-Shelf Bookcases, Custom Colors",South,2044.9,-100.744,0.09
89258,2015-05-21,825,Office Supplies,Staples 6 Outlet Surge,Central,53.3,3.384,0.0
89259,2015-05-25,827,Office Supplies,"Adams Phone Message Book, Professional, 400 Message Capacity, 5 3/6â x 11â",Central,21.93,0.346,0.01
90271,2015-02-22,829,Office Supplies,ArrayÂ® Memo Cubes,South,28.46,-17.654,0.01
90270,2015-01-24,830,Office Supplies,Holmes Odor Grabber,West,89.91,-13.826,0.01
89770,2015-01-09,833,Office Supplies,Boston 16765 Mini Stand Up Battery Pencil Sharpener,West,138.51,-203.67,0.0
88569,2015-03-07,850,Office Supplies,Zebra Zazzle Fluorescent Highlighters,West,41.96,19.57,0.07
88568,2015-02-25,851,Furniture,"Dana Fluorescent Magnifying Lamp, White, 36""",West,300.63,98.12,0.1
88569,2015-03-07,851,Office Supplies,"Holmes Cool Mist Humidifier for the Whole House with 8-Gallon Output per Day, Extended Life Filter",West,240.46,107.11,0.08
88569,2015-03-07,851,Office Supplies,Cardinal Poly Pocket Divider Pockets for Ring Binders,West,74.08,-216.154,0.02
88571,2015-04-30,851,Office Supplies,Bagged Rubber Bands,West,5.28,-6.6096,0.06
88570,2015-03-16,853,Office Supplies,Storex DuraTech Recycled Plastic Frosted Binders,West,50.83,-89.217,0.05
88571,2015-04-30,854,Office Supplies,Newell 310,East,39.26,1.2236,0.06
88571,2015-04-30,855,Office Supplies,2300 Heavy-Duty Transfer File Systems by Perma,East,606.51,4.3148,0.02
88571,2015-04-30,858,Technology,Accessory41,East,64.89,-125.83296,0.05
90674,2015-05-27,865,Furniture,Coloredge Poster Frame,Central,267.2,122.21,0.03
90675,2015-02-26,865,Office Supplies,Xerox 1985,Central,86.79,-11.1332,0.04
91194,2015-02-25,868,Furniture,"Deflect-o SuperTrayâ¢ Unbreakable Stackable Tray, Letter, Black",Central,292.37,201.7353,0.04
91194,2015-02-25,868,Office Supplies,"Carina 42""Hx23 3/4""W Media Storage Unit",Central,682.79,-684.78,0.0
91195,2015-03-06,868,Office Supplies,Xerox 224,Central,125.77,-237.47,0.06
91195,2015-03-06,868,Furniture,"SAFCO PlanMaster Heigh-Adjustable Drafting Table Base, 43w x 30d x 30-37h, Black",Central,3918.98,-2946.051,0.09
90577,2015-03-15,871,Furniture,Coloredge Poster Frame,West,31.24,21.5556,0.03
90578,2015-05-20,871,Office Supplies,Storex Dura Proâ¢ Binders,West,74.77,-239.315,0.01
90578,2015-05-20,871,Office Supplies,Xerox 231,West,127.81,-33.31,0.0
89059,2015-02-21,875,Office Supplies,"Eureka Sanitaire Â® Multi-Pro Heavy-Duty Upright, Disposable Bags",West,78.59,-74.4796,0.04
89059,2015-02-21,875,Technology,CF 688,West,497.11,-232.22056,0.09
86153,2015-03-25,880,Office Supplies,Staples Standard Envelopes,West,27.02,18.6438,0.07
86153,2015-03-25,880,Office Supplies,Xerox 1964,West,27.67,-31.24,0.06
89537,2015-05-24,885,Furniture,"Global Stack Chair without Arms, Black",Central,1033.56,55.888,0.06
89536,2015-01-05,890,Furniture,"Metal Folding Chairs, Beige, 4/Carton",Central,19.97,1.3224,0.08
89536,2015-01-05,890,Technology,232,Central,660.03,455.4207,0.04
14596,2015-01-10,894,Furniture,Document Clip Frames,East,199.12,29.332,0.01
14596,2015-01-10,894,Office Supplies,Newell 337,East,63.14,-86.0,0.06
38529,2015-02-02,894,Office Supplies,OIC Thumb-Tacks,East,44.85,-0.49,0.02
90166,2015-01-10,896,Furniture,Document Clip Frames,Central,49.78,34.3482,0.01
90166,2015-01-10,896,Office Supplies,Newell 337,Central,16.62,-66.65,0.06
90167,2015-06-20,896,Technology,"DS/HD IBM Formatted Diskettes, 200/Pack - Staples",Central,517.68,35.955,0.06
33635,2015-01-12,898,Technology,Lexmark Z55se Color Inkjet Printer,East,573.31,-173.0952,0.04
33635,2015-01-12,898,Office Supplies,Tennsco Commercial Shelving,East,140.23,-96.16,0.07
9606,2015-01-27,898,Office Supplies,Round Specialty Laser Printer Labels,East,594.44,263.4,0.02
9606,2015-01-27,898,Office Supplies,ArrayÂ® Memo Cubes,East,228.5,37.31,0.07
86263,2015-01-12,899,Technology,Lexmark Z55se Color Inkjet Printer,East,191.1,-173.0952,0.04
86263,2015-01-12,899,Office Supplies,Tennsco Commercial Shelving,East,28.05,-96.16,0.07
86264,2015-01-27,899,Office Supplies,Round Specialty Laser Printer Labels,East,151.77,104.7213,0.02
86264,2015-01-27,899,Office Supplies,ArrayÂ® Memo Cubes,East,57.13,37.31,0.07
90806,2015-03-12,903,Office Supplies,Avery Hanging File Binders,East,116.92,80.6748,0.0
86459,2015-02-26,907,Technology,Accessory41,South,151.6,114.3165,0.09
86460,2015-06-17,907,Office Supplies,12 Colored Short Pencils,South,31.73,1107.408,0.09
90187,2015-05-14,910,Office Supplies,Xerox 1954,South,85.26,-149.212,0.0
90185,2015-01-31,911,Office Supplies,"Rediform Wirebound ""Phone Memo"" Message Book, 11 x 5-3/4",East,16.6,-21.018,0.05
90185,2015-01-31,911,Furniture,BoxOffice By Design Rectangular and Half-Moon Meeting Room Tables,East,2285.41,-655.529875,0.04
90186,2015-04-04,911,Office Supplies,"Advantus 10-Drawer Portable Organizer, Chrome Metal Frame, Smoke Drawers",East,513.52,354.3288,0.01
86356,2015-01-04,915,Furniture,Office Star - Professional Matrix Back Chair with 2-to-1 Synchro Tilt and Mesh Fabric Seat,Central,346.52,-489.4156,0.06
86357,2015-01-04,916,Office Supplies,Fellowes Super Stor/DrawerÂ® Files,Central,499.31,35.31,0.05
90492,2015-04-12,918,Office Supplies,Steel Personal Filing/Posting Tote,West,73.1,6.11,0.05
90493,2015-05-20,918,Furniture,O'Sullivan 3-Shelf Heavy-Duty Bookcases,West,2115.06,187.412,0.09
90492,2015-04-12,919,Office Supplies,AcmeÂ® Elite Stainless Steel Scissors,West,47.95,-6.34,0.1
90491,2015-03-27,920,Technology,Logitech Access Keyboard,West,134.38,92.7222,0.1
90492,2015-04-12,920,Office Supplies,"Fellowes Twister Kit, Gray/Clear, 3/pkg",West,76.77,-160.2755,0.03
87135,2015-05-20,922,Technology,5180,West,782.0,396.972,0.01
87134,2015-04-06,925,Office Supplies,Advantus Push Pins,East,15.73,-7.04,0.03
87134,2015-04-06,929,Furniture,"Rush Hierlooms Collection 1"" Thick Stackable Bookcases",East,1719.07,538.52,0.01
90588,2015-02-17,936,Office Supplies,"Adams Telephone Message Books, 5 1/4â x 11â",West,8.41,-4.14,0.05
90589,2015-06-27,936,Office Supplies,Xerox 1983,West,104.95,-31.885,0.05
90589,2015-06-27,937,Technology,StarTAC 7760,West,166.59,-95.2105,0.01
90844,2015-04-14,940,Furniture,"Bush Westfield Collection Bookcases, Fully Assembled",East,396.19,-193.58,0.09
86567,2015-03-06,945,Office Supplies,GBC Wire Binding Strips,West,98.7,-4.301,0.03
86566,2015-03-01,946,Furniture,Eldon ClusterMat Chair Mat with Cordless Antistatic Protection,East,1782.44,-1570.32,0.09
86565,2015-01-11,947,Furniture,Coloredge Poster Frame,East,72.11,27.23,0.08
9285,2015-01-02,949,Office Supplies,"Avery Trapezoid Ring Binder, 3"" Capacity, Black, 1040 sheets",West,124.81,-19.0992,0.06
8257,2015-03-22,949,Office Supplies,Xerox 1910,West,881.32,373.67,0.02
89083,2015-01-02,950,Office Supplies,"Avery Trapezoid Ring Binder, 3"" Capacity, Black, 1040 sheets",Central,41.6,-14.80188,0.06
89084,2015-03-22,950,Technology,Epson DFX5000+ Dot Matrix Printer,Central,1497.22,-2561.3235,0.05
89084,2015-03-22,950,Office Supplies,Xerox 1910,Central,244.81,168.9189,0.02
89084,2015-03-22,950,Office Supplies,Newell 320,Central,4.55,-6.2,0.03
90771,2015-02-12,954,Office Supplies,Self-Adhesive Address Labels for Typewriters by Universal,Central,27.63,19.0647,0.1
90771,2015-02-12,954,Office Supplies,Turquoise Lead Holder with Pocket Clip,Central,31.21,10.56,0.08
91581,2015-03-22,959,Technology,Panasonic KX-P1150 Dot Matrix Printer,Central,1214.03,837.6807,0.01
89401,2015-02-04,960,Office Supplies,Newell 343,West,3.51,-4.2,0.03
89402,2015-02-24,961,Furniture,Bevis 36 x 72 Conference Tables,West,120.12,-44.1636,0.05
17636,2015-02-04,962,Office Supplies,Newell 343,Central,7.01,-4.2,0.03
86173,2015-04-20,970,Furniture,"Rush Hierlooms Collection 1"" Thick Stackable Bookcases",South,1452.18,-102.662,0.0
87259,2015-02-28,972,Furniture,Global Commerceâ¢ Series High-Back Swivel/Tilt Chairs,West,619.38,-116.584,0.03
87259,2015-02-28,972,Furniture,"Tensor ""Hersey Kiss"" Styled Floor Lamp",West,18.69,12.8961,0.0
87260,2015-04-04,975,Office Supplies,Hoover Replacement Belt for Commercial Guardsman Heavy-Duty Upright Vacuum,East,8.8,-21.3192,0.1
87258,2015-02-05,980,Office Supplies,"Companion Letter/Legal File, Black",East,477.2,93.8468,0.0
90201,2015-04-27,983,Technology,Gyration Ultra Professional Cordless Optical Suite,South,2848.38,17.772,0.09
89432,2015-02-19,993,Office Supplies,Xerox 1971,West,38.58,-104.57,0.05
89433,2015-03-14,994,Furniture,Bretford CR8500 Series Meeting Room Furniture,East,810.47,-969.048366,0.1
89434,2015-05-10,995,Office Supplies,"Rediform Wirebound ""Phone Memo"" Message Book, 11 x 5-3/4",East,72.83,4.032,0.09
89431,2015-01-24,997,Office Supplies,Fellowes Command Center 5-outlet power strip,East,63.66,-23.6344,0.08
89433,2015-03-14,999,Technology,"Verbatim DVD-RAM, 9.4GB, Rewritable, Type 1, DS, DataLife Plus",East,127.22,-71.83,0.08
89433,2015-03-14,1000,Furniture,"LindenÂ® 12"" Wall Clock With Oak Frame",East,432.44,-0.74,0.03
90043,2015-03-04,1005,Office Supplies,"Staples Wirebound Steno Books, 6"" x 9"", 12/Pack",Central,12.18,-3.88,0.06
90044,2015-02-27,1005,Office Supplies,Xerox 1893,Central,950.43,551.0928,0.02
88371,2015-05-25,1008,Office Supplies,Self-Adhesive Removable Labels,East,25.37,17.5053,0.01
88372,2015-06-19,1009,Furniture,Chromcraft Bull-Nose Wood Oval Conference Tables & Bases,East,6963.67,818.546175,0.1
88387,2015-03-01,1014,Technology,"Memorex 4.7GB DVD+RW, 3/Pack",South,160.17,-17.15,0.09
88387,2015-03-01,1014,Furniture,EldonÂ® Wave Desk Accessories,South,7.47,-29.54,0.0
88387,2015-03-01,1014,Technology,KF 788,South,370.81,-329.784,0.06
88388,2015-03-05,1014,Office Supplies,Heavy-Duty E-Z-DÂ® Binders,South,119.99,-2.1,0.08
88390,2015-03-18,1015,Office Supplies,Boston 1645 Deluxe Heavier-Duty Electric Pencil Sharpener,South,650.7,829.467,0.0
88389,2015-06-12,1016,Office Supplies,Xerox 213,South,11.41,111.222,0.02
88391,2015-04-08,1018,Office Supplies,Jet-Pak Recycled Peel 'N' Seal Padded Mailers,South,680.39,22.866,0.05
88391,2015-04-08,1018,Office Supplies,Personal Creationsâ¢ Ink Jet Cards and Labels,South,75.52,115.728,0.0
88632,2015-03-07,1020,Technology,Panasonic KX-P3626 Dot Matrix Printer,Central,2354.54,909.36,0.09
88634,2015-02-06,1020,Office Supplies,"ACCOHIDEÂ® 3-Ring Binder, Blue, 1""",Central,79.06,-76.4244,0.07
88634,2015-02-06,1020,Office Supplies,Ampad #10 Peel & SeelÂ® Holiday Envelopes,Central,65.14,8.732,0.0
88633,2015-05-15,1023,Office Supplies,Ibico Recycled Linen-Style Covers,East,640.71,442.0899,0.02
88633,2015-05-15,1023,Office Supplies,Vinyl Sectional Post Binders,East,659.6,455.124,0.1
89005,2015-02-07,1026,Technology,i500plus,East,1137.6,624.40164,0.08
89008,2015-05-29,1026,Technology,"Imation 3.5"" IBM-Formatted Diskettes, 10/Pack",East,151.55,18.922,0.1
89008,2015-05-29,1026,Office Supplies,Avery 494,East,57.03,39.3507,0.07
89004,2015-03-12,1027,Technology,Keytronic French Keyboard,East,347.23,-229.87,0.1
89004,2015-03-12,1027,Technology,Canon MP25DIII Desktop Whisper-Quiet Printing Calculator,East,478.23,329.9787,0.05
89006,2015-03-29,1028,Office Supplies,SANFORD Major Accentâ¢ Highlighters,East,93.82,30.49,0.07
89007,2015-05-08,1028,Technology,"Micro Innovations Micro Digital Wireless Keyboard and Mouse, Gray",East,1670.33,1152.5277,0.05
90710,2015-03-13,1035,Technology,i2000,East,100.59,-604.406,0.07
90710,2015-03-13,1036,Technology,US Robotics 56K V.92 External Faxmodem,East,598.38,293.66,0.03
90641,2015-06-16,1038,Office Supplies,"Rediform Wirebound ""Phone Memo"" Message Book, 11 x 5-3/4",South,39.36,-403.1874,0.1
87846,2015-04-17,1041,Technology,"Fellowes Smart Design 104-Key Enhanced Keyboard, PS/2 Adapter, Platinum",West,322.77,-13.77,0.06
87846,2015-04-17,1041,Office Supplies,Avery 48,West,65.09,44.9121,0.07
87847,2015-05-16,1042,Office Supplies,Holmes Odor Grabber,West,98.96,9.33,0.0
28001,2015-06-14,1044,Furniture,Luxo Professional Fluorescent Magnifier Lamp with Clamp-Mount Base,West,13546.94,2593.14,0.02
28001,2015-06-14,1044,Furniture,Electrix Halogen Magnifier Lamp,West,6401.65,1162.76,0.01
47813,2015-02-27,1044,Office Supplies,Xerox 1923,West,617.4,-76.94,0.0
89389,2015-02-27,1047,Office Supplies,Xerox 1923,East,157.78,-40.0088,0.0
90069,2015-05-25,1054,Office Supplies,Wilson Jones Custom Binder Spines & Labels,West,26.31,-51.704,0.03
90069,2015-05-25,1054,Office Supplies,Xerox 1883,West,209.78,144.7482,0.08
90069,2015-05-25,1054,Technology,Accessory37,West,17.83,-112.189,0.06
58628,2015-03-24,1060,Furniture,Balt Split Level Computer Training Table,South,2527.79,-445.9717763,0.09
57061,2015-05-30,1060,Office Supplies,Avery 51,South,121.87,4.1674,0.07
91354,2015-03-24,1062,Furniture,Balt Split Level Computer Training Table,East,659.42,-335.317125,0.09
91355,2015-05-30,1062,Office Supplies,"Avery Flip-Chart Easel Binder, Black",East,403.53,16.0218,0.04
91355,2015-05-30,1062,Furniture,"Seth Thomas 13 1/2"" Wall Clock",East,55.17,38.0673,0.06
88899,2015-02-18,1065,Office Supplies,"GBC Pre-Punched Binding Paper, Plastic, White, 8-1/2"" x 11""",Central,377.44,-99.43544,0.01
87109,2015-03-16,1068,Office Supplies,Xerox 1982,Central,286.4,-97.28,0.04
87110,2015-05-14,1069,Office Supplies,Boston 16701 Slimline Battery Pencil Sharpener,Central,664.34,139.612,0.02
89631,2015-03-27,1072,Furniture,"Global Leather & Oak Executive Chair, Burgundy",East,473.53,-505.76,0.01
86422,2015-03-09,1075,Furniture,"Executive Impressions 13"" Clairmont Wall Clock",Central,220.92,152.4348,0.04
88461,2015-05-08,1080,Office Supplies,"Acme Hot Forged Carbon Steel Scissors with Nickel-Plated Handles, 3 7/8"" Cut, 8""L",Central,196.41,9.862,0.08
88460,2015-03-31,1083,Technology,Accessory36,Central,54.08,-232.991,0.07
86122,2015-01-05,1085,Office Supplies,"Rediform Wirebound ""Phone Memo"" Message Book, 11 x 5-3/4",East,47.18,-40.2752,0.05
86123,2015-04-24,1085,Office Supplies,Southworth 25% Cotton Linen-Finish Paper & Envelopes,East,30.87,-53.25,0.04
86124,2015-05-13,1085,Technology,"Fellowes Internet Keyboard, Platinum",East,309.05,-159.25,0.06
86124,2015-05-13,1085,Office Supplies,"Snap-A-WayÂ® Black Print Carbonless Ruled Speed Letter, Triplicate",East,299.3,206.517,0.02
86123,2015-04-24,1086,Office Supplies,"GBC Laser Imprintable Binding System Covers, Desert Sand",East,45.24,2.125,0.04
91488,2015-05-05,1101,Office Supplies,EldonÂ® Gobal File Keepers,West,51.02,5.884,0.02
90977,2015-04-10,1103,Office Supplies,"Sanyo Counter Height Refrigerator with Crisper, 3.6 Cubic Foot, Stainless Steel/Black",Central,2291.39,772.04,0.05
27456,2015-04-10,1104,Office Supplies,"Sanyo Counter Height Refrigerator with Crisper, 3.6 Cubic Foot, Stainless Steel/Black",East,9492.92,772.04,0.05
20261,2015-05-20,1106,Office Supplies,"Telephone Message Books with Fax/Mobile Section, 5 1/2"" x 3 3/16""",Central,318.47,81.91,0.04
646,2015-05-21,1106,Office Supplies,AcmeÂ® Forged Steel Scissors with Black Enamel Handles,Central,586.96,-10.9,0.01
45824,2015-06-06,1106,Furniture,Hon Olson Stacker Stools,Central,11272.77,1232.79,0.08
86411,2015-05-21,1107,Office Supplies,AcmeÂ® Forged Steel Scissors with Black Enamel Handles,Central,144.33,2.18,0.01
86409,2015-05-20,1108,Office Supplies,GBC Wire Binding Strips,Central,270.55,67.1075,0.09
86409,2015-05-20,1108,Office Supplies,"Telephone Message Books with Fax/Mobile Section, 5 1/2"" x 3 3/16""",Central,79.62,54.9378,0.04
86409,2015-05-20,1108,Technology,Talkabout T8367,Central,479.79,168.237,0.02
86410,2015-06-29,1109,Furniture,Westinghouse Clip-On Gooseneck Lamps,Central,108.99,-169.232,0.08
90832,2015-04-02,1112,Furniture,"Atlantic Metals Mobile 5-Shelf Bookcases, Custom Colors",West,3527.82,1272.5808,0.03
90832,2015-04-02,1112,Technology,Epson DFX-8500 Dot Matrix Printer,West,4698.21,-5390.738892,0.02
90833,2015-04-06,1113,Office Supplies,Avery 498,West,43.08,29.7252,0.01
90833,2015-04-06,1113,Technology,Accessory6,West,258.93,-187.11,0.0
86768,2015-02-05,1117,Office Supplies,Space Solutions Commercial Steel Shelving,West,277.6,-139.2872,0.06
86767,2015-02-07,1121,Office Supplies,Southworth 25% Cotton Premium Laser Paper and Envelopes,West,168.04,108.0,0.04
86767,2015-02-07,1121,Technology,Timeport L7089,West,703.46,377.154,0.08
87015,2015-03-15,1123,Office Supplies,"Angle-D Binders with Locking Rings, Label Holders",West,103.61,-127.052,0.03
87016,2015-06-20,1123,Technology,5165,West,3144.56,2169.7464,0.09
87016,2015-06-20,1124,Furniture,Rush Hierlooms Collection Rich Wood Bookcases,East,2653.02,-229.93,0.09
87221,2015-02-24,1127,Office Supplies,Eureka Disposable Bags for SanitaireÂ® Vibra Groomer IÂ® Upright Vac,Central,66.81,-93.7352,0.02
87222,2015-06-22,1127,Office Supplies,Plymouth Boxed Rubber Bands by Plymouth,Central,90.52,4.53,0.04
87222,2015-06-22,1128,Office Supplies,"Important Message Pads, 50 4-1/4 x 5-1/2 Forms per Pad",Central,55.97,9.78,0.06
32037,2015-02-16,1129,Office Supplies,Avery Printable Repositionable Plastic Tabs,East,311.66,-63.8135,0.04
32037,2015-02-16,1129,Technology,Canon Imageclass D680 Copier / Fax,East,9862.51,325.29,0.07
49125,2015-03-29,1129,Office Supplies,HP Office Recycled Paper (20Lb. and 87 Bright),East,177.41,-116.05,0.05
13735,2015-05-21,1129,Office Supplies,"#10- 4 1/8"" x 9 1/2"" Security-Tint Envelopes",East,406.91,117.38,0.02
39430,2015-06-13,1129,Technology,Logitech Internet Navigator Keyboard,East,1332.09,-144.2,0.03
57794,2015-01-26,1129,Office Supplies,Xerox 1897,East,105.5,-46.92,0.02
88103,2015-05-21,1131,Office Supplies,"#10- 4 1/8"" x 9 1/2"" Security-Tint Envelopes",Central,101.73,70.1937,0.02
88101,2015-02-10,1132,Office Supplies,"C-Line Peel & Stick Add-On Filing Pockets, 8-3/4 x 5-1/8, 10/Pack",Central,37.7,-48.2195,0.06
88102,2015-02-16,1132,Office Supplies,Avery Printable Repositionable Plastic Tabs,Central,75.81,-63.8135,0.04
88102,2015-02-16,1132,Technology,Canon Imageclass D680 Copier / Fax,Central,2630.0,325.29,0.07
88104,2015-06-13,1132,Technology,Logitech Internet Navigator Keyboard,Central,333.02,-115.36,0.03
88105,2015-01-26,1133,Office Supplies,Xerox 1897,Central,27.76,-46.92,0.02
87940,2015-01-02,1136,Technology,Epson LQ-570e Dot Matrix Printer,Central,3855.28,2660.1432,0.09
86574,2015-02-16,1138,Furniture,Office Star - Mid Back Dual function Ergonomic High Back Chair with 2-Way Adjustable Arms,Central,192.49,-51.116,0.02
86573,2015-01-04,1142,Office Supplies,Hoover WindTunnelâ¢ Plus Canister Vacuum,Central,2560.55,1766.7795,0.05
86575,2015-06-06,1142,Office Supplies,Xerox 1939,Central,227.67,85.875,0.01
91344,2015-06-09,1151,Furniture,"Master Giant FootÂ® Doorstop, Safety Yellow",East,8.83,6.0927,0.05
90853,2015-01-02,1155,Office Supplies,"Black Print Carbonless Snap-OffÂ® Rapid Letter, 8 1/2"" x 7""",West,34.41,20.2996,0.09
90853,2015-01-02,1155,Office Supplies,White GlueTop Scratch Pads,West,157.27,108.5163,0.08
90855,2015-02-14,1156,Technology,2180,East,1013.84,48.47148,0.06
90854,2015-05-20,1159,Furniture,"Bush Westfield Collection Bookcases, Fully Assembled",East,110.75,-152.76,0.04
87520,2015-06-02,1170,Office Supplies,"Staples #10 Laser & Inkjet Envelopes, 4 1/8"" x 9 1/2"", 100/Box",East,181.46,125.2074,0.09
87520,2015-06-02,1170,Technology,5125,East,1076.3,281.5344,0.0
89787,2015-04-09,1178,Office Supplies,Hoover Portapowerâ¢ Portable Vacuum,South,21.46,64.266,0.03
89787,2015-04-09,1178,Furniture,Global Leather Executive Chair,South,3506.78,-302.6156,0.06
89787,2015-04-09,1178,Technology,Targus USB Numeric Keypad,South,267.69,5.6916,0.09
89787,2015-04-09,1178,Furniture,"SAFCO PlanMaster Heigh-Adjustable Drafting Table Base, 43w x 30d x 30-37h, Black",South,2307.26,-369.11,0.09
86913,2015-05-23,1182,Office Supplies,Avery 494,West,39.15,27.0135,0.07
86914,2015-06-29,1183,Technology,Accessory9,West,266.95,184.1955,0.04
85938,2015-03-21,1185,Technology,Polycom ViewStationâ¢ ISDN Videoconferencing Unit,South,20552.55,4.11,0.0
85940,2015-04-10,1185,Office Supplies,Harmony HEPA Quiet Air Purifiers,South,87.8,28.566,0.08
85939,2015-04-09,1186,Technology,Hewlett-Packard Deskjet 1220Cse Color Inkjet Printer,West,3741.39,2581.5591,0.07
87584,2015-06-17,1189,Office Supplies,Belkin 6 Outlet Metallic Surge Strip,West,149.32,-25.112,0.06
87584,2015-06-17,1189,Furniture,"Eldon Expressions Punched Metal & Wood Desk Accessories, Pewter & Cherry",West,177.01,17.376,0.03
87584,2015-06-17,1189,Furniture,Staples Plastic Wall Frames,West,35.16,24.2604,0.03
87587,2015-06-28,1191,Office Supplies,Lock-Up Easel 'Spel-Binder',East,88.84,59.4405,0.03
5984,2015-06-17,1193,Furniture,"Eldon Expressions Punched Metal & Wood Desk Accessories, Pewter & Cherry",East,696.96,14.48,0.03
5984,2015-06-17,1193,Furniture,Staples Plastic Wall Frames,East,149.41,22.25,0.03
29350,2015-02-25,1193,Office Supplies,Ibico Laser Imprintable Binding System Covers,East,4556.63,592.5265,0.05
29350,2015-02-25,1193,Office Supplies,"Dixon Ticonderoga Core-Lock Colored Pencils, 48-Color Set",East,2948.61,232.8,0.05
38852,2015-05-01,1193,Office Supplies,Avery Hanging File Binders,East,517.85,38.08,0.03
11206,2015-06-28,1193,Technology,Zoom V.92 USB External Faxmodem,East,2373.32,-17.03,0.09
11206,2015-06-28,1193,Office Supplies,Lock-Up Easel 'Spel-Binder',East,325.73,39.627,0.03
87586,2015-05-01,1194,Office Supplies,Avery Hanging File Binders,South,127.94,20.496,0.03
87583,2015-03-18,1197,Furniture,Hon 4700 Series Mobuisâ¢ Mid-Back Task Chairs with Adjustable Arms,East,1350.94,103.83,0.08
87585,2015-02-25,1199,Office Supplies,EldonÂ® Gobal File Keepers,East,75.17,-24.8976,0.1
87585,2015-02-25,1200,Office Supplies,Ibico Laser Imprintable Binding System Covers,East,1125.76,776.7744,0.05
87585,2015-02-25,1202,Office Supplies,"Dixon Ticonderoga Core-Lock Colored Pencils, 48-Color Set",East,746.03,344.544,0.05
87587,2015-06-28,1203,Technology,Zoom V.92 USB External Faxmodem,East,593.33,-8.515,0.09
88598,2015-02-01,1211,Office Supplies,Avery 497,Central,13.05,9.0045,0.01
88600,2015-01-15,1212,Office Supplies,"Pressboard Covers with Storage Hooks, 9 1/2"" x 11"", Light Blue",Central,58.95,-99.7625,0.08
88600,2015-01-15,1212,Technology,Canon imageCLASS 2200 Advanced Copier,Central,3672.89,-3061.82,0.01
88599,2015-02-04,1213,Technology,"Verbatim DVD-RAM, 5.2GB, Rewritable, Type 1, DS",Central,374.81,258.6189,0.07
88599,2015-02-04,1213,Office Supplies,Southworth 25% Cotton Antique Laid Paper & Envelopes,Central,43.27,-6.71,0.03
88600,2015-01-15,1213,Office Supplies,Newell 312,Central,11.74,-0.01,0.03
54595,2015-04-28,1217,Furniture,"Office Star - Contemporary Task Swivel chair with 2-way adjustable arms, Plum",East,5258.94,-421.76,0.09
90800,2015-04-28,1226,Office Supplies,AcmeÂ® Elite Stainless Steel Scissors,East,66.74,6.79,0.02
90800,2015-04-28,1227,Furniture,"Office Star - Contemporary Task Swivel chair with 2-way adjustable arms, Plum",East,1282.67,-421.76,0.09
55874,2015-02-16,1228,Office Supplies,"Wilson Jones Hanging View Binder, White, 1""",East,208.83,-60.145,0.0
55874,2015-02-16,1228,Technology,"Imation 3.5"", DISKETTE 44766 HGHLD3.52HD/FM, 10/Pack",East,228.3,-111.72,0.01
55874,2015-02-16,1228,Office Supplies,Staples Standard Envelopes,East,129.53,33.01,0.06
90378,2015-02-16,1229,Technology,"Imation 3.5"", DISKETTE 44766 HGHLD3.52HD/FM, 10/Pack",Central,55.68,-111.72,0.01
89375,2015-04-09,1233,Office Supplies,GBC VeloBinder Electric Binding Machine,Central,568.24,297.45716,0.1
89375,2015-04-09,1233,Technology,Adesso Programmable 142-Key Keyboard,Central,162.91,-564.6024,0.02
89376,2015-06-04,1233,Technology,US Robotics 56K V.92 External Faxmodem,Central,97.65,-161.475,0.09
89376,2015-06-04,1233,Technology,i470,Central,1018.61,-0.814,0.04
86075,2015-01-31,1237,Furniture,SAFCO Folding Chair Trolley,Central,1145.6,790.464,0.03
86076,2015-03-29,1237,Furniture,"EldonÂ® Expressionsâ¢ Wood Desk Accessories, Oak",Central,24.52,7.74,0.02
86077,2015-05-25,1237,Technology,Polycom VoiceStation 100,Central,5775.81,3985.3089,0.05
86077,2015-05-25,1237,Technology,Phone 918,Central,1878.24,13.9568,0.04
86075,2015-01-31,1238,Furniture,Office Star - Mid Back Dual function Ergonomic High Back Chair with 2-Way Adjustable Arms,Central,1634.67,788.79,0.01
90880,2015-03-16,1241,Office Supplies,Fellowes PB300 Plastic Comb Binding Machine,South,9280.72,-70.14,0.0
90881,2015-03-25,1241,Technology,Hewlett-Packard Deskjet 6122 Color Inkjet Printer,South,1348.83,531.618,0.06
36452,2015-04-05,1246,Office Supplies,"Avery Flip-Chart Easel Binder, Black",East,564.98,-107.5135,0.1
36452,2015-04-05,1246,Furniture,G.E. Halogen Desk Lamp Bulbs,East,129.48,46.01,0.04
46853,2015-05-22,1246,Technology,Hayes Optima 56K V.90 Internal Voice Modem,East,8216.28,1489.8,0.03
91555,2015-04-05,1247,Office Supplies,"Avery Flip-Chart Easel Binder, Black",Central,152.11,-107.5135,0.1
91555,2015-04-05,1247,Furniture,G.E. Halogen Desk Lamp Bulbs,Central,35.97,24.8193,0.04
87877,2015-04-09,1250,Office Supplies,Avery Binder Labels,Central,85.64,-255.1689,0.0
87877,2015-04-09,1250,Furniture,Hon Every-DayÂ® Chair Series Swivel Task Chairs,Central,2508.15,74.0048,0.09
87877,2015-04-09,1250,Office Supplies,"IBM Multi-Purpose Copy Paper, 8 1/2 x 11"", Case",Central,225.62,109.4248,0.1
89981,2015-04-23,1253,Office Supplies,Bionaire Personal Warm Mist Humidifier/Vaporizer,Central,610.65,421.3485,0.02
89981,2015-04-23,1253,Furniture,"Sauder Forest Hills Library, Woodland Oak Finish",Central,699.24,-373.09,0.05
89981,2015-04-23,1253,Furniture,Bush Advantage CollectionÂ® Round Conference Table,Central,2346.03,-3465.072,0.1
89982,2015-05-21,1254,Office Supplies,Economy Binders,Central,33.77,-11.2815,0.04
89983,2015-03-12,1254,Office Supplies,Carina Double Wide Media Storage Towers in Natural & Black,Central,172.79,-218.77,0.06
89984,2015-03-24,1254,Office Supplies,Advantus Map Pennant Flags and Round Head Tacks,Central,19.66,-9.68,0.06
86535,2015-05-22,1257,Technology,Hewlett-Packard Deskjet 5550 Color Inkjet Printer,West,604.35,-164.3952,0.01
86536,2015-04-24,1257,Office Supplies,Letter Slitter,West,3.13,-8.208,0.04
86534,2015-04-20,1259,Office Supplies,Colored Envelopes,South,38.65,-2196.684,0.03
89730,2015-05-07,1261,Technology,Keytronic French Keyboard,West,378.23,43.538,0.02
89729,2015-06-11,1265,Office Supplies,Xerox 1928,Central,7.15,-11.376,0.05
89514,2015-02-10,1267,Technology,Sharp EL500L Fraction Calculator,South,29.85,533.742,0.01
89515,2015-05-12,1267,Furniture,SAFCO Folding Chair Trolley,South,366.44,-379.344,0.08
89515,2015-05-12,1267,Technology,"Imation 3.5"" DS/HD IBM Formatted Diskettes, 10/Pack",South,69.75,-1522.304,0.04
88410,2015-04-09,1271,Technology,StarTAC 3000,West,852.53,588.2457,0.07
88411,2015-05-01,1271,Furniture,Hand-Finished Solid Wood Document Frame,West,219.66,151.5654,0.1
90114,2015-03-01,1279,Office Supplies,"Wilson Jones Ledger-Size, Piano-Hinge Binder, 2"", Blue",Central,81.9,54.9015,0.07
90115,2015-03-05,1279,Technology,Okidata ML390 Turbo Dot Matrix Printers,Central,2343.34,501.51,0.0
19042,2015-03-01,1280,Office Supplies,"Wilson Jones Ledger-Size, Piano-Hinge Binder, 2"", Blue",West,327.61,54.9015,0.07
89112,2015-01-24,1281,Furniture,Safco Contoured Stacking Chairs,Central,1774.5,875.2844,0.1
89112,2015-01-24,1281,Technology,Canon PC-428 Personal Copier,Central,1054.69,727.7361,0.03
29319,2015-01-24,1282,Furniture,Safco Contoured Stacking Chairs,East,6654.39,460.676,0.1
29319,2015-01-24,1282,Technology,Canon PC-428 Personal Copier,East,4429.69,393.42,0.03
90662,2015-02-12,1298,Technology,Canon MP41DH Printing Calculator,Central,878.34,606.0546,0.04
90662,2015-02-12,1298,Office Supplies,Fellowes High-StakÂ® Drawer Files,Central,676.57,320.1,0.04
87003,2015-02-19,1303,Technology,"80 Minute CD-R Spindle, 100/Pack - Staples",West,459.55,317.0895,0.03
87005,2015-02-19,1303,Technology,3390,West,536.9,250.36272,0.01
87004,2015-04-23,1304,Office Supplies,Avery 507,West,8.74,6.0306,0.08
87002,2015-02-17,1305,Furniture,Deflect-o Glass Clear Studded Chair Mats,West,182.33,125.8077,0.04
91451,2015-06-30,1307,Technology,"80 Minute Slim Jewel Case CD-R , 10/Pack - Staples",West,131.26,44.892,0.04
22755,2015-03-30,1314,Office Supplies,Wilson Jones 14 Line Acrylic Coated Pressboard Data Binders,West,240.6,3.451,0.04
22755,2015-03-30,1314,Technology,Accessory6,West,236.88,-275.253,0.06
27013,2015-01-05,1314,Office Supplies,Carina Double Wide Media Storage Towers in Natural & Black,West,2710.47,-746.44,0.05
27013,2015-01-05,1314,Office Supplies,"Tennsco Snap-Together Open Shelving Units, Starter Sets and Add-On Units",West,8354.73,-274.95,0.05
87602,2015-03-30,1315,Office Supplies,"Acco Pressboard Covers with Storage Hooks, 14 7/8"" x 11"", Light Blue",West,48.3,-95.0475,0.0
87602,2015-03-30,1316,Office Supplies,Wilson Jones 14 Line Acrylic Coated Pressboard Data Binders,West,58.81,3.451,0.04
87602,2015-03-30,1316,Technology,Accessory6,West,47.38,-275.253,0.06
87603,2015-01-05,1316,Office Supplies,Carina Double Wide Media Storage Towers in Natural & Black,West,637.76,-746.44,0.05
87603,2015-01-05,1316,Office Supplies,"Tennsco Snap-Together Open Shelving Units, Starter Sets and Add-On Units",West,2156.06,-274.95,0.05
91244,2015-02-10,1338,Technology,Accessory24,Central,761.16,525.2004,0.02
21636,2015-02-10,1340,Office Supplies,"Avery Flip-Chart Easel Binder, Black",East,682.68,-52.647,0.0
21636,2015-02-10,1340,Office Supplies,"Perma STOR-ALLâ¢ Hanging File Box, 13 1/8""W x 12 1/4""D x 10 1/2""H",East,73.44,-24.44,0.07
21636,2015-02-10,1340,Technology,Accessory24,East,2997.07,366.507,0.02
24455,2015-06-06,1340,Office Supplies,Fluorescent Highlighters by Dixon,East,282.85,27.38,0.07
91244,2015-02-10,1341,Office Supplies,"Perma STOR-ALLâ¢ Hanging File Box, 13 1/8""W x 12 1/4""D x 10 1/2""H",East,20.03,-12.7088,0.07
91245,2015-06-06,1341,Technology,"IBM 80 Minute CD-R Spindle, 50/Pack",East,84.56,-5.295,0.0
91245,2015-06-06,1341,Office Supplies,Fluorescent Highlighters by Dixon,East,70.71,41.07,0.07
89686,2015-04-30,1347,Office Supplies,Staples Metal Binder Clips,South,51.86,-94.4909,0.1
88233,2015-04-17,1350,Furniture,Advantus Panel Wall Certificate Holder - 8.5x11,South,56.24,-172.298,0.0
88232,2015-01-27,1351,Technology,LX 677,South,627.78,3285.48,0.1
88234,2015-04-30,1352,Furniture,"Executive Impressions 12"" Wall Clock",East,283.44,46.0368,0.05
91209,2015-02-11,1354,Office Supplies,Avery 491,Central,8.3,-1.0712,0.1
91209,2015-02-11,1354,Office Supplies,Avery White Multi-Purpose Labels,Central,10.04,4.4104,0.04
88184,2015-06-03,1357,Technology,Timeport L7089,Central,981.65,500.958,0.03
88185,2015-06-28,1357,Technology,Epson C62 Color Inkjet Printer,Central,1748.69,1206.5961,0.07
89595,2015-01-26,1360,Furniture,Nu-Dell Leatherette Frames,Central,119.29,82.3101,0.03
89595,2015-01-26,1361,Office Supplies,Avery 498,Central,3.08,1.2236,0.01
89596,2015-02-10,1361,Office Supplies,Xerox 1894,Central,69.46,-15.6312,0.01
89596,2015-02-10,1361,Technology,Accessory20,Central,1145.72,790.5468,0.03
89993,2015-02-04,1363,Office Supplies,"Mead 1st Gear 2"" Zipper Binder, Asst. Colors",South,26.37,5.466,0.05
89993,2015-02-04,1363,Office Supplies,"Advantus Push Pins, Aluminum Head",South,53.44,-149.1182,0.06
89994,2015-03-17,1364,Office Supplies,Xerox 1947,East,57.34,-90.26,0.1
90513,2015-01-07,1367,Technology,Keytronic French Keyboard,Central,79.02,-326.2316,0.03
90514,2015-03-23,1368,Office Supplies,Presstex Flexible Ring Binders,Central,25.45,16.898,0.09
90514,2015-03-23,1369,Office Supplies,"Staples #10 Laser & Inkjet Envelopes, 4 1/8"" x 9 1/2"", 100/Box",Central,110.72,20.14,0.07
88212,2015-06-07,1374,Office Supplies,Acco SmartsocketÂ® Color-Coded Six-Outlet AC Adapter Model Surge Protectors,West,46.94,-21.232,0.06
88213,2015-06-27,1380,Office Supplies,Avery 498,East,26.18,18.0642,0.05
89406,2015-05-01,1383,Furniture,Eldon Pizzazâ¢ Desk Accessories,West,28.66,-93.25,0.03
89407,2015-06-30,1384,Office Supplies,X-Rackâ¢ File for Hanging Folders,South,123.18,-163.03,0.07
89408,2015-06-07,1384,Office Supplies,Tripp Lite Isotel 8 Ultra 8 Outlet Metal Surge,South,1533.59,23.616,0.02
88726,2015-01-25,1389,Furniture,"Eldon Regeneration Recycled Desk Accessories, Smoke",West,2.77,-11.0732,0.06
88728,2015-05-13,1389,Office Supplies,Staples Metal Binder Clips,West,31.55,21.7695,0.08
88729,2015-06-03,1389,Office Supplies,Avery 494,West,42.58,29.3802,0.09
88731,2015-05-16,1390,Office Supplies,"Wirebound Message Forms, Four 2 3/4 x 5 Forms per Page, Pink Paper",West,145.36,100.2984,0.1
88731,2015-05-16,1390,Technology,T18,West,3616.52,2495.3988,0.03
88727,2015-04-24,1391,Office Supplies,Newell 340,West,7.96,-0.11,0.0
88730,2015-05-03,1391,Office Supplies,Recycled Eldon Regeneration Jumbo File,West,389.59,15.236,0.07
37729,2015-01-15,1402,Office Supplies,Avery Printable Repositionable Plastic Tabs,Central,447.89,-42.8536,0.0
43079,2015-01-21,1402,Technology,Fellowes 17-key keypad for PS/2 interface,Central,1420.84,-20.79,0.04
86144,2015-01-15,1405,Office Supplies,Avery Printable Repositionable Plastic Tabs,Central,111.97,-33.21154,0.0
86145,2015-01-21,1405,Technology,Fellowes 17-key keypad for PS/2 interface,Central,355.21,-20.79,0.04
87086,2015-04-07,1410,Technology,g520,West,536.23,369.9987,0.0
87087,2015-02-02,1412,Office Supplies,Avery Hi-LiterÂ® Fluorescent Desk Style Markers,West,38.81,20.4536,0.08
10277,2015-04-07,1413,Technology,g520,East,2144.92,542.25,0.0
45539,2015-02-02,1413,Technology,Maxell DVD-RAM Discs,East,484.56,69.61,0.02
90538,2015-05-06,1416,Furniture,Bretford âJust In Timeâ Height-Adjustable Multi-Task Work Tables,Central,471.21,-634.8654,0.02
90540,2015-06-25,1416,Office Supplies,Bionaire Personal Warm Mist Humidifier/Vaporizer,Central,182.61,87.12,0.04
90539,2015-01-01,1418,Office Supplies,*Staples* Highlighting Markers,Central,36.58,25.2402,0.07
90540,2015-06-25,1419,Furniture,Bevis 36 x 72 Conference Tables,Central,2376.12,-94.674645,0.01
89448,2015-01-12,1424,Furniture,Global Leather Executive Chair,West,1020.08,451.2804,0.05
89448,2015-01-12,1424,Office Supplies,"#10- 4 1/8"" x 9 1/2"" Recycled Envelopes",West,65.2,44.988,0.0
89448,2015-01-12,1424,Office Supplies,"Brites Rubber Bands, 1 1/2 oz. Box",West,22.59,-20.7328,0.02
89449,2015-06-20,1424,Office Supplies,"Fellowes Twister Kit, Gray/Clear, 3/pkg",West,121.36,-164.3948,0.05
89450,2015-01-01,1425,Technology,Lexmark 4227 Plus Dot Matrix Printer,West,2013.67,-4793.004,0.04
90905,2015-02-05,1427,Technology,i2000,Central,1824.33,1258.7877,0.09
86826,2015-03-05,1432,Office Supplies,"Staples #10 Laser & Inkjet Envelopes, 4 1/8"" x 9 1/2"", 100/Box",Central,107.65,74.2785,0.05
86827,2015-06-20,1432,Office Supplies,"Manila Recycled Extra-Heavyweight Clasp Envelopes, 6"" x 9""",Central,165.21,52.92,0.07
86826,2015-03-05,1433,Office Supplies,Newell 337,Central,25.15,-66.35,0.02
86828,2015-05-19,1433,Furniture,"Global Leather and Oak Executive Chair, Black",Central,4285.56,1399.64,0.07
86828,2015-05-19,1433,Office Supplies,"Tennsco Lockers, Sand",Central,631.37,232.642,0.01
90120,2015-01-22,1438,Office Supplies,"Carina 42""Hx23 3/4""W Media Storage Unit",East,267.83,-409.3736,0.01
90121,2015-04-28,1439,Office Supplies,Xerox 1894,East,21.46,-29.07,0.05
89076,2015-06-25,1442,Office Supplies,Kensington 7 Outlet MasterPiece Power Center,Central,2767.95,1909.8855,0.04
89077,2015-01-30,1442,Office Supplies,"GBC Pre-Punched Binding Paper, Plastic, White, 8-1/2"" x 11""",Central,123.03,-76.9925,0.02
89077,2015-01-30,1442,Furniture,"Howard Miller 13"" Diameter Goldtone Round Wall Clock",Central,431.84,297.9696,0.09
86735,2015-05-24,1450,Furniture,"Lifetime Advantageâ¢ Folding Chairs, 4/Carton",West,2366.51,1318.83,0.1
86734,2015-04-05,1459,Technology,Accessory34,South,291.64,36.216,0.05
86397,2015-06-02,1461,Office Supplies,GBC Binding covers,Central,252.36,134.16825,0.05
91115,2015-06-11,1466,Technology,5180,Central,575.07,253.3032,0.0
91116,2015-06-12,1466,Furniture,"O'Sullivan Elevations Bookcase, Cherry Finish",Central,1781.66,-723.784,0.04
91116,2015-06-12,1469,Furniture,Eldon Antistatic Chair Mats for Low to Medium Pile Carpets,West,940.64,589.188,0.04
91116,2015-06-12,1469,Furniture,Hon iLevelâ¢ Computer Training Table,West,439.27,-1314.992,0.07
87077,2015-03-21,1471,Office Supplies,GBC DocuBind 200 Manual Binding Machine,East,4410.19,3043.0311,0.03
87078,2015-06-30,1472,Technology,Logitech Internet Navigator Keyboard,East,552.89,-44.624,0.02
87079,2015-05-25,1472,Office Supplies,Fellowes Mighty 8 Compact Surge Protector,East,621.56,309.254,0.05
87076,2015-01-21,1473,Technology,"Memorex Slim 80 Minute CD-R, 10/Pack",East,88.83,61.2927,0.04
53953,2015-03-27,1481,Office Supplies,"Recycled Desk Saver Line ""While You Were Out"" Book, 5 1/2"" X 4""",West,307.65,91.73,0.07
91362,2015-03-27,1482,Office Supplies,"Recycled Desk Saver Line ""While You Were Out"" Book, 5 1/2"" X 4""",Central,76.91,53.0679,0.07
91363,2015-02-28,1482,Furniture,"Eldon Expressionsâ¢ Desk Accessory, Wood Pencil Holder, Oak",Central,151.34,-14.6432,0.05
91235,2015-03-11,1484,Technology,US Robotics 56K V.92 External Faxmodem,Central,290.24,-127.56,0.06
91235,2015-03-11,1484,Office Supplies,Fellowes StaxonsteelÂ® Drawer Files,Central,971.4,282.18,0.0
91235,2015-03-11,1484,Technology,Accessory39,Central,193.51,-96.338,0.08
91236,2015-02-20,1485,Office Supplies,Ibico Covers for Plastic or Wire Binding Elements,Central,157.81,-23.35788,0.04
91236,2015-02-20,1485,Office Supplies,Hanging Personal Folder File,Central,19.44,-18.2416,0.02
91236,2015-02-20,1485,Office Supplies,Tennsco Double-Tier Lockers,Central,4636.63,1428.9104,0.05
88004,2015-06-16,1492,Technology,Epson C82 Color Inkjet Printer,Central,739.07,509.9583,0.04
85880,2015-03-11,1494,Furniture,Westinghouse Clip-On Gooseneck Lamps,East,157.64,-255.65,0.06
85880,2015-03-11,1494,Office Supplies,Xerox 1996,East,42.16,-76.54,0.09
85880,2015-03-11,1497,Furniture,"EldonÂ® 200 Classâ¢ Desk Accessories, Burgundy",East,14.08,-10.09,0.09
85880,2015-03-11,1497,Office Supplies,EldonÂ® Gobal File Keepers,East,256.73,-92.87,0.03
90731,2015-02-04,1499,Office Supplies,Peel & Stick Add-On Corner Pockets,South,18.59,-298.886,0.05
90731,2015-02-04,1499,Office Supplies,Xerox 21,South,58.83,-145.852,0.03
90731,2015-02-04,1499,Furniture,BPI Conference Tables,South,1557.66,-27.951,0.08
89193,2015-05-07,1502,Office Supplies,Avery 487,South,129.43,-3.6547,0.08
89194,2015-06-29,1502,Office Supplies,"Quartet OmegaÂ® Colored Chalk, 12/Pack",South,61.39,731.922,0.08
89194,2015-06-29,1502,Technology,StarTAC 8000,South,2435.52,186.558,0.0
86181,2015-06-13,1505,Technology,Accessory4,Central,464.86,-138.0368,0.0
90303,2015-06-22,1511,Office Supplies,Avery Legal 4-Ring Binder,Central,288.67,199.1823,0.09
89957,2015-06-14,1519,Office Supplies,Xerox 1888,East,1030.51,711.0519,0.06
89957,2015-06-14,1522,Furniture,"Global High-Back Leather Tilter, Burgundy",Central,2026.91,-899.675,0.1
86812,2015-02-10,1526,Office Supplies,Xerox 188,South,115.53,-189.224,0.04
86813,2015-01-09,1527,Office Supplies,"Boston School Pro Electric Pencil Sharpener, 1670",South,162.39,0.51,0.03
86814,2015-03-30,1527,Technology,8860,South,1316.03,-52.248,0.03
86815,2015-05-21,1527,Technology,Microsoft Natural Multimedia Keyboard,South,1395.41,70.176,0.09
86813,2015-01-09,1528,Office Supplies,GBC DocuBind 300 Electric Binding Machine,South,4920.81,-161.924,0.01
88852,2015-01-17,1531,Office Supplies,Avery 508,South,28.22,-157.696,0.07
91328,2015-02-06,1533,Technology,"Maxell 3.5"" DS/HD IBM-Formatted Diskettes, 10/Pack",Central,74.01,-56.446,0.02
91328,2015-02-06,1533,Office Supplies,Riverleaf Stik-WithitÂ® Designer Note CubesÂ®,Central,48.1,33.189,0.07
88487,2015-06-23,1548,Technology,Canon Image Class D660 Copier,Central,11015.82,-367.165,0.0
87488,2015-06-25,1551,Office Supplies,PortfileÂ® Personal File Boxes,South,300.67,-243.544,0.07
87486,2015-01-01,1552,Furniture,Bretford CR4500 Series Slim Rectangular Table,South,723.54,-337.092,0.01
87484,2015-03-22,1553,Office Supplies,Staples Premium Bright 1-Part Blank Computer Paper,South,87.53,68.676,0.03
87485,2015-05-18,1554,Office Supplies,Staples Surge Protector 6 outlet,South,172.22,481.032,0.04
87487,2015-02-13,1554,Furniture,Bevis 36 x 72 Conference Tables,South,894.88,-4.018,0.03
87425,2015-06-01,1556,Office Supplies,Avery 482,South,16.67,-2.0097,0.06
87425,2015-06-01,1556,Office Supplies,Xerox 1964,South,195.16,-477.372,0.08
87426,2015-03-25,1557,Office Supplies,Euro Pro Shark Stick Mini Vacuum,South,879.62,-954.758,0.09
87426,2015-03-25,1557,Technology,"Verbatim DVD-RAM, 5.2GB, Rewritable, Type 1, DS",South,361.19,219.4734,0.05
87424,2015-04-15,1559,Furniture,Hon GuestStacker Chair,South,1088.26,-390.768,0.1
88093,2015-03-01,1561,Office Supplies,Staples 1 Part Blank Computer Paper,Central,105.75,-155.21,0.02
88094,2015-04-13,1561,Furniture,Advantus Panel Wall Certificate Holder - 8.5x11,Central,63.93,-6.642,0.05
86966,2015-02-09,1574,Technology,"Fellowes Basic 104-Key Keyboard, Platinum",South,391.4,27.234,0.07
90934,2015-02-16,1580,Office Supplies,"Peel & SeelÂ® Recycled Catalog Envelopes, Brown",East,14.53,-8.398,0.1
86668,2015-04-04,1590,Furniture,"Eldon Expressionsâ¢ Desk Accessory, Wood Photo Frame, Mahogany",East,144.03,83.7936,0.03
86668,2015-04-04,1593,Office Supplies,Avery Durable Poly Binders,Central,48.81,-77.82372,0.02
90796,2015-05-11,1595,Furniture,Global Troyâ¢ Executive Leather Low-Back Tilter,East,7360.2,5078.538,0.01
90796,2015-05-11,1595,Furniture,DAX Solid Wood Frames,East,89.06,23.276,0.08
90796,2015-05-11,1595,Office Supplies,Newell 329,East,134.97,17.754,0.09
89680,2015-04-10,1602,Office Supplies,"Black Print Carbonless Snap-OffÂ® Rapid Letter, 8 1/2"" x 7""",East,17.42,-3.9312,0.1
89679,2015-01-16,1603,Office Supplies,Stockwell Push Pins,East,19.12,2.4548,0.09
89679,2015-01-16,1603,Furniture,"Bevis Round Conference Table Top, X-Base",East,186.64,-537.2797773,0.05
87993,2015-01-07,1606,Office Supplies,Avery Reinforcements for Hole-Punch Pages,East,3.53,-14.35982,0.05
87993,2015-01-07,1606,Technology,Canon PC1060 Personal Laser Copier,East,706.56,-2870.2776,0.07
87993,2015-01-07,1606,Technology,Polycom ViewStationâ¢ ISDN Videoconferencing Unit,East,13121.07,77.9836,0.07
87994,2015-04-15,1607,Office Supplies,"GBC Clear Cover, 8-1/2 x 11, unpunched, 25 covers per pack",East,110.93,-200.859,0.01
87995,2015-02-06,1607,Office Supplies,AcmeÂ® Preferred Stainless Steel Scissors,East,118.35,-33.2956,0.1
87824,2015-05-11,1609,Office Supplies,Peel & Stick Add-On Corner Pockets,West,17.31,-90.5855,0.03
87824,2015-05-11,1609,Office Supplies,Filing/Storage Totes and Swivel Casters,West,23.56,-36.9,0.03
87823,2015-04-08,1614,Technology,"TDK 4.7GB DVD-R Spindle, 15/Pack",East,494.49,341.1981,0.06
90248,2015-04-06,1618,Office Supplies,Martin-Yale Premier Letter Opener,Central,158.13,-175.13,0.09
90248,2015-04-06,1620,Technology,600 Series Non-Flip,East,163.01,3.96,0.02
87611,2015-05-24,1623,Office Supplies,"GBC Prepunched Paper, 19-Hole, for Binding Systems, 24-lb",Central,333.04,1.6169,0.06
87611,2015-05-24,1623,Technology,Keytronic Designer 104- Key Black Keyboard,Central,472.44,65.394,0.09
87611,2015-05-24,1623,Office Supplies,Recycled Eldon Regeneration Jumbo File,Central,18.73,1.336,0.05
90600,2015-03-27,1625,Technology,Panasonic KX-P2130 Dot Matrix Printer,East,2427.18,1674.7542,0.08
90600,2015-03-27,1625,Office Supplies,Xerox 1882,East,434.85,300.0465,0.1
90600,2015-03-27,1625,Office Supplies,"Letter/Legal File Tote with Clear Snap-On Lid, Black Granite",East,19.16,-28.09,0.0
90601,2015-02-16,1625,Furniture,Hon 2111 Invitationâ¢ Series Corner Table,East,1959.88,-263.1119291,0.0
90602,2015-05-28,1627,Office Supplies,"Trav-L-File Heavy-Duty Shuttle II, Black",South,710.16,-38.808,0.06
90530,2015-01-15,1632,Furniture,"6"" Cubicle Wall Clock, Black",South,48.25,15.984,0.08
90533,2015-04-15,1632,Office Supplies,"BOSTONÂ® RangerÂ® #55 Pencil Sharpener, Black",South,243.24,-88.158,0.02
90531,2015-02-10,1633,Technology,"Imation 3.5"" IBM-Formatted Diskettes, 10/Pack",South,38.54,-76.1068,0.03
90532,2015-04-09,1634,Technology,Hewlett-Packard Deskjet 3820 Color Inkjet Printer,South,1483.16,-73.49412,0.08
89704,2015-01-14,1636,Technology,Hewlett-Packard Deskjet 5550 Color Inkjet Printer,West,562.93,-272.860884,0.08
89704,2015-01-14,1636,Office Supplies,Newell 336,West,29.18,10.5792,0.08
89706,2015-01-12,1636,Furniture,"3M Polarizing Task Lamp with Clamp Arm, Light Gray",West,1634.13,1127.5497,0.04
89705,2015-02-26,1639,Office Supplies,"Eaton Premium Continuous-Feed Paper, 25% Cotton, Letter Size, White, 1000 Shts/Box",East,214.14,147.7566,0.08
87342,2015-06-14,1644,Furniture,"Tenex Contemporary Contur Chairmats for Low and Medium Pile Carpet, Computer, 39"" x 49""",Central,100.79,69.5451,0.09
90932,2015-03-15,1646,Office Supplies,AccoÂ® Hot Clipsâ¢ Clips to Go,East,35.97,8.53,0.06
91043,2015-03-25,1648,Office Supplies,Bionaire Personal Warm Mist Humidifier/Vaporizer,Central,735.7,507.633,0.08
91043,2015-03-25,1648,Office Supplies,"AcmeÂ® 8"" Straight Scissors",Central,225.59,38.23,0.05
91041,2015-02-24,1649,Office Supplies,Belkin Premiere Surge Master II 8-outlet surge protector,East,145.12,100.1328,0.03
91042,2015-05-09,1650,Technology,"Sony MFD2HD Formatted Diskettes, 10/Pack",South,94.27,15.096,0.05
91042,2015-05-09,1650,Office Supplies,Avery 485,South,82.21,14.9124,0.09
91042,2015-05-09,1650,Technology,i270,South,417.47,-135.226,0.08
89885,2015-01-24,1653,Office Supplies,Tennsco Regal Shelving Units,West,1104.32,-457.73,0.0
89885,2015-01-24,1653,Technology,T60,West,149.8,-268.664,0.1
90678,2015-02-26,1665,Office Supplies,"Telephone Message Books with Fax/Mobile Section, 4 1/4"" x 6""",West,6.97,-8.28,0.1
86722,2015-04-24,1670,Technology,Imation DVD-RAM discs,South,367.52,1912.422,0.03
86722,2015-04-24,1670,Office Supplies,Letter Size Cart,South,1576.35,-739.326,0.0
86724,2015-02-09,1671,Office Supplies,Avery 491,South,52.16,-40.53,0.1
86725,2015-05-12,1671,Office Supplies,GBC DocuBind TL200 Manual Binding Machine,South,4881.84,0.696,0.03
86723,2015-06-07,1672,Furniture,Global Commerceâ¢ Series High-Back Swivel/Tilt Chairs,South,926.3,15.528,0.02
86723,2015-06-07,1672,Office Supplies,Xerox 194,South,942.53,-225.5638,0.08
86646,2015-03-20,1679,Furniture,DAX Wood Document Frame.,East,276.64,-22.72,0.07
86645,2015-05-03,1680,Office Supplies,Staples Colored Interoffice Envelopes,East,514.62,-163.53,0.09
86645,2015-05-03,1680,Furniture,Electrix Fluorescent Magnifier Lamps & Weighted Base,East,817.32,554.77,0.03
14115,2015-02-14,1682,Furniture,EldonÂ® 200 Classâ¢ Desk Accessories,Central,284.48,-38.38,0.04
38080,2015-03-14,1682,Office Supplies,Staples Copy Paper (20Lb. and 84 Bright),Central,225.98,-56.35,0.08
90612,2015-02-14,1683,Furniture,EldonÂ® 200 Classâ¢ Desk Accessories,Central,72.77,-19.9576,0.04
90613,2015-03-14,1683,Office Supplies,Staples Copy Paper (20Lb. and 84 Bright),Central,57.7,-56.35,0.08
86973,2015-03-03,1686,Furniture,EldonÂ® Wave Desk Accessories,Central,19.67,-129.01,0.08
91077,2015-03-24,1689,Office Supplies,Tennsco Industrial Shelving,Central,514.79,-628.38,0.0
91076,2015-01-24,1690,Technology,636,East,893.53,616.5357,0.05
91078,2015-06-01,1690,Office Supplies,Fellowes Stor/DrawerÂ® Steel Plusâ¢ Storage Drawers,East,2053.6,-143.235,0.09
90189,2015-01-23,1692,Office Supplies,"Acme Design Line 8"" Stainless Steel Bent Scissors w/Champagne Handles, 3-1/8"" Cut",Central,37.89,-123.1816,0.0
90189,2015-01-23,1693,Office Supplies,"IBM Multi-Purpose Copy Paper, 8 1/2 x 11"", Case",South,343.79,-28.798,0.07
90190,2015-05-11,1693,Office Supplies,"#10 White Business Envelopes,4 1/8 x 9 1/2",South,188.09,-273.98,0.01
86338,2015-01-16,1697,Office Supplies,"Fellowes Personal Hanging Folder Files, Navy",South,129.54,-253.778,0.0
87345,2015-03-25,1699,Office Supplies,Ibico Presentation Index for Binding Systems,East,49.44,-152.5245,0.05
87345,2015-03-25,1699,Office Supplies,Xerox 207,East,14.29,-18.85,0.01
90473,2015-01-17,1702,Office Supplies,"Holmes Replacement Filter for HEPA Air Cleaner, Large Room",South,45.28,-220.052,0.05
90473,2015-01-17,1702,Office Supplies,"Important Message Pads, 50 4-1/4 x 5-1/2 Forms per Pad",South,13.57,20.39337,0.05
88781,2015-01-17,1708,Office Supplies,Staples Standard Envelopes,East,55.48,38.2812,0.05
88784,2015-05-20,1708,Technology,6185,East,5319.35,3670.3515,0.03
88782,2015-01-21,1709,Office Supplies,Avery Premier Heavy-Duty Binder with Round Locking Rings,East,30.44,21.0035,0.01
88783,2015-05-10,1709,Office Supplies,Fellowes Stor/DrawerÂ® Steel Plusâ¢ Storage Drawers,East,3251.76,13.536,0.04
87747,2015-03-16,1711,Furniture,"Master Giant FootÂ® Doorstop, Safety Yellow",South,22.48,-167.048,0.07
87749,2015-04-11,1712,Office Supplies,"Hunt BOSTONÂ® VistaÂ® Battery-Operated Pencil Sharpener, Black",South,267.32,-31.094,0.03
87748,2015-05-29,1713,Technology,TI 36X Solar Scientific Calculator,South,284.39,-6.202,0.01
90621,2015-03-08,1718,Furniture,"Global Leather and Oak Executive Chair, Black",South,974.14,-48.874,0.01
90786,2015-01-17,1719,Technology,Maxell DVD-RAM Discs,South,128.13,-144.592,0.06
90787,2015-05-16,1721,Office Supplies,Eldon SimplefileÂ® Box OfficeÂ®,South,464.94,-258.566,0.04
40101,2015-01-31,1723,Technology,US Robotics 56K V.92 Internal PCI Faxmodem,West,2188.06,13.508,0.1
44002,2015-02-07,1723,Office Supplies,Xerox 1923,West,320.93,-66.48,0.05
44002,2015-02-07,1723,Office Supplies,PortfileÂ® Personal File Boxes,West,261.85,-52.33,0.03
32710,2015-05-16,1723,Office Supplies,Eldon SimplefileÂ® Box OfficeÂ®,West,1834.61,-59.06,0.04
87193,2015-05-07,1725,Technology,Accessory35,East,261.56,149.166,0.05
87194,2015-01-21,1727,Office Supplies,Super Decoflex Portable Personal File,East,114.81,-76.9,0.1
87195,2015-02-22,1728,Office Supplies,"Eaton Premium Continuous-Feed Paper, 25% Cotton, Letter Size, White, 1000 Shts/Box",East,546.21,376.8849,0.04
90653,2015-04-07,1730,Technology,StarTAC 7760,West,272.86,-88.6248,0.1
3841,2015-04-04,1733,Office Supplies,Euro Pro Shark Stick Mini Vacuum,East,2119.54,-662.52,0.02
3841,2015-04-04,1733,Office Supplies,Fellowes PB500 Electric Punch Plastic Comb Binding Machine with Manual Bind,East,45737.33,9228.2256,0.02
59937,2015-06-28,1733,Office Supplies,Xerox 197,East,438.25,-32.28,0.02
88443,2015-04-04,1734,Office Supplies,Euro Pro Shark Stick Mini Vacuum,East,561.06,-596.268,0.02
88443,2015-04-04,1734,Office Supplies,Fellowes PB500 Electric Punch Plastic Comb Binding Machine with Manual Bind,East,11434.33,7889.6877,0.02
88443,2015-04-04,1734,Technology,StarTAC 8000,East,3229.24,1545.80976,0.05
88444,2015-06-28,1735,Office Supplies,Xerox 197,East,101.13,-16.14,0.02
85866,2015-06-03,1737,Furniture,"Advantus Employee of the Month Certificate Frame, 11 x 13-1/2",South,451.83,-130.424,0.09
85866,2015-06-03,1737,Office Supplies,Newell 308,South,20.24,-106.421,0.03
85865,2015-03-28,1738,Technology,5165,South,1486.34,-16476.838,0.08
85868,2015-06-14,1738,Office Supplies,Xerox 1880,South,406.26,-108.2725,0.04
85867,2015-05-03,1739,Furniture,"SAFCO PlanMaster Heigh-Adjustable Drafting Table Base, 43w x 30d x 30-37h, Black",South,5835.41,-90.748,0.09
91025,2015-02-12,1743,Technology,Accessory28,Central,52.1,-121.05808,0.0
18561,2015-01-09,1745,Office Supplies,"Avery 05222 Permanent Self-Adhesive File Folder Labels for Typewriters, on Rolls, White, 250/Roll",South,45.87,-51.737,0.02
13408,2015-02-14,1745,Furniture,"Tenex Traditional Chairmats for Medium Pile Carpet, Standard Lip, 36"" x 48""",South,256.77,116.5063,0.04
12224,2015-06-12,1745,Furniture,Bevis 36 x 72 Conference Tables,South,605.82,-247.55157,0.04
12224,2015-06-12,1745,Technology,Accessory17,South,1569.0,-277.20924,0.1
87245,2015-06-12,1748,Furniture,Bevis 36 x 72 Conference Tables,Central,151.46,-93.0645,0.04
87243,2015-01-09,1749,Office Supplies,"Avery 05222 Permanent Self-Adhesive File Folder Labels for Typewriters, on Rolls, White, 250/Roll",Central,10.19,-48.236,0.02
87244,2015-02-14,1749,Furniture,"Tenex Traditional Chairmats for Medium Pile Carpet, Standard Lip, 36"" x 48""",Central,64.19,44.2911,0.04
90178,2015-02-27,1754,Technology,Hewlett-Packard 4.7GB DVD+R Discs,West,118.57,43.2752,0.04
90178,2015-02-27,1754,Technology,"AT&T Black Trimline Phone, Model 210",West,79.47,-36.21462,0.1
90178,2015-02-27,1754,Technology,600 Series Flip,West,627.28,7.03296,0.09
89775,2015-01-22,1764,Technology,8890,South,1160.42,-16.772,0.0
89776,2015-03-01,1764,Furniture,12-1/2 Diameter Round Wall Clock,South,103.37,514.1772,0.06
89776,2015-03-01,1764,Furniture,Regeneration Desk Collection,South,40.22,235.656,0.08
89777,2015-05-04,1765,Office Supplies,Avery Binding System Hidden Tabâ¢ Executive Style Index Sets,Central,52.43,3.5581,0.0
89211,2015-03-26,1767,Technology,Microsoft Natural Multimedia Keyboard,South,818.49,5.3397,0.01
89106,2015-03-06,1771,Office Supplies,Euro Pro Shark Stick Mini Vacuum,Central,410.17,-807.89,0.07
89944,2015-06-14,1775,Office Supplies,GBC Binding covers,Central,269.54,123.89175,0.09
89941,2015-02-04,1776,Office Supplies,Xerox 1978,Central,106.57,-53.898,0.08
89939,2015-04-22,1777,Office Supplies,"Wirebound Message Book, 4 per Page",Central,38.41,26.5029,0.07
89940,2015-01-03,1777,Office Supplies,Riverleaf Stik-WithitÂ® Designer Note CubesÂ®,Central,131.34,90.6246,0.02
89942,2015-04-02,1777,Furniture,Telescoping Adjustable Floor Lamp,Central,251.61,-20.8764,0.03
89943,2015-05-10,1778,Technology,Sharp EL500L Fraction Calculator,Central,287.99,6.48324,0.06
89943,2015-05-10,1778,Office Supplies,White GlueTop Scratch Pads,Central,46.86,2.332,0.06
89857,2015-06-12,1781,Office Supplies,Xerox 194,West,658.62,454.4478,0.0
89858,2015-01-07,1781,Furniture,"Master Caster Door Stop, Brown",West,21.96,15.1524,0.03
89856,2015-01-06,1782,Office Supplies,Newell 342,West,24.57,-90.7556,0.03
88256,2015-01-21,1788,Technology,TimeportP7382,South,1008.53,960.984,0.04
87853,2015-01-06,1793,Furniture,"Riverside Palais Royal Lawyers Bookcase, Royale Cherry Finish",Central,6968.9,-13706.464,0.04
91543,2015-06-01,1802,Office Supplies,"*Staples* vLetter Openers, 2/Pack",South,41.29,300.9258,0.04
89251,2015-03-17,1808,Technology,"Imation Neon Mac Format Diskettes, 10/Pack",East,88.64,-40.76,0.01
90524,2015-05-23,1814,Technology,Micro Innovations Media Access Pro Keyboard,South,1300.54,-986.524,0.09
90524,2015-05-23,1814,Office Supplies,Newell 340,South,38.06,-141.666,0.0
90525,2015-02-11,1815,Technology,Lexmark Z54se Color Inkjet Printer,South,1263.35,47.334,0.06
85990,2015-02-05,1816,Office Supplies,Staples Battery-Operated Desktop Pencil Sharpener,Central,202.38,60.5616,0.01
85991,2015-04-15,1818,Technology,Canon P1-DHIII Palm Printing Calculator,Central,56.38,-47.243088,0.06
85991,2015-04-15,1818,Office Supplies,Xerox 1896,Central,119.13,9.154,0.1
34435,2015-02-05,1821,Office Supplies,Staples Battery-Operated Desktop Pencil Sharpener,East,809.51,40.92,0.01
47108,2015-04-15,1821,Furniture,3M Polarizing Light Filter Sleeves,East,643.64,149.72,0.07
47108,2015-04-15,1821,Technology,Canon P1-DHIII Palm Printing Calculator,East,244.31,-52.49232,0.06
47108,2015-04-15,1821,Office Supplies,Xerox 1896,East,466.58,7.96,0.1
47108,2015-04-15,1821,Technology,2180,East,2290.69,-459.0828,0.08
86958,2015-04-18,1826,Office Supplies,"Gould Plastics 9-Pocket Panel Bin, 18-3/8w x 5-1/4d x 20-1/2h, Black",Central,337.59,-517.17,0.1
86959,2015-05-12,1826,Office Supplies,"Wirebound Message Books, Four 2 3/4"" x 5"" Forms per Page, 600 Sets per Book",Central,10.65,-7.61,0.0
86956,2015-02-19,1827,Office Supplies,Newell 315,Central,55.13,38.0397,0.0
86958,2015-04-18,1827,Furniture,"Bush Westfield Collection Bookcases, Dark Cherry Finish, Fully Assembled",Central,215.32,-429.86,0.07
86958,2015-04-18,1827,Technology,Accessory34,Central,382.85,264.1665,0.03
86956,2015-02-19,1828,Office Supplies,Xerox 1983,Central,44.8,-47.12,0.02
86960,2015-01-06,1828,Office Supplies,"Wilson Jones Hanging View Binder, White, 1""",Central,100.99,-101.246,0.05
86960,2015-01-06,1828,Technology,"Fellowes Basic 104-Key Keyboard, Platinum",Central,142.06,-1.88,0.04
86957,2015-03-25,1829,Furniture,"Eldon Expressions Punched Metal & Wood Desk Accessories, Pewter & Cherry",Central,58.52,-11.69,0.01
86960,2015-01-06,1829,Office Supplies,Ibico Recycled Linen-Style Covers,Central,363.74,250.9806,0.05
86960,2015-01-06,1829,Office Supplies,Self-Adhesive Ring Binder Labels,Central,15.93,-57.753,0.04
86960,2015-01-06,1829,Office Supplies,"Tenex File Box, Personal Filing Tote with Lid, Black",Central,21.28,-47.97,0.02
86600,2015-04-19,1836,Technology,CF 688,West,675.83,-219.07908,0.01
86600,2015-04-19,1837,Office Supplies,Xerox 1983,West,28.0,-18.8784,0.01
86599,2015-03-30,1840,Office Supplies,"Avery Trapezoid Ring Binder, 3"" Capacity, Black, 1040 sheets",East,535.08,369.2052,0.07
89697,2015-04-01,1849,Technology,Accessory35,South,222.71,19.35,0.09
89697,2015-04-01,1849,Technology,i2000,South,220.52,-967.834,0.01
86847,2015-03-19,1852,Office Supplies,Xerox 23,West,68.34,-28.45,0.06
86847,2015-03-19,1854,Technology,Fellowes 17-key keypad for PS/2 interface,East,522.22,72.78,0.02
86846,2015-06-15,1860,Office Supplies,Avery Hanging File Binders,East,28.01,13.2294,0.09
89209,2015-05-03,1869,Furniture,"6"" Cubicle Wall Clock, Black",West,80.35,-88.82,0.08
90099,2015-01-17,1873,Office Supplies,TyvekÂ® Side-Opening Peel & SeelÂ® Expanding Envelopes,South,99.69,15.354,0.03
90099,2015-01-17,1873,Office Supplies,Xerox 1991,South,152.49,-357.924,0.06
90899,2015-01-29,1875,Technology,T60,South,320.75,34.302,0.09
87378,2015-03-01,1882,Office Supplies,Xerox 1978,East,11.35,-7.96,0.09
87378,2015-03-01,1885,Technology,Epson LQ-870 Dot Matrix Printer,East,7029.1,4407.44,0.05
90631,2015-04-17,1889,Office Supplies,Space Solutionsâ¢ Industrial Galvanized Steel Shelving.,East,1059.38,-1025.0172,0.09
90630,2015-04-05,1891,Furniture,"Chromcraft 48"" x 96"" Racetrack Double Pedestal Table",East,2233.46,429.754356,0.03
91262,2015-04-26,1893,Furniture,Global Ergonomic Managers Chair,Central,928.92,588.54,0.03
91261,2015-02-24,1894,Furniture,"Global Leather and Oak Executive Chair, Black",Central,3845.35,2653.2915,0.0
91261,2015-02-24,1894,Office Supplies,Newell 343,Central,3.77,-1.84,0.09
91263,2015-03-18,1894,Office Supplies,Quality Park Security Envelopes,Central,343.54,237.0426,0.01
86500,2015-05-17,1906,Office Supplies,Ibico EB-19 Dual Function Manual Binding System,East,3627.08,2502.6852,0.07
86500,2015-05-17,1907,Office Supplies,"#10- 4 1/8"" x 9 1/2"" Security-Tint Envelopes",East,8.34,0.688,0.09
91371,2015-01-01,1910,Office Supplies,Binding Machine Supplies,South,63.32,36.906,0.02
85893,2015-02-27,1916,Technology,TI 30X Scientific Calculator,South,83.72,-216.0298,0.03
85895,2015-04-16,1916,Technology,SC7868i,South,1011.44,-45.472,0.01
85894,2015-03-27,1917,Furniture,"Executive Impressions 13-1/2"" Indoor/Outdoor Wall Clock",South,132.23,16.1364,0.08
85897,2015-03-01,1917,Furniture,"Executive Impressions 14"" Contract Wall Clock",South,210.33,-29.61,0.08
85898,2015-04-04,1918,Office Supplies,"AveryÂ® 3 1/2"" Diskette Storage Pages, 10/Pack",South,168.04,125.724,0.1
85896,2015-02-24,1919,Technology,T28 WORLD,South,882.93,114.882,0.0
88579,2015-02-06,1927,Furniture,"Bevis Round Bullnose 29"" High Table Top",South,1757.15,-14.448,0.02
88580,2015-01-21,1928,Office Supplies,Ibico EPK-21 Electric Binding System,South,1786.04,-42.546,0.1
86687,2015-04-19,1933,Office Supplies,"OIC Colored Binder Clips, Assorted Sizes",Central,34.76,14.0,0.06
86688,2015-05-30,1934,Furniture,Office Star - Ergonomic Mid Back Chair with 2-Way Adjustable Arms,Central,561.65,52.988,0.04
86686,2015-04-08,1935,Office Supplies,Belkin F9M820V08 8 Outlet Surge,Central,413.73,285.4737,0.01
86688,2015-05-30,1935,Office Supplies,"Bravo IIâ¢ MegabossÂ® 12-Amp Hard Body Upright, Replacement Belts, 2 Belts per Pack",Central,55.6,10.508,0.06
86688,2015-05-30,1935,Furniture,"Rubbermaid ClusterMat Chairmats, Mat Size- 66"" x 60"", Lip 20"" x 11"" -90 Degree Angle",Central,2099.61,1448.7309,0.01
86688,2015-05-30,1935,Office Supplies,Advantus Map Pennant Flags and Round Head Tacks,Central,96.6,1.004,0.05
88870,2015-03-22,1938,Technology,Adesso Programmable 142-Key Keyboard,Central,558.17,-521.09,0.1
88870,2015-03-22,1940,Office Supplies,"Acme Design Line 8"" Stainless Steel Bent Scissors w/Champagne Handles, 3-1/8"" Cut",West,8.39,-29.49,0.08
88871,2015-04-19,1940,Office Supplies,Honeywell Quietcare HEPA Air Cleaner,West,559.43,386.0067,0.0
88871,2015-04-19,1940,Furniture,"Global High-Back Leather Tilter, Burgundy",West,1216.52,-1867.97,0.08
86331,2015-01-26,1946,Furniture,Eldon ClusterMat Chair Mat with Cordless Antistatic Protection,East,1058.36,-1920.9336,0.08
86331,2015-01-26,1946,Office Supplies,Xerox 1947,East,18.31,-37.1752,0.07
90415,2015-02-01,1949,Furniture,Bush Advantage CollectionÂ® Racetrack Conference Table,West,4935.22,-213.4028,0.05
90414,2015-01-06,1950,Office Supplies,Xerox 1986,West,51.03,-15.48,0.01
89820,2015-06-19,1956,Technology,Targus USB Numeric Keypad,West,746.91,-50.245,0.09
89818,2015-04-07,1957,Technology,Micro Innovations Media Access Pro Keyboard,Central,77.47,-387.1044,0.09
89819,2015-06-18,1958,Technology,Belkin ErgoBoardâ¢ Keyboard,West,204.34,-55.97,0.09
28225,2015-01-22,1959,Furniture,"Career Cubicle Clock, 8 1/4"", Black",South,206.04,-66.2473,0.0
26342,2015-04-18,1959,Office Supplies,Hammermill Color Copier Paper (28Lb. and 96 Bright),South,475.42,-171.1577,0.02
26342,2015-04-18,1959,Office Supplies,Xerox 1937,South,3598.82,624.239,0.02
26342,2015-04-18,1959,Office Supplies,Xerox 1986,South,41.22,-14.3241,0.04
88857,2015-04-18,1962,Office Supplies,Xerox 1937,Central,875.39,604.0191,0.02
88857,2015-04-18,1962,Office Supplies,Xerox 1986,Central,8.24,-11.6316,0.04
89456,2015-03-18,1967,Office Supplies,Honeywell Quietcare HEPA Air Cleaner,Central,641.11,442.3659,0.01
91550,2015-01-18,1971,Office Supplies,"Peel & SeelÂ® Recycled Catalog Envelopes, Brown",South,35.48,-259.756,0.02
91550,2015-01-18,1972,Furniture,Global Leather Executive Chair,East,2130.04,1469.7276,0.05
91550,2015-01-18,1972,Technology,"AT&T Black Trimline Phone, Model 210",East,82.8,-83.55306,0.04
89040,2015-05-20,1974,Office Supplies,Kensington 6 Outlet Guardian Standard Surge Protector,Central,99.02,-16.89,0.09
89040,2015-05-20,1974,Office Supplies,"#10 White Business Envelopes,4 1/8 x 9 1/2",Central,46.4,25.51,0.06
89039,2015-01-10,1976,Furniture,"Hon Metal Bookcases, Putty",Central,551.51,-850.6524,0.05
89039,2015-01-10,1976,Office Supplies,Newell 309,Central,142.79,98.5251,0.05
89041,2015-03-23,1976,Office Supplies,Xerox 1893,Central,585.08,214.23,0.06
87757,2015-05-05,1979,Technology,Accessory39,West,72.75,21.8834,0.05
91258,2015-05-16,1984,Technology,"Imation 3.5"" Unformatted DS/HD Diskettes, 10/Box",South,269.33,290.202,0.1
90888,2015-05-06,1986,Office Supplies,Eldon Jumbo ProFileâ¢ Portable File Boxes Graphite/Black,Central,377.0,12.146,0.01
90888,2015-05-06,1986,Technology,Bell Sonecor JB700 Caller ID,Central,42.99,5.687,0.05
89999,2015-01-03,1988,Furniture,36X48 HARDFLOOR CHAIRMAT,West,65.69,-181.102,0.05
90000,2015-01-21,1989,Furniture,Hon 4700 Series Mobuisâ¢ Mid-Back Task Chairs with Adjustable Arms,West,2748.21,882.93,0.04
90000,2015-01-21,1989,Office Supplies,Southworth 25% Cotton Premium Laser Paper and Envelopes,West,93.19,6.6804,0.09
90001,2015-05-15,1989,Technology,Belkin ErgoBoardâ¢ Keyboard,West,363.37,46.29,0.01
90001,2015-05-15,1989,Office Supplies,"White Dual Perf Computer Printout Paper, 2700 Sheets, 1 Part, Heavyweight, 20 lbs., 14 7/8 x 11",West,480.75,177.79,0.01
90003,2015-04-30,1989,Office Supplies,Sanford Pocket AccentÂ® Highlighters,West,16.88,-14.9904,0.1
90002,2015-02-22,1991,Office Supplies,Xerox 1938,West,925.19,638.3811,0.0
90333,2015-01-25,1997,Technology,5170i,South,408.66,17.652,0.1
90334,2015-05-07,1997,Technology,Maxell DVD-RAM Discs,South,122.93,739.674,0.01
90335,2015-06-02,1997,Office Supplies,GBC Standard Therm-A-Bind Covers,South,32.66,-23.156,0.0
90568,2015-06-03,1998,Office Supplies,Grip Seal Envelopes,East,14.85,-10.435,0.06
91277,2015-04-17,2004,Office Supplies,Storex DuraTech Recycled Plastic Frosted Binders,West,45.0,-78.91668,0.06
91277,2015-04-17,2004,Technology,Polycom ViewStationâ¢ ISDN Videoconferencing Unit,West,6569.07,-13562.63741,0.04
88798,2015-03-05,2006,Office Supplies,Xerox 1950,West,88.22,-63.35,0.03
86874,2015-06-18,2016,Office Supplies,Staples Battery-Operated Desktop Pencil Sharpener,Central,40.29,-8.904,0.1
88367,2015-03-22,2014,Technology,"80 Minute CD-R Spindle, 100/Pack - Staples",Central,151.27,88.72,0.07
88367,2015-03-22,2014,Office Supplies,Avery 493,Central,10.51,7.2519,0.0
88368,2015-04-04,2014,Office Supplies,Xerox 220,Central,74.93,-191.49,0.06
86933,2015-02-13,2020,Furniture,O'Sullivan Living Dimensions 2-Shelf Bookcases,East,1370.99,-1330.5,0.02
91059,2015-03-17,2030,Technology,Canon BP1200DH 12-Digit Bubble Jet Printing Calculator,Central,1913.84,1320.5496,0.04
91059,2015-03-17,2030,Technology,688,Central,2692.12,1585.503,0.0
91060,2015-03-18,2030,Office Supplies,Xerox 1908,Central,762.38,526.0422,0.03
87117,2015-05-18,2035,Office Supplies,Revere Boxed Rubber Bands by Revere,South,36.72,-40.432,0.1
89333,2015-03-12,2037,Technology,Keytronic French Keyboard,West,305.71,-88.61,0.0
89334,2015-04-21,2038,Office Supplies,Xerox 1893,East,277.12,109.16,0.06
88692,2015-06-24,2044,Technology,Accessory37,South,100.11,-136.122,0.09
88219,2015-06-12,2046,Office Supplies,Xerox 199,Central,31.54,-27.375,0.04
88219,2015-06-12,2046,Furniture,Bretford Rectangular Conference Table Tops,Central,4634.69,-435.7575,0.06
88219,2015-06-12,2046,Furniture,Bush Advantage CollectionÂ® Racetrack Conference Table,Central,7304.03,682.53,0.06
88219,2015-06-12,2046,Technology,T28 WORLD,Central,632.65,-277.222,0.06
88220,2015-06-21,2049,Technology,"Memorex 4.7GB DVD+R, 3/Pack",South,290.98,-266.686,0.03
88220,2015-06-21,2049,Office Supplies,Newell 326,South,21.77,-12.278,0.09
87234,2015-02-19,2052,Technology,"Memorex 4.7GB DVD-RAM, 3/Pack",West,384.22,265.1118,0.07
87234,2015-02-19,2052,Office Supplies,Wausau Papers AstrobrightsÂ® Colored Envelopes,West,31.64,9.5608,0.0
87234,2015-02-19,2052,Technology,Accessory35,West,565.36,390.0984,0.1
88040,2015-02-13,2058,Office Supplies,Xerox 1983,South,32.76,46.65,0.07
88039,2015-01-17,2059,Technology,"Memorex 4.7GB DVD+RW, 3/Pack",South,336.92,-1250.746,0.09
88041,2015-03-27,2059,Office Supplies,Lumber Crayons,South,114.91,374.904,0.1
88041,2015-03-27,2059,Technology,Timeport L7089,South,934.52,-528.836,0.04
87146,2015-01-29,2061,Furniture,"Atlantic Metals Mobile 2-Shelf Bookcases, Custom Colors",Central,260.66,-272.7132,0.02
87146,2015-01-29,2062,Office Supplies,GBC DocuBind 200 Manual Binding Machine,South,4249.37,-162.694,0.02
87148,2015-06-26,2062,Furniture,Hon 4070 Series Pagodaâ¢ Armless Upholstered Stacking Chairs,South,6676.61,-115.9039,0.04
87147,2015-05-08,2063,Technology,Gyration Ultra Professional Cordless Optical Suite,South,291.4,-729.988,0.06
85833,2015-03-26,2066,Office Supplies,"IrisÂ® 3-Drawer Stacking Bin, Black",South,146.5,-133.546,0.09
85834,2015-03-31,2066,Technology,1726 Digital Answering Machine,South,38.98,272.694,0.09
85835,2015-04-19,2066,Office Supplies,Storex DuraTech Recycled Plastic Frosted Binders,South,34.16,-61.6,0.1
88554,2015-01-12,2069,Technology,Targus USB Numeric Keypad,South,120.34,66.852,0.1
88558,2015-05-16,2070,Technology,Accessory41,Central,153.61,17.8398,0.07
88555,2015-02-01,2071,Technology,Imation 5.2GB DVD-RAM,Central,1414.88,976.2672,0.03
88555,2015-02-01,2071,Office Supplies,Avery 481,Central,33.63,23.2047,0.04
88558,2015-05-16,2071,Technology,i500plus,Central,1063.81,183.843,0.08
88555,2015-02-01,2072,Office Supplies,"Speediset Carbonless Redi-LetterÂ® 7"" x 8 1/2""",Central,242.7,167.463,0.0
88556,2015-02-11,2072,Furniture,"Atlantic Metals Mobile 3-Shelf Bookcases, Custom Colors",Central,3377.06,1307.2692,0.09
88556,2015-02-11,2072,Furniture,Ultra Door Pull Handle,Central,123.93,-15.8184,0.01
88556,2015-02-11,2072,Office Supplies,Xerox 1920,Central,93.96,-55.8324,0.02
88557,2015-04-07,2073,Furniture,Hon 4070 Series Pagodaâ¢ Armless Upholstered Stacking Chairs,Central,1818.41,550.3808,0.05
86092,2015-01-03,2081,Office Supplies,Binder Clips by OIC,East,8.95,1.68,0.09
88348,2015-06-30,2089,Office Supplies,Fellowes Superior 10 Outlet Split Surge Protector,East,652.84,450.4596,0.06
88348,2015-06-30,2089,Technology,Hewlett Packard LaserJet 3310 Copier,East,12750.99,8798.1831,0.08
88348,2015-06-30,2089,Office Supplies,Unpadded Memo Slips,East,20.54,-5.385,0.1
86629,2015-02-05,2094,Furniture,Bretford CR8500 Series Meeting Room Furniture,West,7840.04,3031.9724,0.08
87889,2015-04-18,2097,Technology,Gyration Ultra Professional Cordless Optical Suite,South,1094.33,138.018,0.1
87889,2015-04-18,2098,Furniture,Ultra Commercial Grade Dual Valve Door Closer,South,389.97,38.874,0.06
87888,2015-01-08,2099,Office Supplies,Acco 6 Outlet Guardian Premium Surge Suppressor,South,84.59,-45.528,0.07
39015,2015-06-06,2107,Technology,Okidata ML320 Series Turbo Dot Matrix Printers,Central,9666.72,567.59,0.05
39015,2015-06-06,2107,Office Supplies,Xerox 1994,Central,134.58,-28.45,0.07
87862,2015-06-06,2108,Office Supplies,Xerox 1994,Central,33.65,-14.225,0.07
88403,2015-03-26,2114,Office Supplies,Sanford Liquid Accent Highlighters,South,66.12,-601.804,0.08
88404,2015-04-23,2114,Office Supplies,*Staples* Packaging Labels,South,3.07,38.406,0.08
88405,2015-02-26,2114,Furniture,Hon GuestStacker Chair,South,255.83,53.1144,0.07
88405,2015-02-26,2114,Office Supplies,"Tennsco Lockers, Gray",South,421.18,8.742,0.08
88406,2015-04-29,2115,Furniture,Bevis Steel Folding Chairs,South,1377.46,636.522,0.02
90891,2015-04-20,2117,Furniture,Hon Pagodaâ¢ Stacking Chairs,Central,6600.63,4554.4347,0.03
90891,2015-04-20,2117,Technology,StarTAC 6500,Central,1811.99,618.19308,0.06
89664,2015-02-01,2122,Technology,Lexmark Z25 Color Inkjet Printer,South,799.76,-15.1844,0.06
89665,2015-01-01,2124,Technology,"Verbatim DVD-RAM, 9.4GB, Rewritable, Type 1, DS, DataLife Plus",South,609.09,-61.194,0.04
89666,2015-03-26,2124,Furniture,Bevis 36 x 72 Conference Tables,South,2761.94,18.174,0.03
88418,2015-03-18,2127,Office Supplies,Xerox 1974,Central,33.95,-49.53,0.1
90079,2015-01-03,2131,Furniture,Bush Mission Pointe Library,Central,302.34,-407.85,0.09
90078,2015-01-10,2132,Technology,"Fellowes Internet Keyboard, Platinum",Central,334.44,-191.2576,0.05
91583,2015-02-06,2135,Technology,SouthWestern Bell FA970 Digital Answering Machine with Time/Day Stamp,West,556.61,196.52328,0.01
86002,2015-01-31,2137,Office Supplies,"Adams Phone Message Book, Professional, 400 Message Capacity, 5 3/6â x 11â",South,64.48,-343.868,0.0
86003,2015-04-16,2139,Technology,Epson DFX-8500 Dot Matrix Printer,Central,4845.27,-3971.0628,0.05
87570,2015-02-18,2141,Office Supplies,Wilson Jones Custom Binder Spines & Labels,West,19.68,-18.4782,0.01
87570,2015-02-18,2141,Technology,Sharp 1540cs Digital Laser Copier,West,9798.84,-381.8412,0.02
87570,2015-02-18,2141,Office Supplies,Boston 16801 Nautilusâ¢ Battery Pencil Sharpener,West,154.11,12.5504,0.03
87570,2015-02-18,2141,Office Supplies,"Multi-Use Personal File Cart and Caster Set, Three Stacking Bins",West,242.97,45.3324,0.09
87569,2015-06-13,2143,Office Supplies,Advantus Rolling Storage Box,South,200.61,33.66,0.08
87072,2015-02-10,2145,Furniture,"Career Cubicle Clock, 8 1/4"", Black",South,237.83,15.678,0.0
87071,2015-01-06,2146,Office Supplies,Tennsco Commercial Shelving,South,53.02,52.776,0.05
90404,2015-01-05,2151,Furniture,"Hon Deluxe Fabric Upholstered Stacking Chairs, Rounded Back",Central,248.84,-162.8244,0.08
90405,2015-02-09,2151,Office Supplies,Binder Posts,Central,7.21,-6.93082,0.08
90385,2015-03-16,2157,Furniture,Eldon CleatmatÂ® Chair Mats for Medium Pile Carpets,Central,253.87,-118.54,0.05
90385,2015-03-16,2157,Technology,Okidata ML390 Turbo Dot Matrix Printers,Central,5880.46,2963.48,0.05
90386,2015-05-03,2157,Furniture,"Advantus Employee of the Month Certificate Frame, 11 x 13-1/2",Central,577.25,398.3025,0.07
90386,2015-05-03,2157,Technology,Panasonic KX-P3200 Dot Matrix Printer,Central,4075.18,709.852,0.05
90386,2015-05-03,2157,Furniture,Hon 94000 Series Round Tables,Central,1798.23,80.8092,0.07
90387,2015-05-20,2159,Office Supplies,Xerox 1979,Central,727.2,371.272,0.08
90387,2015-05-20,2162,Furniture,Hon Non-Folding Utility Tables,East,6173.42,77.0008954,0.09
90387,2015-05-20,2162,Technology,Accessory36,East,1553.7,27.9686,0.06
88794,2015-01-09,2164,Office Supplies,"Acco PRESSTEXÂ® Data Binder with Storage Hooks, Dark Blue, 9 1/2"" X 11""",West,18.68,-66.77958,0.01
88794,2015-01-09,2164,Office Supplies,Newell 337,West,36.3,-144.9188,0.05
88794,2015-01-09,2165,Office Supplies,Newell 339,East,16.03,-5.0716,0.09
89465,2015-01-27,2178,Office Supplies,Newell 343,East,25.35,-1.18,0.08
91571,2015-06-15,2183,Office Supplies,Binder Clips by OIC,South,19.32,-203.098,0.0
89440,2015-05-08,2187,Office Supplies,Brown Kraft Recycled Envelopes,Central,86.8,-48.57,0.09
7364,2015-05-08,2189,Office Supplies,Brown Kraft Recycled Envelopes,East,381.91,-48.57,0.09
41636,2015-02-14,2190,Office Supplies,Stanley Bostitch Contemporary Electric Pencil Sharpeners,Central,761.67,-47.28,0.05
41636,2015-02-14,2190,Technology,282,Central,5014.07,722.241,0.03
90685,2015-02-14,2193,Office Supplies,Stanley Bostitch Contemporary Electric Pencil Sharpeners,South,186.19,-161.0,0.05
90685,2015-02-14,2193,Technology,282,South,1227.94,848.3646,0.03
89175,2015-04-07,2196,Technology,Belkin MediaBoard 104- Keyboard,East,294.97,-88.8408,0.03
89175,2015-04-07,2196,Technology,Motorola SB4200 Cable Modem,East,2458.05,1208.9904,0.1
89175,2015-04-07,2196,Office Supplies,"Fellowes Strictly BusinessÂ® Drawer File, Letter/Legal Size",East,2465.75,9.9912,0.1
89176,2015-06-26,2197,Technology,Gyration Ultra Cordless Optical Suite,East,650.25,126.225,0.08
89176,2015-06-26,2197,Furniture,Electrix 20W Halogen Replacement Bulb for Zoom-In Desk Lamp,East,272.12,187.7628,0.0
89174,2015-05-22,2198,Office Supplies,Boston 1799 Powerhouseâ¢ Electric Pencil Sharpener,East,428.85,295.9065,0.03
89174,2015-05-22,2198,Office Supplies,"Tennsco Lockers, Gray",East,342.54,-2111.36,0.1
86054,2015-03-25,2201,Furniture,Tensor Computer Mounted Lamp,Central,27.96,-9.13,0.17
86050,2015-01-31,2202,Furniture,Office Star - Mid Back Dual function Ergonomic High Back Chair with 2-Way Adjustable Arms,Central,1635.38,357.428,0.09
86050,2015-01-31,2202,Office Supplies,Avery 51,Central,58.48,40.3512,0.09
86050,2015-01-31,2202,Office Supplies,Rediform S.O.S. Phone Message Books,Central,40.05,27.6345,0.0
86051,2015-02-04,2203,Technology,Panasonic KX-P1150 Dot Matrix Printer,Central,1117.66,751.58,0.08
86052,2015-01-04,2203,Technology,Okidata ML320 Series Turbo Dot Matrix Printers,Central,807.0,-663.5142,0.03
86051,2015-02-04,2204,Furniture,"Metal Folding Chairs, Beige, 4/Carton",Central,169.46,-157.56,0.07
86053,2015-02-10,2204,Furniture,Hon 94000 Series Round Tables,Central,5768.12,-87.99804,0.04
86258,2015-01-05,2206,Technology,"Memorex 4.7GB DVD+RW, 3/Pack",Central,55.25,-35.2904,0.03
86258,2015-01-05,2206,Technology,3285,Central,551.22,-74.8836,0.01
88030,2015-01-22,2209,Office Supplies,"Adams Phone Message Book, Professional, 400 Message Capacity, 5 3/6â x 11â",South,83.93,-98.056,0.06
88028,2015-01-01,2211,Office Supplies,Safco Industrial Wire Shelving,East,193.88,-425.2084,0.08
88029,2015-04-19,2212,Technology,Canon PC-428 Personal Copier,East,990.25,631.33,0.09
90314,2015-06-23,2215,Office Supplies,Newell 337,East,14.76,-22.176,0.07
90314,2015-06-23,2216,Technology,Hayes Optima 56K V.90 Internal Voice Modem,East,808.44,-214.104,0.02
90314,2015-06-23,2216,Office Supplies,Xerox 23,East,67.41,-26.936,0.01
91036,2015-02-28,2220,Furniture,Coloredge Poster Frame,South,55.08,-324.73,0.09
89970,2015-02-21,2225,Furniture,Office Star Flex Back Scooter Chair with Aluminum Finish Frame,West,1608.11,1500.12,0.0
89102,2015-04-06,2240,Office Supplies,"Fellowes Personal Hanging Folder Files, Navy",South,99.75,-313.0218,0.01
86699,2015-04-13,2250,Furniture,EldonÂ® Wave Desk Accessories,East,51.41,-192.5532,0.0
89278,2015-01-27,2254,Office Supplies,Avery 48,South,68.72,-464.282,0.1
89279,2015-04-28,2254,Office Supplies,Xerox 1917,South,618.96,156.7434,0.1
89279,2015-04-28,2254,Office Supplies,Xerox 1983,South,77.54,110.118,0.08
87963,2015-01-02,2256,Office Supplies,Tripp Lite Isotel 6 Outlet Surge Protector with Fax/Modem Protection,South,361.72,-42.588,0.07
87964,2015-03-24,2256,Furniture,Novimex Turbo Task Chair,South,1373.47,-222.95,0.07
87965,2015-06-12,2257,Office Supplies,HP Office Paper (20Lb. and 87 Bright),South,91.92,7.6245,0.06
87962,2015-03-09,2258,Office Supplies,"#10- 4 1/8"" x 9 1/2"" Security-Tint Envelopes",South,73.29,-1676.612,0.01
87962,2015-03-09,2258,Technology,Hewlett-Packard Deskjet 1220Cse Color Inkjet Printer,South,2961.32,45.1278,0.07
89601,2015-02-15,2260,Office Supplies,Avery White Multi-Purpose Labels,South,87.11,-52.864,0.02
89601,2015-02-15,2260,Technology,Accessory15,South,170.46,45.378,0.01
89602,2015-04-21,2260,Office Supplies,Avery White Multi-Purpose Labels,South,4.95,4949.916,0.08
89602,2015-04-21,2260,Technology,Epson C82 Color Inkjet Printer,South,461.24,1055.604,0.09
86611,2015-01-26,2264,Office Supplies,Kensington 7 Outlet MasterPiece Power Center with Fax/Phone Line Protection,Central,577.75,359.83,0.09
86612,2015-01-29,2265,Office Supplies,"Acco Four Pocket Poly Ring Binder with Label Holder, Smoke, 1""",Central,59.4,-69.874,0.1
86612,2015-01-29,2265,Office Supplies,Xerox 213,Central,66.46,-135.74,0.01
86610,2015-05-26,2266,Office Supplies,"Holmes Replacement Filter for HEPA Air Cleaner, Medium Room",Central,35.35,-14.52,0.02
86610,2015-05-26,2266,Office Supplies,"#10 White Business Envelopes,4 1/8 x 9 1/2",Central,248.21,171.2649,0.01
89571,2015-06-03,2268,Furniture,"Bevis Round Bullnose 29"" High Table Top",South,4086.5,138.222,0.08
89572,2015-02-06,2270,Office Supplies,Kensington 6 Outlet Guardian Standard Surge Protector,South,375.03,711.2448,0.01
89572,2015-02-06,2270,Office Supplies,"Super Bands, 12/Pack",South,22.11,-1084.846963,0.09
89572,2015-02-06,2270,Technology,V70,South,2875.35,-156.772,0.08
90110,2015-03-16,2272,Office Supplies,Acme GalleriaÂ® Hot Forged Steel Scissors with Colored Handles,Central,78.08,-37.6,0.08
90109,2015-05-05,2273,Office Supplies,"Belkin 325VA UPS Surge Protector, 6'",Central,2013.88,1389.5772,0.04
90109,2015-05-05,2273,Technology,Accessory36,Central,201.32,-222.816,0.02
90109,2015-05-05,2274,Furniture,"Westinghouse Floor Lamp with Metal Mesh Shade, Black",Central,298.51,-133.71,0.05
91502,2015-06-30,2276,Technology,T28 WORLD,East,3846.06,2653.7814,0.01
85949,2015-06-22,2279,Office Supplies,Ampad #10 Peel & SeelÂ® Holiday Envelopes,East,35.93,10.32,0.04
85948,2015-01-27,2281,Technology,V70,Central,1610.84,997.38144,0.08
85950,2015-02-05,2282,Office Supplies,Xerox 1903,Central,86.12,-36.0308,0.04
85947,2015-01-24,2283,Office Supplies,Harmony HEPA Quiet Air Purifiers,Central,76.87,-28.954,0.01
90148,2015-03-13,2285,Office Supplies,PortfileÂ® Personal File Boxes,South,374.6,-85.022,0.02
90145,2015-02-04,2286,Office Supplies,Avery 493,South,61.87,99.198,0.0
90145,2015-02-04,2286,Office Supplies,"ArrayÂ® Parchment Paper, Assorted Colors",South,48.88,136.0314,0.01
90145,2015-02-04,2286,Office Supplies,HP Office Paper (20Lb. and 87 Bright),South,21.56,-100.072,0.1
90146,2015-03-25,2287,Office Supplies,Computer Printout Paper with Letter-Trim Perforations,South,164.67,-12.0267,0.01
90146,2015-03-25,2287,Office Supplies,Xerox 1933,South,72.74,122.508,0.03
90146,2015-03-25,2287,Office Supplies,Hunt BostonÂ® Vacuum Mount KS Pencil Sharpener,South,418.75,-12.0267,0.05
90147,2015-02-19,2287,Office Supplies,Desktop 3-Pocket Hot FileÂ®,South,469.59,34.068,0.1
88165,2015-05-04,2289,Furniture,"Master Giant FootÂ® Doorstop, Safety Yellow",Central,136.25,2.97,0.01
88163,2015-01-06,2290,Office Supplies,Belkin F9M820V08 8 Outlet Surge,Central,558.41,385.3029,0.0
88163,2015-01-06,2290,Office Supplies,Holmes HEPA Air Purifier,Central,290.22,187.2,0.03
88164,2015-02-04,2290,Technology,Logitech Cordless Navigator Duo,Central,1129.67,779.4723,0.07
87695,2015-02-11,2302,Furniture,Global Enterprise Series Seating High-Back Swivel/Tilt Chairs,South,2439.37,27.726,0.07
87696,2015-01-03,2302,Office Supplies,Round Specialty Laser Printer Labels,South,92.02,244.464,0.1
87696,2015-01-03,2302,Furniture,Bevis Round Conference Table Top & Single Column Base,South,283.55,-473.578,0.1
47493,2015-02-11,2303,Furniture,Global Enterprise Series Seating High-Back Swivel/Tilt Chairs,East,9757.48,-96.05,0.07
37987,2015-01-03,2303,Furniture,Bevis Round Conference Table Top & Single Column Base,East,850.64,-270.85,0.1
89869,2015-06-21,2305,Office Supplies,TyvekÂ® Side-Opening Peel & SeelÂ® Expanding Envelopes,Central,1159.79,800.2551,0.0
90557,2015-03-24,2308,Furniture,"DAX Two-Tone Rosewood/Black Document Frame, Desktop, 5 x 7",South,20.22,-50.4,0.08
90557,2015-03-24,2308,Office Supplies,Fellowes StaxonsteelÂ® Drawer Files,South,1548.97,-348.754,0.03
88721,2015-03-16,2323,Office Supplies,"Holmes Replacement Filter for HEPA Air Cleaner, Very Large Room, HEPA Filter",West,337.86,-550.43,0.08
88721,2015-03-16,2323,Office Supplies,Boston 1730 StandUp Electric Pencil Sharpener,West,84.21,-52.12,0.04
88722,2015-06-19,2323,Technology,"Imation 3.5"", DISKETTE 44766 HGHLD3.52HD/FM, 10/Pack",West,38.74,-27.005,0.06
90964,2015-03-24,2330,Office Supplies,Lock-Up Easel 'Spel-Binder',Central,134.09,74.6385,0.06
89611,2015-06-23,2333,Furniture,Global Ergonomic Managers Chair,Central,191.73,-122.235,0.06
89608,2015-04-06,2334,Furniture,"Tenex Traditional Chairmats for Medium Pile Carpet, Standard Lip, 36"" x 48""",Central,618.85,427.0065,0.06
89609,2015-04-09,2334,Office Supplies,"Holmes Replacement Filter for HEPA Air Cleaner, Large Room",Central,115.99,-190.49,0.05
89609,2015-04-09,2334,Office Supplies,Newell 318,Central,19.46,-8.77,0.08
89610,2015-06-02,2334,Office Supplies,Rubber Band Ball,Central,44.75,-7.685,0.06
91480,2015-01-13,2338,Furniture,EldonÂ® Wave Desk Accessories,East,9.23,-82.5592,0.06
91481,2015-03-29,2338,Office Supplies,Wilson Jones DublLockÂ® D-Ring Binders,East,96.13,18.1475,0.1
91482,2015-05-25,2339,Office Supplies,"Peel & SeelÂ® Recycled Catalog Envelopes, Brown",Central,73.96,2.806,0.05
89504,2015-03-14,2345,Furniture,"Global Leather Highback Executive Chair with Pneumatic Height Adjustment, Black",South,1805.9,-132.426,0.07
89504,2015-03-14,2345,Furniture,"Bevis Round Conference Table Top, X-Base",South,311.41,-411.236,0.02
89503,2015-01-10,2346,Technology,Panasonic KX-P3200 Dot Matrix Printer,South,3707.05,-48.972,0.03
89505,2015-05-20,2346,Furniture,BoxOffice By Design Rectangular and Half-Moon Meeting Room Tables,South,2805.18,62.298,0.1
86163,2015-03-30,2351,Office Supplies,Xerox 220,East,80.86,-119.32,0.08
86165,2015-06-20,2352,Office Supplies,"Advantus 10-Drawer Portable Organizer, Chrome Metal Frame, Smoke Drawers",East,1096.63,756.6747,0.06
86165,2015-06-20,2352,Technology,T65,East,632.12,-222.343,0.07
86166,2015-06-23,2352,Furniture,"Lesro Sheffield Collection Coffee Table, End Table, Center Table, Corner Table",East,1302.98,-1537.1356,0.09
86164,2015-04-29,2353,Office Supplies,Newell 315,East,131.79,52.6976,0.04
86164,2015-04-29,2353,Technology,Accessory25,East,35.33,-78.19416,0.01
91304,2015-02-15,2355,Furniture,Howard Miller 12-3/4 Diameter Accuwave DS â¢ Wall Clock,West,674.55,465.4395,0.1
91306,2015-06-16,2355,Furniture,Bevis Round Conference Table Top & Single Column Base,West,1721.24,-89.27,0.06
91305,2015-03-15,2356,Furniture,"Seth Thomas 14"" Putty-Colored Wall Clock",West,668.38,385.37,0.0
88267,2015-03-04,2358,Technology,TimeportP7382,South,324.62,147.0,0.1
88268,2015-02-14,2358,Office Supplies,KleencutÂ® Forged Office Shears by Acme United Corporation,South,40.93,-1045.016,0.05
88265,2015-02-05,2359,Office Supplies,"Post-itÂ® âImportant Messageâ Note Pad, Neon Colors, 50 Sheets/Pad",South,53.42,167.16,0.0
88266,2015-02-25,2361,Technology,"80 Minute Slim Jewel Case CD-R , 10/Pack - Staples",South,8.49,-344.82,0.06
90040,2015-04-11,2363,Furniture,DAX Cubicle Frames - 8x10,East,69.89,-61.5276,0.0
90408,2015-01-13,2369,Office Supplies,Xerox 1903,South,77.42,-41.9727,0.07
90714,2015-03-15,2372,Office Supplies,Newell 310,Central,7.2,-1.56,0.01
91321,2015-03-05,2376,Office Supplies,Newell 342,West,61.29,-100.24,0.05
91321,2015-03-05,2376,Office Supplies,Eldon Shelf Saversâ¢ Cubes and Bins,West,109.15,-262.62,0.03
86655,2015-05-05,2379,Office Supplies,GBC Therma-A-Bind 250T Electric Binding System,Central,1477.84,1019.7096,0.06
86654,2015-04-26,2380,Office Supplies,Avery Hi-LiterÂ® Fluorescent Desk Style Markers,Central,29.08,19.04,0.07
86655,2015-05-05,2380,Office Supplies,"Holmes Replacement Filter for HEPA Air Cleaner, Very Large Room, HEPA Filter",Central,1162.46,-1069.72,0.08
13606,2015-04-26,2382,Office Supplies,Avery Hi-LiterÂ® Fluorescent Desk Style Markers,East,109.86,19.04,0.07
962,2015-05-05,2382,Office Supplies,GBC Therma-A-Bind 250T Electric Binding System,East,5911.35,1408.1865,0.06
962,2015-05-05,2382,Office Supplies,"Holmes Replacement Filter for HEPA Air Cleaner, Very Large Room, HEPA Filter",East,4649.85,-1069.72,0.08
89184,2015-05-22,2385,Furniture,"Office Star - Contemporary Task Swivel chair with 2-way adjustable arms, Plum",West,2259.99,2000.11,0.1
91122,2015-05-25,2391,Technology,"Imation Primaris 3.5"" 2HD Unformatted Diskettes, 10/Pack",East,42.46,-45.64,0.06
91122,2015-05-25,2391,Office Supplies,"Tyvek Â® Top-Opening Peel & Seel Envelopes, Plain White",East,314.06,204.49,0.1
91123,2015-06-04,2391,Technology,"Polycom Soundstation EX Audio-Conferencing Telephone, Black",East,1009.99,-1455.9972,0.0
91123,2015-06-04,2391,Office Supplies,Xerox 23,East,92.16,-22.56,0.05
86950,2015-05-29,2393,Office Supplies,Xerox 216,South,16.5,-1191.526,0.02
86951,2015-01-04,2393,Furniture,Eldon Antistatic Chair Mats for Low to Medium Pile Carpets,South,1202.66,-45.01,0.06
86949,2015-05-01,2394,Office Supplies,Fellowes Binding Cases,South,196.69,39.21,0.01
86949,2015-05-01,2394,Office Supplies,Presstex Flexible Ring Binders,South,40.28,100.38,0.03
86952,2015-03-23,2395,Office Supplies,Tripp Lite Isotel 6 Outlet Surge Protector with Fax/Modem Protection,South,904.31,79.4232,0.04
86373,2015-02-24,2398,Office Supplies,"Rediform Wirebound ""Phone Memo"" Message Book, 11 x 5-3/4",Central,96.86,-15.0904,0.03
86754,2015-03-14,2417,Technology,StarTAC 7760,South,765.65,-60.564,0.0
86750,2015-01-06,2418,Office Supplies,"Sanford EarthWriteÂ® Recycled Pencils, Medium Soft, #2",South,8.72,-1473.906,0.03
86753,2015-01-10,2418,Technology,Canon PC1080F Personal Copier,South,6355.69,-343.126,0.1
86753,2015-01-10,2418,Office Supplies,Newell 318,South,28.09,66.36,0.06
86751,2015-03-26,2419,Office Supplies,Holmes Harmony HEPA Air Purifier for 17 x 20 Room,South,1130.15,-162.918,0.07
86751,2015-03-26,2419,Office Supplies,XtraLifeÂ® ClearVueâ¢ Slant-DÂ® Ring Binders by Cardinal,South,54.37,859.7178,0.03
86752,2015-05-06,2420,Office Supplies,"Black Print Carbonless Snap-OffÂ® Rapid Letter, 8 1/2"" x 7""",South,100.87,-23.072,0.04
89053,2015-05-24,2422,Furniture,"Global Airflow Leather Mesh Back Chair, Black",Central,1857.08,650.3,0.05
89055,2015-01-22,2422,Office Supplies,Avery Binder Labels,Central,42.56,-154.307,0.09
89054,2015-01-21,2423,Technology,Logitech Cordless Elite Duo,Central,414.91,269.94,0.04
90859,2015-03-15,2426,Furniture,"Advantus Employee of the Month Certificate Frame, 11 x 13-1/2",Central,91.39,63.0591,0.08
90861,2015-05-02,2426,Office Supplies,Hoover Portapowerâ¢ Portable Vacuum,Central,202.29,139.5801,0.08
90861,2015-05-02,2426,Furniture,"Executive Impressions 12"" Wall Clock",Central,168.71,109.67,0.0
90860,2015-02-17,2427,Office Supplies,"White Dual Perf Computer Printout Paper, 2700 Sheets, 1 Part, Heavyweight, 20 lbs., 14 7/8 x 11",Central,885.65,395.308,0.03
91108,2015-03-24,2430,Office Supplies,Avery Premier Heavy-Duty Binder with Round Locking Rings,Central,152.05,104.9145,0.1
91109,2015-04-10,2430,Office Supplies,SANFORD Major Accentâ¢ Highlighters,Central,49.1,24.59,0.04
91110,2015-03-29,2430,Technology,7160,Central,246.44,-458.744,0.03
24869,2015-06-10,2431,Office Supplies,GBC Standard Plastic Binding Systems Combs,West,199.08,-9.177,0.05
5920,2015-05-19,2431,Office Supplies,"Dual Level, Single-Width Filing Carts",West,2039.07,-121.75,0.07
89096,2015-05-19,2432,Office Supplies,"Dual Level, Single-Width Filing Carts",Central,436.94,24.35,0.07
89097,2015-06-06,2432,Office Supplies,3M Organizer Strips,Central,37.38,-34.7645,0.09
89095,2015-06-10,2433,Office Supplies,GBC Standard Plastic Binding Systems Combs,Central,47.4,-7.3416,0.05
90301,2015-03-01,2437,Technology,Lexmark Z54se Color Inkjet Printer,Central,260.0,35.29,0.09
89300,2015-04-04,2441,Furniture,"Howard Miller 16"" Diameter Gallery Wall Clock",South,709.7,-100.17,0.02
89300,2015-04-04,2442,Technology,"Imation 3.5, DISKETTE 44766 HGHLD3.52HD/FM, 10/Pack",South,27.42,-3.948,0.01
89299,2015-01-18,2443,Office Supplies,Avery Arch Ring Binders,South,739.06,1633.986,0.05
89301,2015-06-01,2443,Office Supplies,"Binney & Smith inkTankâ¢ Erasable Pocket Highlighter, Chisel Tip, Yellow",South,30.47,-2002.6314,0.06
87790,2015-06-29,2448,Office Supplies,Xerox 214,Central,96.96,-126.208,0.09
90322,2015-05-23,2450,Office Supplies,Newell 31,Central,4.21,-5.54,0.08
89219,2015-03-01,2454,Technology,Canon imageCLASS 2200 Advanced Copier,South,3550.28,-68.432,0.06
89218,2015-01-22,2456,Technology,Motorola SB4200 Cable Modem,South,1188.63,733.2822,0.07
89218,2015-01-22,2456,Furniture,"Deflect-o RollaMat Studded, Beveled Mat for Medium Pile Carpeting",South,1009.93,-905.9904,0.02
89218,2015-01-22,2457,Office Supplies,"GBC Twin Loopâ¢ Wire Binding Elements, 9/16"" Spine, Black",Central,140.7,-21.63242,0.02
91285,2015-01-03,2458,Office Supplies,Xerox 227,Central,15.95,-35.04,0.03
91286,2015-05-23,2458,Office Supplies,Martin-Yale Premier Letter Opener,Central,42.35,5.98,0.05
30785,2015-01-03,2460,Office Supplies,Xerox 227,East,63.78,-35.04,0.03
30785,2015-01-03,2460,Office Supplies,Peel-OffÂ® China Markers,East,451.61,149.53,0.07
88713,2015-05-11,2464,Furniture,"Eldon Regeneration Recycled Desk Accessories, Smoke",South,10.41,608.262,0.09
88713,2015-05-11,2464,Furniture,Hon Rectangular Conference Tables,South,2849.64,-570.1696,0.08
88714,2015-01-20,2464,Office Supplies,GBC Standard Plastic Binding Systems' Combs,South,38.04,1.278,0.05
88714,2015-01-20,2464,Office Supplies,Avery 481,South,42.53,424.29,0.04
88136,2015-02-27,2466,Office Supplies,Economy Binders,Central,14.77,-3.71956,0.04
88136,2015-02-27,2466,Technology,Nu-Form 106-Key Ergonomic Keyboard w/ Touchpad,Central,438.33,101.972,0.02
88136,2015-02-27,2466,Office Supplies,Xerox 1989,Central,38.11,-16.6348,0.05
88135,2015-04-27,2468,Office Supplies,Avery Arch Ring Binders,South,169.46,765.75,0.09
88137,2015-03-13,2468,Technology,i270,South,724.57,-335.041,0.04
86514,2015-02-21,2472,Office Supplies,Avery 493,Central,51.13,35.2797,0.1
91000,2015-04-06,2481,Office Supplies,Wilson Jones Impact Binders,South,79.61,-188.034,0.07
88998,2015-03-13,2484,Office Supplies,Xerox 216,South,109.99,322.122,0.05
88998,2015-03-13,2484,Office Supplies,Fellowes Recycled Storage Drawers,South,900.12,366.54,0.03
91414,2015-02-06,2486,Furniture,"Lesro Sheffield Collection Coffee Table, End Table, Center Table, Corner Table",South,237.62,-439.908,0.02
91414,2015-02-06,2486,Technology,StarTAC 8000,South,176.42,1087.716,0.03
91416,2015-02-03,2486,Furniture,Office Star - Ergonomic Mid Back Chair with 2-Way Adjustable Arms,South,2084.16,9.204,0.0
91415,2015-06-20,2487,Office Supplies,Avery 481,South,43.41,257.0832,0.04
91415,2015-06-20,2487,Office Supplies,Newell 318,South,46.42,0.7854,0.1
91417,2015-06-02,2487,Furniture,"3M Polarizing Task Lamp with Clamp Arm, Light Gray",South,1140.95,88.56,0.02
86887,2015-04-09,2488,Office Supplies,Avery 493,South,42.69,12.726,0.08
86887,2015-04-09,2488,Office Supplies,"Boston Model 1800 Electric Pencil Sharpener, Gray",South,327.41,160.8066,0.02
86883,2015-02-11,2489,Technology,Lexmark 4227 Plus Dot Matrix Printer,West,3786.84,-1596.7458,0.01
86885,2015-04-26,2489,Office Supplies,Smead Adjustable Mobile File Trolley with Lockable Top,West,2012.11,1388.3559,0.04
86886,2015-01-12,2489,Technology,6120,West,471.66,109.836,0.07
86884,2015-02-14,2490,Furniture,Bretford CR4500 Series Slim Rectangular Table,West,662.8,-93.85,0.09
86886,2015-01-12,2490,Technology,TDK 4.7GB DVD-R,West,119.86,82.7034,0.0
48836,2015-02-14,2491,Furniture,Bretford CR4500 Series Slim Rectangular Table,West,2651.21,-93.85,0.09
11712,2015-04-26,2491,Office Supplies,Newell 336,West,38.96,0.37,0.06
23042,2015-04-26,2491,Office Supplies,Smead Adjustable Mobile File Trolley with Lockable Top,West,8048.45,1947.67,0.04
23877,2015-01-12,2491,Technology,6120,West,1939.03,109.836,0.07
23877,2015-01-12,2491,Technology,TDK 4.7GB DVD-R,West,457.63,128.03,0.0
14785,2015-04-09,2491,Office Supplies,Avery 493,West,170.75,31.752,0.08
14785,2015-04-09,2491,Office Supplies,"Boston Model 1800 Electric Pencil Sharpener, Gray",West,1339.42,117.208,0.02
86885,2015-04-26,2495,Office Supplies,Newell 336,West,8.66,0.37,0.06
16547,2015-02-18,2498,Furniture,Hon 4700 Series Mobuisâ¢ Mid-Back Task Chairs with Adjustable Arms,West,10554.63,1240.25,0.09
16547,2015-02-18,2498,Furniture,BoxOffice By Design Rectangular and Half-Moon Meeting Room Tables,West,1749.64,-533.232,0.04
54567,2015-02-02,2498,Furniture,EldonÂ® 200 Classâ¢ Desk Accessories,West,355.4,-61.59,0.09
20007,2015-02-05,2498,Office Supplies,Newell 323,West,148.36,-46.25,0.08
88319,2015-02-18,2499,Furniture,Hon 4700 Series Mobuisâ¢ Mid-Back Task Chairs with Adjustable Arms,Central,2814.57,1240.25,0.09
88320,2015-02-02,2500,Furniture,EldonÂ® 200 Classâ¢ Desk Accessories,Central,88.85,-32.0268,0.09
91310,2015-03-19,2502,Office Supplies,GBC Standard Therm-A-Bind Covers,Central,70.82,-45.816,0.1
91310,2015-03-19,2502,Office Supplies,Staples Premium Bright 1-Part Blank Computer Paper,Central,90.44,30.63,0.0
87033,2015-06-05,2506,Office Supplies,Xerox 1984,East,10.72,-6.835,0.02
87033,2015-06-05,2507,Technology,Canon PC1060 Personal Laser Copier,East,10180.01,7024.2069,0.06
87031,2015-01-08,2508,Office Supplies,Fellowes Black Plastic Comb Bindings,East,42.44,-137.494,0.02
87029,2015-05-05,2509,Office Supplies,Xerox 1951,East,462.57,308.67,0.05
87030,2015-06-15,2512,Office Supplies,Xerox 1905,East,125.37,-223.944,0.04
87033,2015-06-05,2516,Office Supplies,Advantus Rolling Storage Box,East,190.85,36.495,0.02
87033,2015-06-05,2520,Office Supplies,Xerox 1979,East,370.68,255.7692,0.07
87032,2015-02-18,2521,Technology,5165,Central,2400.95,1656.6555,0.0
87033,2015-06-05,2522,Technology,Okidata ML395C Color Dot Matrix Printer,East,7303.05,2639.01,0.04
87208,2015-05-23,2526,Office Supplies,Peel & Stick Add-On Corner Pockets,South,58.05,395.76,0.01
87208,2015-05-23,2527,Office Supplies,Boston 1730 StandUp Electric Pencil Sharpener,South,68.64,-39.396,0.07
87451,2015-03-29,2530,Technology,Targus USB Numeric Keypad,West,277.07,-89.5,0.04
87452,2015-05-02,2531,Office Supplies,EcoTonesÂ® Memo Sheets,West,51.99,28.4,0.08
87451,2015-03-29,2534,Technology,Accessory9,East,149.67,103.2723,0.05
91017,2015-04-07,2539,Office Supplies,Avery 485,South,61.1,215.718,0.08
91017,2015-04-07,2540,Office Supplies,"Hot FileÂ® 7-Pocket, Floor Stand",South,193.81,106.9848,0.02
87917,2015-06-11,2543,Furniture,Artistic Insta-Plaque,South,257.48,3.54,0.05
87917,2015-06-11,2543,Technology,T65,South,3194.99,40.284,0.02
87915,2015-03-10,2545,Technology,AT&T 2230 Dual Handset Phone With Caller ID/Call Waiting,South,202.98,90.024,0.01
87916,2015-04-19,2547,Office Supplies,Xerox 1905,South,10.86,2.232,0.07
46436,2015-04-04,2548,Technology,Accessory31,West,1477.57,840.051,0.0
40997,2015-04-21,2548,Office Supplies,Xerox 1951,West,382.29,61.47,0.05
40997,2015-04-21,2548,Office Supplies,Boston KS Multi-Size Manual Pencil Sharpener,West,881.74,18.27,0.05
40997,2015-04-21,2548,Furniture,Bush Advantage CollectionÂ® Round Conference Table,West,7384.18,-513.79042,0.04
29889,2015-06-04,2548,Office Supplies,"Dixon TiconderogaÂ® Erasable Colored Pencil Set, 12-Color",West,448.26,23.87,0.09
88657,2015-04-21,2549,Office Supplies,Xerox 1951,East,95.57,61.47,0.05
88657,2015-04-21,2549,Office Supplies,Boston KS Multi-Size Manual Pencil Sharpener,East,214.48,18.27,0.05
88657,2015-04-21,2549,Furniture,Bush Advantage CollectionÂ® Round Conference Table,East,1790.1,-513.79042,0.04
88658,2015-06-04,2549,Office Supplies,"Dixon TiconderogaÂ® Erasable Colored Pencil Set, 12-Color",East,110.68,35.805,0.09
88656,2015-04-04,2551,Technology,Accessory31,East,385.45,265.9605,0.0
86528,2015-02-12,2553,Office Supplies,GBC ProClick Spines for 32-Hole Punch,Central,19.32,-20.3205,0.03
86527,2015-01-09,2555,Office Supplies,12 Colored Short Pencils,Central,30.1,-88.04,0.1
86529,2015-02-02,2555,Office Supplies,"Mead 1st Gear 2"" Zipper Binder, Asst. Colors",Central,261.21,180.2349,0.0
86529,2015-02-02,2555,Office Supplies,Avery 508,Central,42.79,29.5251,0.06
86465,2015-03-22,2561,Furniture,Office Star - Mid Back Dual function Ergonomic High Back Chair with 2-Way Adjustable Arms,East,1828.22,1261.4718,0.03
86466,2015-04-08,2561,Office Supplies,Ibico Presentation Index for Binding Systems,East,29.77,-59.96376,0.07
86466,2015-04-08,2561,Furniture,Aluminum Document Frame,East,147.19,89.4148,0.07
91447,2015-04-08,2563,Office Supplies,Presstex Flexible Ring Binders,Central,39.17,27.0273,0.08
90327,2015-04-25,2570,Office Supplies,"Eureka Sanitaire Â® Multi-Pro Heavy-Duty Upright, Disposable Bags",West,87.85,-150.2604,0.0
90327,2015-04-25,2570,Furniture,Global Troyâ¢ Executive Leather Low-Back Tilter,West,7429.63,4899.1288,0.01
90327,2015-04-25,2570,Furniture,"DAX Copper Panel Document Frame, 5 x 7 Size",West,224.29,44.712,0.02
90327,2015-04-25,2570,Furniture,Deflect-OÂ® Glasstiqueâ¢ Clear Desk Accessories,West,51.2,-22.626,0.1
50656,2015-04-25,2571,Furniture,Global Troyâ¢ Executive Leather Low-Back Tilter,East,29718.53,4260.112,0.01
50656,2015-04-25,2571,Furniture,Deflect-OÂ® Glasstiqueâ¢ Clear Desk Accessories,East,197.48,-25.14,0.1
88298,2015-05-02,2578,Office Supplies,Avery Printable Repositionable Plastic Tabs,South,46.85,309.7116,0.04
88298,2015-05-02,2578,Office Supplies,"OIC Colored Binder Clips, Assorted Sizes",South,93.57,-128.856,0.01
88298,2015-05-02,2578,Furniture,Balt Solid Wood Rectangular Table,South,2694.49,-36.946,0.08
88296,2015-01-03,2579,Furniture,Bush Advantage CollectionÂ® Round Conference Table,South,174.5,-274.498,0.09
88297,2015-01-17,2579,Furniture,Regeneration Desk Collection,South,26.01,0.588,0.07
89657,2015-06-07,2583,Technology,Okidata ML520 Series Dot Matrix Printers,Central,1527.97,-251.4039,0.04
89657,2015-06-07,2583,Office Supplies,"TOPS Voice Message Log Book, Flash Format",Central,110.86,-2.345,0.0
89658,2015-06-09,2584,Office Supplies,Avery 48,Central,97.98,67.6062,0.04
91166,2015-02-28,2587,Office Supplies,Xerox 20,Central,127.83,-46.5244,0.01
91167,2015-06-26,2587,Furniture,"Executive Impressions 14"" Two-Color Numerals Wall Clock",Central,289.88,200.0172,0.02
87772,2015-04-17,2593,Office Supplies,Smead Adjustable Mobile File Trolley with Lockable Top,South,4354.55,-39.606,0.02
87773,2015-03-12,2593,Technology,Accessory4,South,146.17,311.73,0.01
87382,2015-03-21,2601,Office Supplies,Acme KleencutÂ® Forged Steel Scissors,East,42.02,-50.75,0.05
87383,2015-04-05,2603,Technology,2160i,East,3705.14,2225.07612,0.07
87383,2015-04-05,2604,Technology,Panasonic KX-P3200 Dot Matrix Printer,East,945.36,-338.180832,0.01
86118,2015-05-16,2610,Office Supplies,3M Organizer Strips,West,49.24,-136.252,0.09
86119,2015-01-24,2613,Office Supplies,Eureka The BossÂ® Cordless Rechargeable Stick Vac,East,68.45,-25.76,0.02
91495,2015-03-11,2616,Office Supplies,12 Colored Short Pencils,Central,44.75,-45.21,0.0
91496,2015-06-27,2617,Office Supplies,"Bravo IIâ¢ MegabossÂ® 12-Amp Hard Body Upright, Replacement Belts, 2 Belts per Pack",Central,40.69,-286.245,0.1
46884,2015-01-17,2618,Office Supplies,Security-Tint Envelopes,East,130.11,16.12,0.1
46884,2015-01-17,2618,Technology,6162,East,337.34,-815.9008,0.0
46884,2015-01-17,2618,Office Supplies,Newell 309,East,280.43,15.808,0.1
34017,2015-03-23,2618,Office Supplies,*Staples* Highlighting Markers,East,103.39,29.17,0.05
34017,2015-03-23,2618,Office Supplies,Super Decoflex Portable Personal File,East,435.39,-48.97,0.01
53153,2015-03-23,2618,Office Supplies,Fellowes Mighty 8 Compact Surge Protector,East,1051.52,84.05,0.1
88014,2015-03-23,2619,Office Supplies,*Staples* Highlighting Markers,Central,25.85,17.8365,0.05
88015,2015-02-09,2619,Office Supplies,"Boston School Pro Electric Pencil Sharpener, 1670",Central,119.37,-20.2228,0.1
88017,2015-03-23,2620,Office Supplies,Fellowes Mighty 8 Compact Surge Protector,South,257.92,381.618,0.1
88016,2015-03-19,2621,Office Supplies,Sanford 52201 APSCO Electric Pencil Sharpener,South,207.22,-177.058,0.03
90927,2015-02-07,2626,Office Supplies,"Avery Trapezoid Extra Heavy Duty 4"" Binders",West,237.8,164.082,0.1
85916,2015-01-17,2628,Office Supplies,"Avery 4027 File Folder Labels for Dot Matrix Printers, 5000 Labels per Box, White",Central,448.47,-54.63,0.02
85914,2015-01-05,2630,Furniture,Electrix Halogen Magnifier Lamp,Central,1000.26,690.1794,0.01
85914,2015-01-05,2630,Furniture,Luxo Professional Fluorescent Magnifier Lamp with Clamp-Mount Base,Central,2184.99,1507.6431,0.02
85914,2015-01-05,2630,Technology,Panasonic KX-P1150 Dot Matrix Printer,Central,1191.2,801.7468,0.0
85915,2015-01-07,2630,Technology,i1000,Central,165.71,-139.18256,0.07
90951,2015-06-08,2638,Technology,Gyration Ultra Cordless Optical Suite,West,1277.49,881.4681,0.05
90952,2015-03-19,2639,Office Supplies,Avery White Multi-Purpose Labels,West,14.2,3.84,0.05
91386,2015-03-17,2647,Office Supplies,Staples Surge Protector 6 outlet,West,52.21,-21.03,0.1
91386,2015-03-17,2647,Furniture,Eldon Radial Chair Mat for Low to Medium Pile Carpets,West,170.32,117.5208,0.01
88814,2015-06-11,2649,Technology,Microsoft Natural Keyboard Elite,East,203.29,-30.808,0.01
88815,2015-05-04,2650,Technology,Accessory41,East,759.88,524.3172,0.05
89361,2015-05-25,2652,Office Supplies,Xerox 1938,West,94.2,21.78,0.06
89360,2015-02-22,2653,Technology,"Imation 3.5"", DISKETTE 44766 HGHLD3.52HD/FM, 10/Pack",Central,34.32,-98.35,0.05
89360,2015-02-22,2653,Furniture,Hand-Finished Solid Wood Document Frame,Central,392.45,270.7905,0.02
86063,2015-04-18,2655,Furniture,"Global Leather Task Chair, Black",South,511.25,223.416,0.09
86064,2015-04-08,2655,Office Supplies,Prang Colored Pencils,South,29.88,-93.9274,0.07
86486,2015-02-24,2660,Office Supplies,"SAFCO Commercial Wire Shelving, Black",East,599.03,-321.51,0.01
87831,2015-04-02,2667,Office Supplies,Kensington 6 Outlet MasterPieceÂ® HOMEOFFICE Power Control Center,East,356.92,246.2748,0.04
87831,2015-04-02,2667,Office Supplies,Xerox 1938,East,136.16,93.9504,0.09
87830,2015-03-28,2668,Furniture,"Executive Impressions 8-1/2"" Career Panel/Partition Cubicle Clock",Central,130.74,29.98,0.04
87830,2015-03-28,2668,Office Supplies,Xerox 1962,Central,49.87,-121.2,0.08
87832,2015-04-21,2668,Office Supplies,Staples Vinyl Coated Paper Clips,Central,24.18,10.7824,0.06
37924,2015-05-29,2670,Office Supplies,Economy Rollaway Files,West,27587.55,2008.71,0.05
37924,2015-05-29,2670,Office Supplies,Model L Table or Wall-Mount Pencil Sharpener,West,1191.58,-80.53,0.09
90551,2015-05-29,2671,Office Supplies,Economy Rollaway Files,South,6938.19,-48.958,0.05
86633,2015-06-16,2677,Furniture,"Deflect-o EconoMat Studded, No Bevel Mat for Low Pile Carpeting",South,419.27,-32.816,0.03
86633,2015-06-16,2677,Office Supplies,"Adams Phone Message Book, 200 Message Capacity, 8 1/16â x 11â",South,36.0,-15.61,0.0
89146,2015-02-15,2684,Office Supplies,"#10- 4 1/8"" x 9 1/2"" Recycled Envelopes",South,11.78,23.616,0.09
89146,2015-02-15,2684,Office Supplies,Computer Printout Paper with Letter-Trim Perforations,South,20.96,-1748.012,0.09
89148,2015-04-10,2684,Furniture,"DAX Value U-Channel Document Frames, Easel Back",South,26.66,-180.152,0.07
89148,2015-04-10,2684,Office Supplies,Staples Metal Binder Clips,South,29.55,8.388,0.09
89148,2015-04-10,2684,Technology,6120,South,1237.4,9.9399,0.03
89147,2015-04-04,2685,Office Supplies,GBC Plastic Binding Combs,East,17.64,-66.171,0.0
90624,2015-05-04,2689,Office Supplies,Avery 496,East,74.23,51.2187,0.09
90624,2015-05-04,2693,Office Supplies,Xerox 1951,East,627.19,380.468,0.01
87676,2015-03-05,2696,Furniture,"Tenex Contemporary Contur Chairmats for Low and Medium Pile Carpet, Computer, 39"" x 49""",South,612.92,-89.418,0.05
87678,2015-02-23,2697,Furniture,"Eldon Regeneration Recycled Desk Accessories, Smoke",South,29.08,9.252,0.04
87678,2015-02-23,2697,Technology,Hewlett-Packard 2600DN Business Color Inkjet Printer,South,2569.57,-1197.042,0.01
87677,2015-05-22,2699,Office Supplies,Cardinal Holdit Business Card Pockets,West,78.99,-103.224,0.06
87679,2015-04-08,2699,Furniture,"Hon Metal Bookcases, Black",West,1345.33,-84.6288,0.04
91407,2015-04-30,2704,Office Supplies,"Telephone Message Books with Fax/Mobile Section, 4 1/4"" x 6""",South,15.19,2755.6422,0.06
91408,2015-04-30,2704,Office Supplies,"Tenex Personal Project File with Scoop Front Design, Black",South,59.49,-256.018,0.03
89240,2015-05-28,2709,Office Supplies,Tripp Lite Isotel 6 Outlet Surge Protector with Fax/Modem Protection,East,57.84,-41.77,0.07
89240,2015-05-28,2709,Furniture,Eldon ClusterMat Chair Mat with Cordless Antistatic Protection,East,1425.71,-1014.11,0.0
88701,2015-06-21,2713,Office Supplies,Avery 492,Central,25.26,17.4294,0.07
88701,2015-06-21,2713,Furniture,Bretford CR4500 Series Slim Rectangular Table,Central,736.16,-178.8696,0.03
88702,2015-01-12,2715,Technology,"Verbatim DVD-RAM, 5.2GB, Rewritable, Type 1, DS",Central,31.96,-74.64,0.01
89394,2015-03-01,2718,Office Supplies,"Memo Book, 100 Message Capacity, 5 3/8â x 11â",Central,98.17,65.41,0.1
88766,2015-06-16,2720,Technology,Keytronic Designer 104- Key Black Keyboard,South,264.95,-25.634,0.0
88959,2015-05-01,2724,Office Supplies,Xerox 1922,South,53.21,-37.562,0.06
88959,2015-05-01,2724,Office Supplies,Xerox 210,South,122.8,-449.694,0.01
88958,2015-01-17,2725,Office Supplies,"Boston Model 1800 Electric Pencil Sharpener, Gray",South,282.38,-66.248,0.05
88114,2015-03-06,2729,Furniture,"BushÂ® Cubix Conference Tables, Fully Assembled",West,924.8,501.69,0.08
89018,2015-04-22,2737,Technology,Logitech Cordless Elite Duo,East,821.17,566.6073,0.05
89019,2015-06-01,2737,Office Supplies,Eldon Jumbo ProFileâ¢ Portable File Boxes Graphite/Black,East,194.08,-57.56,0.03
89017,2015-04-13,2738,Technology,"Imation Neon 80 Minute CD-R Spindle, 50/Pack",East,237.77,164.0613,0.02
89481,2015-03-12,2741,Technology,Accessory41,West,316.28,218.2332,0.01
86184,2015-03-18,2745,Furniture,"Bush Cubix Collection Bookcases, Fully Assembled",West,2591.09,1049.03,0.01
35200,2015-02-05,2747,Furniture,"EldonÂ® Expressionsâ¢ Wood and Plastic Desk Accessories, Oak",East,150.24,-102.93,0.08
23751,2015-03-18,2747,Furniture,"Bush Cubix Collection Bookcases, Fully Assembled",East,10364.36,1049.03,0.01
91424,2015-03-08,2750,Office Supplies,Fellowes Super Stor/DrawerÂ® Files,South,657.61,664.518,0.02
90724,2015-04-22,2760,Office Supplies,Boston 16801 Nautilusâ¢ Battery Pencil Sharpener,East,241.97,105.7,0.08
90724,2015-04-22,2764,Office Supplies,Acco PermaÂ® 2700 Stacking Storage Drawers,East,120.81,-21.06,0.02
90725,2015-05-28,2765,Office Supplies,"Dixon My First Ticonderoga Pencil, #2",East,41.4,-5.08,0.03
88975,2015-03-08,2770,Office Supplies,Newell 309,South,159.53,1289.382,0.02
88974,2015-06-13,2771,Office Supplies,Kensington 7 Outlet MasterPiece Power Center,South,536.29,-191.548,0.07
91584,2015-03-26,2773,Office Supplies,Wilson Jones Impact Binders,West,10.96,-29.003,0.1
91229,2015-01-30,2775,Technology,Polycom ViaVideoâ¢ Desktop Video Communications Unit,Central,4146.28,2860.9332,0.07
91228,2015-01-12,2776,Furniture,Office Star - Professional Matrix Back Chair with 2-to-1 Synchro Tilt and Mesh Fabric Seat,East,3902.09,2692.4421,0.03
91228,2015-01-12,2776,Office Supplies,Prang Dustless Chalk Sticks,East,14.18,2.0672,0.04
87160,2015-02-11,2778,Technology,Talkabout T8097,South,2118.99,111.0525,0.05
87160,2015-02-11,2778,Technology,TimeportP7382,South,837.64,-1963.752,0.08
87161,2015-06-11,2779,Technology,Accessory41,South,345.07,-60.704,0.01
87162,2015-01-31,2781,Office Supplies,Peel & Stick Add-On Corner Pockets,West,5.48,-37.789,0.09
87162,2015-01-31,2781,Technology,"Hewlett-Packard Business Color Inkjet 3000 [N, DTN] Series Printers",West,8201.33,7576.11,0.03
87162,2015-01-31,2781,Office Supplies,Xerox 217,West,22.67,-43.26,0.0
91316,2015-03-12,2787,Technology,"DS/HD IBM Formatted Diskettes, 200/Pack - Staples",South,393.98,-44.436,0.01
88758,2015-01-15,2791,Office Supplies,Newell 346,Central,19.29,4.85,0.09
87554,2015-03-20,2794,Office Supplies,Avery 479,Central,5.21,3.5949,0.06
87555,2015-06-07,2794,Office Supplies,Wirebound Voice Message Log Book,Central,22.92,15.8148,0.07
87556,2015-01-26,2795,Office Supplies,Barrel Sharpener,Central,30.9,-69.91,0.04
87556,2015-01-26,2795,Technology,2160i,Central,2363.08,1630.5252,0.05
87556,2015-01-26,2795,Technology,A1228,Central,328.45,-457.16,0.07
87553,2015-01-21,2796,Office Supplies,"Premier Elliptical Ring Binder, Black",Central,386.61,266.7609,0.02
87552,2015-01-10,2797,Technology,"Imation 3.5, DISKETTE 44766 HGHLD3.52HD/FM, 10/Pack",East,43.94,-159.3028,0.0
87553,2015-01-21,2797,Office Supplies,Avery 508,East,43.31,29.8839,0.02
91049,2015-06-28,2801,Office Supplies,Bionaire 99.97% HEPA Air Cleaner,West,284.34,52.764,0.0
86227,2015-02-05,2803,Technology,"Hewlett-Packard cp1700 [D, PS] Series Color Inkjet Printers",West,3913.02,2699.9838,0.07
86227,2015-02-05,2803,Office Supplies,"Hot FileÂ® 7-Pocket, Floor Stand",West,180.14,-170.98,0.1
88819,2015-02-07,2813,Office Supplies,Surelockâ¢ Post Binders,South,364.92,-95.6186,0.07
89743,2015-06-01,2817,Office Supplies,Plymouth Boxed Rubber Bands by Plymouth,East,12.16,-2.376,0.05
89743,2015-06-01,2817,Technology,Accessory32,East,147.56,-18.3216,0.04
87899,2015-05-10,2820,Technology,"Sony MFD2HD Formatted Diskettes, 10/Pack",Central,113.68,-82.64,0.08
87900,2015-01-14,2820,Office Supplies,Boston 16801 Nautilusâ¢ Battery Pencil Sharpener,Central,281.75,31.59,0.1
87240,2015-04-30,2823,Office Supplies,Panasonic KP-310 Heavy-Duty Electric Pencil Sharpener,West,240.05,165.6345,0.02
89497,2015-05-20,2825,Technology,Belkin MediaBoard 104- Keyboard,West,87.21,19.308,0.02
89497,2015-05-20,2825,Office Supplies,Riverleaf Stik-WithitÂ® Designer Note CubesÂ®,West,40.15,0.33,0.08
87720,2015-02-19,2828,Office Supplies,X-Rackâ¢ File for Hanging Folders,West,90.46,-35.26,0.05
87721,2015-06-01,2828,Technology,"80 Minute CD-R Spindle, 100/Pack - Staples",West,467.03,322.2507,0.07
91030,2015-03-25,2833,Furniture,"Sauder Forest Hills Library, Woodland Oak Finish",Central,608.81,-221.5,0.03
91030,2015-03-25,2833,Technology,Talkabout T8367,Central,808.61,206.352,0.08
89801,2015-03-08,2837,Technology,Canon MP25DIII Desktop Whisper-Quiet Printing Calculator,Central,637.37,439.7853,0.07
89801,2015-03-08,2837,Technology,Lexmark Z25 Color Inkjet Printer,Central,232.16,-149.4573,0.1
87884,2015-03-19,2840,Office Supplies,Panasonic KP-310 Heavy-Duty Electric Pencil Sharpener,South,360.03,21.096,0.0
87885,2015-06-11,2840,Furniture,Artistic Insta-Plaque,South,260.01,1166.628,0.05
87885,2015-06-11,2840,Furniture,"GE 4 Foot Flourescent Tube, 40 Watt",South,273.79,-40.6042,0.0
87885,2015-06-11,2840,Office Supplies,Xerox 1892,South,44.62,-294.084,0.02
85928,2015-04-09,2847,Office Supplies,TyvekÂ® Side-Opening Peel & SeelÂ® Expanding Envelopes,South,268.64,55.5552,0.04
85928,2015-04-09,2847,Furniture,DAX Solid Wood Frames,South,87.68,-535.332,0.02
85928,2015-04-09,2847,Office Supplies,Hunt BostonÂ® Vacuum Mount KS Pencil Sharpener,South,37.62,-208.7204,0.09
85929,2015-06-06,2848,Technology,Zoom V.92 USB External Faxmodem,South,832.97,38.886,0.0
86454,2015-04-09,2851,Technology,5185,Central,1042.54,719.3526,0.05
87316,2015-01-21,2855,Office Supplies,XtraLifeÂ® ClearVueâ¢ Slant-DÂ® Ring Binders by Cardinal,West,76.16,-12.87678,0.08
87316,2015-01-21,2855,Furniture,Deflect-o DuraMat Antistatic Studded Beveled Mat for Medium Pile Carpeting,West,1038.14,618.1308,0.03
87317,2015-03-10,2855,Technology,Polycom ViewStationâ¢ ISDN Videoconferencing Unit,West,6296.0,-14140.7016,0.09
88279,2015-05-17,2858,Office Supplies,Newell 343,South,8.79,-8.876,0.06
88282,2015-05-23,2858,Office Supplies,Catalog Binders with Expanding Posts,South,2051.68,14.754,0.04
88282,2015-05-23,2858,Furniture,"O'Sullivan Elevations Bookcase, Cherry Finish",South,5295.03,669.612,0.1
88282,2015-05-23,2858,Office Supplies,Newell 318,South,80.27,213.0,0.04
88281,2015-04-01,2859,Office Supplies,Letter Size Cart,South,3292.02,-8.3881,0.03
88280,2015-02-28,2861,Technology,1726 Digital Answering Machine,Central,199.43,4.90176,0.05
88278,2015-04-11,2862,Furniture,Aluminum Document Frame,Central,110.71,76.3899,0.0
90871,2015-02-23,2865,Furniture,9-3/4 Diameter Round Wall Clock,Central,56.68,-36.77,0.01
90871,2015-02-23,2865,Office Supplies,Fellowes Bases and Tops For StaxonsteelÂ®/High-StakÂ® Systems,Central,273.34,87.03,0.04
11013,2015-04-17,2867,Technology,M70,East,226.88,-582.648,0.01
85826,2015-01-08,2868,Office Supplies,GBC DocuBind TL300 Electric Binding System,West,5220.48,3602.1312,0.03
85827,2015-04-17,2868,Technology,M70,West,113.44,-582.648,0.01
85828,2015-05-25,2868,Office Supplies,"GBC Pre-Punched Binding Paper, Plastic, White, 8-1/2"" x 11""",West,66.02,-66.585,0.08
89872,2015-01-22,2873,Office Supplies,Avery 498,South,33.02,441.594,0.07
89872,2015-01-22,2873,Furniture,"Chromcraft Bull-Nose Wood Round Conference Table Top, Wood Base",South,2273.1,394.17,0.0
89873,2015-04-06,2874,Office Supplies,*Staples* Highlighting Markers,Central,19.49,13.4481,0.05
89874,2015-06-22,2874,Office Supplies,Ibico Hi-Tech Manual Binding System,Central,5845.81,4033.6089,0.03
89874,2015-06-22,2874,Technology,V 3600 Series,Central,633.85,141.7824,0.09
91492,2015-03-02,2877,Technology,"80 Minute Slim Jewel Case CD-R , 10/Pack - Staples",East,107.51,74.1819,0.0
54369,2015-03-02,2878,Technology,"80 Minute Slim Jewel Case CD-R , 10/Pack - Staples",West,421.08,82.31,0.0
88626,2015-03-28,2880,Office Supplies,HP Office Paper (20Lb. and 87 Bright),South,77.2,-2.352,0.05
88627,2015-05-08,2880,Furniture,"Hon Deluxe Fabric Upholstered Stacking Chairs, Rounded Back",South,5587.89,1059.288,0.09
55300,2015-02-20,2882,Office Supplies,Eureka Disposable Bags for SanitaireÂ® Vibra Groomer IÂ® Upright Vac,South,159.89,-246.2761,0.03
55300,2015-02-20,2882,Office Supplies,Avery 510,South,180.48,55.1946,0.01
55300,2015-02-20,2882,Furniture,Dana Swing-Arm Lamps,South,350.48,-307.2965,0.02
16676,2015-03-19,2882,Technology,SouthWestern Bell FA970 Digital Answering Machine with Time/Day Stamp,South,936.8,-16.06374,0.07
4839,2015-05-09,2882,Office Supplies,Xerox 227,South,232.5,-160.3847,0.05
21958,2015-06-05,2882,Office Supplies,Hoover WindTunnelâ¢ Plus Canister Vacuum,South,7497.05,732.2698,0.09
40224,2015-06-30,2882,Furniture,"Howard Miller 16"" Diameter Gallery Wall Clock",South,1336.35,270.8743,0.05
50917,2015-01-21,2882,Technology,"Memorex 80 Minute CD-R Spindle, 100/Pack",South,1724.01,333.7605,0.02
87632,2015-05-09,2883,Office Supplies,Xerox 227,East,59.79,-120.59,0.05
87631,2015-03-19,2884,Technology,SouthWestern Bell FA970 Digital Answering Machine with Time/Day Stamp,East,240.21,-12.078,0.07
87633,2015-06-05,2884,Office Supplies,Hoover WindTunnelâ¢ Plus Canister Vacuum,East,1785.01,1231.6569,0.09
87634,2015-06-30,2885,Furniture,"Howard Miller 16"" Diameter Gallery Wall Clock",East,318.18,219.5442,0.05
87630,2015-02-20,2886,Office Supplies,Eureka Disposable Bags for SanitaireÂ® Vibra Groomer IÂ® Upright Vac,East,38.89,-185.17,0.03
87630,2015-02-20,2886,Office Supplies,Avery 510,East,45.12,31.1328,0.01
87630,2015-02-20,2886,Furniture,Dana Swing-Arm Lamps,East,90.45,-231.05,0.02
90011,2015-02-23,2892,Furniture,Hon 2111 Invitationâ¢ Series Corner Table,Central,2125.12,-165.5949204,0.1
90011,2015-02-23,2893,Office Supplies,Staples Copy Paper (20Lb. and 84 Bright),Central,45.05,-21.684,0.07
86925,2015-01-22,2896,Furniture,"Riverside Palais Royal Lawyers Bookcase, Royale Cherry Finish",Central,7045.02,4861.0638,0.02
86927,2015-03-12,2896,Office Supplies,Xerox 1973,Central,370.62,-83.75,0.0
86926,2015-02-13,2897,Technology,Hewlett-Packard Deskjet 940 REFURBISHED Color Inkjet Printer,Central,904.25,565.18,0.05
86926,2015-02-13,2897,Office Supplies,Xerox 1997,Central,16.31,-38.72,0.0
87374,2015-06-25,2903,Furniture,KI Conference Tables,East,364.26,65.07702,0.06
88156,2015-01-08,2908,Office Supplies,Avery 491,East,16.07,10.9592,0.07
88156,2015-01-08,2908,Furniture,"Executive Impressions 14"" Two-Color Numerals Wall Clock",East,25.26,17.4294,0.03
88157,2015-02-28,2908,Technology,Fellowes EZ Multi-Media Keyboard,East,581.08,-32.6664,0.05
88157,2015-02-28,2908,Office Supplies,Serrated Blade or Curved Handle Hand Letter Openers,East,27.53,-13.1352,0.0
87396,2015-04-28,2912,Office Supplies,Avery 491,Central,32.33,22.3077,0.04
87396,2015-04-28,2912,Office Supplies,Xerox 194,Central,642.06,443.0214,0.06
59365,2015-06-07,2920,Technology,Epson LQ-870 Dot Matrix Printer,Central,1068.6,-1220.9145,0.05
86592,2015-02-28,2923,Office Supplies,"C-Line Peel & Stick Add-On Filing Pockets, 8-3/4 x 5-1/8, 10/Pack",East,99.75,-27.1492,0.0
86591,2015-01-16,2924,Furniture,"Rubbermaid ClusterMat Chairmats, Mat Size- 66"" x 60"", Lip 20"" x 11"" -90 Degree Angle",East,226.53,-106.3424,0.02
86591,2015-01-16,2924,Office Supplies,"TOPS Money Receipt Book, Consecutively Numbered in Red,",East,68.65,44.9768,0.01
90218,2015-05-26,2928,Office Supplies,Avery Heavy-Duty EZD â¢ Binder With Locking Rings,South,236.83,689.328,0.02
90218,2015-05-26,2928,Office Supplies,Desktop 3-Pocket Hot FileÂ®,South,1944.87,-33.586,0.02
87619,2015-02-28,2931,Office Supplies,Newell 309,West,135.77,69.7672,0.1
87620,2015-04-22,2932,Office Supplies,Xerox 1880,East,55.43,-52.8228,0.01
87617,2015-05-11,2935,Office Supplies,Durable Pressboard Binders,East,20.46,7.31,0.02
87620,2015-04-22,2938,Office Supplies,Xerox 1938,East,931.87,642.9903,0.03
87618,2015-05-26,2941,Office Supplies,Staples Metal Binder Clips,East,21.41,12.71,0.05
90309,2015-03-05,2944,Office Supplies,Presstex Flexible Ring Binders,Central,59.75,28.288,0.04
87511,2015-02-04,2947,Office Supplies,Security-Tint Envelopes,East,162.49,112.1181,0.01
91397,2015-02-15,2951,Office Supplies,Belkin F9M820V08 8 Outlet Surge,Central,819.4,565.386,0.07
91397,2015-02-15,2951,Furniture,"Global Leather Task Chair, Black",Central,1809.75,-230.9528,0.03
91398,2015-04-15,2952,Office Supplies,Binder Posts,East,70.03,-61.62804,0.08
86427,2015-06-18,2954,Furniture,Aluminum Document Frame,Central,102.43,70.6767,0.09
90264,2015-04-02,2957,Office Supplies,"Snap-A-WayÂ® Black Print Carbonless Ruled Speed Letter, Triplicate",Central,137.76,95.0544,0.1
90265,2015-03-23,2958,Technology,Accessory21,Central,326.03,224.9607,0.06
90646,2015-04-05,2960,Office Supplies,"Dixon Ticonderoga Core-Lock Colored Pencils, 48-Color Set",South,379.72,-89.572,0.1
88611,2015-05-07,2962,Office Supplies,Wirebound Voice Message Log Book,West,48.33,33.3477,0.07
88612,2015-06-22,2963,Office Supplies,Iris Project Case,East,34.91,-34.592,0.01
88610,2015-04-21,2964,Office Supplies,Belkin F9M820V08 8 Outlet Surge,East,47.04,-24.63,0.06
86085,2015-02-22,2968,Office Supplies,"Wirebound Service Call Books, 5 1/2"" x 4""",South,10.94,-536.242,0.08
86085,2015-02-22,2968,Furniture,"Iceberg OfficeWorks 42"" Round Tables",South,731.38,-125.86,0.04
86086,2015-03-28,2968,Office Supplies,Hoover WindTunnelâ¢ Plus Canister Vacuum,South,344.87,36.1641,0.06
87186,2015-04-13,2973,Technology,Microsoft Multimedia Keyboard,Central,523.06,17.1028,0.01
87186,2015-04-13,2973,Technology,Timeport L7089,Central,2424.68,1269.38196,0.08
87187,2015-05-20,2973,Technology,Okidata ML390 Turbo Dot Matrix Printers,Central,2411.43,137.68794,0.1
89047,2015-05-22,2976,Technology,Accessory31,Central,1278.96,882.4824,0.01
86544,2015-01-27,2979,Office Supplies,Newell 338,Central,25.22,6.384,0.09
86545,2015-02-26,2979,Office Supplies,Wilson Jones 14 Line Acrylic Coated Pressboard Data Binders,Central,34.73,5.2955,0.02
86545,2015-02-26,2979,Office Supplies,"Wilson Jones Ledger-Size, Piano-Hinge Binder, 2"", Blue",Central,247.53,170.7957,0.03
86546,2015-06-14,2979,Office Supplies,Avery Hi-LiterÂ® Smear-Safe Highlighters,Central,23.89,16.092,0.01
86544,2015-01-27,2980,Office Supplies,Boston 1645 Deluxe Heavier-Duty Electric Pencil Sharpener,East,454.4,274.0788,0.03
86544,2015-01-27,2980,Office Supplies,OIC Thumb-Tacks,East,14.53,-3.782,0.06
86547,2015-02-25,2980,Office Supplies,Avery 494,East,15.65,10.7985,0.07
86548,2015-05-30,2980,Office Supplies,"Sanford Colorific Colored Pencils, 12/Box",East,111.92,15.246,0.04
91180,2015-06-28,2987,Furniture,"Bush Westfield Collection Bookcases, Fully Assembled",Central,1700.38,-103.624,0.09
91180,2015-06-28,2987,Office Supplies,Xerox 196,Central,35.96,-57.824,0.1
91466,2015-05-08,2991,Office Supplies,Tripp Lite Isotel 8 Ultra 8 Outlet Metal Surge,Central,141.59,18.218,0.05
91466,2015-05-08,2992,Office Supplies,Xerox 1928,Central,203.05,25.058,0.0
87041,2015-04-10,2999,Office Supplies,FiskarsÂ® Softgrip Scissors,Central,56.19,11.82,0.03
87042,2015-01-26,3000,Office Supplies,"Staples Wirebound Steno Books, 6"" x 9"", 12/Pack",Central,40.8,28.152,0.01
87043,2015-03-17,3001,Office Supplies,3M Organizer Strips,Central,117.87,-237.544,0.03
91586,2015-03-05,3003,Technology,Accessory34,West,1503.05,1037.1045,0.03
54949,2015-02-10,3004,Office Supplies,Xerox 1930,West,382.33,-94.59,0.08
54949,2015-02-10,3004,Office Supplies,"Tennsco Lockers, Gray",West,356.61,-293.74,0.09
91389,2015-06-08,3005,Office Supplies,GBC Therma-A-Bind 250T Electric Binding System,West,1506.89,1039.7541,0.05
91388,2015-02-10,3006,Office Supplies,Xerox 1930,West,92.29,-49.1868,0.08
91388,2015-02-10,3006,Office Supplies,"Tennsco Lockers, Gray",West,82.29,-152.7448,0.09
89414,2015-03-06,3008,Office Supplies,Xerox 1896,Central,203.37,41.3,0.05
89415,2015-06-11,3008,Office Supplies,Xerox 1881,Central,160.66,47.61,0.01
56486,2015-05-28,3011,Office Supplies,Xerox 1947,East,107.08,-23.5,0.03
7623,2015-04-28,3011,Office Supplies,Honeywell Enviracaire Portable HEPA Air Cleaner for 17' x 22' Room,East,9705.46,1282.496,0.03
7623,2015-04-28,3011,Technology,US Robotics 56K V.92 Internal PCI Faxmodem,East,3247.54,17.2,0.06
7623,2015-04-28,3011,Office Supplies,Xerox 1941,East,5582.63,1184.12,0.1
86346,2015-04-28,3012,Office Supplies,Honeywell Enviracaire Portable HEPA Air Cleaner for 17' x 22' Room,East,2426.36,1474.8704,0.03
86346,2015-04-28,3012,Technology,US Robotics 56K V.92 Internal PCI Faxmodem,East,824.0,19.78,0.06
86346,2015-04-28,3012,Office Supplies,Xerox 1941,East,1347.53,929.7957,0.1
89071,2015-01-09,3017,Office Supplies,Staples Brown Kraft Recycled Clasp Envelopes,West,11.16,-7.25,0.01
89071,2015-01-09,3017,Office Supplies,4009Â® Highlighters by Sanford,West,45.22,31.2018,0.03
89128,2015-01-15,3035,Office Supplies,Hammermill CopyPlus Copy Paper (20Lb. and 84 Bright),Central,52.93,-75.9004,0.01
89128,2015-01-15,3035,Office Supplies,"Telephone Message Books with Fax/Mobile Section, 5 1/2"" x 3 3/16""",Central,75.61,52.1709,0.04
89129,2015-01-16,3036,Furniture,"Tensor ""Hersey Kiss"" Styled Floor Lamp",Central,67.64,-159.86,0.02
89129,2015-01-16,3036,Office Supplies,Xerox 1906,Central,240.42,165.8898,0.05
89129,2015-01-16,3036,Office Supplies,"AcmeÂ® 8"" Straight Scissors",Central,184.4,75.01,0.02
89130,2015-03-13,3036,Office Supplies,"Hot FileÂ® 7-Pocket, Floor Stand",Central,3802.01,2267.22,0.08
86102,2015-05-15,3041,Technology,Keytronic 105-Key Spanish Keyboard,Central,1181.67,97.16,0.08
86102,2015-05-15,3041,Office Supplies,"*Staples* vLetter Openers, 2/Pack",Central,29.93,-20.65,0.02
86101,2015-02-04,3042,Office Supplies,"GBC White Gloss Covers, Plain Front",Central,171.33,67.864,0.07
86104,2015-06-06,3045,Office Supplies,Xerox 1995,Central,84.04,-14.075,0.0
86103,2015-02-12,3046,Furniture,Hon Every-DayÂ® Chair Series Swivel Task Chairs,Central,251.06,-78.7592,0.05
89789,2015-03-05,3048,Furniture,SAFCO Arco Folding Chair,West,2610.56,1167.38,0.06
86662,2015-02-03,3053,Technology,i2000,South,1173.76,402.066,0.06
88447,2015-02-26,3063,Technology,"80 Minute Slim Jewel Case CD-R , 10/Pack - Staples",West,50.28,11.95,0.07
88447,2015-02-26,3063,Technology,Sharp AL-1530CS Digital Copier,West,2570.45,1773.6105,0.03
88449,2015-05-24,3063,Technology,Accessory25,West,158.87,4.1822,0.03
88448,2015-01-14,3064,Office Supplies,"Wirebound Four 2-3/4 x 5 Forms per Page, 400 Sets per Book",West,56.71,39.1299,0.03
91376,2015-03-02,3067,Furniture,Hon 4700 Series Mobuisâ¢ Mid-Back Task Chairs with Adjustable Arms,East,5086.08,1660.92,0.06
88191,2015-06-01,3069,Furniture,Hon Every-DayÂ® Chair Series Swivel Task Chairs,Central,1894.45,638.028,0.03
88191,2015-06-01,3069,Furniture,Artistic Insta-Plaque,Central,200.72,138.4968,0.01
88192,2015-02-14,3069,Office Supplies,Newell 307,Central,36.82,-6.734,0.09
14756,2015-02-28,3075,Furniture,"Executive Impressions 13"" Clairmont Wall Clock",West,84.6,-25.38,0.06
88241,2015-01-07,3076,Furniture,O'Sullivan Cherrywood Estates Traditional Barrister Bookcase,East,296.75,-203.27,0.0
88239,2015-05-07,3077,Technology,Gyration Ultra Professional Cordless Optical Suite,East,582.2,-807.59,0.07
88240,2015-06-11,3078,Office Supplies,Xerox 1932,East,171.93,118.6317,0.04
88240,2015-06-11,3078,Office Supplies,4009Â® Highlighters by Sanford,East,35.19,23.304,0.08
41253,2015-05-07,3079,Technology,Gyration Ultra Professional Cordless Optical Suite,East,2037.69,-807.59,0.07
53476,2015-06-11,3079,Office Supplies,Xerox 1932,East,722.1,150.72,0.04
53476,2015-06-11,3079,Office Supplies,4009Â® Highlighters by Sanford,East,140.78,19.42,0.08
53476,2015-06-11,3079,Office Supplies,Newell 310,East,129.72,3.13,0.01
53476,2015-06-11,3079,Office Supplies,Fellowes StaxonsteelÂ® Drawer Files,East,12190.98,1141.07,0.01
12480,2015-01-07,3079,Furniture,O'Sullivan Cherrywood Estates Traditional Barrister Bookcase,East,1483.76,-203.27,0.0
48483,2015-06-10,3079,Office Supplies,"Quartet AlphaÂ® White Chalk, 12/Pack",East,87.18,10.01,0.0
89879,2015-04-20,3084,Technology,i1000,West,798.89,313.812,0.0
89880,2015-06-24,3084,Office Supplies,"Wilson Jones Hanging View Binder, White, 1""",West,133.19,-39.18625,0.01
89880,2015-06-24,3084,Office Supplies,Computer Printout Paper with Letter-Trim Perforations,West,97.33,-1.89,0.05
88380,2015-05-18,3086,Technology,Zoom V.92 V.44 PCI Internal Controllerless FaxModem,South,130.91,4.29,0.05
91219,2015-01-24,3089,Office Supplies,"Eureka Hand Vacuum, Bagless",Central,281.82,-122.77,0.07
86220,2015-01-19,3095,Office Supplies,Kensington 7 Outlet MasterPiece Power Center with Fax/Phone Line Protection,East,991.24,683.9556,0.09
86221,2015-05-24,3096,Office Supplies,Kensington 6 Outlet SmartSocket Surge Protector,East,119.86,-16.64,0.08
86221,2015-05-24,3096,Technology,"Imation Neon Mac Format Diskettes, 10/Pack",East,98.77,-59.73,0.08
86221,2015-05-24,3096,Furniture,Bevis Boat-Shaped Conference Table,East,2495.35,-633.441237,0.02
86222,2015-06-17,3096,Office Supplies,"File Shuttle II and Handi-File, Black",East,200.83,72.984,0.04
89314,2015-04-08,3098,Office Supplies,Xerox 1932,East,348.08,240.1752,0.05
89315,2015-06-17,3098,Office Supplies,Harmony HEPA Quiet Air Purifiers,East,131.69,-11.248,0.0
89316,2015-02-28,3098,Office Supplies,Avery 498,East,13.93,9.6117,0.06
89988,2015-03-25,3100,Technology,Accessory17,South,31.71,-299.8142,0.07
86327,2015-03-20,3105,Office Supplies,Avery 481,South,60.01,13.8,0.04
86327,2015-03-20,3105,Office Supplies,Xerox 1976,South,90.98,4.392,0.02
86327,2015-03-20,3105,Technology,V3682,South,1270.7,-236.25,0.04
548,2015-03-20,3106,Office Supplies,Avery 481,Central,236.87,36.02,0.04
548,2015-03-20,3106,Office Supplies,Xerox 1976,Central,370.91,-50.64,0.02
548,2015-03-20,3106,Technology,V3682,Central,4976.92,510.489,0.04
86860,2015-05-17,3113,Office Supplies,GBC Recycled Grain Textured Covers,South,574.97,-20.18226,0.07
86860,2015-05-17,3113,Office Supplies,Xerox 1881,South,115.22,-156.9722,0.02
86860,2015-05-17,3113,Office Supplies,Panasonic KP-350BK Electric Pencil Sharpener with Auto Stop,South,456.58,384.5043,0.06
86432,2015-06-30,3119,Furniture,"SAFCO PlanMaster Heigh-Adjustable Drafting Table Base, 43w x 30d x 30-37h, Black",South,3772.19,513.084,0.08
90160,2015-06-14,3120,Office Supplies,GBC ProClickâ¢ 150 Presentation Binding System,South,2642.48,44.52,0.08
87287,2015-01-07,3123,Office Supplies,"Wilson Jones Hanging View Binder, White, 1""",Central,61.5,-48.875,0.02
87286,2015-05-30,3124,Office Supplies,GBC VeloBinder Electric Binding Machine,Central,1276.88,881.0472,0.05
87285,2015-01-05,3125,Technology,Canon S750 Color Inkjet Printer,Central,233.58,-233.840688,0.08
89810,2015-06-25,3128,Office Supplies,Colored Envelopes,South,31.98,-139.076,0.08
86790,2015-06-22,3132,Furniture,Global Ergonomic Managers Chair,Central,519.42,-64.664,0.1
86794,2015-05-17,3132,Office Supplies,"Acco Smartsocketâ¢ Table Surge Protector, 6 Color-Coded Adapter Outlets",Central,2382.72,1644.0768,0.04
86789,2015-01-16,3133,Office Supplies,Fellowes Black Plastic Comb Bindings,Central,64.96,-350.4395,0.1
86789,2015-01-16,3133,Office Supplies,Assorted Color Push Pins,Central,19.14,4.2028,0.03
86792,2015-03-04,3133,Office Supplies,3M Organizer Strips,Central,25.35,-44.068,0.08
86792,2015-03-04,3133,Technology,"Imation 3.5 IBM Diskettes, 10/Box",Central,45.03,-100.51,0.09
86792,2015-03-04,3133,Furniture,"GE 4 Foot Flourescent Tube, 40 Watt",Central,153.87,-17.75,0.21
86792,2015-03-04,3133,Technology,300 Series Non-Flip,Central,2800.33,1374.948,0.04
86791,2015-02-22,3136,Furniture,"Global Leather & Oak Executive Chair, Burgundy",East,3596.03,-677.872,0.03
86795,2015-06-08,3137,Office Supplies,Ibico Hi-Tech Manual Binding System,East,2353.55,1623.9495,0.09
86796,2015-06-19,3138,Office Supplies,Eureka Disposable Bags for SanitaireÂ® Vibra Groomer IÂ® Upright Vac,East,92.57,-122.835,0.05
86793,2015-05-02,3139,Furniture,Hon 2090 âPillow Softâ Series Mid Back Swivel/Tilt Chairs,East,7974.21,252.488,0.09
86369,2015-06-01,3141,Office Supplies,"Acme Design Line 8"" Stainless Steel Bent Scissors w/Champagne Handles, 3-1/8"" Cut",Central,87.1,-88.585,0.09
86369,2015-06-01,3141,Office Supplies,Tennsco Industrial Shelving,Central,736.86,-485.68,0.07
86368,2015-03-24,3143,Office Supplies,Decoflex Hanging Personal Folder File,Central,33.84,-16.37,0.02
85850,2015-01-04,3146,Office Supplies,Cardinal Poly Pocket Divider Pockets for Ring Binders,Central,14.9,-94.2586,0.03
85850,2015-01-04,3146,Office Supplies,"""While you Were Out"" Message Book, One Form per Page",Central,39.64,6.3308,0.07
89716,2015-01-14,3148,Furniture,Telescoping Adjustable Floor Lamp,West,139.49,-66.8236,0.06
89716,2015-01-14,3149,Furniture,Hon 4070 Series Pagodaâ¢ Round Back Stacking Chairs,West,1952.43,971.622,0.06
88543,2015-06-03,3151,Furniture,Bevis Rectangular Conference Tables,West,1370.79,-134.512,0.01
88544,2015-02-04,3151,Technology,Okidata Pacemark 4410N Wide Format Dot Matrix Printer,West,3501.79,-4075.933992,0.01
88544,2015-02-04,3151,Office Supplies,Acme GalleriaÂ® Hot Forged Steel Scissors with Colored Handles,West,63.04,-18.5588,0.06
88545,2015-02-16,3151,Office Supplies,"BOSTONÂ® RangerÂ® #55 Pencil Sharpener, Black",West,451.35,220.3572,0.05
88546,2015-02-28,3151,Office Supplies,"Fiskars 8"" Scissors, 2/Pack",West,119.6,47.73,0.04
88547,2015-03-11,3151,Office Supplies,Avery Hanging File Binders,West,59.9,28.526,0.02
88548,2015-03-29,3151,Furniture,"GE 48"" Fluorescent Tube, Cool White Energy Saver, 34 Watts, 30/Box",West,99.22,-87.46,0.01
86899,2015-01-26,3154,Technology,Canon MP41DH Printing Calculator,South,1183.82,-3.948,0.08
86900,2015-05-28,3154,Office Supplies,PortfileÂ® Personal File Boxes,South,201.77,28.1826,0.03
86901,2015-03-30,3154,Office Supplies,Boston 1730 StandUp Electric Pencil Sharpener,South,443.66,-51.66,0.04
86898,2015-01-20,3155,Office Supplies,"Fellowes Smart Surge Ten-Outlet Protector, Platinum",South,541.76,-193.914,0.02
86899,2015-01-26,3155,Furniture,"Global Stack Chair without Arms, Black",South,107.66,57.546,0.03
86899,2015-01-26,3155,Office Supplies,Fellowes Neat IdeasÂ® Storage Cubes,South,318.83,-333.4254,0.1
86902,2015-04-19,3155,Technology,Gyration RF Keyboard,South,3600.65,12.264,0.05
86491,2015-06-19,3167,Furniture,Hon 2090 âPillow Softâ Series Mid Back Swivel/Tilt Chairs,South,3936.61,-283.9914,0.07
86491,2015-06-19,3167,Office Supplies,Xerox 1922,South,78.31,-195.342,0.0
86491,2015-06-19,3167,Office Supplies,Fluorescent Highlighters by Dixon,South,42.46,-89.7092,0.1
86490,2015-04-13,3169,Office Supplies,"ArrayÂ® Parchment Paper, Assorted Colors",South,14.66,-44.415,0.08
86489,2015-02-13,3170,Office Supplies,Southworth Structures Collectionâ¢,South,83.14,167.334,0.1
90820,2015-05-04,3176,Technology,Micro Innovations 104 Keyboard,South,215.25,65.598,0.06
90821,2015-06-25,3176,Furniture,O'Sullivan 3-Shelf Heavy-Duty Bookcases,South,1358.02,0.258,0.02
90821,2015-06-25,3176,Office Supplies,Park Ridgeâ¢ Embossed Executive Business Envelopes,South,358.84,63.222,0.03
90818,2015-03-14,3177,Furniture,Deflect-o Glass Clear Studded Chair Mats,South,511.57,-29.666,0.1
90819,2015-03-31,3177,Office Supplies,Prang Dustless Chalk Sticks,South,8.65,-1319.5,0.06
86989,2015-06-12,3179,Office Supplies,Xerox 1906,Central,380.0,262.2,0.07
89025,2015-03-02,3187,Furniture,"Rush Hierlooms Collection 1"" Thick Stackable Bookcases",South,199.48,-119.812,0.08
86447,2015-03-18,3191,Technology,1726 Digital Answering Machine,Central,93.81,-9.108,0.01
86448,2015-04-10,3191,Office Supplies,"Tyvek Â® Top-Opening Peel & Seel Â® Envelopes, Gray",Central,312.22,172.5644,0.09
89805,2015-03-10,3194,Office Supplies,Xerox 1961,South,43.84,45.078,0.1
89805,2015-03-10,3194,Office Supplies,Xerox 1991,South,141.74,-110.376,0.0
24294,2015-02-02,3196,Technology,Hewlett-Packard Deskjet 6122 Color Inkjet Printer,West,8717.75,1951.3,0.03
90850,2015-02-02,3197,Technology,Hewlett-Packard Deskjet 6122 Color Inkjet Printer,Central,2230.12,1538.7828,0.03
87933,2015-03-30,3205,Office Supplies,Newell 315,West,56.4,32.83,0.07
87933,2015-03-30,3206,Technology,Microsoft Natural Keyboard Elite,West,257.52,51.59,0.01
87934,2015-05-21,3206,Furniture,"Lifetime Advantageâ¢ Folding Chairs, 4/Carton",West,1488.51,969.42,0.06
87935,2015-05-28,3206,Office Supplies,Xerox 1932,West,801.93,553.3317,0.05
90739,2015-06-28,3209,Technology,"Imation 3.5"", DISKETTE 44766 HGHLD3.52HD/FM, 10/Pack",West,44.24,-30.45,0.03
91522,2015-02-15,3211,Office Supplies,Self-Adhesive Address Labels for Typewriters by Universal,Central,79.74,55.0206,0.1
91522,2015-02-15,3211,Technology,Accessory37,Central,392.45,-43.65504,0.1
90815,2015-04-12,3221,Office Supplies,Sanford Liquid Accent Highlighters,South,48.32,-577.304,0.03
90814,2015-03-19,3222,Technology,"80 Minute CD-R Spindle, 100/Pack - Staples",South,332.16,-1535.4864,0.04
90814,2015-03-19,3222,Technology,"Imation Neon Mac Format Diskettes, 10/Pack",South,147.62,-159.32,0.0
86508,2015-04-01,3224,Furniture,Novimex Fabric Task Chair,South,125.9,-74.088,0.06
86507,2015-01-14,3225,Office Supplies,"1.7 Cubic Foot Compact ""Cube"" Office Refrigerators",South,768.81,-137.522,0.1
86507,2015-01-14,3226,Office Supplies,TyvekÂ® Side-Opening Peel & SeelÂ® Expanding Envelopes,South,183.39,-11.816,0.07
86507,2015-01-14,3226,Furniture,"DAX Two-Tone Rosewood/Black Document Frame, Desktop, 5 x 7",South,12.9,238.9338,0.01
86507,2015-01-14,3226,Office Supplies,Newell 336,South,17.89,-105.126,0.02
86509,2015-06-28,3226,Technology,"Verbatim DVD-R, 3.95GB, SR, Mitsubishi Branded, Jewel",South,255.88,95.388,0.06
87435,2015-01-21,3229,Office Supplies,Large Capacity Hanging Post Binders,Central,378.82,261.3858,0.01
87435,2015-01-21,3230,Technology,"Imation 3.5"" DS/HD IBM Formatted Diskettes, 50/Pack",Central,152.18,-135.46,0.0
87436,2015-06-13,3230,Office Supplies,"Acco Pressboard Covers with Storage Hooks, 14 7/8"" x 11"", Light Blue",Central,53.89,-31.68825,0.06
87436,2015-06-13,3230,Office Supplies,Xerox 1916,Central,1001.02,690.7038,0.07
89564,2015-06-04,3238,Technology,8890,West,495.82,-13.068,0.06
88329,2015-06-10,3243,Technology,"Imation 3.5"" DS-HD Macintosh Formatted Diskettes, 10/Pack",East,24.44,-25.104,0.0
88330,2015-04-01,3246,Office Supplies,ArrayÂ® Memo Cubes,East,21.86,1.9504,0.06
87297,2015-05-07,3248,Office Supplies,Wilson Jones Suede Grain Vinyl Binders,South,47.12,-340.5311,0.07
87298,2015-05-23,3249,Office Supplies,"Wilson Jones Elliptical Ring 3 1/2"" Capacity Binders, 800 sheets",East,670.9,462.921,0.03
39076,2015-06-11,3251,Office Supplies,Xerox 1928,East,412.72,-131.16,0.02
87296,2015-03-30,3252,Office Supplies,Xerox 188,East,14.52,-11.83,0.01
87299,2015-06-11,3252,Office Supplies,Xerox 1928,East,103.18,-65.58,0.02
90488,2015-02-18,3255,Technology,"DS/HD IBM Formatted Diskettes, 200/Pack - Staples",South,97.96,596.808,0.06
88825,2015-05-26,3257,Furniture,"SAFCO PlanMaster Heigh-Adjustable Drafting Table Base, 43w x 30d x 30-37h, Black",West,5419.41,3739.3929,0.01
88826,2015-05-13,3257,Furniture,"Executive Impressions 13"" Chairman Wall Clock",West,700.41,470.338,0.0
88824,2015-03-21,3258,Technology,"Fellowes Smart Design 104-Key Enhanced Keyboard, PS/2 Adapter, Platinum",West,646.88,401.85,0.02
90296,2015-06-25,3261,Furniture,Deflect-o DuraMat Antistatic Studded Beveled Mat for Medium Pile Carpeting,Central,1029.96,710.6724,0.07
89835,2015-05-19,3264,Office Supplies,Hammermill Color Copier Paper (28Lb. and 96 Bright),West,52.09,-92.32,0.04
89836,2015-01-28,3266,Furniture,"Global High-Back Leather Tilter, Burgundy",East,1794.88,-1764.29,0.0
89836,2015-01-28,3269,Office Supplies,Tripp Lite Isotel 6 Outlet Surge Protector with Fax/Modem Protection,East,765.04,527.8776,0.01
86233,2015-03-21,3275,Office Supplies,"Tenex Personal Project File with Scoop Front Design, Black",West,127.12,34.52,0.02
86234,2015-01-01,3275,Technology,Canon PC940 Copier,West,5183.89,3576.8841,0.04
86234,2015-01-01,3275,Office Supplies,Newell 312,West,36.09,20.38,0.01
90766,2015-04-06,3279,Office Supplies,Fellowes Officewareâ¢ Wire Shelving,South,366.26,31.11,0.06
90766,2015-04-06,3279,Office Supplies,"Fellowes Personal Hanging Folder Files, Navy",South,157.99,358.2954,0.1
90766,2015-04-06,3279,Technology,Timeport L7089,South,1212.88,8.322,0.01
90767,2015-03-14,3279,Technology,KF 788,South,125.19,24.018,0.01
90752,2015-04-21,3283,Office Supplies,Hoover WindTunnelâ¢ Plus Canister Vacuum,South,1867.04,-269.7555,0.05
90753,2015-05-10,3283,Technology,"Maxell Pro 80 Minute CD-R, 10/Pack",South,537.8,710.8074,0.03
90751,2015-02-20,3284,Furniture,"Executive Impressions 13"" Clairmont Wall Clock",South,119.78,-2133.278,0.05
90750,2015-01-06,3285,Technology,BASF Silver 74 Minute CD-R,South,12.15,80.0712,0.06
90750,2015-01-06,3285,Office Supplies,Xerox 19,South,288.42,896.406,0.01
89897,2015-05-25,3287,Office Supplies,Surelockâ¢ Post Binders,West,511.42,352.8798,0.08
87795,2015-01-07,3303,Office Supplies,"File Shuttle II and Handi-File, Black",South,200.64,68.676,0.04
90461,2015-04-01,3306,Office Supplies,"Holmes Replacement Filter for HEPA Air Cleaner, Medium Room",East,17.62,-15.92,0.06
90462,2015-01-26,3307,Office Supplies,RogersÂ® Profile Extra Capacity Storage Tub,East,80.58,-114.2,0.07
90460,2015-03-24,3309,Furniture,G.E. Longer-Life Indoor Recessed Floodlight Bulbs,East,25.31,-25.0,0.1
90460,2015-03-24,3310,Office Supplies,TyvekÂ® Side-Opening Peel & SeelÂ® Expanding Envelopes,East,369.78,255.1482,0.05
90462,2015-01-26,3311,Office Supplies,"Wirebound Four 2-3/4 x 5 Forms per Page, 400 Sets per Book",East,57.14,39.4266,0.06
90462,2015-01-26,3314,Furniture,"Global High-Back Leather Tilter, Burgundy",East,498.31,-722.23,0.05
90104,2015-05-21,3319,Office Supplies,Avery Legal 4-Ring Binder,South,431.43,30.024,0.03
90103,2015-04-27,3320,Office Supplies,Newell 342,South,57.24,0.4266,0.08
90103,2015-04-27,3320,Office Supplies,Sanford 52201 APSCO Electric Pencil Sharpener,South,824.7,66.216,0.09
90985,2015-02-12,3324,Office Supplies,Xerox 217,West,58.5,-164.18,0.05
90986,2015-06-24,3325,Office Supplies,"#10- 4 1/8"" x 9 1/2"" Recycled Envelopes",West,131.62,-79.4,0.0
90987,2015-04-24,3325,Office Supplies,DIXON TiconderogaÂ® Erasable Checking Pencils,West,121.46,23.046,0.07
87272,2015-03-06,3327,Furniture,Hon ComfortaskÂ® Task/Swivel Chairs,Central,356.14,-127.3,0.06
87272,2015-03-06,3327,Office Supplies,Xerox 204,Central,27.08,-52.77,0.05
86283,2015-01-05,3331,Office Supplies,"Perma STOR-ALLâ¢ Hanging File Box, 13 1/8""W x 12 1/4""D x 10 1/2""H",South,65.85,-781.1342,0.09
86284,2015-01-09,3331,Office Supplies,EcoTonesÂ® Memo Sheets,South,50.71,-23.296,0.02
85979,2015-05-07,3338,Office Supplies,Xerox 212,South,45.0,58.812,0.08
85981,2015-06-14,3339,Office Supplies,Avery 494,South,19.02,4.0443,0.03
85981,2015-06-14,3339,Office Supplies,"Hunt BOSTONÂ® VistaÂ® Battery-Operated Pencil Sharpener, Black",South,193.87,-10.3684,0.01
85980,2015-01-13,3340,Technology,i1000plus,West,1434.51,989.8119,0.08
21572,2015-02-13,3342,Furniture,Electrix Halogen Magnifier Lamp,East,8549.04,2861.01,0.03
89928,2015-02-13,3344,Furniture,Electrix Halogen Magnifier Lamp,Central,2239.03,1544.9307,0.03
89355,2015-01-06,3347,Office Supplies,GBC VeloBinder Strips,South,22.13,125.9982,0.07
89355,2015-01-06,3347,Furniture,G.E. Longer-Life Indoor Recessed Floodlight Bulbs,South,34.17,-92.9292,0.05
89356,2015-01-27,3347,Technology,T18,South,94.3,-39.809,0.02
91296,2015-01-23,3350,Technology,Keytronic 105-Key Spanish Keyboard,West,384.22,-29.0656,0.01
91297,2015-02-04,3351,Office Supplies,Belkin 6 Outlet Metallic Surge Strip,West,178.68,-19.2972,0.1
91298,2015-02-07,3351,Office Supplies,Turquoise Lead Holder with Pocket Clip,West,79.39,40.6556,0.06
88589,2015-05-16,3354,Office Supplies,Lock-Up Easel 'Spel-Binder',West,199.53,137.6757,0.03
88589,2015-05-16,3354,Office Supplies,Universal Premium White Copier/Laser Paper (20Lb. and 87 Bright),West,37.05,-62.0,0.07
88590,2015-03-27,3354,Office Supplies,Avery 487,West,68.88,47.5272,0.04
88587,2015-02-28,3355,Office Supplies,GBC VeloBinder Electric Binding Machine,West,549.85,379.3965,0.1
88587,2015-02-28,3355,Technology,"Imation 3.5 IBM Formatted Diskettes, 10/Box",West,48.99,-41.83,0.08
88587,2015-02-28,3355,Technology,V3682,West,681.42,372.402,0.1
88588,2015-05-04,3356,Office Supplies,"Pressboard Data Binder, Crimson, 12"" X 8 1/2""",West,66.65,-116.3455,0.07
88588,2015-05-04,3356,Furniture,Office Star - Mid Back Dual function Ergonomic High Back Chair with 2-Way Adjustable Arms,West,2934.16,1304.9,0.03
88588,2015-05-04,3356,Technology,2190,West,876.88,605.0472,0.04
91437,2015-04-28,3359,Office Supplies,Lock-Up Easel 'Spel-Binder',Central,157.33,107.45462,0.09
91435,2015-03-20,3360,Office Supplies,"Black Print Carbonless Snap-OffÂ® Rapid Letter, 8 1/2"" x 7""",Central,27.37,18.41,0.02
91435,2015-03-20,3361,Furniture,Nu-Dell Executive Frame,Central,98.16,65.63,0.06
91436,2015-01-26,3361,Furniture,Staples Plastic Wall Frames,Central,116.11,-7.73,0.04
91438,2015-06-09,3361,Office Supplies,Cardinal Holdit Business Card Pockets,Central,95.0,-47.99525,0.03
90501,2015-05-24,3366,Technology,Lexmark Z25 Color Inkjet Printer,East,837.57,66.22,0.1
90501,2015-05-24,3366,Office Supplies,Xerox 231,East,56.22,-23.53,0.02
90502,2015-05-02,3367,Technology,Microsoft Multimedia Keyboard,East,758.97,10.68,0.08
90502,2015-05-02,3367,Office Supplies,Avery 506,East,84.44,58.2636,0.1
90500,2015-02-12,3369,Office Supplies,"Wilson Jones Hanging View Binder, White, 1""",East,29.99,-42.1705,0.06
87473,2015-06-02,3374,Furniture,"Bevis Round Conference Table Top, X-Base",East,1487.9,66.36222,0.01
87474,2015-06-29,3374,Technology,Keytronic 105-Key Spanish Keyboard,East,600.4,-1.904,0.05
87474,2015-06-29,3374,Office Supplies,Universal Premium White Copier/Laser Paper (20Lb. and 87 Bright),East,34.25,-37.048,0.0
87474,2015-06-29,3374,Office Supplies,Barrel Sharpener,East,31.45,-56.888,0.09
88837,2015-03-26,3379,Office Supplies,Xerox 1936,South,249.07,-189.714,0.0
88839,2015-04-25,3379,Office Supplies,Serrated Blade or Curved Handle Hand Letter Openers,South,59.22,1628.37,0.05
88838,2015-04-20,3380,Office Supplies,GBC ProClickâ¢ 150 Presentation Binding System,South,5572.18,-4.48,0.03
88838,2015-04-20,3380,Furniture,SAFCO Arco Folding Chair,South,2941.42,3193.284,0.09
88838,2015-04-20,3380,Furniture,"Howard Miller 16"" Diameter Gallery Wall Clock",South,522.46,43.6917,0.03
88836,2015-03-23,3381,Office Supplies,Staples SlimLine Pencil Sharpener,South,25.31,349.0593,0.05
88840,2015-04-29,3381,Office Supplies,Lock-Up Easel 'Spel-Binder',South,513.33,1.992,0.02
88745,2015-01-16,3385,Office Supplies,"Premium Writing Pencils, Soft, #2 by Central Association for the Blind",East,15.7,-22.01,0.04
88745,2015-01-16,3385,Technology,M70,East,680.65,426.46032,0.01
88746,2015-05-03,3386,Office Supplies,Avery 494,East,28.34,19.5546,0.0
88746,2015-05-03,3386,Furniture,"Executive Impressions 13"" Chairman Wall Clock",East,861.3,152.482,0.04
90154,2015-05-11,3388,Office Supplies,Safco Industrial Wire Shelving,West,894.64,67.012,0.03
87908,2015-04-29,3393,Technology,StarTAC 3000,West,710.36,374.625,0.08
87909,2015-02-14,3393,Office Supplies,Ampad #10 Peel & SeelÂ® Holiday Envelopes,West,80.2,-3.2448,0.08
87535,2015-06-07,3397,Office Supplies,Fellowes PB500 Electric Punch Plastic Comb Binding Machine with Manual Bind,Central,9252.81,6384.4389,0.0
87536,2015-03-11,3397,Office Supplies,Crate-A-Filesâ¢,Central,207.31,-116.76,0.01
87536,2015-03-11,3397,Technology,Bell Sonecor JB700 Caller ID,Central,143.12,-160.952,0.1
87534,2015-03-29,3399,Office Supplies,Staples SlimLine Pencil Sharpener,Central,59.98,-41.87,0.08
87537,2015-04-04,3400,Furniture,"Eldon Expressions Punched Metal & Wood Desk Accessories, Black & Cherry",East,135.78,-24.7104,0.1
87530,2015-02-08,3403,Furniture,"Tenex 46"" x 60"" Computer Anti-Static Chairmat, Rectangular Shaped",West,506.5,349.485,0.1
