Row ID;Order Priority;Discount;Unit Price;Shipping Cost;Customer ID;Customer Name;Ship Mode;Customer Segment;Product Category;Product Sub-Category;Product Container;Product Name;Product Base Margin;Country;Region;State or Province;City;Postal Code;Order Date;Ship Date;Profit;Quantity ordered new;Sales;Order ID
20847;High;0.01;2.84;0.93;3;Bonnie Potter;Express Air;Corporate;Office Supplies;Pens & Art Supplies;Wrap Bag;SANFORD Liquid Accent™ Tank-Style Highlighters;0.54;United States;West;Washington;Anacortes;98221;7/01/15;8/01/15;4.56;4;13.01;88522
21776;Critical;0.06;9.48;7.29;11;Marcus Dunlap;Regular Air;Home Office;Furniture;Office Furnishings;Small Pack;DAX Two-Tone Rosewood/Black Document Frame, Desktop, 5 x 7;0.45;United States;East;New Jersey;Roselle;7203;15/02/15;17/02/15;-53.8096;22;211.15;90192
26267;High;0.04;2.98;1.58;16;Sarah Ramsey;Regular Air;Small Business;Office Supplies;Rubber Bands;Wrap Bag;Staples Gold Paper Clips;0.39;United States;East;New York;Syracuse;13210;12/02/15;15/02/15;2.63;6;18.8;86836
26268;High;0.05;115.99;2.5;16;Sarah Ramsey;Regular Air;Small Business;Technology;Telephones and Communication;Small Box;StarTAC 7797;0.55;United States;East;New York;Syracuse;13210;12/02/15;14/02/15;652.7331;10;945.99;86836
20631;High;0.06;55.48;14.3;24;Edna Thomas;Regular Air;Corporate;Office Supplies;Paper;Small Box;Xerox 194;0.37;United States;West;California;Laguna Niguel;92677;28/01/15;29/01/15;-28.2968;1;67.49;87651
20632;High;0.02;1.68;1.57;24;Edna Thomas;Regular Air;Corporate;Office Supplies;Pens & Art Supplies;Wrap Bag;Newell 323;0.59;United States;West;California;Laguna Niguel;92677;28/01/15;30/01/15;-5.3072;1;2.25;87651
23509;High;0.08;34.99;7.73;32;Matthew Berman;Regular Air;Corporate;Office Supplies;Pens & Art Supplies;Small Box;Hunt Boston® Vacuum Mount KS Pencil Sharpener;0.59;United States;West;Oregon;Grants Pass;97526;22/02/15;23/02/15;144.69;13;424.68;89199
23612;High;0.01;17.98;8.51;32;Matthew Berman;Regular Air;Corporate;Technology;Office Machines;Medium Box;Canon P1-DHIII Palm Printing Calculator;0.4;United States;West;Oregon;Grants Pass;97526;27/03/15;28/03/15;-35.8788;2;40.17;89200
23278;Medium;0.09;125.99;7.69;32;Matthew Berman;Express Air;Corporate;Technology;Telephones and Communication;Small Box;StarTAC 3000;0.59;United States;West;Oregon;Grants Pass;97526;20/01/15;22/01/15;209.997;8;783.55;89202
19355;Low;0.06;205.99;8.99;32;Matthew Berman;Regular Air;Corporate;Technology;Telephones and Communication;Small Box;TimeportP7382;0.56;United States;West;Oregon;Grants Pass;97526;12/03/15;19/03/15;3568.096;22;3838.14;89203
18551;Not Specified;0.0;115.99;2.5;52;Lorraine Kelly;Regular Air;Corporate;Technology;Telephones and Communication;Small Box;6160;0.57;United States;West;Washington;Puyallup;98373;10/03/15;10/03/15;162.666;6;627.04;88426
22117;Critical;0.07;3502.14;8.73;53;Sidney Russell Austin;Delivery Truck;Corporate;Technology;Office Machines;Jumbo Box;Okidata Pacemark 4410N Wide Format Dot Matrix Printer;0.57;United States;West;Washington;Redmond;98052;28/01/15;30/01/15;-6923.5992;1;3267.55;88425
18552;Not Specified;0.02;5.98;5.79;53;Sidney Russell Austin;Regular Air;Corporate;Office Supplies;Paper;Small Box;Xerox 1903;0.36;United States;West;Washington;Redmond;98052;10/03/15;11/03/15;-67.49;17;110.19;88426
21017;Not Specified;0.0;3.69;0.5;64;Lynn Morrow;Regular Air;Small Business;Office Supplies;Labels;Small Box;Avery 501;0.38;United States;South;Virginia;Salem;24153;2/03/15;4/03/15;-37.5291;1;4.0;87406
21019;Not Specified;0.02;175.99;4.99;64;Lynn Morrow;Express Air;Small Business;Technology;Telephones and Communication;Small Box;5165;0.59;United States;South;Virginia;Salem;24153;2/03/15;2/03/15;101.49;4;589.8;87406
23274;Low;0.05;155.06;7.07;67;Ellen McCormick;Regular Air;Corporate;Office Supplies;Storage & Organization;Small Box;Dual Level, Single-Width Filing Carts;0.59;United States;West;California;Napa;94559;2/01/15;9/01/15;845.664;8;1225.6;87946
5272;Low;0.0;291.73;48.8;68;Scott Bunn;Delivery Truck;Corporate;Furniture;Chairs & Chairmats;Jumbo Drum;Hon 4070 Series Pagoda™ Armless Upholstered Stacking Chairs;0.56;United States;East;New York;New York City;10177;2/01/15;2/01/15;-308.928;4;1239.06;37537
5273;Low;0.07;100.98;45.0;68;Scott Bunn;Delivery Truck;Corporate;Furniture;Chairs & Chairmats;Jumbo Drum;Hon Valutask™ Swivel Chairs;0.69;United States;East;New York;New York City;10177;2/01/15;4/01/15;-1679.76;43;4083.19;37537
5274;Low;0.05;155.06;7.07;68;Scott Bunn;Regular Air;Corporate;Office Supplies;Storage & Organization;Small Box;Dual Level, Single-Width Filing Carts;0.59;United States;East;New York;New York City;10177;2/01/15;9/01/15;575.396;32;4902.38;37537
7786;High;0.09;122.99;70.2;68;Scott Bunn;Delivery Truck;Corporate;Furniture;Chairs & Chairmats;Jumbo Drum;Global High-Back Leather Tilter, Burgundy;0.74;United States;East;New York;New York City;10177;2/02/15;4/02/15;-2426.55;49;5718.85;55713
25786;High;0.09;122.99;70.2;70;Annette Boone;Delivery Truck;Corporate;Furniture;Chairs & Chairmats;Jumbo Drum;Global High-Back Leather Tilter, Burgundy;0.74;United States;East;Vermont;Burlington;5401;2/02/15;4/02/15;-2426.55;12;1400.53;87947
18281;High;0.04;296.18;54.12;83;Edgar Stone;Delivery Truck;Corporate;Furniture;Tables;Jumbo Box;Hon 94000 Series Round Tables;0.76;United States;East;Ohio;Canton;44708;15/03/15;15/03/15;-715.778206;6;1821.89;87365
23639;Not Specified;0.0;8.09;7.96;84;Helen Stein;Regular Air;Consumer;Furniture;Office Furnishings;Small Box;"6"" Cubicle Wall Clock, Black";0.49;United States;East;Ohio;Cincinnati;45231;2/02/15;3/02/15;-144.56;11;90.98;87364
23880;High;0.08;896.99;19.99;84;Helen Stein;Regular Air;Corporate;Office Supplies;Binders and Binder Accessories;Small Box;GBC DocuBind TL300 Electric Binding System;0.38;United States;East;Ohio;Cincinnati;45231;30/03/15;2/04/15;7402.32;13;10728.0;87366
23841;High;0.09;4.91;0.5;87;Norman Shields;Regular Air;Corporate;Office Supplies;Labels;Small Box;Avery 493;0.36;United States;West;California;Vacaville;95687;22/03/15;23/03/15;28.8558;9;41.82;90597
23842;High;0.01;296.18;54.12;87;Norman Shields;Delivery Truck;Corporate;Furniture;Tables;Jumbo Box;Hon 94000 Series Round Tables;0.76;United States;West;California;Vacaville;95687;22/03/15;25/03/15;173.48;9;2875.72;90597
19877;Medium;0.05;5.18;2.04;91;Wallace Werner;Regular Air;Home Office;Office Supplies;Paper;Wrap Bag;Array® Memo Cubes;0.36;United States;West;California;Vallejo;94591;18/02/15;20/02/15;34.0104;10;53.54;87176
19611;Medium;0.06;175.99;8.99;91;Wallace Werner;Regular Air;Corporate;Technology;Telephones and Communication;Small Box;2180;0.57;United States;West;California;Vallejo;94591;4/03/15;6/03/15;2031.507;23;3363.53;87177
19074;High;0.03;4.26;1.2;114;Ron Newton;Regular Air;Home Office;Office Supplies;Pens & Art Supplies;Wrap Bag;Dixon Prang® Watercolor Pencils, 10-Color Set with Brush;0.44;United States;West;Oregon;Lake Oswego;97035;3/01/15;4/01/15;18.658;7;29.5;89583
1074;High;0.03;4.26;1.2;117;Linda Weiss;Regular Air;Home Office;Office Supplies;Pens & Art Supplies;Wrap Bag;Dixon Prang® Watercolor Pencils, 10-Color Set with Brush;0.44;United States;West;Washington;Seattle;98103;3/01/15;4/01/15;9.82;29;122.23;7909
20688;High;0.05;6.3;0.5;120;Helen H Murphy;Regular Air;Corporate;Office Supplies;Labels;Small Box;Avery 51;0.39;United States;West;Utah;Layton;84041;12/01/15;13/01/15;41.2965;10;59.85;86520
20689;High;0.09;205.99;3.0;120;Helen H Murphy;Express Air;Corporate;Technology;Telephones and Communication;Small Box;6185;0.58;United States;West;Utah;Layton;84041;12/01/15;14/01/15;1179.0237;10;1708.73;86520
24319;Not Specified;0.02;1.74;4.08;129;Kara Allison;Regular Air;Small Business;Furniture;Office Furnishings;Small Pack;Eldon Regeneration Recycled Desk Accessories, Smoke;0.53;United States;Central;Illinois;Alton;62002;27/01/15;28/01/15;-37.39;5;10.23;86693
24849;Medium;0.06;7.04;2.17;145;Rhonda Ivey;Regular Air;Small Business;Office Supplies;Paper;Wrap Bag;"Wirebound Message Books, 2 7/8"" x 5"", 3 Forms per Page";0.38;United States;East;Pennsylvania;West Mifflin;15122;15/01/15;17/01/15;2.4852;2;14.65;91086
25582;Low;0.07;154.13;69.0;145;Rhonda Ivey;Express Air;Home Office;Furniture;Tables;Large Box;Laminate Occasional Tables;0.68;United States;East;Pennsylvania;West Mifflin;15122;16/03/15;16/03/15;-634.7341;3;453.62;91089
23365;Not Specified;0.01;45.98;4.8;146;Yvonne Fox;Regular Air;Small Business;Furniture;Office Furnishings;Wrap Bag;Tenex B1-RE Series Chair Mats for Low Pile Carpets;0.68;United States;Central;Texas;Watauga;76148;12/03/15;13/03/15;133.5771;4;193.59;91088
19058;Critical;0.09;32.98;5.5;151;Geoffrey Zhu;Regular Air;Home Office;Technology;Computer Peripherals;Small Box;PC Concepts 116 Key Quantum 3000 Keyboard;0.75;United States;South;Tennessee;Kingsport;37664;22/01/15;23/01/15;-20.258;2;62.46;89521
21103;Critical;0.09;2.88;0.7;152;Kent Kerr;Regular Air;Consumer;Office Supplies;Pens & Art Supplies;Wrap Bag;Newell 335;0.56;United States;South;Tennessee;Knoxville;37918;15/01/15;16/01/15;-172.718;2;5.5;89520
21767;High;0.01;65.99;8.99;152;Kent Kerr;Regular Air;Consumer;Technology;Telephones and Communication;Small Box;StarTAC Analog;0.6;United States;South;Tennessee;Knoxville;37918;29/03/15;1/04/15;97.86;5;292.23;89524
20324;High;0.03;10.89;4.5;156;Diana Xu;Regular Air;Corporate;Office Supplies;Appliances;Small Box;Belkin 6 Outlet Metallic Surge Strip;0.59;United States;West;Colorado;Fort Collins;80525;25/01/15;26/01/15;-18.64;3;33.82;87672
26102;Medium;0.05;100.98;35.84;164;Robin Kramer Vaughn;Delivery Truck;Home Office;Furniture;Bookcases;Jumbo Box;Bush Westfield Collection Bookcases, Fully Assembled;0.62;United States;West;Washington;Richland;99352;2/01/15;4/01/15;-111.4;7;715.55;89961
26103;Medium;0.02;4.98;5.49;164;Robin Kramer Vaughn;Regular Air;Home Office;Office Supplies;Paper;Small Box;Xerox 1952;0.38;United States;West;Washington;Richland;99352;2/01/15;3/01/15;-77.03;9;45.63;89961
21040;Low;0.08;399.98;12.06;166;Vicki Hauser;Delivery Truck;Consumer;Technology;Office Machines;Jumbo Box;Okidata ML320 Series Turbo Dot Matrix Printers;0.56;United States;South;Tennessee;Lebanon;37087;11/01/15;18/01/15;28.5141;5;1839.91;89426
19315;Low;0.08;43.22;16.71;169;Janice Cole;Regular Air;Corporate;Technology;Computer Peripherals;Small Box;Fellowes Mobile Numeric Keypad, Graphite;0.66;United States;South;Louisiana;Baton Rouge;70802;3/01/15;5/01/15;280.27458;3;130.62;87463
19316;Low;0.05;574.74;24.49;169;Janice Cole;Regular Air;Corporate;Technology;Office Machines;Large Box;Polycom ViaVideo™ Desktop Video Communications Unit;0.37;United States;South;Louisiana;Baton Rouge;70802;3/01/15;10/01/15;-112.4263;12;6945.16;87463
19317;Low;0.04;10.14;2.27;169;Janice Cole;Regular Air;Corporate;Office Supplies;Paper;Wrap Bag;"Staples Wirebound Steno Books, 6"" x 9"", 12/Pack";0.36;United States;South;Louisiana;Baton Rouge;70802;3/01/15;7/01/15;24.924;3;30.94;87463
5361;Critical;0.02;49.99;19.99;181;Wesley Waller;Regular Air;Small Business;Technology;Computer Peripherals;Small Box;Zoom V.92 USB External Faxmodem;0.41;United States;West;California;San Francisco;94122;21/02/15;21/02/15;-76.89;18;901.81;38087
23361;Critical;0.02;49.99;19.99;184;Phillip Holmes;Regular Air;Small Business;Technology;Computer Peripherals;Small Box;Zoom V.92 USB External Faxmodem;0.41;United States;East;Massachusetts;Arlington;2474;21/02/15;21/02/15;-76.89;5;250.5;88360
18817;High;0.1;58.1;1.49;190;Lloyd Norris;Regular Air;Corporate;Office Supplies;Binders and Binder Accessories;Small Box;Avery Arch Ring Binders;0.38;United States;Central;Illinois;Arlington Heights;60004;12/02/15;13/02/15;113.6499;3;164.71;89092
18818;High;0.01;80.48;4.5;191;Gerald Kearney;Regular Air;Corporate;Office Supplies;Appliances;Small Box;APC 7 Outlet Network SurgeArrest Surge Protector;0.55;United States;Central;Illinois;Aurora;60505;12/02/15;15/02/15;-35.4744;1;79.68;89092
19663;Not Specified;0.0;213.45;14.7;193;Danny Hong;Delivery Truck;Corporate;Technology;Office Machines;Jumbo Drum;Panasonic KX-P2130 Dot Matrix Printer;0.59;United States;West;Utah;Layton;84041;3/01/15;5/01/15;-560.81418;1;224.12;90430
20645;Medium;0.07;6.54;5.27;193;Danny Hong;Regular Air;Corporate;Office Supplies;Binders and Binder Accessories;Small Box;Wilson Jones® Four-Pocket Poly Binders;0.36;United States;West;Utah;Layton;84041;30/03/15;1/04/15;-66.0445;21;140.3;90432
24273;Not Specified;0.02;6.48;9.17;194;Tammy Goldman;Regular Air;Corporate;Office Supplies;Paper;Small Box;Xerox 1996;0.37;United States;West;Utah;Lehi;84043;10/01/15;11/01/15;-105.6852;4;28.2;90431
20646;Medium;0.09;3.29;1.35;194;Tammy Goldman;Regular Air;Corporate;Office Supplies;Rubber Bands;Wrap Bag;Acco® Hot Clips™ Clips to Go;0.4;United States;West;Utah;Lehi;84043;30/03/15;1/04/15;15.66;23;71.55;90432
18783;High;0.03;7.37;5.53;202;Max Small;Regular Air;Corporate;Technology;Computer Peripherals;Small Pack;"Imation 3.5"" Unformatted DS/HD Diskettes, 10/Box";0.69;United States;Central;Oklahoma;Bartlesville;74006;16/01/15;18/01/15;-133.7;11;85.79;88972
21401;Low;0.05;1.86;2.58;210;Floyd Dale;Regular Air;Home Office;Office Supplies;Rubber Bands;Wrap Bag;Super Bands, 12/Pack;0.82;United States;East;New York;Troy;12180;17/01/15;21/01/15;-66.62;9;17.61;85965
23605;Medium;0.01;10.06;2.06;211;Anna Wood;Regular Air;Consumer;Office Supplies;Paper;Wrap Bag;Riverleaf Stik-Withit® Designer Note Cubes®;0.39;United States;East;New York;Utica;13501;6/01/15;8/01/15;7.59;2;21.2;85964
23606;Medium;0.0;65.99;5.92;211;Anna Wood;Regular Air;Consumer;Technology;Telephones and Communication;Small Box;252;0.55;United States;East;New York;Utica;13501;6/01/15;8/01/15;-107.987;3;173.32;85964
25500;Medium;0.07;5.81;8.49;233;Michele Bullard;Regular Air;Small Business;Office Supplies;Binders and Binder Accessories;Small Box;Fellowes Black Plastic Comb Bindings;0.39;United States;Central;Illinois;Orland Park;60462;20/02/15;22/02/15;-243.2365;10;58.8;90237
25501;Medium;0.04;9.65;6.22;233;Michele Bullard;Regular Air;Small Business;Furniture;Office Furnishings;Small Box;Eldon Expressions™ Desk Accessory, Wood Pencil Holder, Oak;0.55;United States;Central;Illinois;Orland Park;60462;20/02/15;21/02/15;-53.62;12;120.47;90237
23058;Critical;0.06;279.81;23.19;234;Don Cameron;Delivery Truck;Small Business;Office Supplies;Appliances;Jumbo Drum;Sanyo 2.5 Cubic Foot Mid-Size Office Refrigerators;0.59;United States;Central;Iowa;Newton;50208;5/02/15;6/02/15;1103.9724;6;1599.96;90236
25121;High;0.03;28.53;1.49;234;Don Cameron;Regular Air;Small Business;Office Supplies;Binders and Binder Accessories;Small Box;Lock-Up Easel 'Spel-Binder';0.38;United States;Central;Iowa;Newton;50208;27/03/15;29/03/15;136.3371;7;197.59;90238
25122;High;0.01;15.28;1.99;234;Don Cameron;Regular Air;Small Business;Technology;Computer Peripherals;Small Pack;Memorex 4.7GB DVD+R, 3/Pack;0.42;United States;Central;Iowa;Newton;50208;27/03/15;29/03/15;-12.46;2;33.04;90238
18885;Not Specified;0.0;442.14;14.7;236;Shawn McIntyre;Delivery Truck;Corporate;Technology;Office Machines;Jumbo Drum;Okidata ML390 Turbo Dot Matrix Printers;0.56;United States;West;Colorado;Louisville;80027;22/02/15;22/02/15;3294.8259;10;4775.11;86621
18849;Medium;0.02;146.05;80.2;247;Marshall Brandt Briggs;Delivery Truck;Corporate;Furniture;Tables;Jumbo Box;BPI Conference Tables;0.71;United States;South;Tennessee;Maryville;37804;23/02/15;23/02/15;-101.192;5;798.69;89139
18850;Medium;0.06;65.99;5.92;247;Marshall Brandt Briggs;Regular Air;Corporate;Technology;Telephones and Communication;Small Box;252;0.55;United States;South;Tennessee;Maryville;37804;23/02/15;24/02/15;-3.332;14;792.11;89139
18842;Medium;0.09;2.88;0.99;247;Marshall Brandt Briggs;Regular Air;Corporate;Office Supplies;Labels;Small Box;Avery 514;0.36;United States;South;Tennessee;Maryville;37804;21/03/15;23/03/15;-145.082;10;28.73;89140
20577;Critical;0.03;8.34;2.64;256;Irene Li;Regular Air;Home Office;Office Supplies;Scissors, Rulers and Trimmers;Small Pack;Acme® Elite Stainless Steel Scissors;0.59;United States;East;Pennsylvania;Hanover;17331;31/01/15;2/02/15;0.684;4;34.64;86267
24498;Medium;0.05;17.48;1.99;258;Allan Shields;Regular Air;Consumer;Technology;Computer Peripherals;Small Pack;Maxell Pro 80 Minute CD-R, 10/Pack;0.45;United States;South;Florida;Seminole;33772;2/01/15;4/01/15;-127.008;3;52.47;85858
18011;Low;0.09;2.88;0.7;259;Edward Pugh;Regular Air;Consumer;Office Supplies;Pens & Art Supplies;Wrap Bag;Newell 340;0.56;United States;West;New Mexico;Santa Fe;87505;19/01/15;19/01/15;5.7532;10;26.38;85857
22370;High;0.05;31.76;45.51;263;Carlos Hess;Delivery Truck;Small Business;Furniture;Tables;Jumbo Box;Hon iLevel™ Computer Training Table;0.65;United States;East;Ohio;Cleveland Heights;44106;21/01/15;23/01/15;-2177.986096;9;304.34;86297
19515;Medium;0.1;80.97;30.06;271;Sam Rouse;Delivery Truck;Small Business;Technology;Office Machines;Jumbo Box;Hewlett-Packard Deskjet 940 REFURBISHED Color Inkjet Printer;0.4;United States;South;Georgia;Forest Park;30297;30/03/15;31/03/15;128.0253;12;899.81;88940
22180;Not Specified;0.09;15.28;10.91;275;Roger Blalock Cassidy;Regular Air;Corporate;Office Supplies;Binders and Binder Accessories;Small Box;Recycled Premium Regency Composition Covers;0.36;United States;East;Connecticut;Fairfield;6824;24/01/15;25/01/15;-51.75;4;61.52;89292
25624;Critical;0.09;28.48;1.99;288;Patricia Cole Blair;Regular Air;Small Business;Technology;Computer Peripherals;Small Pack;Memorex 4.7GB DVD+RW, 3/Pack;0.4;United States;Central;Kansas;Wichita;67212;16/01/15;19/01/15;132.687;7;192.3;89762
25625;Critical;0.08;65.99;4.99;288;Patricia Cole Blair;Express Air;Small Business;Technology;Telephones and Communication;Small Box;MicroTAC 650;0.58;United States;Central;Kansas;Wichita;67212;16/01/15;18/01/15;496.89;14;748.1;89762
21223;Not Specified;0.04;4.98;4.62;290;Sara O'Connor;Regular Air;Small Business;Technology;Computer Peripherals;Small Pack;"Imation 3.5"", DISKETTE 44766 HGHLD3.52HD/FM, 10/Pack";0.64;United States;West;Colorado;Loveland;80538;25/03/15;26/03/15;-135.16;20;102.54;90837
23302;High;0.01;8.33;1.99;306;Thomas McAllister;Regular Air;Small Business;Technology;Computer Peripherals;Small Pack;80 Minute Slim Jewel Case CD-R , 10/Pack - Staples;0.52;United States;East;Maryland;Pikesville;21208;14/02/15;15/02/15;15.8952;8;70.16;87057
23303;High;0.04;85.99;0.99;306;Thomas McAllister;Regular Air;Small Business;Technology;Telephones and Communication;Wrap Bag;Accessory34;0.55;United States;East;Maryland;Pikesville;21208;14/02/15;16/02/15;855.9933;17;1240.57;87057
5302;High;0.01;8.33;1.99;308;Glen Caldwell;Regular Air;Small Business;Technology;Computer Peripherals;Small Pack;80 Minute Slim Jewel Case CD-R , 10/Pack - Staples;0.52;United States;West;Washington;Seattle;98115;14/02/15;15/02/15;10.74;32;280.62;37760
18853;Medium;0.04;1637.53;24.49;314;Ruby Gibbons;Regular Air;Corporate;Office Supplies;Scissors, Rulers and Trimmers;Medium Box;High Speed Automatic Electric Letter Opener;0.81;United States;Central;Illinois;Forest Park;60130;20/03/15;22/03/15;-1759.58;2;3206.94;89166
18852;Medium;0.01;19.98;4.0;315;Benjamin Kaufman;Regular Air;Corporate;Technology;Computer Peripherals;Small Box;Belkin 105-Key Black Keyboard;0.68;United States;East;Massachusetts;Belchertown;1007;20/03/15;20/03/15;-72.23;2;43.08;89166
23481;Medium;0.08;7.77;9.23;339;Bobby Clements;Regular Air;Corporate;Office Supplies;Appliances;Small Box;Hoover Commercial Soft Guard Upright Vacuum And Disposable Filtration Bags;0.58;United States;East;Ohio;Columbus;43229;17/03/15;18/03/15;-83.65;5;40.3;90583
23482;Medium;0.07;7.59;4.0;339;Bobby Clements;Regular Air;Corporate;Furniture;Office Furnishings;Wrap Bag;Master Giant Foot® Doorstop, Safety Yellow;0.42;United States;East;Ohio;Columbus;43229;17/03/15;19/03/15;24.39;15;111.88;90583
22784;Critical;0.03;15.23;27.75;343;Lynn Epstein;Delivery Truck;Corporate;Furniture;Tables;Jumbo Box;Anderson Hickey Conga Table Tops & Accessories;0.76;United States;East;Maine;Bangor;4401;31/01/15;1/02/15;11.65095;7;111.86;88151
1595;Medium;0.04;99.23;8.99;349;Kim Weiss;Regular Air;Home Office;Furniture;Office Furnishings;Small Pack;"GE 48"" Fluorescent Tube, Cool White Energy Saver, 34 Watts, 30/Box";0.35;United States;South;Florida;Miami;33132;2/01/15;4/01/15;1916.6757;54;5555.6;11527
19595;Medium;0.04;99.23;8.99;351;Juanita Coley Knox;Regular Air;Home Office;Furniture;Office Furnishings;Small Pack;"GE 48"" Fluorescent Tube, Cool White Energy Saver, 34 Watts, 30/Box";0.35;United States;East;New York;Watertown;13601;2/01/15;4/01/15;993.8346;14;1440.34;88686
24627;Low;0.04;125.99;8.99;358;Chris F Brandt;Regular Air;Corporate;Technology;Telephones and Communication;Small Box;M70;0.59;United States;East;Pennsylvania;King of Prussia;19406;9/01/15;16/01/15;-627.82192;1;107.95;91130
18278;Medium;0.05;328.14;91.05;366;Patrick Rosenthal;Delivery Truck;Small Business;Office Supplies;Appliances;Jumbo Drum;Sanyo Counter Height Refrigerator with Crisper, 3.6 Cubic Foot, Stainless Steel/Black;0.57;United States;East;Rhode Island;Cranston;2910;17/01/15;19/01/15;411.5172;6;1967.98;87347
3392;Not Specified;0.02;200.98;55.96;373;Jeanne Werner;Delivery Truck;Small Business;Furniture;Bookcases;Jumbo Box;O'Sullivan Living Dimensions 3-Shelf Bookcases;0.75;United States;Central;Michigan;Detroit;48234;14/03/15;16/03/15;-163.63;45;9539.6;24193
3393;Not Specified;0.02;4.28;5.17;373;Jeanne Werner;Regular Air;Small Business;Office Supplies;Paper;Small Box;Xerox 1971;0.4;United States;Central;Michigan;Detroit;48234;14/03/15;15/03/15;-63.87;24;109.86;24193
3394;Not Specified;0.04;85.99;0.99;373;Jeanne Werner;Regular Air;Small Business;Technology;Telephones and Communication;Wrap Bag;Accessory4;0.85;United States;Central;Michigan;Detroit;48234;14/03/15;16/03/15;-175.175;19;1426.51;24193
21392;Not Specified;0.02;200.98;55.96;375;Sandra Sharma;Delivery Truck;Small Business;Furniture;Bookcases;Jumbo Box;O'Sullivan Living Dimensions 3-Shelf Bookcases;0.75;United States;South;Tennessee;Morristown;37814;14/03/15;16/03/15;-224.9478;11;2331.9;90917
21393;Not Specified;0.02;4.28;5.17;375;Sandra Sharma;Regular Air;Small Business;Office Supplies;Paper;Small Box;Xerox 1971;0.4;United States;South;Tennessee;Morristown;37814;14/03/15;15/03/15;196.8;6;27.47;90917
21281;Critical;0.06;5.34;5.63;383;Renee Alston;Regular Air;Corporate;Office Supplies;Binders and Binder Accessories;Small Box;"Pressboard Data Binder, Crimson, 12"" X 8 1/2""";0.39;United States;East;Pennsylvania;Drexel Hill;19026;19/03/15;19/03/15;-82.823;7;38.65;88928
21282;Critical;0.07;65.99;5.26;383;Renee Alston;Express Air;Corporate;Technology;Telephones and Communication;Small Box;8860;0.56;United States;East;Pennsylvania;Drexel Hill;19026;19/03/15;21/03/15;107.082;5;279.83;88928
22223;Critical;0.03;5.28;5.66;388;Roger Schwartz;Regular Air;Corporate;Office Supplies;Paper;Small Box;Xerox 4200 Series MultiUse Premium Copy Paper (20Lb. and 84 Bright);0.4;United States;Central;Nebraska;Kearney;68847;3/01/15;5/01/15;-51.5592;4;22.82;90337
22224;Critical;0.01;110.99;2.5;388;Roger Schwartz;Regular Air;Corporate;Technology;Telephones and Communication;Small Box;T18;0.57;United States;Central;Nebraska;Kearney;68847;3/01/15;6/01/15;-263.56572;2;188.66;90337
23853;Low;0.03;160.98;30.0;389;Joel Buckley;Delivery Truck;Corporate;Furniture;Chairs & Chairmats;Jumbo Drum;Office Star - Mid Back Dual function Ergonomic High Back Chair with 2-Way Adjustable Arms;0.62;United States;Central;Nebraska;Lincoln;68502;6/02/15;10/02/15;1273.2087;11;1845.23;90338
25449;Medium;0.02;34.98;7.53;392;Erica R Fuller;Regular Air;Corporate;Technology;Computer Peripherals;Small Box;Fellowes EZ Multi-Media Keyboard;0.76;United States;Central;Missouri;Clayton;63105;5/03/15;7/03/15;-159.68;1;37.16;86383
25450;Medium;0.01;19.99;11.17;392;Erica R Fuller;Regular Air;Corporate;Furniture;Office Furnishings;Large Box;Telescoping Adjustable Floor Lamp;0.6;United States;Central;Missouri;Clayton;63105;5/03/15;8/03/15;27.91;2;43.65;86383
22598;Low;0.07;9.71;9.45;393;Shawn Combs;Regular Air;Corporate;Office Supplies;Storage & Organization;Small Box;Filing/Storage Totes and Swivel Casters;0.6;United States;East;New York;Auburn;13021;15/02/15;22/02/15;-81.77;3;31.44;86382
20693;Critical;0.1;154.13;69.0;397;Denise Carver;Regular Air;Corporate;Furniture;Tables;Large Box;Laminate Occasional Tables;0.68;United States;East;Ohio;Cuyahoga Falls;44221;2/02/15;3/02/15;-372.485971;8;1216.32;89319
21739;Critical;0.09;999.99;13.99;421;Scott Feldman;Regular Air;Small Business;Technology;Office Machines;Medium Box;Polycom Soundstation EX Audio-Conferencing Telephone, Black;0.36;United States;East;New Jersey;Elizabeth;7201;6/02/15;8/02/15;-2531.4825;1;919.09;87700
22355;High;0.02;15.28;1.99;428;Ernest Barber;Regular Air;Corporate;Technology;Computer Peripherals;Small Pack;Memorex 4.7GB DVD+R, 3/Pack;0.42;United States;West;Nevada;Carson City;89701;15/01/15;16/01/15;163.1574;15;236.46;88479
22356;High;0.0;85.99;3.3;428;Ernest Barber;Regular Air;Corporate;Technology;Telephones and Communication;Small Pack;Accessory20;0.37;United States;West;Nevada;Carson City;89701;15/01/15;16/01/15;-302.225;1;73.82;88479
25351;Not Specified;0.05;10.98;4.8;428;Ernest Barber;Regular Air;Corporate;Office Supplies;Envelopes;Small Box;"Manila Recycled Extra-Heavyweight Clasp Envelopes, 6"" x 9""";0.36;United States;West;Nevada;Carson City;89701;3/03/15;5/03/15;90.62;22;243.11;88480
18536;Low;0.01;8.88;6.28;451;Joyce Murray;Regular Air;Home Office;Office Supplies;Binders and Binder Accessories;Small Box;GBC Instant Index™ System for Binding Systems;0.35;United States;West;California;Los Altos;94024;5/01/15;10/01/15;-15.456;2;19.86;86013
18537;Low;0.06;2.88;0.99;451;Joyce Murray;Regular Air;Home Office;Office Supplies;Labels;Small Box;Avery 514;0.36;United States;West;California;Los Altos;94024;5/01/15;14/01/15;16.0494;8;23.26;86013
18467;Low;0.07;165.2;19.99;463;Debbie Stevenson;Regular Air;Small Business;Office Supplies;Storage & Organization;Small Box;Economy Rollaway Files;0.59;United States;West;California;West Hollywood;90069;14/01/15;16/01/15;521.69;7;1081.54;88061
22754;Not Specified;0.08;297.64;14.7;466;Marc Nash;Delivery Truck;Small Business;Technology;Office Machines;Jumbo Drum;Panasonic KX-P3200 Dot Matrix Printer;0.57;United States;East;Massachusetts;Bellingham;2019;11/01/15;11/01/15;496.7968;5;1132.84;88060
22755;Not Specified;0.02;12.99;14.37;467;Maria Thomas;Regular Air;Small Business;Furniture;Office Furnishings;Large Box;"Tensor ""Hersey Kiss"" Styled Floor Lamp";0.73;United States;East;Massachusetts;Beverly;1915;11/01/15;12/01/15;-556.8096;11;143.63;88060
22756;Not Specified;0.06;14.42;6.75;468;Craig Bennett;Regular Air;Small Business;Office Supplies;Appliances;Medium Box;Holmes Odor Grabber;0.52;United States;East;Massachusetts;Hanson;2341;11/01/15;12/01/15;-27.7388;5;73.04;88060
22757;Not Specified;0.05;4.14;6.6;469;Marion Bowling;Express Air;Small Business;Furniture;Office Furnishings;Small Box;Eldon Image Series Black Desk Accessories;0.49;United States;East;New Jersey;Hawthorne;7506;11/01/15;13/01/15;-128.6872;7;33.35;88060
22758;Not Specified;0.03;11.34;5.01;470;Tony Doyle;Regular Air;Small Business;Office Supplies;Paper;Small Box;Xerox 188;0.36;United States;East;New Jersey;Trenton;8601;11/01/15;11/01/15;23.2028;5;60.24;88060
462;Not Specified;0.07;179.99;19.99;471;Ross Simpson;Express Air;Consumer;Technology;Computer Peripherals;Small Box;Motorola SB4200 Cable Modem;0.48;United States;South;Georgia;Atlanta;30318;8/02/15;8/02/15;-568.5351;4;718.03;3138
18462;Not Specified;0.07;179.99;19.99;472;Donna Craven;Express Air;Consumer;Technology;Computer Peripherals;Small Box;Motorola SB4200 Cable Modem;0.48;United States;East;Maryland;Randallstown;21133;8/02/15;8/02/15;-427.47;1;179.51;88023
20637;Critical;0.03;11.97;4.98;483;Edgar McKenzie;Regular Air;Corporate;Office Supplies;Appliances;Small Box;Staples 6 Outlet Surge;0.58;United States;Central;Illinois;Oswego;60543;27/01/15;28/01/15;-18.19;6;73.18;90353
20668;Not Specified;0.05;2.88;0.5;485;Edward Leonard;Regular Air;Corporate;Office Supplies;Labels;Small Box;Avery 49;0.36;United States;West;California;Fresno;93727;18/03/15;20/03/15;6.0513;3;8.77;91062
1450;Critical;0.01;4.98;6.07;491;Toni Swanson;Regular Air;Consumer;Office Supplies;Paper;Small Box;Xerox 1897;0.36;United States;East;New York;New York City;10154;10/02/15;11/02/15;-69.07;41;217.0;10464
18757;Not Specified;0.02;6.48;6.6;493;Douglas Buck;Regular Air;Consumer;Office Supplies;Paper;Small Box;Xerox 21;0.37;United States;West;Washington;Seatac;98158;20/01/15;22/01/15;-92.05;10;66.71;88906
18758;Not Specified;0.04;17.15;4.96;493;Douglas Buck;Regular Air;Consumer;Office Supplies;Storage & Organization;Small Box;Advantus Rolling Storage Box;0.58;United States;West;Washington;Seatac;98158;20/01/15;21/01/15;6.11;5;87.16;88906
19450;Critical;0.01;4.98;6.07;494;Jimmy Alston Holder;Regular Air;Consumer;Office Supplies;Paper;Small Box;Xerox 1897;0.36;United States;West;Washington;Seattle;98115;10/02/15;11/02/15;-35.9164;10;52.93;88907
21958;High;0.01;20.98;53.03;508;Cameron Owens;Delivery Truck;Corporate;Office Supplies;Storage & Organization;Jumbo Drum;Tennsco Lockers, Gray;0.78;United States;South;Kentucky;Covington;41011;23/02/15;23/02/15;-282.0818;5;123.0;87356
19895;Low;0.02;48.04;5.09;510;Gregory Rao;Regular Air;Corporate;Office Supplies;Paper;Small Box;Xerox 1910;0.37;United States;West;California;Manteca;95336;13/01/15;13/01/15;105.2526;3;152.54;90058
20007;Critical;0.03;6.37;5.19;510;Gregory Rao;Regular Air;Corporate;Office Supplies;Binders and Binder Accessories;Small Box;C-Line Peel & Stick Add-On Filing Pockets, 8-3/4 x 5-1/8, 10/Pack;0.38;United States;West;California;Manteca;95336;1/02/15;2/02/15;-29.0927;14;89.79;90059
21517;Not Specified;0.03;1270.99;19.99;524;Gina McKnight;Regular Air;Consumer;Office Supplies;Binders and Binder Accessories;Small Box;Fellowes PB500 Electric Punch Plastic Comb Binding Machine with Manual Bind;0.35;United States;South;Tennessee;Farragut;37922;20/01/15;22/01/15;363.552;2;2589.01;91127
21518;Not Specified;0.07;2036.48;14.7;524;Gina McKnight;Delivery Truck;Consumer;Technology;Office Machines;Jumbo Drum;Lexmark 4227 Plus Dot Matrix Printer;0.55;United States;South;Tennessee;Farragut;37922;20/01/15;22/01/15;-11.536;1;1893.93;91127
20494;Not Specified;0.0;1.88;1.49;526;April Hu;Regular Air;Home Office;Office Supplies;Binders and Binder Accessories;Small Box;Staples® General Use 3-Ring Binders;0.37;United States;West;Arizona;Mesa;85204;17/01/15;18/01/15;-15.5595;13;25.39;90027
20495;Not Specified;0.06;5.78;5.67;526;April Hu;Regular Air;Home Office;Office Supplies;Paper;Small Box;Xerox 1978;0.36;United States;West;Arizona;Mesa;85204;17/01/15;18/01/15;-108.19;15;87.27;90027
25806;Not Specified;0.02;7.1;6.05;549;Dennis Boykin Townsend;Regular Air;Corporate;Office Supplies;Binders and Binder Accessories;Small Box;"Wilson Jones Hanging View Binder, White, 1""";0.39;United States;West;New Mexico;Roswell;88201;20/01/15;20/01/15;-66.378;9;66.32;90908
24132;High;0.05;1.68;1.57;550;Edna Monroe Talley;Regular Air;Corporate;Office Supplies;Pens & Art Supplies;Wrap Bag;Newell 323;0.59;United States;Central;Texas;Seguin;78155;30/01/15;31/01/15;-33.34;11;18.75;90909
24133;High;0.1;218.75;69.64;550;Edna Monroe Talley;Delivery Truck;Corporate;Furniture;Tables;Jumbo Box;BoxOffice By Design Rectangular and Half-Moon Meeting Room Tables;0.77;United States;Central;Texas;Seguin;78155;30/01/15;1/02/15;-201.276;1;188.51;90909
24134;High;0.0;15.04;1.97;551;Peggy Chan;Regular Air;Corporate;Office Supplies;Paper;Wrap Bag;White GlueTop Scratch Pads;0.39;United States;Central;Texas;Sherman;75090;30/01/15;1/02/15;21.5142;2;31.18;90909
2368;Medium;0.0;6.88;2.0;553;Kristine Connolly;Express Air;Home Office;Office Supplies;Paper;Wrap Bag;Adams Phone Message Book, 200 Message Capacity, 8 1/16” x 11”;0.39;United States;West;California;Los Angeles;90008;28/01/15;29/01/15;34.068;36;267.53;17155
349;Not Specified;0.07;2036.48;14.7;553;Kristine Connolly;Delivery Truck;Corporate;Technology;Office Machines;Jumbo Drum;Lexmark 4227 Plus Dot Matrix Printer;0.55;United States;West;California;Los Angeles;90008;21/02/15;21/02/15;4073.25;25;43046.2;2433
18349;Not Specified;0.07;2036.48;14.7;555;Walter Young;Delivery Truck;Corporate;Technology;Office Machines;Jumbo Drum;Lexmark 4227 Plus Dot Matrix Printer;0.55;United States;West;Utah;Pleasant Grove;84062;21/02/15;21/02/15;6028.41;6;10331.09;86190
20368;Medium;0.0;6.88;2.0;556;Kristina Sanders;Express Air;Home Office;Office Supplies;Paper;Wrap Bag;Adams Phone Message Book, 200 Message Capacity, 8 1/16” x 11”;0.39;United States;West;Utah;Provo;84604;28/01/15;29/01/15;46.1472;9;66.88;86189
20369;Medium;0.03;32.48;35.0;556;Kristina Sanders;Express Air;Home Office;Office Supplies;Storage & Organization;Large Box;Fellowes Neat Ideas® Storage Cubes;0.81;United States;West;Utah;Provo;84604;28/01/15;28/01/15;-1116.3348;8;274.91;86189
21966;Critical;0.02;280.98;57.0;568;Peter McConnell;Delivery Truck;Consumer;Furniture;Chairs & Chairmats;Jumbo Drum;Hon 2090 “Pillow Soft” Series Mid Back Swivel/Tilt Chairs;0.78;United States;South;Mississippi;Columbus;39701;4/03/15;5/03/15;1141.794;4;1128.74;88879
26038;Low;0.06;7.99;5.03;570;Katharine Bass;Regular Air;Consumer;Technology;Telephones and Communication;Medium Box;Bell Sonecor JB700 Caller ID;0.6;United States;West;Nevada;Henderson;89015;13/01/15;13/01/15;-122.133;10;65.74;88881
23719;Critical;0.05;4.13;5.04;573;Vanessa Winstead;Regular Air;Home Office;Office Supplies;Binders and Binder Accessories;Small Box;"ACCOHIDE® 3-Ring Binder, Blue, 1""";0.38;United States;Central;Illinois;Pekin;61554;13/03/15;14/03/15;-12.1555;1;5.84;86555
21992;High;0.08;415.88;11.37;573;Vanessa Winstead;Regular Air;Corporate;Office Supplies;Storage & Organization;Small Box;Deluxe Rollaway Locking File with Drawer;0.57;United States;Central;Illinois;Pekin;61554;26/02/15;27/02/15;-269.0844;1;405.57;86556
21325;Low;0.06;4.48;49.0;576;Gordon Lyon;Regular Air;Corporate;Office Supplies;Appliances;Large Box;Hoover Portapower™ Portable Vacuum;0.6;United States;West;California;Pomona;91767;13/01/15;17/01/15;-566.0;4;32.6;88645
24180;Not Specified;0.04;15.51;17.78;584;Timothy Currie;Regular Air;Corporate;Office Supplies;Storage & Organization;Small Box;Tenex File Box, Personal Filing Tote with Lid, Black;0.59;United States;East;Massachusetts;Woburn;1801;21/01/15;23/01/15;-266.22;7;116.93;88646
19781;Critical;0.08;30.53;19.99;592;Eva Silverman;Regular Air;Small Business;Office Supplies;Labels;Small Box;Avery 4027 File Folder Labels for Dot Matrix Printers, 5000 Labels per Box, White;0.39;United States;Central;Illinois;Wilmette;60091;17/01/15;17/01/15;-239.8656;10;285.87;86307
19782;Critical;0.01;1.68;1.57;593;Joel Huffman;Regular Air;Small Business;Office Supplies;Pens & Art Supplies;Wrap Bag;Newell 323;0.59;United States;Central;Illinois;Woodridge;60517;17/01/15;19/01/15;-53.444;12;20.37;86307
22996;Critical;0.09;13.79;8.78;594;Charlie Moore;Regular Air;Consumer;Furniture;Office Furnishings;Small Box;9-3/4 Diameter Round Wall Clock;0.43;United States;Central;Indiana;Anderson;46016;15/03/15;17/03/15;-22.12;1;17.44;86309
24480;Critical;0.03;3.8;1.49;596;Doris Fitzpatrick;Regular Air;Consumer;Office Supplies;Binders and Binder Accessories;Small Box;Durable Pressboard Binders;0.38;United States;Central;Indiana;Carmel;46032;15/02/15;17/02/15;15.2745;6;24.27;86308
24481;Critical;0.07;7.98;1.25;596;Doris Fitzpatrick;Regular Air;Consumer;Office Supplies;Paper;Wrap Bag;Adams Telephone Message Book w/Frequently-Called Numbers Space, 400 Messages per Book;0.35;United States;Central;Indiana;Carmel;46032;15/02/15;17/02/15;26.5857;5;38.53;86308
24482;Critical;0.07;417.4;75.23;596;Doris Fitzpatrick;Delivery Truck;Consumer;Furniture;Tables;Jumbo Box;Bretford “Just In Time” Height-Adjustable Multi-Task Work Tables;0.79;United States;Central;Indiana;Carmel;46032;15/02/15;16/02/15;-575.352;12;4910.72;86308
21274;Medium;0.06;6.48;7.37;600;Vickie Morse;Regular Air;Corporate;Office Supplies;Paper;Small Box;Xerox 210;0.37;United States;East;Maryland;Reisterstown;21136;13/03/15;14/03/15;-75.44;5;32.39;87579
20929;Not Specified;0.02;35.99;5.0;603;Gretchen Ball;Regular Air;Home Office;Technology;Telephones and Communication;Small Box;Accessory27;0.85;United States;West;Colorado;Pueblo;81001;3/02/15;5/02/15;-120.934;7;227.79;87020
4015;Critical;0.09;154.13;69.0;604;Lindsay P Ashley;Express Air;Corporate;Furniture;Tables;Large Box;Laminate Occasional Tables;0.68;United States;West;California;Los Angeles;90045;14/03/15;15/03/15;-1763.7477;38;5679.59;28647
4903;Critical;0.03;1.88;1.49;604;Lindsay P Ashley;Regular Air;Home Office;Office Supplies;Binders and Binder Accessories;Small Box;Staples® General Use 3-Ring Binders;0.37;United States;West;California;Los Angeles;90045;24/01/15;25/01/15;-15.0995;52;102.32;34882
22015;Critical;0.09;154.13;69.0;605;Alison Peters Wooten;Express Air;Corporate;Furniture;Tables;Large Box;Laminate Occasional Tables;0.68;United States;East;New York;West Islip;11795;14/03/15;15/03/15;-1763.7477;10;1494.63;91144
22196;Critical;0.06;17.98;4.0;618;Robert Cowan;Regular Air;Consumer;Technology;Computer Peripherals;Small Box;Belkin 107-key enhanced keyboard, USB/PS/2 interface;0.79;United States;West;Colorado;Pueblo West;81007;24/03/15;25/03/15;-78.13;4;70.06;88197
25539;Critical;0.03;14.2;5.3;619;Howard Rogers;Regular Air;Consumer;Furniture;Office Furnishings;Wrap Bag;Coloredge Poster Frame;0.46;United States;Central;Michigan;Southgate;48195;7/01/15;8/01/15;107.02;14;205.98;88196
22248;Medium;0.1;6.88;2.0;621;Heather Stern;Regular Air;Home Office;Office Supplies;Paper;Wrap Bag;Adams Phone Message Book, 200 Message Capacity, 8 1/16” x 11”;0.39;United States;East;Connecticut;Newington;6111;26/02/15;27/02/15;18.42;5;31.46;91432
22247;Medium;0.06;195.99;8.99;622;Hazel Khan;Regular Air;Home Office;Technology;Telephones and Communication;Small Box;T28 WORLD;0.6;United States;East;Maine;Auburn;4210;26/02/15;28/02/15;349.47;6;948.97;91432
19539;Low;0.06;160.98;35.02;637;Christopher Bryant;Delivery Truck;Consumer;Furniture;Bookcases;Jumbo Box;Rush Hierlooms Collection Rich Wood Bookcases;0.72;United States;West;California;Santa Clara;95051;20/03/15;24/03/15;-229.68;8;1232.01;87953
25893;Not Specified;0.0;236.97;59.24;639;Lois Rowland;Delivery Truck;Consumer;Furniture;Tables;Jumbo Box;Chromcraft Rectangular Conference Tables;0.61;United States;West;California;Santa Maria;93454;14/02/15;15/02/15;1192.04;9;1769.91;87952
7893;Not Specified;0.0;236.97;59.24;640;Neal Wolfe;Delivery Truck;Consumer;Furniture;Tables;Jumbo Box;Chromcraft Rectangular Conference Tables;0.61;United States;West;Washington;Seattle;98119;14/02/15;15/02/15;1192.04;34;6686.34;56452
1539;Low;0.06;160.98;35.02;640;Neal Wolfe;Delivery Truck;Consumer;Furniture;Bookcases;Jumbo Box;Rush Hierlooms Collection Rich Wood Bookcases;0.72;United States;West;Washington;Seattle;98119;20/03/15;24/03/15;-229.68;30;4620.05;11077
24199;High;0.08;15.99;13.18;651;Leah Clapp;Regular Air;Consumer;Office Supplies;Binders and Binder Accessories;Small Box;"GBC Pre-Punched Binding Paper, Plastic, White, 8-1/2"" x 11""";0.37;United States;West;Nevada;Las Vegas;89115;7/01/15;8/01/15;-246.92616;12;192.33;91575
23433;Low;0.04;880.98;44.55;651;Leah Clapp;Delivery Truck;Consumer;Furniture;Bookcases;Jumbo Box;Riverside Palais Royal Lawyers Bookcase, Royale Cherry Finish;0.62;United States;West;Nevada;Las Vegas;89115;15/02/15;19/02/15;4233.2588;8;6901.25;91576
23434;Low;0.07;13.4;4.95;651;Leah Clapp;Regular Air;Consumer;Furniture;Office Furnishings;Small Pack;Electrix 20W Halogen Replacement Bulb for Zoom-In Desk Lamp;0.37;United States;West;Nevada;Las Vegas;89115;15/02/15;20/02/15;102.7686;11;148.94;91576
23435;Low;0.01;15.99;11.28;651;Leah Clapp;Regular Air;Consumer;Technology;Office Machines;Medium Box;210 Trimline Phone, White;0.38;United States;West;Nevada;Las Vegas;89115;15/02/15;22/02/15;-36.671544;12;200.68;91576
20874;Critical;0.1;18.97;9.03;657;Derek McCormick;Regular Air;Consumer;Office Supplies;Paper;Small Box;Computer Printout Paper with Letter-Trim Perforations;0.37;United States;East;Massachusetts;Oxford;1540;19/01/15;21/01/15;-24.2048;1;19.73;91212
20875;Critical;0.0;119.99;56.14;659;Marjorie Arthur;Delivery Truck;Consumer;Technology;Office Machines;Jumbo Box;Hewlett-Packard 2600DN Business Color Inkjet Printer;0.39;United States;East;Vermont;South Burlington;5403;19/01/15;20/01/15;-126.05778;5;615.54;91212
21086;Low;0.04;22.72;8.99;665;Miriam Mueller;Regular Air;Corporate;Furniture;Office Furnishings;Small Pack;"Executive Impressions 14"" Two-Color Numerals Wall Clock";0.44;United States;South;Tennessee;Murfreesboro;37130;16/01/15;20/01/15;-678.496;9;202.41;88677
3086;Low;0.04;22.72;8.99;667;Allison Kirby;Regular Air;Corporate;Furniture;Office Furnishings;Small Pack;"Executive Impressions 14"" Two-Color Numerals Wall Clock";0.44;United States;Central;Texas;Dallas;75203;16/01/15;20/01/15;70.028;37;832.14;22147
24882;Medium;0.09;2.89;0.5;669;Amy Shea;Regular Air;Home Office;Office Supplies;Labels;Small Box;Avery 498;0.38;United States;Central;Iowa;Ottumwa;52501;20/03/15;22/03/15;40.4823;22;58.67;88475
24883;Medium;0.02;48.91;5.81;669;Amy Shea;Regular Air;Home Office;Office Supplies;Paper;Small Box;Xerox 1891;0.38;United States;Central;Iowa;Ottumwa;52501;20/03/15;21/03/15;32.86;2;101.06;88475
18808;Low;0.08;296.18;54.12;670;Lewis Baldwin;Delivery Truck;Home Office;Furniture;Tables;Jumbo Box;Hon 94000 Series Round Tables;0.76;United States;South;Virginia;Montclair;22025;5/03/15;12/03/15;-187.222;5;1429.81;88474
19423;Low;0.07;2.88;1.01;672;Brian Leach;Regular Air;Small Business;Office Supplies;Pens & Art Supplies;Wrap Bag;Sanford Colorific Colored Pencils, 12/Box;0.55;United States;Central;Iowa;Newton;50208;5/02/15;9/02/15;9.59;12;34.97;88173
19424;Low;0.1;195.99;3.99;672;Brian Leach;Regular Air;Small Business;Technology;Telephones and Communication;Small Box;R380;0.58;United States;Central;Iowa;Newton;50208;5/02/15;12/02/15;-655.424;2;308.86;88173
25059;Critical;0.06;161.55;19.99;674;Albert Frost;Regular Air;Small Business;Office Supplies;Storage & Organization;Small Box;Fellowes Super Stor/Drawer® Files;0.66;United States;Central;Missouri;Raytown;64133;2/01/15;3/01/15;-7.58;3;485.01;88174
21609;Medium;0.01;3.95;5.13;679;Katie Dougherty;Regular Air;Corporate;Office Supplies;Appliances;Small Box;Hoover Replacement Belts For Soft Guard™ & Commercial Ltweight Upright Vacs, 2/Pk;0.59;United States;West;Washington;Spanaway;98387;4/03/15;5/03/15;-19.93;2;10.11;88890
21610;Medium;0.02;367.99;19.99;679;Katie Dougherty;Regular Air;Corporate;Office Supplies;Binders and Binder Accessories;Small Box;Ibico Ibimaster 300 Manual Binding System;0.4;United States;West;Washington;Spanaway;98387;4/03/15;5/03/15;4568.6073;17;6621.17;88890
21612;Medium;0.04;95.99;4.9;680;Laurence Poe;Regular Air;Corporate;Technology;Telephones and Communication;Small Box;T60;0.56;United States;West;Washington;Spokane;99207;4/03/15;6/03/15;-258.225;3;253.78;88890
19325;Low;0.06;4.18;2.99;688;Ashley Reese;Regular Air;Small Business;Office Supplies;Binders and Binder Accessories;Small Box;Avery® Durable Slant Ring Binders With Label Holder;0.37;United States;Central;Missouri;Saint Louis;63116;6/03/15;8/03/15;-12.719;5;21.34;88504
26321;Medium;0.07;1.7;1.99;689;Tommy Honeycutt;Regular Air;Small Business;Technology;Computer Peripherals;Small Pack;BASF Silver 74 Minute CD-R;0.51;United States;Central;Missouri;Saint Peters;63376;4/02/15;5/02/15;-51.42;10;17.42;88502
19933;High;0.09;6.48;6.35;691;Alicia Curtis;Regular Air;Home Office;Office Supplies;Paper;Small Box;Xerox 200;0.37;United States;West;Washington;Tacoma;98408;21/03/15;22/03/15;-88.6;8;49.81;89915
19400;Low;0.02;500.98;41.44;693;Richard McClure;Delivery Truck;Small Business;Furniture;Bookcases;Jumbo Box;DMI Eclipse Executive Suite Bookcases;0.66;United States;West;Colorado;Thornton;80229;25/03/15;25/03/15;2568.4629;7;3722.41;87811
18736;Low;0.09;5.34;2.99;693;Richard McClure;Express Air;Small Business;Office Supplies;Binders and Binder Accessories;Small Box;Wilson Jones 14 Line Acrylic Coated Pressboard Data Binders;0.38;United States;West;Colorado;Thornton;80229;8/03/15;15/03/15;9.486;17;95.1;87812
18737;Low;0.07;140.98;53.48;693;Richard McClure;Delivery Truck;Small Business;Furniture;Bookcases;Jumbo Box;Bush Heritage Pine Collection 5-Shelf Bookcase, Albany Pine Finish, *Special Order;0.65;United States;West;Colorado;Thornton;80229;8/03/15;15/03/15;-263.65;5;734.74;87812
18738;Low;0.06;205.99;5.26;693;Richard McClure;Regular Air;Small Business;Technology;Telephones and Communication;Small Box;i470;0.56;United States;West;Colorado;Thornton;80229;8/03/15;15/03/15;890.181;11;1882.87;87812
22613;Medium;0.06;8.12;2.83;696;Johnny Reid;Regular Air;Corporate;Technology;Computer Peripherals;Small Pack;Imation Neon Mac Format Diskettes, 10/Pack;0.77;United States;Central;Indiana;Crown Point;46307;27/03/15;28/03/15;-82.83;10;78.54;89847
22614;Medium;0.05;51.65;18.45;696;Johnny Reid;Regular Air;Corporate;Furniture;Office Furnishings;Medium Box;Deflect-o EconoMat Nonstudded, No Bevel Mat;0.65;United States;Central;Indiana;Crown Point;46307;27/03/15;28/03/15;25.04;12;605.1;89847
22616;Medium;0.1;175.99;8.99;697;Adam G Sawyer;Regular Air;Corporate;Technology;Telephones and Communication;Small Box;2180;0.57;United States;Central;Indiana;East Chicago;46312;27/03/15;28/03/15;928.9608;10;1346.32;89847
25480;Critical;0.08;14.81;13.32;697;Adam G Sawyer;Regular Air;Corporate;Office Supplies;Appliances;Small Box;Holmes Replacement Filter for HEPA Air Cleaner, Large Room;0.43;United States;Central;Indiana;East Chicago;46312;7/02/15;9/02/15;-131.6172;20;292.18;89849
4613;Medium;0.06;8.12;2.83;698;Nelson Hensley;Regular Air;Corporate;Technology;Computer Peripherals;Small Pack;Imation Neon Mac Format Diskettes, 10/Pack;0.77;United States;West;Washington;Seattle;98105;27/03/15;28/03/15;-82.83;41;322.03;32869
4614;Medium;0.05;51.65;18.45;698;Nelson Hensley;Regular Air;Corporate;Furniture;Office Furnishings;Medium Box;Deflect-o EconoMat Nonstudded, No Bevel Mat;0.65;United States;West;Washington;Seattle;98105;27/03/15;28/03/15;25.04;49;2470.84;32869
4616;Medium;0.1;175.99;8.99;698;Nelson Hensley;Regular Air;Corporate;Technology;Telephones and Communication;Small Box;2180;0.57;United States;West;Washington;Seattle;98105;27/03/15;28/03/15;930.987;39;5250.66;32869
7480;Critical;0.08;14.81;13.32;698;Nelson Hensley;Regular Air;Corporate;Office Supplies;Appliances;Small Box;Holmes Replacement Filter for HEPA Air Cleaner, Large Room;0.43;United States;West;Washington;Seattle;98105;7/02/15;9/02/15;-253.11;79;1154.12;53410
4556;Medium;0.07;5.02;5.14;699;Jenny Gold;Regular Air;Consumer;Technology;Computer Peripherals;Small Pack;Imation 3.5, DISKETTE 44766 HGHLD3.52HD/FM, 10/Pack;0.79;United States;West;California;Los Angeles;90041;29/01/15;31/01/15;-168.72;42;210.1;32420
4557;Medium;0.07;280.98;57.0;699;Jenny Gold;Delivery Truck;Consumer;Furniture;Chairs & Chairmats;Jumbo Drum;Hon 2090 “Pillow Soft” Series Mid Back Swivel/Tilt Chairs;0.78;United States;West;California;Los Angeles;90041;29/01/15;31/01/15;-439.62;23;6499.87;32420
20789;Not Specified;0.0;8.5;1.99;719;Stephen Lam;Regular Air;Corporate;Technology;Computer Peripherals;Small Pack;Hewlett-Packard 4.7GB DVD+R Discs;0.49;United States;West;Nevada;Pahrump;89041;28/02/15;2/03/15;71.7356;14;122.25;89344
20790;Not Specified;0.03;95.43;19.99;719;Stephen Lam;Regular Air;Corporate;Office Supplies;Storage & Organization;Small Box;Fellowes Stor/Drawer® Steel Plus™ Storage Drawers;0.79;United States;West;Nevada;Pahrump;89041;28/02/15;2/03/15;-79.3208;2;206.09;89344
19601;Medium;0.09;125.99;8.99;724;Beverly Cooke Brooks;Regular Air;Consumer;Technology;Telephones and Communication;Small Box;SC7868i;0.55;United States;East;Connecticut;Stratford;6614;15/03/15;16/03/15;-605.374;1;100.38;90359
19600;Medium;0.1;17.98;4.0;727;Lindsay Link;Regular Air;Consumer;Technology;Computer Peripherals;Small Box;Belkin 107-key enhanced keyboard, USB/PS/2 interface;0.79;United States;East;Maine;Lewiston;4240;15/03/15;16/03/15;-99.55;4;66.32;90359
19209;Low;0.02;59.98;3.99;744;Joy Maxwell;Regular Air;Corporate;Office Supplies;Appliances;Small Box;Belkin 8 Outlet SurgeMaster II Gold Surge Protector;0.57;United States;West;Arizona;Oro Valley;85737;28/01/15;6/02/15;-54.622;1;63.48;87725
19210;Low;0.03;5.18;5.74;744;Joy Maxwell;Regular Air;Corporate;Office Supplies;Binders and Binder Accessories;Small Box;Wilson Jones Impact Binders;0.36;United States;West;Arizona;Oro Valley;85737;28/01/15;1/02/15;-126.81418;9;47.64;87725
19638;Medium;0.03;119.99;56.14;744;Joy Maxwell;Delivery Truck;Consumer;Technology;Office Machines;Jumbo Box;Hewlett-Packard 2600DN Business Color Inkjet Printer;0.39;United States;West;Arizona;Oro Valley;85737;17/01/15;19/01/15;1400.1;13;1545.58;87726
19639;Medium;0.05;115.79;1.99;745;Mary Page;Regular Air;Consumer;Technology;Computer Peripherals;Small Pack;Verbatim DVD-R, 4.7GB, Spindle, WE, Blank, Ink Jet/Thermal, 20/Spindle;0.49;United States;West;Arizona;Peoria;85345;17/01/15;19/01/15;67.6;3;353.1;87726
20855;Not Specified;0.09;27.75;19.99;750;Jordan Wilkinson;Regular Air;Corporate;Office Supplies;Storage & Organization;Small Box;Fellowes Super Stor/Drawer®;0.67;United States;South;Kentucky;Florence;41042;12/01/15;13/01/15;-224.644;10;257.52;91200
23629;Low;0.06;130.98;54.74;751;David Wrenn;Delivery Truck;Corporate;Furniture;Bookcases;Jumbo Box;O'Sullivan Elevations Bookcase, Cherry Finish;0.69;United States;South;Kentucky;Georgetown;40324;27/02/15;6/03/15;14.76;3;411.64;91201
19679;Critical;0.06;2.61;0.5;753;Elisabeth Massey;Express Air;Corporate;Office Supplies;Labels;Small Box;Avery 479;0.39;United States;West;Arizona;Prescott;86301;11/03/15;11/03/15;10.85;1;17.59;90438
19680;Critical;0.01;6.35;1.02;753;Elisabeth Massey;Regular Air;Corporate;Office Supplies;Paper;Wrap Bag;"Telephone Message Books with Fax/Mobile Section, 5 1/2"" x 3 3/16""";0.39;United States;West;Arizona;Prescott;86301;11/03/15;13/03/15;97.6626;22;141.54;90438
25856;Not Specified;0.03;37.94;5.08;757;Neil Hogan;Regular Air;Home Office;Office Supplies;Paper;Wrap Bag;Snap-A-Way® Black Print Carbonless Ruled Speed Letter, Triplicate;0.38;United States;West;Oregon;Tualatin;97062;11/02/15;13/02/15;-7.5244;1;39.97;90258
18735;Critical;0.1;31.78;1.99;767;Jeffrey Mueller;Regular Air;Corporate;Technology;Computer Peripherals;Small Pack;Memorex 4.7GB DVD-RAM, 3/Pack;0.42;United States;Central;Illinois;Rock Island;61201;30/01/15;1/02/15;232.2816;11;336.64;86279
18659;Critical;0.08;30.73;4.0;770;Geraldine Puckett;Regular Air;Small Business;Technology;Computer Peripherals;Small Box;Fellowes 17-key keypad for PS/2 interface;0.75;United States;West;Oregon;Tualatin;97062;19/03/15;19/03/15;-45.07;14;429.33;88667
18660;Critical;0.05;14.56;3.5;771;Deborah Paul;Regular Air;Small Business;Office Supplies;Appliances;Small Box;Acco 6 Outlet Guardian Premium Surge Suppressor;0.58;United States;West;Oregon;West Linn;97068;19/03/15;21/03/15;-8.53;3;44.66;88667
18661;Critical;0.0;299.99;11.64;771;Deborah Paul;Regular Air;Small Business;Technology;Copiers and Fax;Large Box;Brother DCP1000 Digital 3 in 1 Multifunction Machine;0.5;United States;West;Oregon;West Linn;97068;19/03/15;21/03/15;285.95;5;1619.95;88667
22875;Critical;0.08;7.77;9.23;772;Jean Webster;Regular Air;Small Business;Office Supplies;Appliances;Small Box;Hoover Commercial Soft Guard Upright Vacuum And Disposable Filtration Bags;0.58;United States;East;Pennsylvania;Allentown;18103;14/01/15;16/01/15;-209.25;7;56.44;88666
22877;Critical;0.1;18.97;9.54;772;Jean Webster;Express Air;Small Business;Office Supplies;Paper;Small Box;Xerox 1939;0.37;United States;East;Pennsylvania;Allentown;18103;14/01/15;16/01/15;-9.1636;3;56.73;88666
24773;Low;0.02;100.98;35.84;783;Carlos Byrd;Delivery Truck;Small Business;Furniture;Bookcases;Jumbo Box;Bush Westfield Collection Bookcases, Fully Assembled;0.62;United States;East;Connecticut;Bristol;6010;6/01/15;6/01/15;-134.912;6;614.99;90961
18347;Not Specified;0.06;8.6;6.19;796;Amanda Conner;Regular Air;Corporate;Office Supplies;Binders and Binder Accessories;Small Box;Avery Printable Repositionable Plastic Tabs;0.38;United States;Central;Nebraska;Papillion;68046;11/03/15;12/03/15;-46.115;9;79.4;86867
24851;Low;0.09;6.48;6.86;797;Eileen Riddle;Regular Air;Corporate;Office Supplies;Paper;Small Box;Xerox 204;0.37;United States;West;Utah;Roy;84067;6/03/15;8/03/15;-62.23;8;50.88;86870
20001;Not Specified;0.01;150.98;30.0;799;Lee McKenna Gregory;Delivery Truck;Consumer;Furniture;Chairs & Chairmats;Jumbo Drum;Novimex Swivel Fabric Task Chair;0.74;United States;South;South Carolina;Hilton Head Island;29915;6/01/15;8/01/15;131.382;6;958.46;89909
20002;Not Specified;0.01;28.28;13.99;799;Lee McKenna Gregory;Express Air;Consumer;Office Supplies;Storage & Organization;Medium Box;Eldon Portable Mobile Manager;0.58;United States;South;South Carolina;Hilton Head Island;29915;6/01/15;8/01/15;-89.292;12;368.84;89909
20003;Not Specified;0.03;35.99;1.1;799;Lee McKenna Gregory;Regular Air;Consumer;Technology;Telephones and Communication;Small Box;Accessory35;0.55;United States;South;South Carolina;Hilton Head Island;29915;6/01/15;7/01/15;-211.036;1;30.86;89909
19265;Low;0.04;50.98;6.5;800;Cheryl Guthrie;Regular Air;Consumer;Technology;Computer Peripherals;Small Box;Microsoft Natural Multimedia Keyboard;0.73;United States;West;Utah;Roy;84067;28/03/15;3/04/15;-13.28;11;568.25;89910
19266;Low;0.02;6.48;5.14;800;Cheryl Guthrie;Regular Air;Consumer;Office Supplies;Paper;Small Box;Xerox 23;0.37;United States;West;Utah;Roy;84067;28/03/15;30/03/15;-48.68;19;126.66;89910
5722;Critical;0.06;179.99;13.99;806;Judy Singer;Express Air;Small Business;Technology;Telephones and Communication;Medium Box;VTech VT20-2481 2.4GHz Two-Line Phone System w/Answering Machine;0.57;United States;South;Florida;Miami;33132;9/01/15;11/01/15;1220.03784;54;8332.91;40547
20661;Low;0.04;6.24;5.22;823;Christian Albright;Regular Air;Small Business;Furniture;Office Furnishings;Small Box;Eldon Expressions Mahogany Wood Desk Collection;0.6;United States;South;Tennessee;Smyrna;37167;12/01/15;17/01/15;4.3809;13;80.23;89257
20663;Low;0.09;260.98;41.91;824;Joann Moser;Delivery Truck;Small Business;Furniture;Bookcases;Jumbo Box;Atlantic Metals Mobile 3-Shelf Bookcases, Custom Colors;0.59;United States;South;Tennessee;Spring Hill;37174;12/01/15;19/01/15;-100.744;8;2044.9;89257
24236;Not Specified;0.01;5.18;2.04;829;Monica Law Thompson;Regular Air;Corporate;Office Supplies;Paper;Wrap Bag;Array® Memo Cubes;0.36;United States;South;Arkansas;Texarkana;71854;22/02/15;24/02/15;-17.654;5;28.46;90271
20664;High;0.01;14.42;6.75;830;Douglas Sutton;Regular Air;Corporate;Office Supplies;Appliances;Medium Box;Holmes Odor Grabber;0.52;United States;West;Colorado;Wheat Ridge;80033;24/01/15;24/01/15;-13.826;6;89.91;90270
19173;High;0.0;11.66;8.99;833;Gerald Love;Express Air;Corporate;Office Supplies;Pens & Art Supplies;Small Pack;Boston 16765 Mini Stand Up Battery Pencil Sharpener;0.59;United States;West;California;Gilroy;95020;9/01/15;11/01/15;-203.67;11;138.51;89770
19383;Not Specified;0.07;6.08;0.91;850;Jesse Hutchinson;Regular Air;Corporate;Office Supplies;Pens & Art Supplies;Wrap Bag;Zebra Zazzle Fluorescent Highlighters;0.51;United States;West;California;Goleta;93117;7/03/15;8/03/15;19.57;7;41.96;88569
20604;Low;0.1;50.98;22.24;851;Helen H Heller;Regular Air;Corporate;Furniture;Office Furnishings;Large Box;"Dana Fluorescent Magnifying Lamp, White, 36""";0.55;United States;West;California;Hacienda Heights;91745;25/02/15;27/02/15;98.12;6;300.63;88568
19384;Not Specified;0.08;19.9;5.29;851;Helen H Heller;Regular Air;Corporate;Office Supplies;Appliances;Medium Box;Holmes Cool Mist Humidifier for the Whole House with 8-Gallon Output per Day, Extended Life Filter;0.4;United States;West;California;Hacienda Heights;91745;7/03/15;9/03/15;107.11;13;240.46;88569
19385;Not Specified;0.02;3.36;6.27;851;Helen H Heller;Regular Air;Corporate;Office Supplies;Binders and Binder Accessories;Small Box;Cardinal Poly Pocket Divider Pockets for Ring Binders;0.4;United States;West;California;Hacienda Heights;91745;7/03/15;9/03/15;-216.154;21;74.08;88569
26093;High;0.05;4.24;5.41;853;Leah Davenport;Regular Air;Small Business;Office Supplies;Binders and Binder Accessories;Small Box;Storex DuraTech Recycled Plastic Frosted Binders;0.35;United States;West;California;Hesperia;92345;16/03/15;18/03/15;-89.217;12;50.83;88570
19947;Low;0.04;6.48;5.16;865;Dana Burgess;Express Air;Corporate;Office Supplies;Paper;Small Box;Xerox 1985;0.37;United States;Central;Indiana;East Chicago;46312;26/02/15;2/03/15;-11.1332;12;86.79;90675
24774;Not Specified;0.04;29.18;8.55;868;Sharon Ellis;Express Air;Corporate;Furniture;Office Furnishings;Small Box;Deflect-o SuperTray™ Unbreakable Stackable Tray, Letter, Black;0.42;United States;Central;Minnesota;Shoreview;55126;25/02/15;27/02/15;201.7353;10;292.37;91194
24775;Not Specified;0.0;80.98;35.0;868;Sharon Ellis;Regular Air;Corporate;Office Supplies;Storage & Organization;Large Box;"Carina 42""Hx23 3/4""W Media Storage Unit";0.83;United States;Central;Minnesota;Shoreview;55126;25/02/15;27/02/15;-684.78;8;682.79;91194
24763;Critical;0.06;6.48;8.88;868;Sharon Ellis;Regular Air;Corporate;Office Supplies;Paper;Small Box;Xerox 224;0.37;United States;Central;Minnesota;Shoreview;55126;6/03/15;7/03/15;-237.47;20;125.77;91195
24764;Critical;0.09;349.45;60.0;868;Sharon Ellis;Delivery Truck;Corporate;Furniture;Tables;Jumbo Drum;SAFCO PlanMaster Heigh-Adjustable Drafting Table Base, 43w x 30d x 30-37h, Black;;United States;Central;Minnesota;Shoreview;55126;6/03/15;7/03/15;-2946.051;12;3918.98;91195
25507;Not Specified;0.03;14.2;5.3;871;Sandy Ellington;Regular Air;Home Office;Furniture;Office Furnishings;Wrap Bag;Coloredge Poster Frame;0.46;United States;West;Nevada;Reno;89502;15/03/15;17/03/15;21.5556;2;31.24;90577
19262;High;0.04;4.37;5.15;875;Erika Fink;Regular Air;Small Business;Office Supplies;Appliances;Small Box;Eureka Sanitaire ® Multi-Pro Heavy-Duty Upright, Disposable Bags;0.59;United States;West;Utah;Salt Lake City;84106;21/02/15;22/02/15;-74.4796;18;78.59;89059
19263;High;0.09;155.99;8.99;875;Erika Fink;Regular Air;Small Business;Technology;Telephones and Communication;Small Box;CF 688;0.58;United States;West;Utah;Salt Lake City;84106;21/02/15;23/02/15;-232.22056;4;497.11;89059
18054;Critical;0.07;5.68;1.39;880;Ellen Beck;Regular Air;Small Business;Office Supplies;Envelopes;Small Box;Staples Standard Envelopes;0.38;United States;West;Arizona;Scottsdale;85254;25/03/15;27/03/15;18.6438;5;27.02;86153
18055;Critical;0.06;22.84;11.54;880;Ellen Beck;Regular Air;Small Business;Office Supplies;Paper;Small Box;Xerox 1964;0.39;United States;West;Arizona;Scottsdale;85254;25/03/15;27/03/15;-31.24;1;27.67;86153
26011;Critical;0.08;1.81;0.75;890;Billie Fowler;Regular Air;Consumer;Furniture;Chairs & Chairmats;Jumbo Drum;Metal Folding Chairs, Beige, 4/Carton;0.58;United States;Central;Texas;Bedford;76021;5/01/15;6/01/15;1.3224;11;19.97;89536
26015;Critical;0.04;125.99;5.26;890;Billie Fowler;Regular Air;Consumer;Technology;Telephones and Communication;Small Box;232;0.55;United States;Central;Texas;Bedford;76021;5/01/15;5/01/15;455.4207;6;660.03;89536
2045;Critical;0.01;8.34;0.96;894;Gail Rankin Cole;Regular Air;Corporate;Furniture;Office Furnishings;Wrap Bag;Document Clip Frames;0.43;United States;East;District of Columbia;Washington;20024;10/01/15;12/01/15;29.332;24;199.12;14596
2046;Critical;0.06;3.28;3.97;894;Gail Rankin Cole;Regular Air;Corporate;Office Supplies;Pens & Art Supplies;Wrap Bag;Newell 337;0.56;United States;East;District of Columbia;Washington;20024;10/01/15;11/01/15;-86.0;19;63.14;14596
5421;Low;0.02;1.14;0.7;894;Gail Rankin Cole;Regular Air;Corporate;Office Supplies;Rubber Bands;Wrap Bag;OIC Thumb-Tacks;0.38;United States;East;District of Columbia;Washington;20024;2/02/15;2/02/15;-0.49;38;44.85;38529
20045;Critical;0.01;8.34;0.96;896;Jennifer Siegel;Regular Air;Corporate;Furniture;Office Furnishings;Wrap Bag;Document Clip Frames;0.43;United States;Central;Texas;Denton;76201;10/01/15;12/01/15;34.3482;6;49.78;90166
20046;Critical;0.06;3.28;3.97;896;Jennifer Siegel;Regular Air;Corporate;Office Supplies;Pens & Art Supplies;Wrap Bag;Newell 337;0.56;United States;Central;Texas;Denton;76201;10/01/15;11/01/15;-66.65;5;16.62;90166
4724;High;0.04;90.97;28.0;898;Harriet Hodges;Delivery Truck;Small Business;Technology;Office Machines;Jumbo Drum;Lexmark Z55se Color Inkjet Printer;0.38;United States;East;New York;New York City;10039;12/01/15;13/01/15;-173.0952;6;573.31;33635
4725;High;0.07;20.34;35.0;898;Harriet Hodges;Regular Air;Small Business;Office Supplies;Storage & Organization;Large Box;Tennsco Commercial Shelving;0.84;United States;East;New York;New York City;10039;12/01/15;13/01/15;-96.16;5;140.23;33635
1311;Not Specified;0.02;12.53;0.49;898;Harriet Hodges;Regular Air;Small Business;Office Supplies;Labels;Small Box;Round Specialty Laser Printer Labels;0.38;United States;East;New York;New York City;10039;27/01/15;27/01/15;263.4;47;594.44;9606
1312;Not Specified;0.07;5.18;2.04;898;Harriet Hodges;Express Air;Small Business;Office Supplies;Paper;Wrap Bag;Array® Memo Cubes;0.36;United States;East;New York;New York City;10039;27/01/15;29/01/15;37.31;44;228.5;9606
22724;High;0.04;90.97;28.0;899;Jordan Berry;Delivery Truck;Small Business;Technology;Office Machines;Jumbo Drum;Lexmark Z55se Color Inkjet Printer;0.38;United States;East;Pennsylvania;Altoona;16602;12/01/15;13/01/15;-173.0952;2;191.1;86263
22725;High;0.07;20.34;35.0;899;Jordan Berry;Regular Air;Small Business;Office Supplies;Storage & Organization;Large Box;Tennsco Commercial Shelving;0.84;United States;East;Pennsylvania;Altoona;16602;12/01/15;13/01/15;-96.16;1;28.05;86263
19311;Not Specified;0.02;12.53;0.49;899;Jordan Berry;Regular Air;Small Business;Office Supplies;Labels;Small Box;Round Specialty Laser Printer Labels;0.38;United States;East;Pennsylvania;Altoona;16602;27/01/15;27/01/15;104.7213;12;151.77;86264
19312;Not Specified;0.07;5.18;2.04;899;Jordan Berry;Express Air;Small Business;Office Supplies;Paper;Wrap Bag;Array® Memo Cubes;0.36;United States;East;Pennsylvania;Altoona;16602;27/01/15;29/01/15;37.31;11;57.13;86264
24981;Not Specified;0.0;5.98;1.49;903;Francis Spivey;Regular Air;Consumer;Office Supplies;Binders and Binder Accessories;Small Box;Avery Hanging File Binders;0.39;United States;East;Massachusetts;Wilmington;1887;12/03/15;14/03/15;80.6748;18;116.92;90806
22288;Critical;0.09;35.99;5.99;907;Rachel Casey;Regular Air;Home Office;Technology;Telephones and Communication;Wrap Bag;Accessory41;0.38;United States;South;Kentucky;Henderson;42420;26/02/15;27/02/15;114.3165;5;151.6;86459
25356;Not Specified;0.05;7.64;5.83;911;Marsha P Joyner;Regular Air;Corporate;Office Supplies;Paper;Wrap Bag;"Rediform Wirebound ""Phone Memo"" Message Book, 11 x 5-3/4";0.36;United States;East;West Virginia;Wheeling;26003;31/01/15;2/02/15;-21.018;2;16.6;90185
25357;Not Specified;0.04;218.75;69.64;911;Marsha P Joyner;Delivery Truck;Corporate;Furniture;Tables;Jumbo Box;BoxOffice By Design Rectangular and Half-Moon Meeting Room Tables;0.72;United States;East;West Virginia;Wheeling;26003;31/01/15;1/02/15;-655.529875;10;2285.41;90185
24953;High;0.06;350.98;30.0;915;Carol Sherrill;Delivery Truck;Home Office;Furniture;Chairs & Chairmats;Jumbo Drum;Office Star - Professional Matrix Back Chair with 2-to-1 Synchro Tilt and Mesh Fabric Seat;0.61;United States;Central;Texas;Bryan;77803;4/01/15;5/01/15;-489.4156;1;346.52;86356
25833;Low;0.05;161.55;19.99;916;Marion Wilcox;Regular Air;Corporate;Office Supplies;Storage & Organization;Small Box;Fellowes Super Stor/Drawer® Files;0.66;United States;Central;Texas;Burleson;76028;4/01/15;11/01/15;35.31;3;499.31;86357
21970;Low;0.1;15.98;4.0;920;Jessie Kelly;Regular Air;Corporate;Technology;Computer Peripherals;Small Box;Logitech Access Keyboard;0.37;United States;West;California;Redlands;92374;27/03/15;1/04/15;92.7222;9;134.38;90491
21077;Critical;0.05;6.04;2.14;936;Robyn Garner;Express Air;Corporate;Office Supplies;Paper;Wrap Bag;Adams Telephone Message Books, 5 1/4” x 11”;0.38;United States;West;California;Redlands;92374;17/02/15;19/02/15;-4.14;1;8.41;90588
23479;Not Specified;0.03;31.74;12.62;945;Stephanie Sun Perry;Regular Air;Home Office;Office Supplies;Binders and Binder Accessories;Small Box;GBC Wire Binding Strips;0.37;United States;West;California;Saratoga;95070;6/03/15;6/03/15;-4.301;3;98.7;86567
24459;Critical;0.09;90.98;56.2;946;Denise Parks;Express Air;Home Office;Furniture;Office Furnishings;Medium Box;Eldon ClusterMat Chair Mat with Cordless Antistatic Protection;0.74;United States;East;Maine;Auburn;4210;1/03/15;2/03/15;-1570.32;20;1782.44;86566
24693;Critical;0.08;14.2;5.3;947;Dorothy Buchanan;Express Air;Home Office;Furniture;Office Furnishings;Wrap Bag;Coloredge Poster Frame;0.46;United States;East;New Jersey;Bayonne;7002;11/01/15;13/01/15;27.23;5;72.11;86565
1279;Critical ;0.06;40.98;2.99;949;Ernest Oh;Regular Air;Consumer;Office Supplies;Binders and Binder Accessories;Small Box;"Avery Trapezoid Ring Binder, 3"" Capacity, Black, 1040 sheets";0.36;United States;West;California;Los Angeles;90049;2/01/15;4/01/15;-19.0992;3;124.81;9285
1128;Low;0.02;48.04;5.09;949;Ernest Oh;Regular Air;Consumer;Office Supplies;Paper;Small Box;Xerox 1910;0.37;United States;West;California;Los Angeles;90049;22/03/15;26/03/15;373.67;18;881.32;8257
19279;Critical;0.06;40.98;2.99;950;Jane Shah;Regular Air;Consumer;Office Supplies;Binders and Binder Accessories;Small Box;"Avery Trapezoid Ring Binder, 3"" Capacity, Black, 1040 sheets";0.36;United States;Central;Minnesota;Prior Lake;55372;2/01/15;4/01/15;-14.80188;1;41.6;89083
19127;Low;0.05;1500.97;29.7;950;Jane Shah;Delivery Truck;Consumer;Technology;Office Machines;Jumbo Drum;Epson DFX5000+ Dot Matrix Printer;0.57;United States;Central;Minnesota;Prior Lake;55372;22/03/15;22/03/15;-2561.3235;1;1497.22;89084
19128;Low;0.02;48.04;5.09;950;Jane Shah;Regular Air;Consumer;Office Supplies;Paper;Small Box;Xerox 1910;0.37;United States;Central;Minnesota;Prior Lake;55372;22/03/15;26/03/15;168.9189;5;244.81;89084
19129;Low;0.03;4.28;1.6;950;Jane Shah;Regular Air;Consumer;Office Supplies;Pens & Art Supplies;Wrap Bag;Newell 320;0.58;United States;Central;Minnesota;Prior Lake;55372;22/03/15;29/03/15;-6.2;1;4.55;89084
20073;Low;0.1;7.31;0.49;954;Tony Chandler;Regular Air;Small Business;Office Supplies;Labels;Small Box;Self-Adhesive Address Labels for Typewriters by Universal;0.38;United States;Central;Texas;Highland Village;75067;12/02/15;21/02/15;19.0647;4;27.63;90771
20074;Low;0.08;6.7;1.56;954;Tony Chandler;Regular Air;Small Business;Office Supplies;Pens & Art Supplies;Wrap Bag;Turquoise Lead Holder with Pocket Clip;0.52;United States;Central;Texas;Highland Village;75067;12/02/15;12/02/15;10.56;5;31.21;90771
25795;Not Specified;0.01;145.45;17.85;959;Sally House;Delivery Truck;Corporate;Technology;Office Machines;Jumbo Drum;Panasonic KX-P1150 Dot Matrix Printer;0.56;United States;Central;Texas;Burleson;76028;22/03/15;23/03/15;837.6807;8;1214.03;91581
20428;Low;0.03;2.94;0.96;960;Phillip Chappell;Regular Air;Home Office;Office Supplies;Pens & Art Supplies;Wrap Bag;Newell 343;0.58;United States;West;California;Redondo Beach;90278;4/02/15;8/02/15;-4.2;1;3.51;89401
20685;Not Specified;0.05;124.49;51.94;961;Benjamin Chan;Delivery Truck;Home Office;Furniture;Tables;Jumbo Box;Bevis 36 x 72 Conference Tables;0.63;United States;West;California;Redwood City;94061;24/02/15;24/02/15;-44.1636;1;120.12;89402
2428;Low;0.03;2.94;0.96;962;Yvonne Clarke;Regular Air;Home Office;Office Supplies;Pens & Art Supplies;Wrap Bag;Newell 343;0.58;United States;Central;Illinois;Chicago;60610;4/02/15;8/02/15;-4.2;2;7.01;17636
20536;Low;0.03;284.98;69.55;972;Gregory Holden;Delivery Truck;Corporate;Furniture;Chairs & Chairmats;Jumbo Drum;Global Commerce™ Series High-Back Swivel/Tilt Chairs;0.6;United States;West;California;Riverside;92503;28/02/15;5/03/15;-116.584;2;619.38;87259
20537;Low;0.0;12.99;14.37;972;Gregory Holden;Regular Air;Corporate;Furniture;Office Furnishings;Large Box;"Tensor ""Hersey Kiss"" Styled Floor Lamp";0.73;United States;West;California;Riverside;92503;28/02/15;28/02/15;12.8961;1;18.69;87259
22646;Medium;0.0;37.76;12.9;980;Howard Burnett;Regular Air;Corporate;Office Supplies;Storage & Organization;Small Box;Companion Letter/Legal File, Black;0.57;United States;East;Vermont;South Burlington;5403;5/02/15;6/02/15;93.8468;12;477.2;87258
25895;High;0.05;4.28;5.17;993;Gail Currin;Regular Air;Small Business;Office Supplies;Paper;Small Box;Xerox 1971;0.4;United States;West;California;Oxnard;93030;19/02/15;19/02/15;-104.57;9;38.58;89432
19004;High;0.1;400.98;76.37;994;Neal Weber;Delivery Truck;Small Business;Furniture;Tables;Jumbo Box;Bretford CR8500 Series Meeting Room Furniture;0.6;United States;East;Maine;Sanford;4073;14/03/15;15/03/15;-969.048366;2;810.47;89433
22639;Low;0.08;67.84;0.99;997;Phillip Pollard;Regular Air;Small Business;Office Supplies;Appliances;Small Box;Fellowes Command Center 5-outlet power strip;0.58;United States;East;New Jersey;Bayonne;7002;24/01/15;29/01/15;-23.6344;1;63.66;89431
19003;High;0.08;45.19;1.99;999;Rita Barton;Regular Air;Small Business;Technology;Computer Peripherals;Small Pack;Verbatim DVD-RAM, 9.4GB, Rewritable, Type 1, DS, DataLife Plus;0.55;United States;East;New Jersey;Ridgewood;7450;14/03/15;15/03/15;-71.83;3;127.22;89433
19002;High;0.03;33.98;19.99;1000;Lynn Bell;Regular Air;Small Business;Furniture;Office Furnishings;Small Box;"Linden® 12"" Wall Clock With Oak Frame";0.55;United States;East;Vermont;Bennington;5201;14/03/15;15/03/15;-0.74;12;432.44;89433
19380;Low;0.06;10.14;2.27;1005;Lloyd Dickson;Regular Air;Small Business;Office Supplies;Paper;Wrap Bag;"Staples Wirebound Steno Books, 6"" x 9"", 12/Pack";0.36;United States;Central;Illinois;Buffalo Grove;60089;4/03/15;4/03/15;-3.88;1;12.18;90043
20167;High;0.02;40.99;17.48;1005;Lloyd Dickson;Regular Air;Small Business;Office Supplies;Paper;Small Box;Xerox 1893;0.36;United States;Central;Illinois;Buffalo Grove;60089;27/02/15;28/02/15;551.0928;23;950.43;90044
21184;Critical;0.09;28.48;1.99;1014;Theresa Winters;Regular Air;Home Office;Technology;Computer Peripherals;Small Pack;Memorex 4.7GB DVD+RW, 3/Pack;0.4;United States;South;Arkansas;Bryant;72022;1/03/15;2/03/15;-17.15;6;160.17;88387
21185;Critical;0.0;2.08;5.33;1014;Theresa Winters;Regular Air;Home Office;Furniture;Office Furnishings;Small Box;Eldon® Wave Desk Accessories;0.43;United States;South;Arkansas;Bryant;72022;1/03/15;3/03/15;-29.54;3;7.47;88387
21186;Critical;0.06;45.99;4.99;1014;Theresa Winters;Express Air;Home Office;Technology;Telephones and Communication;Small Box;KF 788;0.56;United States;South;Arkansas;Bryant;72022;1/03/15;2/03/15;-329.784;10;370.81;88387
20880;Not Specified;0.08;10.91;2.99;1014;Theresa Winters;Regular Air;Home Office;Office Supplies;Binders and Binder Accessories;Small Box;Heavy-Duty E-Z-D® Binders;0.38;United States;South;Arkansas;Bryant;72022;5/03/15;6/03/15;-2.1;11;119.99;88388
20531;Medium;0.0;43.98;8.99;1015;Beverly Cameron;Regular Air;Home Office;Office Supplies;Pens & Art Supplies;Small Pack;Boston 1645 Deluxe Heavier-Duty Electric Pencil Sharpener;0.58;United States;South;North Carolina;Apex;27502;18/03/15;18/03/15;829.467;14;650.7;88390
24926;Critical;0.09;517.48;16.63;1020;Julie Porter;Delivery Truck;Small Business;Technology;Office Machines;Jumbo Box;Panasonic KX-P3626 Dot Matrix Printer;0.59;United States;Central;Kansas;Pittsburg;66762;7/03/15;7/03/15;909.36;5;2354.54;88632
23562;Critical;0.07;4.13;5.04;1020;Julie Porter;Regular Air;Small Business;Office Supplies;Binders and Binder Accessories;Small Box;"ACCOHIDE® 3-Ring Binder, Blue, 1""";0.38;United States;Central;Kansas;Pittsburg;66762;6/02/15;7/02/15;-76.4244;20;79.06;88634
23563;Critical;0.0;4.48;2.5;1020;Julie Porter;Regular Air;Small Business;Office Supplies;Envelopes;Small Box;Ampad #10 Peel & Seel® Holiday Envelopes;0.37;United States;Central;Kansas;Pittsburg;66762;6/02/15;8/02/15;8.732;14;65.14;88634
21402;Not Specified;0.08;65.99;5.92;1026;Eugene Kerr;Regular Air;Small Business;Technology;Telephones and Communication;Small Box;i500plus;0.58;United States;East;New York;Central Islip;11722;7/02/15;7/02/15;624.40164;22;1137.6;89005
22662;High;0.1;73.98;4.0;1027;Brian Bennett;Regular Air;Small Business;Technology;Computer Peripherals;Small Box;Keytronic French Keyboard;0.79;United States;East;New York;Cheektowaga;14225;12/03/15;13/03/15;-229.87;5;347.23;89004
22663;High;0.05;51.98;10.17;1027;Brian Bennett;Regular Air;Small Business;Technology;Office Machines;Medium Box;Canon MP25DIII Desktop Whisper-Quiet Printing Calculator;0.37;United States;East;New York;Cheektowaga;14225;12/03/15;13/03/15;329.9787;9;478.23;89004
24325;Medium;0.07;7.08;2.35;1028;Marguerite Rodgers;Express Air;Small Business;Office Supplies;Pens & Art Supplies;Wrap Bag;SANFORD Major Accent™ Highlighters;0.47;United States;East;New York;Commack;11725;29/03/15;30/03/15;30.49;13;93.82;89006
21959;Critical;0.07;125.99;2.5;1035;Kent Burton;Regular Air;Home Office;Technology;Telephones and Communication;Small Box;i2000;0.6;United States;East;Ohio;Delaware;43015;13/03/15;13/03/15;-604.406;1;100.59;90710
21960;Critical;0.03;99.99;19.99;1036;Jessica Huffman;Regular Air;Home Office;Technology;Computer Peripherals;Small Box;US Robotics 56K V.92 External Faxmodem;0.52;United States;East;Ohio;Dublin;43017;13/03/15;14/03/15;293.66;6;598.38;90710
6711;High;0.0;6.68;5.66;1044;Erin Ballard;Regular Air;Home Office;Office Supplies;Paper;Small Box;Xerox 1923;0.37;United States;West;California;Los Angeles;90004;27/02/15;28/02/15;-76.94;90;617.4;47813
24711;High;0.0;6.68;5.66;1047;Gayle Pearson;Regular Air;Home Office;Office Supplies;Paper;Small Box;Xerox 1923;0.37;United States;East;Massachusetts;Boston;2109;27/02/15;28/02/15;-40.0088;23;157.78;89389
8200;Medium;0.09;138.75;52.42;1060;Gene Gilliam;Delivery Truck;Small Business;Furniture;Tables;Jumbo Box;Balt Split Level Computer Training Table;0.74;United States;South;Georgia;Atlanta;30318;24/03/15;25/03/15;-445.9717763;23;2527.79;58628
26200;Medium;0.09;138.75;52.42;1062;Willie Robinson;Delivery Truck;Small Business;Furniture;Tables;Jumbo Box;Balt Split Level Computer Training Table;0.74;United States;East;New York;Coram;11727;24/03/15;25/03/15;-335.317125;6;659.42;91354
19445;Critical;0.01;15.99;13.18;1065;Vicki Bond;Regular Air;Corporate;Office Supplies;Binders and Binder Accessories;Small Box;"GBC Pre-Punched Binding Paper, Plastic, White, 8-1/2"" x 11""";0.37;United States;Central;Illinois;Burbank;60459;18/02/15;20/02/15;-99.43544;23;377.44;88899
20445;Low;0.04;22.84;16.87;1068;Erik Barr;Regular Air;Home Office;Office Supplies;Paper;Small Box;Xerox 1982;0.39;United States;Central;Illinois;Calumet City;60409;16/03/15;16/03/15;-97.28;12;286.4;87109
22685;Not Specified;0.01;150.89;60.2;1072;Marion Owens;Delivery Truck;Corporate;Furniture;Chairs & Chairmats;Jumbo Drum;Global Leather & Oak Executive Chair, Burgundy;0.77;United States;East;Pennsylvania;Bethlehem;18018;27/03/15;30/03/15;-505.76;3;473.53;89631
26176;High;0.04;19.23;6.15;1075;Theodore Tyson;Regular Air;Home Office;Furniture;Office Furnishings;Small Pack;"Executive Impressions 13"" Clairmont Wall Clock";0.44;United States;Central;Illinois;Romeoville;60441;9/03/15;10/03/15;152.4348;11;220.92;86422
24324;Not Specified;0.07;55.99;5.0;1083;Hazel Dale;Express Air;Corporate;Technology;Telephones and Communication;Small Pack;Accessory36;0.83;United States;Central;Illinois;Springfield;62701;31/03/15;2/04/15;-232.991;1;54.08;88460
18047;Not Specified;0.05;7.64;5.83;1085;Ted Dunlap;Regular Air;Home Office;Office Supplies;Paper;Wrap Bag;"Rediform Wirebound ""Phone Memo"" Message Book, 11 x 5-3/4";0.36;United States;East;New York;Deer Park;11729;5/01/15;6/01/15;-40.2752;6;47.18;86122
21579;Not Specified;0.06;64.65;35.0;1117;Samantha Koch;Regular Air;Home Office;Office Supplies;Storage & Organization;Large Box;Space Solutions Commercial Steel Shelving;0.8;United States;West;Arizona;Tucson;85705;5/02/15;6/02/15;-139.2872;4;277.6;86768
21329;Low;0.04;19.98;8.68;1121;Tonya Proctor;Regular Air;Consumer;Office Supplies;Paper;Small Box;Southworth 25% Cotton Premium Laser Paper and Envelopes;0.37;United States;West;California;Temecula;92592;7/02/15;14/02/15;108.0;8;168.04;86767
21330;Low;0.08;125.99;7.69;1121;Tonya Proctor;Regular Air;Consumer;Technology;Telephones and Communication;Small Box;Timeport L7089;0.58;United States;West;California;Temecula;92592;7/02/15;9/02/15;377.154;7;703.46;86767
20612;High;0.03;7.3;7.72;1123;Peggy Lanier;Regular Air;Small Business;Office Supplies;Binders and Binder Accessories;Small Box;Angle-D Binders with Locking Rings, Label Holders;0.38;United States;West;California;Roseville;95661;15/03/15;18/03/15;-127.052;14;103.61;87015
22052;Medium;0.02;4.06;6.89;1127;Ray Grady;Regular Air;Consumer;Office Supplies;Appliances;Small Box;Eureka Disposable Bags for Sanitaire® Vibra Groomer I® Upright Vac;0.6;United States;Central;Texas;Eagle Pass;78852;24/02/15;26/02/15;-93.7352;16;66.81;87221
4501;Low;0.04;8.6;6.19;1129;Pam Patton;Regular Air;Home Office;Office Supplies;Binders and Binder Accessories;Small Box;Avery Printable Repositionable Plastic Tabs;0.38;United States;East;Massachusetts;Boston;2118;16/02/15;23/02/15;-63.8135;37;311.66;32037
4502;Low;0.07;699.99;24.49;1129;Pam Patton;Regular Air;Home Office;Technology;Copiers and Fax;Large Box;Canon Imageclass D680 Copier / Fax;0.54;United States;East;Massachusetts;Boston;2118;16/02/15;20/02/15;325.29;15;9862.51;32037
6891;Not Specified;0.05;5.78;7.64;1129;Pam Patton;Express Air;Corporate;Office Supplies;Paper;Small Box;HP Office Recycled Paper (20Lb. and 87 Bright);0.36;United States;East;Massachusetts;Boston;2118;29/03/15;31/03/15;-116.05;29;177.41;49125
8099;Low;0.02;4.98;6.07;1129;Pam Patton;Regular Air;Home Office;Office Supplies;Paper;Small Box;Xerox 1897;0.36;United States;East;Massachusetts;Boston;2118;26/01/15;28/01/15;-46.92;19;105.5;57794
23860;Medium;0.06;6.37;5.19;1132;Michael Robbins;Regular Air;Corporate;Office Supplies;Binders and Binder Accessories;Small Box;C-Line Peel & Stick Add-On Filing Pockets, 8-3/4 x 5-1/8, 10/Pack;0.38;United States;Central;Texas;Euless;76039;10/02/15;11/02/15;-48.2195;6;37.7;88101
22501;Low;0.04;8.6;6.19;1132;Michael Robbins;Regular Air;Home Office;Office Supplies;Binders and Binder Accessories;Small Box;Avery Printable Repositionable Plastic Tabs;0.38;United States;Central;Texas;Euless;76039;16/02/15;23/02/15;-63.8135;9;75.81;88102
22502;Low;0.07;699.99;24.49;1132;Michael Robbins;Regular Air;Home Office;Technology;Copiers and Fax;Large Box;Canon Imageclass D680 Copier / Fax;0.54;United States;Central;Texas;Euless;76039;16/02/15;20/02/15;325.29;4;2630.0;88102
26099;Low;0.02;4.98;6.07;1133;Marjorie Owens;Regular Air;Home Office;Office Supplies;Paper;Small Box;Xerox 1897;0.36;United States;Central;Texas;Farmers Branch;75234;26/01/15;28/01/15;-46.92;5;27.76;88105
22119;High;0.09;270.97;28.06;1136;Carmen McPherson;Delivery Truck;Consumer;Technology;Office Machines;Jumbo Drum;Epson LQ-570e Dot Matrix Printer;0.56;United States;Central;Illinois;Carol Stream;60188;2/01/15;4/01/15;2660.1432;15;3855.28;87940
19357;Medium;0.02;160.98;30.0;1138;Malcolm Floyd;Delivery Truck;Home Office;Furniture;Chairs & Chairmats;Jumbo Drum;Office Star - Mid Back Dual function Ergonomic High Back Chair with 2-Way Adjustable Arms;0.62;United States;Central;Texas;The Colony;75056;16/02/15;19/02/15;-51.116;1;192.49;86574
25467;Medium;0.05;363.25;19.99;1142;Russell Chan;Regular Air;Home Office;Office Supplies;Appliances;Small Box;Hoover WindTunnel™ Plus Canister Vacuum;0.57;United States;Central;Texas;Waco;76706;4/01/15;6/01/15;1766.7795;7;2560.55;86573
24224;Critical;0.09;9.11;2.15;1155;Alex Nicholson;Express Air;Consumer;Office Supplies;Paper;Wrap Bag;"Black Print Carbonless Snap-Off® Rapid Letter, 8 1/2"" x 7""";0.4;United States;West;California;Montebello;90640;2/01/15;4/01/15;20.2996;4;34.41;90853
24225;Critical;0.08;15.04;1.97;1155;Alex Nicholson;Regular Air;Consumer;Office Supplies;Paper;Wrap Bag;White GlueTop Scratch Pads;0.39;United States;West;California;Montebello;90640;2/01/15;2/01/15;108.5163;11;157.27;90853
20212;High;0.06;175.99;8.99;1156;Edith Forbes;Regular Air;Consumer;Technology;Telephones and Communication;Small Box;2180;0.57;United States;East;Massachusetts;Tewksbury;1876;14/02/15;15/02/15;48.47148;7;1013.84;90855
22190;Medium;0.0;6783.02;24.49;1185;Lee Xu;Regular Air;Consumer;Technology;Office Machines;Large Box;Polycom ViewStation™ ISDN Videoconferencing Unit;0.39;United States;South;Alabama;Madison;35756;21/03/15;22/03/15;4.11;3;20552.55;85938
4131;High;0.05;52.4;16.11;1193;Louis Parrish;Regular Air;Consumer;Office Supplies;Binders and Binder Accessories;Small Box;Ibico Laser Imprintable Binding System Covers;0.39;United States;East;District of Columbia;Washington;20016;25/02/15;27/02/15;592.5265;85;4556.63;29350
4133;High;0.05;36.55;13.89;1193;Louis Parrish;Express Air;Consumer;Office Supplies;Pens & Art Supplies;Wrap Bag;Dixon Ticonderoga Core-Lock Colored Pencils, 48-Color Set;0.41;United States;East;District of Columbia;Washington;20016;25/02/15;26/02/15;232.8;83;2948.61;29350
19358;High;0.08;355.98;58.92;1197;Grace McNeill Hunt;Delivery Truck;Small Business;Furniture;Chairs & Chairmats;Jumbo Drum;Hon 4700 Series Mobuis™ Mid-Back Task Chairs with Adjustable Arms;0.64;United States;East;Massachusetts;Sudbury;1776;18/03/15;20/03/15;103.83;4;1350.94;87583
22132;High;0.1;15.14;4.53;1199;Edward Lamm;Regular Air;Consumer;Office Supplies;Storage & Organization;Small Box;Eldon® Gobal File Keepers;0.81;United States;East;New Hampshire;Nashua;3060;25/02/15;28/02/15;-24.8976;5;75.17;87585
22131;High;0.05;52.4;16.11;1200;Beth English;Regular Air;Consumer;Office Supplies;Binders and Binder Accessories;Small Box;Ibico Laser Imprintable Binding System Covers;0.39;United States;East;New Jersey;Elmwood Park;7407;25/02/15;27/02/15;776.7744;21;1125.76;87585
22133;High;0.05;36.55;13.89;1202;Faye Wolf;Express Air;Consumer;Office Supplies;Pens & Art Supplies;Wrap Bag;Dixon Ticonderoga Core-Lock Colored Pencils, 48-Color Set;0.41;United States;East;New Jersey;South Orange;7079;25/02/15;26/02/15;344.544;21;746.03;87585
18636;Low;0.01;3.08;0.5;1211;Debra Proctor;Regular Air;Corporate;Office Supplies;Labels;Small Box;Avery 497;0.37;United States;Central;Indiana;Fort Wayne;46806;1/02/15;6/02/15;9.0045;4;13.05;88598
22528;High;0.08;4.91;4.97;1212;Eileen Fletcher;Regular Air;Corporate;Office Supplies;Binders and Binder Accessories;Small Box;"Pressboard Covers with Storage Hooks, 9 1/2"" x 11"", Light Blue";0.38;United States;Central;Indiana;Gary;46404;15/01/15;16/01/15;-99.7625;12;58.95;88600
22529;High;0.01;3499.99;24.49;1212;Eileen Fletcher;Regular Air;Corporate;Technology;Copiers and Fax;Large Box;Canon imageCLASS 2200 Advanced Copier;0.37;United States;Central;Indiana;Gary;46404;15/01/15;16/01/15;-3061.82;1;3672.89;88600
24270;Low;0.07;29.89;1.99;1213;Jeremy Pratt;Express Air;Corporate;Technology;Computer Peripherals;Small Pack;Verbatim DVD-RAM, 5.2GB, Rewritable, Type 1, DS;0.5;United States;Central;Indiana;Granger;46530;4/02/15;9/02/15;258.6189;13;374.81;88599
24271;Low;0.03;8.34;4.82;1213;Jeremy Pratt;Regular Air;Corporate;Office Supplies;Paper;Small Box;Southworth 25% Cotton Antique Laid Paper & Envelopes;0.4;United States;Central;Indiana;Granger;46530;4/02/15;8/02/15;-6.71;5;43.27;88599
22530;High;0.03;5.84;1.2;1213;Jeremy Pratt;Regular Air;Corporate;Office Supplies;Pens & Art Supplies;Wrap Bag;Newell 312;0.55;United States;Central;Indiana;Granger;46530;15/01/15;17/01/15;-0.01;2;11.74;88600
7810;Medium;0.0;7.1;6.05;1228;Hazel Jennings;Regular Air;Small Business;Office Supplies;Binders and Binder Accessories;Small Box;"Wilson Jones Hanging View Binder, White, 1""";0.39;United States;East;Pennsylvania;Philadelphia;19140;16/02/15;17/02/15;-60.145;28;208.83;55874
7811;Medium;0.01;4.98;4.62;1228;Hazel Jennings;Express Air;Small Business;Technology;Computer Peripherals;Small Pack;"Imation 3.5"", DISKETTE 44766 HGHLD3.52HD/FM, 10/Pack";0.64;United States;East;Pennsylvania;Philadelphia;19140;16/02/15;18/02/15;-111.72;41;228.3;55874
7812;Medium;0.06;5.68;1.39;1228;Hazel Jennings;Regular Air;Small Business;Office Supplies;Envelopes;Small Box;Staples Standard Envelopes;0.38;United States;East;Pennsylvania;Philadelphia;19140;16/02/15;16/02/15;33.01;24;129.53;55874
25811;Medium;0.01;4.98;4.62;1229;Patrick Byrne;Express Air;Small Business;Technology;Computer Peripherals;Small Pack;"Imation 3.5"", DISKETTE 44766 HGHLD3.52HD/FM, 10/Pack";0.64;United States;Central;Texas;Sulphur Springs;75482;16/02/15;18/02/15;-111.72;10;55.68;90378
20592;Medium;0.03;128.24;12.65;1237;Eva Simpson;Regular Air;Corporate;Furniture;Chairs & Chairmats;Medium Box;SAFCO Folding Chair Trolley;;United States;Central;Texas;Carrollton;75007;31/01/15;2/02/15;790.464;9;1145.6;86075
18625;Not Specified;0.02;7.38;5.21;1237;Eva Simpson;Regular Air;Corporate;Furniture;Office Furnishings;Small Box;Eldon® Expressions™ Wood Desk Accessories, Oak;0.56;United States;Central;Texas;Carrollton;75007;29/03/15;30/03/15;7.74;3;24.52;86076
20593;Medium;0.01;160.98;30.0;1238;April Bowers;Delivery Truck;Corporate;Furniture;Chairs & Chairmats;Jumbo Drum;Office Star - Mid Back Dual function Ergonomic High Back Chair with 2-Way Adjustable Arms;0.62;United States;Central;Texas;Cedar Hill;75104;31/01/15;2/02/15;788.79;10;1634.67;86075
20920;Not Specified;0.0;387.99;19.99;1241;Bradley Schroeder;Regular Air;Corporate;Office Supplies;Binders and Binder Accessories;Small Box;Fellowes PB300 Plastic Comb Binding Machine;0.38;United States;South;Alabama;Auburn;36830;16/03/15;17/03/15;-70.14;23;9280.72;90880
20233;Critical;0.06;200.97;15.59;1241;Bradley Schroeder;Delivery Truck;Small Business;Technology;Office Machines;Jumbo Drum;Hewlett-Packard Deskjet 6122 Color Inkjet Printer;0.36;United States;South;Alabama;Auburn;36830;25/03/15;25/03/15;531.618;7;1348.83;90881
23815;Critical;0.06;80.98;35.0;1254;Anne Bland;Regular Air;Home Office;Office Supplies;Storage & Organization;Large Box;Carina Double Wide Media Storage Towers in Natural & Black;0.81;United States;Central;Texas;Channelview;77530;12/03/15;13/03/15;-218.77;2;172.79;89983
23926;Medium;0.06;3.95;2.0;1254;Anne Bland;Regular Air;Home Office;Office Supplies;Rubber Bands;Wrap Bag;Advantus Map Pennant Flags and Round Head Tacks;0.53;United States;Central;Texas;Channelview;77530;24/03/15;25/03/15;-9.68;5;19.66;89984
22363;Critical;0.01;13.99;7.51;1267;Rosemary Branch;Regular Air;Corporate;Technology;Office Machines;Medium Box;Sharp EL500L Fraction Calculator;0.39;United States;South;Florida;Boca Raton;33433;10/02/15;11/02/15;533.742;2;29.85;89514
20628;Critical;0.07;40.98;7.47;1279;Josephine Rao;Regular Air;Corporate;Office Supplies;Binders and Binder Accessories;Small Box;"Wilson Jones Ledger-Size, Piano-Hinge Binder, 2"", Blue";0.37;United States;Central;Indiana;Hammond;46324;1/03/15;2/03/15;54.9015;2;81.9;90114
25005;Not Specified;0.0;442.14;14.7;1279;Josephine Rao;Delivery Truck;Corporate;Technology;Office Machines;Jumbo Drum;Okidata ML390 Turbo Dot Matrix Printers;0.56;United States;Central;Indiana;Hammond;46324;5/03/15;5/03/15;501.51;5;2343.34;90115
2628;Critical;0.07;40.98;7.47;1280;Harold Albright;Regular Air;Corporate;Office Supplies;Binders and Binder Accessories;Small Box;"Wilson Jones Ledger-Size, Piano-Hinge Binder, 2"", Blue";0.37;United States;West;Washington;Seattle;98119;1/03/15;2/03/15;54.9015;8;327.61;19042
22125;Low;0.1;238.4;24.49;1281;Pauline Denton;Regular Air;Small Business;Furniture;Chairs & Chairmats;Large Box;Safco Contoured Stacking Chairs;;United States;Central;Indiana;Vincennes;47591;24/01/15;26/01/15;875.2844;8;1774.5;89112
22126;Low;0.03;199.99;24.49;1281;Pauline Denton;Express Air;Small Business;Technology;Copiers and Fax;Large Box;Canon PC-428 Personal Copier;0.46;United States;Central;Indiana;Vincennes;47591;24/01/15;26/01/15;727.7361;5;1054.69;89112
4125;Low;0.1;238.4;24.49;1282;Dana Sharpe;Regular Air;Small Business;Furniture;Chairs & Chairmats;Large Box;Safco Contoured Stacking Chairs;;United States;East;Pennsylvania;Philadelphia;19134;24/01/15;26/01/15;460.676;30;6654.39;29319
4126;Low;0.03;199.99;24.49;1282;Dana Sharpe;Express Air;Small Business;Technology;Copiers and Fax;Large Box;Canon PC-428 Personal Copier;0.46;United States;East;Pennsylvania;Philadelphia;19134;24/01/15;26/01/15;393.42;21;4429.69;29319
19990;Not Specified;0.04;150.98;13.99;1298;Herbert Beard;Regular Air;Home Office;Technology;Office Machines;Medium Box;Canon MP41DH Printing Calculator;0.38;United States;Central;Texas;Sulphur Springs;75482;12/02/15;15/02/15;606.0546;6;878.34;90662
19991;Not Specified;0.04;176.19;11.87;1298;Herbert Beard;Regular Air;Home Office;Office Supplies;Storage & Organization;Small Box;Fellowes High-Stak® Drawer Files;0.62;United States;Central;Texas;Sulphur Springs;75482;12/02/15;14/02/15;320.1;4;676.57;90662
23120;High;0.03;39.48;1.99;1303;Cindy Harvey;Regular Air;Consumer;Technology;Computer Peripherals;Small Pack;80 Minute CD-R Spindle, 100/Pack - Staples;0.54;United States;West;Utah;Tooele;84074;19/02/15;21/02/15;317.0895;12;459.55;87003
20652;Low;0.01;65.99;5.31;1303;Cindy Harvey;Regular Air;Consumer;Technology;Telephones and Communication;Small Box;3390;0.57;United States;West;Utah;Tooele;84074;19/02/15;26/02/15;250.36272;9;536.9;87005
26274;High;0.04;62.18;10.84;1305;Chris Pritchard;Regular Air;Consumer;Furniture;Office Furnishings;Medium Box;Deflect-o Glass Clear Studded Chair Mats;0.63;United States;West;Utah;West Valley City;84120;17/02/15;19/02/15;125.8077;3;182.33;87002
3167;Medium;0.04;5.34;2.99;1314;Keith Marsh;Regular Air;Home Office;Office Supplies;Binders and Binder Accessories;Small Box;Wilson Jones 14 Line Acrylic Coated Pressboard Data Binders;0.38;United States;West;California;Los Angeles;90058;30/03/15;1/04/15;3.451;45;240.6;22755
3168;Medium;0.06;55.99;5.0;1314;Keith Marsh;Regular Air;Home Office;Technology;Telephones and Communication;Small Pack;Accessory6;0.8;United States;West;California;Los Angeles;90058;30/03/15;1/04/15;-275.253;5;236.88;22755
3791;Low;0.05;80.98;35.0;1314;Keith Marsh;Regular Air;Home Office;Office Supplies;Storage & Organization;Large Box;Carina Double Wide Media Storage Towers in Natural & Black;0.81;United States;West;California;Los Angeles;90058;5/01/15;9/01/15;-746.44;34;2710.47;27013
3792;Low;0.05;279.48;35.0;1314;Keith Marsh;Regular Air;Home Office;Office Supplies;Storage & Organization;Large Box;Tennsco Snap-Together Open Shelving Units, Starter Sets and Add-On Units;0.8;United States;West;California;Los Angeles;90058;5/01/15;5/01/15;-274.95;31;8354.73;27013
21166;Medium;0.0;4.91;5.68;1315;Adam Saunders Gray;Regular Air;Home Office;Office Supplies;Binders and Binder Accessories;Small Box;"Acco Pressboard Covers with Storage Hooks, 14 7/8"" x 11"", Light Blue";0.36;United States;West;Colorado;Colorado Springs;80906;30/03/15;31/03/15;-95.0475;9;48.3;87602
21167;Medium;0.04;5.34;2.99;1316;Marion Lindsey;Regular Air;Home Office;Office Supplies;Binders and Binder Accessories;Small Box;Wilson Jones 14 Line Acrylic Coated Pressboard Data Binders;0.38;United States;West;Colorado;Commerce City;80022;30/03/15;1/04/15;3.451;11;58.81;87602
21168;Medium;0.06;55.99;5.0;1316;Marion Lindsey;Regular Air;Home Office;Technology;Telephones and Communication;Small Pack;Accessory6;0.8;United States;West;Colorado;Commerce City;80022;30/03/15;1/04/15;-275.253;1;47.38;87602
21791;Low;0.05;80.98;35.0;1316;Marion Lindsey;Regular Air;Home Office;Office Supplies;Storage & Organization;Large Box;Carina Double Wide Media Storage Towers in Natural & Black;0.81;United States;West;Colorado;Commerce City;80022;5/01/15;9/01/15;-746.44;8;637.76;87603
21792;Low;0.05;279.48;35.0;1316;Marion Lindsey;Regular Air;Home Office;Office Supplies;Storage & Organization;Large Box;Tennsco Snap-Together Open Shelving Units, Starter Sets and Add-On Units;0.8;United States;West;Colorado;Commerce City;80022;5/01/15;5/01/15;-274.95;8;2156.06;87603
21006;Low;0.02;55.99;3.3;1338;Denise McIntosh;Regular Air;Home Office;Technology;Telephones and Communication;Small Pack;Accessory24;0.59;United States;Central;Illinois;Chicago;60623;10/02/15;10/02/15;525.2004;16;761.16;91244
3004;Low;0.0;22.38;15.1;1340;Marie Bass;Express Air;Home Office;Office Supplies;Binders and Binder Accessories;Small Box;Avery Flip-Chart Easel Binder, Black;0.38;United States;East;New York;New York City;10170;10/02/15;17/02/15;-52.647;29;682.68;21636
3005;Low;0.07;5.98;4.69;1340;Marie Bass;Regular Air;Home Office;Office Supplies;Storage & Organization;Small Box;"Perma STOR-ALL™ Hanging File Box, 13 1/8""W x 12 1/4""D x 10 1/2""H";0.68;United States;East;New York;New York City;10170;10/02/15;15/02/15;-24.44;11;73.44;21636
3006;Low;0.02;55.99;3.3;1340;Marie Bass;Regular Air;Home Office;Technology;Telephones and Communication;Small Pack;Accessory24;0.59;United States;East;New York;New York City;10170;10/02/15;10/02/15;366.507;63;2997.07;21636
21005;Low;0.07;5.98;4.69;1341;Edward Bynum;Regular Air;Home Office;Office Supplies;Storage & Organization;Small Box;"Perma STOR-ALL™ Hanging File Box, 13 1/8""W x 12 1/4""D x 10 1/2""H";0.68;United States;East;Pennsylvania;Chambersburg;17201;10/02/15;15/02/15;-12.7088;3;20.03;91244
18499;Not Specified;0.1;110.99;8.99;1351;Janet McCullough;Express Air;Home Office;Technology;Telephones and Communication;Small Box;LX 677;0.57;United States;South;Florida;Coconut Creek;33063;27/01/15;29/01/15;3285.48;7;627.78;88232
20870;High;0.1;4.13;0.99;1354;Aaron Dillon;Regular Air;Consumer;Office Supplies;Labels;Small Box;Avery 491;0.39;United States;Central;Texas;Weatherford;76086;11/02/15;11/02/15;-1.0712;2;8.3;91209
20871;High;0.04;4.98;0.49;1354;Aaron Dillon;Regular Air;Consumer;Office Supplies;Labels;Small Box;Avery White Multi-Purpose Labels;0.39;United States;Central;Texas;Weatherford;76086;11/02/15;13/02/15;4.4104;2;10.04;91209
20830;High;0.03;14.34;5.0;1360;Arlene Gibbons;Regular Air;Consumer;Furniture;Office Furnishings;Small Pack;Nu-Dell Leatherette Frames;0.49;United States;Central;Iowa;Muscatine;52761;26/01/15;27/01/15;82.3101;8;119.29;89595
20829;High;0.01;2.89;0.5;1361;Kristina Collier;Regular Air;Consumer;Office Supplies;Labels;Small Box;Avery 498;0.38;United States;Central;Michigan;Allen Park;48101;26/01/15;28/01/15;1.2236;1;3.08;89595
24432;Critical;0.01;6.48;6.22;1361;Kristina Collier;Express Air;Consumer;Office Supplies;Paper;Small Box;Xerox 1894;0.37;United States;Central;Michigan;Allen Park;48101;10/02/15;11/02/15;-15.6312;9;69.46;89596
24433;Critical;0.03;85.99;3.3;1361;Kristina Collier;Regular Air;Consumer;Technology;Telephones and Communication;Small Pack;Accessory20;0.37;United States;Central;Michigan;Allen Park;48101;10/02/15;12/02/15;790.5468;16;1145.72;89596
23011;Medium;0.05;12.97;1.49;1363;Earl Roy;Regular Air;Consumer;Office Supplies;Binders and Binder Accessories;Small Box;"Mead 1st Gear 2"" Zipper Binder, Asst. Colors";0.35;United States;South;Florida;Casselberry;32707;4/02/15;6/02/15;5.466;2;26.37;89993
23012;Medium;0.06;5.81;3.37;1363;Earl Roy;Regular Air;Consumer;Office Supplies;Rubber Bands;Wrap Bag;Advantus Push Pins, Aluminum Head;0.54;United States;South;Florida;Casselberry;32707;4/02/15;6/02/15;-149.1182;9;53.44;89993
19333;Not Specified;0.1;5.98;5.35;1364;Chris Ford;Regular Air;Home Office;Office Supplies;Paper;Small Box;Xerox 1947;0.4;United States;East;Maryland;Camp Springs;20746;17/03/15;17/03/15;-90.26;10;57.34;89994
20539;Medium;0.03;73.98;14.52;1367;James Hunter;Regular Air;Consumer;Technology;Computer Peripherals;Small Box;Keytronic French Keyboard;0.65;United States;Central;Texas;Lubbock;79424;7/01/15;10/01/15;-326.2316;1;79.02;90513
26034;Medium;0.09;4.55;1.49;1368;Patsy Harmon;Regular Air;Consumer;Office Supplies;Binders and Binder Accessories;Small Box;Presstex Flexible Ring Binders;0.35;United States;Central;Texas;Lufkin;75901;23/03/15;25/03/15;16.898;6;25.45;90514
26035;Medium;0.07;9.78;5.76;1369;Joe D Dean;Express Air;Consumer;Office Supplies;Envelopes;Small Box;"Staples #10 Laser & Inkjet Envelopes, 4 1/8"" x 9 1/2"", 100/Box";0.35;United States;Central;Texas;Mansfield;76063;23/03/15;25/03/15;20.14;11;110.72;90514
18970;Critical;0.06;1.74;4.08;1389;Jean Khan;Regular Air;Corporate;Furniture;Office Furnishings;Small Pack;Eldon Regeneration Recycled Desk Accessories, Smoke;0.53;United States;West;California;Menlo Park;94025;25/01/15;26/01/15;-11.0732;1;2.77;88726
5297;Not Specified;0.0;8.6;6.19;1402;Wesley Tate;Regular Air;Corporate;Office Supplies;Binders and Binder Accessories;Small Box;Avery Printable Repositionable Plastic Tabs;0.38;United States;Central;Illinois;Chicago;60653;15/01/15;15/01/15;-42.8536;48;447.89;37729
6080;Medium;0.04;30.73;4.0;1402;Wesley Tate;Regular Air;Home Office;Technology;Computer Peripherals;Small Box;Fellowes 17-key keypad for PS/2 interface;0.75;United States;Central;Illinois;Chicago;60653;21/01/15;22/01/15;-20.79;48;1420.84;43079
23297;Not Specified;0.0;8.6;6.19;1405;Crystal Floyd;Regular Air;Corporate;Office Supplies;Binders and Binder Accessories;Small Box;Avery Printable Repositionable Plastic Tabs;0.38;United States;Central;Michigan;Battle Creek;49017;15/01/15;15/01/15;-33.21154;12;111.97;86144
24080;Medium;0.04;30.73;4.0;1405;Crystal Floyd;Regular Air;Home Office;Technology;Computer Peripherals;Small Box;Fellowes 17-key keypad for PS/2 interface;0.75;United States;Central;Michigan;Battle Creek;49017;21/01/15;22/01/15;-20.79;12;355.21;86145
24407;Not Specified;0.08;3.38;0.85;1412;Marc Ray;Regular Air;Corporate;Office Supplies;Pens & Art Supplies;Wrap Bag;Avery Hi-Liter® Fluorescent Desk Style Markers;0.48;United States;West;California;Mountain View;94043;2/02/15;4/02/15;20.4536;12;38.81;87087
6406;Not Specified;0.02;16.48;1.99;1413;Pamela Wiley;Express Air;Corporate;Technology;Computer Peripherals;Small Pack;Maxell DVD-RAM Discs;0.42;United States;East;Massachusetts;Boston;2113;2/02/15;4/02/15;69.61;27;484.56;45539
22823;Low;0.07;4.84;0.71;1418;Rebecca Lindsey;Regular Air;Small Business;Office Supplies;Pens & Art Supplies;Wrap Bag;*Staples* Highlighting Markers;0.52;United States;Central;Indiana;Kokomo;46901;1/01/15;3/01/15;25.2402;8;36.58;90539
19024;Low;0.05;350.99;39.0;1424;Robyn Zhou;Delivery Truck;Home Office;Furniture;Chairs & Chairmats;Jumbo Drum;Global Leather Executive Chair;0.55;United States;West;Colorado;Englewood;80112;12/01/15;14/01/15;451.2804;3;1020.08;89448
19025;Low;0.0;8.74;1.39;1424;Robyn Zhou;Regular Air;Home Office;Office Supplies;Envelopes;Small Box;"#10- 4 1/8"" x 9 1/2"" Recycled Envelopes";0.38;United States;West;Colorado;Englewood;80112;12/01/15;16/01/15;44.988;7;65.2;89448
19026;Low;0.02;1.98;0.7;1424;Robyn Zhou;Regular Air;Home Office;Office Supplies;Rubber Bands;Wrap Bag;Brites Rubber Bands, 1 1/2 oz. Box;0.83;United States;West;Colorado;Englewood;80112;12/01/15;16/01/15;-20.7328;11;22.59;89448
22824;Low;0.04;2036.48;14.7;1425;Gregory Crane;Delivery Truck;Small Business;Technology;Office Machines;Jumbo Drum;Lexmark 4227 Plus Dot Matrix Printer;0.55;United States;West;Colorado;Fort Collins;80525;1/01/15;6/01/15;-4793.004;1;2013.67;89450
22407;Low;0.09;125.99;2.5;1427;Stacy Gould;Regular Air;Home Office;Technology;Telephones and Communication;Small Box;i2000;0.6;United States;Central;Michigan;Bay City;48708;5/02/15;9/02/15;1258.7877;18;1824.33;90905
19810;Not Specified;0.05;9.78;1.39;1432;Kerry Green;Regular Air;Corporate;Office Supplies;Envelopes;Small Box;"Staples #10 Laser & Inkjet Envelopes, 4 1/8"" x 9 1/2"", 100/Box";0.39;United States;Central;Indiana;Indianapolis;46203;5/03/15;6/03/15;74.2785;11;107.65;86826
19811;Not Specified;0.02;3.28;3.97;1433;Frances Jackson;Express Air;Corporate;Office Supplies;Pens & Art Supplies;Wrap Bag;Newell 337;0.56;United States;Central;Indiana;Jeffersonville;47130;5/03/15;6/03/15;-66.35;7;25.15;86826
21955;Critical;0.01;80.98;35.0;1438;Jean Weiss Diaz;Regular Air;Corporate;Office Supplies;Storage & Organization;Large Box;"Carina 42""Hx23 3/4""W Media Storage Unit";0.83;United States;East;Ohio;Elyria;44035;22/01/15;24/01/15;-409.3736;3;267.83;90120
21945;Low;0.02;15.99;13.18;1442;Rodney Field;Express Air;Corporate;Office Supplies;Binders and Binder Accessories;Small Box;"GBC Pre-Punched Binding Paper, Plastic, White, 8-1/2"" x 11""";0.37;United States;Central;Missouri;Springfield;65807;30/01/15;3/02/15;-76.9925;7;123.03;89077
21946;Low;0.09;46.94;6.77;1442;Rodney Field;Express Air;Corporate;Furniture;Office Furnishings;Small Box;"Howard Miller 13"" Diameter Goldtone Round Wall Clock";0.44;United States;Central;Missouri;Springfield;65807;30/01/15;30/01/15;297.9696;10;431.84;89077
21710;High;0.03;420.98;19.99;1471;Danielle Daniel;Regular Air;Home Office;Office Supplies;Binders and Binder Accessories;Small Box;GBC DocuBind 200 Manual Binding Machine;0.35;United States;East;Ohio;Westerville;43081;21/03/15;22/03/15;3043.0311;10;4410.19;87077
24937;Critical;0.04;9.78;1.99;1473;Paul Puckett;Express Air;Home Office;Technology;Computer Peripherals;Small Pack;Memorex Slim 80 Minute CD-R, 10/Pack;0.43;United States;East;Ohio;Wooster;44691;21/01/15;22/01/15;61.2927;9;88.83;87076
7544;Not Specified;0.07;8.95;2.01;1481;Marvin MacDonald;Regular Air;Corporate;Office Supplies;Paper;Wrap Bag;"Recycled Desk Saver Line ""While You Were Out"" Book, 5 1/2"" X 4""";0.39;United States;West;California;Los Angeles;90049;27/03/15;28/03/15;91.73;36;307.65;53953
25544;Not Specified;0.07;8.95;2.01;1482;Michael Tanner;Regular Air;Corporate;Office Supplies;Paper;Wrap Bag;"Recycled Desk Saver Line ""While You Were Out"" Book, 5 1/2"" X 4""";0.39;United States;Central;Michigan;Bay City;48708;27/03/15;28/03/15;53.0679;9;76.91;91362
22745;Not Specified;0.05;9.65;6.22;1482;Michael Tanner;Regular Air;Corporate;Furniture;Office Furnishings;Small Box;Eldon Expressions™ Desk Accessory, Wood Pencil Holder, Oak;0.55;United States;Central;Michigan;Bay City;48708;28/02/15;28/02/15;-14.6432;15;151.34;91363
21806;High;0.06;99.99;19.99;1484;Alison Stewart;Regular Air;Home Office;Technology;Computer Peripherals;Small Box;US Robotics 56K V.92 External Faxmodem;0.52;United States;Central;Illinois;Des Plaines;60016;11/03/15;14/03/15;-127.56;3;290.24;91235
21807;High;0.0;193.17;19.99;1484;Alison Stewart;Regular Air;Home Office;Office Supplies;Storage & Organization;Small Box;Fellowes Staxonsteel® Drawer Files;0.71;United States;Central;Illinois;Des Plaines;60016;11/03/15;12/03/15;282.18;5;971.4;91235
21808;High;0.08;20.99;3.3;1484;Alison Stewart;Express Air;Home Office;Technology;Telephones and Communication;Small Pack;Accessory39;0.81;United States;Central;Illinois;Des Plaines;60016;11/03/15;11/03/15;-96.338;11;193.51;91235
22763;Not Specified;0.04;11.5;7.19;1485;Wayne Sutherland;Regular Air;Home Office;Office Supplies;Binders and Binder Accessories;Small Box;Ibico Covers for Plastic or Wire Binding Elements;0.4;United States;Central;Illinois;Downers Grove;60516;20/02/15;23/02/15;-23.35788;14;157.81;91236
22764;Not Specified;0.02;15.7;11.25;1485;Wayne Sutherland;Regular Air;Home Office;Office Supplies;Storage & Organization;Small Box;Hanging Personal Folder File;0.6;United States;Central;Illinois;Downers Grove;60516;20/02/15;21/02/15;-18.2416;1;19.44;91236
22765;Not Specified;0.05;225.02;28.66;1485;Wayne Sutherland;Delivery Truck;Home Office;Office Supplies;Storage & Organization;Jumbo Drum;Tennsco Double-Tier Lockers;0.72;United States;Central;Illinois;Downers Grove;60516;20/02/15;22/02/15;1428.9104;21;4636.63;91236
19472;Critical;0.06;8.37;10.16;1494;Kate Lehman;Regular Air;Corporate;Furniture;Office Furnishings;Large Box;Westinghouse Clip-On Gooseneck Lamps;0.59;United States;East;Maryland;Dundalk;21222;11/03/15;13/03/15;-255.65;18;157.64;85880
19473;Critical;0.09;6.48;9.17;1494;Kate Lehman;Express Air;Corporate;Office Supplies;Paper;Small Box;Xerox 1996;0.37;United States;East;Maryland;Dundalk;21222;11/03/15;13/03/15;-76.54;6;42.16;85880
24286;Critical;0.09;6.28;5.29;1497;Gloria Jacobs;Regular Air;Corporate;Furniture;Office Furnishings;Small Box;Eldon® 200 Class™ Desk Accessories, Burgundy;0.43;United States;East;New York;Elmira;14901;11/03/15;12/03/15;-10.09;2;14.08;85880
24287;Critical;0.03;15.14;4.53;1497;Gloria Jacobs;Regular Air;Corporate;Office Supplies;Storage & Organization;Small Box;Eldon® Gobal File Keepers;0.81;United States;East;New York;Elmira;14901;11/03/15;13/03/15;-92.87;17;256.73;85880
20016;Medium;0.05;2.16;6.05;1499;Charlotte L Doyle;Regular Air;Home Office;Office Supplies;Binders and Binder Accessories;Small Box;Peel & Stick Add-On Corner Pockets;0.37;United States;South;Florida;Coral Gables;33134;4/02/15;5/02/15;-298.886;8;18.59;90731
20017;Medium;0.03;6.48;6.6;1499;Charlotte L Doyle;Regular Air;Home Office;Office Supplies;Paper;Small Box;Xerox 21;0.37;United States;South;Florida;Coral Gables;33134;4/02/15;5/02/15;-145.852;9;58.83;90731
20018;Medium;0.08;146.05;80.2;1499;Charlotte L Doyle;Delivery Truck;Home Office;Furniture;Tables;Jumbo Box;BPI Conference Tables;0.71;United States;South;Florida;Coral Gables;33134;4/02/15;5/02/15;-27.951;11;1557.66;90731
19269;High;0.04;11.34;5.01;1526;Larry Hall;Regular Air;Home Office;Office Supplies;Paper;Small Box;Xerox 188;0.36;United States;South;Alabama;Birmingham;35211;10/02/15;11/02/15;-189.224;10;115.53;86812
24974;Critical;0.03;30.98;8.99;1527;Neil Parker;Express Air;Small Business;Office Supplies;Pens & Art Supplies;Small Pack;Boston School Pro Electric Pencil Sharpener, 1670;0.58;United States;South;Alabama;Decatur;35601;9/01/15;11/01/15;0.51;5;162.39;86813
22253;Low;0.03;65.99;5.26;1527;Neil Parker;Regular Air;Home Office;Technology;Telephones and Communication;Small Box;8860;0.56;United States;South;Alabama;Decatur;35601;30/03/15;9/04/15;-52.248;23;1316.03;86814
24975;Critical;0.01;525.98;19.99;1528;Brad Stark;Regular Air;Small Business;Office Supplies;Binders and Binder Accessories;Small Box;GBC DocuBind 300 Electric Binding Machine;0.37;United States;South;North Carolina;Eden;27288;9/01/15;11/01/15;-161.924;9;4920.81;86813
21199;Critical;0.07;4.91;0.5;1531;Jon Ayers;Regular Air;Consumer;Office Supplies;Labels;Small Box;Avery 508;0.36;United States;South;Florida;Palm Coast;32137;17/01/15;18/01/15;-157.696;6;28.22;88852
21596;High;0.02;4.89;4.93;1533;Nicole Reid;Regular Air;Corporate;Technology;Computer Peripherals;Small Pack;"Maxell 3.5"" DS/HD IBM-Formatted Diskettes, 10/Pack";0.66;United States;Central;Missouri;University City;63130;6/02/15;7/02/15;-56.446;14;74.01;91328
21597;High;0.07;10.06;2.06;1533;Nicole Reid;Regular Air;Corporate;Office Supplies;Paper;Wrap Bag;Riverleaf Stik-Withit® Designer Note Cubes®;0.39;United States;Central;Missouri;University City;63130;6/02/15;7/02/15;33.189;5;48.1;91328
20993;Critical;0.01;348.21;40.19;1552;Gary Koch;Delivery Truck;Small Business;Furniture;Tables;Jumbo Box;Bretford CR4500 Series Slim Rectangular Table;0.62;United States;South;Mississippi;Clinton;39056;1/01/15;4/01/15;-337.092;2;723.54;87486
24862;Not Specified;0.03;12.28;6.35;1553;Tara Powers Underwood;Regular Air;Small Business;Office Supplies;Paper;Small Box;Staples Premium Bright 1-Part Blank Computer Paper;0.38;United States;South;Mississippi;Greenville;38701;22/03/15;24/03/15;68.676;7;87.53;87484
25409;High;0.03;124.49;51.94;1554;Joan Floyd;Delivery Truck;Consumer;Furniture;Tables;Jumbo Box;Bevis 36 x 72 Conference Tables;0.63;United States;South;Mississippi;Gulfport;39503;13/02/15;14/02/15;-4.018;7;894.88;87487
18511;Low;0.09;60.98;49.0;1557;James Nicholson;Regular Air;Consumer;Office Supplies;Appliances;Large Box;Euro Pro Shark Stick Mini Vacuum;0.59;United States;South;Virginia;Annandale;22003;25/03/15;2/04/15;-954.758;15;879.62;87426
18512;Low;0.05;29.89;1.99;1557;James Nicholson;Regular Air;Consumer;Technology;Computer Peripherals;Small Pack;Verbatim DVD-RAM, 5.2GB, Rewritable, Type 1, DS;0.5;United States;South;Virginia;Annandale;22003;25/03/15;27/03/15;219.4734;12;361.19;87426
19130;High;0.02;11.34;11.25;1561;Edwin Coley;Regular Air;Corporate;Office Supplies;Paper;Small Box;Staples 1 Part Blank Computer Paper;0.36;United States;Central;Texas;Mansfield;76063;1/03/15;2/03/15;-155.21;9;105.75;88093
20464;Medium;0.07;20.95;5.99;1574;Sherry Hurley;Regular Air;Consumer;Technology;Computer Peripherals;Small Box;Fellowes Basic 104-Key Keyboard, Platinum;0.65;United States;South;North Carolina;Fayetteville;28314;9/02/15;10/02/15;27.234;19;391.4;86966
22127;Low;0.1;11.58;6.97;1580;Ronnie Nolan;Regular Air;Corporate;Office Supplies;Envelopes;Small Box;Peel & Seel® Recycled Catalog Envelopes, Brown;0.35;United States;East;Maine;Waterville;4901;16/02/15;20/02/15;-8.398;1;14.53;90934
23533;Critical;0.09;2.18;0.78;1603;Alex Watkins;Regular Air;Small Business;Office Supplies;Rubber Bands;Wrap Bag;Stockwell Push Pins;0.52;United States;East;New York;Woodmere;11598;16/01/15;18/01/15;2.4548;9;19.12;89679
23534;Critical;0.05;179.29;29.21;1603;Alex Watkins;Delivery Truck;Small Business;Furniture;Tables;Jumbo Box;Bevis Round Conference Table Top, X-Base;0.76;United States;East;New York;Woodmere;11598;16/01/15;18/01/15;-537.2797773;1;186.64;89679
18450;Medium;0.05;1.98;4.77;1606;Don Rogers;Regular Air;Home Office;Office Supplies;Binders and Binder Accessories;Small Box;Avery Reinforcements for Hole-Punch Pages;0.4;United States;East;New York;Franklin Square;11010;7/01/15;8/01/15;-14.35982;1;3.53;87993
18451;Medium;0.07;699.99;24.49;1606;Don Rogers;Express Air;Home Office;Technology;Copiers and Fax;Large Box;Canon PC1060 Personal Laser Copier;0.41;United States;East;New York;Franklin Square;11010;7/01/15;8/01/15;-2870.2776;1;706.56;87993
18452;Medium;0.07;6783.02;24.49;1606;Don Rogers;Regular Air;Home Office;Technology;Office Machines;Large Box;Polycom ViewStation™ ISDN Videoconferencing Unit;0.39;United States;East;New York;Franklin Square;11010;7/01/15;8/01/15;77.9836;2;13121.07;87993
24951;Low;0.1;5.68;3.6;1607;Kathleen Huang Hall;Express Air;Home Office;Office Supplies;Scissors, Rulers and Trimmers;Small Pack;Acme® Preferred Stainless Steel Scissors;0.56;United States;East;New York;Freeport;11520;6/02/15;10/02/15;-33.2956;21;118.35;87995
21145;Medium;0.08;213.45;14.7;1625;Molly Browning;Delivery Truck;Home Office;Technology;Office Machines;Jumbo Drum;Panasonic KX-P2130 Dot Matrix Printer;0.59;United States;East;New York;Glen Cove;11542;27/03/15;29/03/15;1674.7542;12;2427.18;90600
21146;Medium;0.1;55.98;13.88;1625;Molly Browning;Regular Air;Home Office;Office Supplies;Paper;Small Box;Xerox 1882;0.36;United States;East;New York;Glen Cove;11542;27/03/15;29/03/15;300.0465;8;434.85;90600
21147;Medium;0.0;16.06;8.34;1625;Molly Browning;Regular Air;Home Office;Office Supplies;Storage & Organization;Small Box;Letter/Legal File Tote with Clear Snap-On Lid, Black Granite;0.59;United States;East;New York;Glen Cove;11542;27/03/15;28/03/15;-28.09;1;19.16;90600
21270;Medium;0.0;209.37;69.0;1625;Molly Browning;Regular Air;Home Office;Furniture;Tables;Large Box;Hon 2111 Invitation™ Series Corner Table;0.79;United States;East;New York;Glen Cove;11542;16/02/15;18/02/15;-263.1119291;11;1959.88;90601
19769;High;0.08;8.09;7.96;1632;Lori Wolfe;Express Air;Home Office;Furniture;Office Furnishings;Small Box;"6"" Cubicle Wall Clock, Black";0.49;United States;South;Mississippi;Hattiesburg;39401;15/01/15;16/01/15;15.984;6;48.25;90530
24786;Not Specified;0.03;5.98;3.85;1633;Gerald Raynor;Regular Air;Home Office;Technology;Computer Peripherals;Small Pack;"Imation 3.5"" IBM-Formatted Diskettes, 10/Pack";0.68;United States;South;Mississippi;Horn Lake;38637;10/02/15;12/02/15;-76.1068;6;38.54;90531
19144;Critical;0.08;115.99;56.14;1636;Sidney Greenberg;Delivery Truck;Home Office;Technology;Office Machines;Jumbo Drum;Hewlett-Packard Deskjet 5550 Color Inkjet Printer;0.4;United States;West;California;Salinas;93905;14/01/15;16/01/15;-272.860884;5;562.93;89704
19145;Critical;0.08;4.28;0.94;1636;Sidney Greenberg;Regular Air;Home Office;Office Supplies;Pens & Art Supplies;Wrap Bag;Newell 336;0.56;United States;West;California;Salinas;93905;14/01/15;17/01/15;10.5792;7;29.18;89704
20869;High;0.04;136.98;24.49;1636;Sidney Greenberg;Express Air;Home Office;Furniture;Office Furnishings;Large Box;3M Polarizing Task Lamp with Clamp Arm, Light Gray;0.59;United States;West;California;Salinas;93905;12/01/15;14/01/15;1127.5497;12;1634.13;89706
26109;Critical;0.08;55.48;6.79;1639;Marvin Rollins;Regular Air;Home Office;Office Supplies;Paper;Small Box;Eaton Premium Continuous-Feed Paper, 25% Cotton, Letter Size, White, 1000 Shts/Box;0.37;United States;East;Connecticut;Stamford;6901;26/02/15;28/02/15;147.7566;4;214.14;89705
24265;Not Specified;0.06;3.29;1.35;1646;Eugene Brewer Knox;Regular Air;Small Business;Office Supplies;Rubber Bands;Wrap Bag;Acco® Hot Clips™ Clips to Go;0.4;United States;East;New York;Bethpage;11714;15/03/15;17/03/15;8.53;11;35.97;90932
21947;Critical;0.08;46.89;5.1;1648;Nina Bowles;Regular Air;Corporate;Office Supplies;Appliances;Medium Box;Bionaire Personal Warm Mist Humidifier/Vaporizer;0.46;United States;Central;Illinois;Woodstock;60098;25/03/15;27/03/15;507.633;17;735.7;91043
21948;Critical;0.05;12.98;3.14;1648;Nina Bowles;Regular Air;Corporate;Office Supplies;Scissors, Rulers and Trimmers;Small Pack;"Acme® 8"" Straight Scissors";0.6;United States;Central;Illinois;Woodstock;60098;25/03/15;25/03/15;38.23;18;225.59;91043
20603;Critical;0.03;48.58;3.99;1649;Roy Hardison;Express Air;Corporate;Office Supplies;Appliances;Small Box;Belkin Premiere Surge Master II 8-outlet surge protector;0.56;United States;East;New York;Woodmere;11598;24/02/15;26/02/15;100.1328;3;145.12;91041
19251;Not Specified;0.0;101.41;35.0;1653;Charles Cline;Express Air;Corporate;Office Supplies;Storage & Organization;Large Box;Tennsco Regal Shelving Units;0.82;United States;West;California;Thousand Oaks;91360;24/01/15;25/01/15;-457.73;10;1104.32;89885
19252;Not Specified;0.1;95.99;4.9;1653;Charles Cline;Regular Air;Corporate;Technology;Telephones and Communication;Small Box;T60;0.56;United States;West;California;Thousand Oaks;91360;24/01/15;25/01/15;-268.664;2;149.8;89885
24187;High;0.1;3.6;2.2;1665;Elsie Pridgen;Regular Air;Consumer;Office Supplies;Paper;Wrap Bag;"Telephone Message Books with Fax/Mobile Section, 4 1/4"" x 6""";0.39;United States;West;California;Laguna Hills;92653;26/02/15;27/02/15;-8.28;2;6.97;90678
23578;Low;0.1;4.13;0.99;1671;Mitchell Ross;Regular Air;Small Business;Office Supplies;Labels;Small Box;Avery 491;0.39;United States;South;Virginia;Burke;22015;9/02/15;13/02/15;-40.53;13;52.16;86724
18150;Medium;0.07;13.73;6.85;1679;Jeanne Nguyen;Regular Air;Consumer;Furniture;Office Furnishings;Wrap Bag;DAX Wood Document Frame.;0.54;United States;East;Ohio;Fairborn;45324;20/03/15;21/03/15;-22.72;21;276.64;86646
1976;Not Specified;0.04;6.28;5.41;1682;Julie Edwards;Regular Air;Consumer;Furniture;Office Furnishings;Small Box;Eldon® 200 Class™ Desk Accessories;0.53;United States;Central;Illinois;Chicago;60611;14/02/15;16/02/15;-38.38;43;284.48;14115
5358;Not Specified;0.08;4.98;4.7;1682;Julie Edwards;Regular Air;Consumer;Office Supplies;Paper;Small Box;Staples Copy Paper (20Lb. and 84 Bright);0.38;United States;Central;Illinois;Chicago;60611;14/03/15;15/03/15;-56.35;47;225.98;38080
19976;Not Specified;0.04;6.28;5.41;1683;Wesley Corbett;Regular Air;Consumer;Furniture;Office Furnishings;Small Box;Eldon® 200 Class™ Desk Accessories;0.53;United States;Central;Texas;Conroe;77301;14/02/15;16/02/15;-19.9576;11;72.77;90612
23358;Not Specified;0.08;4.98;4.7;1683;Wesley Corbett;Regular Air;Consumer;Office Supplies;Paper;Small Box;Staples Copy Paper (20Lb. and 84 Bright);0.38;United States;Central;Texas;Conroe;77301;14/03/15;15/03/15;-56.35;12;57.7;90613
19751;Low;0.08;2.08;5.33;1686;Lynn O'Donnell;Regular Air;Corporate;Furniture;Office Furnishings;Small Box;Eldon® Wave Desk Accessories;0.43;United States;Central;Illinois;Elgin;60123;3/03/15;10/03/15;-129.01;9;19.67;86973
25690;High;0.0;48.91;35.0;1689;Larry Church;Regular Air;Corporate;Office Supplies;Storage & Organization;Large Box;Tennsco Industrial Shelving;0.83;United States;Central;Indiana;Highland;46322;24/03/15;25/03/15;-628.38;10;514.79;91077
22798;Low;0.05;115.99;5.26;1690;Neil Bailey;Regular Air;Corporate;Technology;Telephones and Communication;Small Box;636;0.57;United States;East;Pennsylvania;Harrisburg;17112;24/01/15;28/01/15;616.5357;9;893.53;91076
19481;Not Specified;0.0;6.84;8.37;1692;Rhonda Schroeder;Regular Air;Consumer;Office Supplies;Scissors, Rulers and Trimmers;Small Pack;"Acme Design Line 8"" Stainless Steel Bent Scissors w/Champagne Handles, 3-1/8"" Cut";0.58;United States;Central;Kansas;Newton;67114;23/01/15;24/01/15;-123.1816;5;37.89;90189
19482;Not Specified;0.07;30.98;5.76;1693;Melinda Thornton;Regular Air;Consumer;Office Supplies;Paper;Small Box;"IBM Multi-Purpose Copy Paper, 8 1/2 x 11"", Case";0.4;United States;South;Virginia;Reston;20190;23/01/15;25/01/15;-28.798;11;343.79;90189
24941;Medium;0.0;13.43;5.5;1697;Holly Osborne;Regular Air;Home Office;Office Supplies;Storage & Organization;Small Box;Fellowes Personal Hanging Folder Files, Navy;0.57;United States;South;Arkansas;Hot Springs;71901;16/01/15;17/01/15;-253.778;9;129.54;86338
18275;Low;0.05;3.98;5.26;1699;Joseph Hurst;Regular Air;Small Business;Office Supplies;Binders and Binder Accessories;Small Box;Ibico Presentation Index for Binding Systems;0.38;United States;East;Pennsylvania;Levittown;19057;25/03/15;29/03/15;-152.5245;12;49.44;87345
18276;Low;0.01;6.48;5.4;1699;Joseph Hurst;Regular Air;Small Business;Office Supplies;Paper;Small Box;Xerox 207;0.37;United States;East;Pennsylvania;Levittown;19057;25/03/15;25/03/15;-18.85;2;14.29;87345
24158;Medium;0.05;14.81;13.32;1702;Sandra Berry;Regular Air;Home Office;Office Supplies;Appliances;Small Box;Holmes Replacement Filter for HEPA Air Cleaner, Large Room;0.43;United States;South;Mississippi;Meridian;39301;17/01/15;20/01/15;-220.052;3;45.28;90473
24159;Medium;0.05;4.2;2.26;1702;Sandra Berry;Express Air;Home Office;Office Supplies;Paper;Wrap Bag;Important Message Pads, 50 4-1/4 x 5-1/2 Forms per Pad;0.36;United States;South;Mississippi;Meridian;39301;17/01/15;19/01/15;20.39337;3;13.57;90473
25761;Medium;0.05;5.68;1.39;1708;Lillian Day;Regular Air;Small Business;Office Supplies;Envelopes;Small Box;Staples Standard Envelopes;0.38;United States;East;Ohio;Shaker Heights;44118;17/01/15;18/01/15;38.2812;10;55.48;88781
23822;Not Specified;0.01;14.28;2.99;1709;Dennis Bowen;Regular Air;Consumer;Office Supplies;Binders and Binder Accessories;Small Box;Avery Premier Heavy-Duty Binder with Round Locking Rings;0.39;United States;East;Pennsylvania;Pottstown;19464;21/01/15;22/01/15;21.0035;2;30.44;88782
19287;Not Specified;0.07;7.59;4.0;1711;Sharon Long;Regular Air;Corporate;Furniture;Office Furnishings;Wrap Bag;Master Giant Foot® Doorstop, Safety Yellow;0.42;United States;South;Georgia;Marietta;30062;16/03/15;18/03/15;-167.048;3;22.48;87747
19884;Low;0.01;300.98;64.73;1718;Kathy Shah;Delivery Truck;Consumer;Furniture;Chairs & Chairmats;Jumbo Drum;Global Leather and Oak Executive Chair, Black;0.56;United States;South;North Carolina;Garner;27529;8/03/15;15/03/15;-48.874;3;974.14;90621
20619;Medium;0.06;16.48;1.99;1719;Russell W Melton;Regular Air;Corporate;Technology;Computer Peripherals;Small Pack;Maxell DVD-RAM Discs;0.42;United States;South;Alabama;Northport;35473;17/01/15;19/01/15;-144.592;8;128.13;90786
5670;Low;0.1;49.99;19.99;1723;Constance Flowers;Express Air;Corporate;Technology;Computer Peripherals;Small Box;US Robotics 56K V.92 Internal PCI Faxmodem;0.45;United States;West;California;San Diego;92037;31/01/15;5/02/15;13.508;46;2188.06;40101
6212;Medium;0.05;6.68;5.66;1723;Constance Flowers;Regular Air;Corporate;Office Supplies;Paper;Small Box;Xerox 1923;0.37;United States;West;California;San Diego;92037;7/02/15;9/02/15;-66.48;46;320.93;44002
6213;Medium;0.03;17.7;9.47;1723;Constance Flowers;Regular Air;Corporate;Office Supplies;Storage & Organization;Small Box;Portfile® Personal File Boxes;0.59;United States;West;California;San Diego;92037;7/02/15;7/02/15;-52.33;14;261.85;44002
24872;Not Specified;0.1;14.98;7.69;1727;Juanita Ballard;Express Air;Small Business;Office Supplies;Storage & Organization;Small Box;Super Decoflex Portable Personal File;0.57;United States;East;Ohio;Kent;44240;21/01/15;23/01/15;-76.9;8;114.81;87194
26066;High;0.04;55.48;6.79;1728;Carrie Lewis;Regular Air;Corporate;Office Supplies;Paper;Small Box;Eaton Premium Continuous-Feed Paper, 25% Cotton, Letter Size, White, 1000 Shts/Box;0.37;United States;East;Ohio;Kettering;45429;22/02/15;24/02/15;376.8849;10;546.21;87195
18306;Medium;0.08;175.99;4.99;1738;Dean Solomon;Regular Air;Corporate;Technology;Telephones and Communication;Small Box;5165;0.59;United States;South;North Carolina;Gastonia;28052;28/03/15;28/03/15;-16476.838;10;1486.34;85865
20591;Medium;0.0;55.99;2.5;1743;Paige Jacobs;Regular Air;Consumer;Technology;Telephones and Communication;Small Pack;Accessory28;0.83;United States;Central;Texas;Friendswood;77546;12/02/15;14/02/15;-121.05808;1;52.1;91025
2571;Not Specified;0.02;4.13;6.89;1745;Herbert Holden;Regular Air;Home Office;Office Supplies;Labels;Small Box;Avery 05222 Permanent Self-Adhesive File Folder Labels for Typewriters, on Rolls, White, 250/Roll;0.39;United States;South;Georgia;Atlanta;30305;9/01/15;10/01/15;-51.737;9;45.87;18561
1863;Low;0.04;60.65;12.23;1745;Herbert Holden;Regular Air;Home Office;Furniture;Office Furnishings;Medium Box;"Tenex Traditional Chairmats for Medium Pile Carpet, Standard Lip, 36"" x 48""";0.64;United States;South;Georgia;Atlanta;30305;14/02/15;16/02/15;116.5063;4;256.77;13408
20571;Not Specified;0.02;4.13;6.89;1749;Sherri P Stephens;Regular Air;Home Office;Office Supplies;Labels;Small Box;Avery 05222 Permanent Self-Adhesive File Folder Labels for Typewriters, on Rolls, White, 250/Roll;0.39;United States;Central;Oklahoma;Lawton;73505;9/01/15;10/01/15;-48.236;2;10.19;87243
19863;Low;0.04;60.65;12.23;1749;Sherri P Stephens;Regular Air;Home Office;Furniture;Office Furnishings;Medium Box;"Tenex Traditional Chairmats for Medium Pile Carpet, Standard Lip, 36"" x 48""";0.64;United States;Central;Oklahoma;Lawton;73505;14/02/15;16/02/15;44.2911;1;64.19;87244
19477;Low;0.04;8.5;1.99;1754;Nelson Hong;Regular Air;Consumer;Technology;Computer Peripherals;Small Pack;Hewlett-Packard 4.7GB DVD+R Discs;0.49;United States;West;California;Torrance;90503;27/02/15;28/02/15;43.2752;14;118.57;90178
19478;Low;0.1;15.99;9.4;1754;Nelson Hong;Regular Air;Consumer;Technology;Office Machines;Small Box;AT&T Black Trimline Phone, Model 210;0.49;United States;West;California;Torrance;90503;27/02/15;27/02/15;-36.21462;5;79.47;90178
19479;Low;0.09;95.99;8.99;1754;Nelson Hong;Regular Air;Consumer;Technology;Telephones and Communication;Small Box;600 Series Flip;0.57;United States;West;California;Torrance;90503;27/02/15;3/03/15;7.03296;8;627.28;90178
25920;High;0.0;115.99;5.92;1764;Michele Bradshaw;Regular Air;Consumer;Technology;Telephones and Communication;Small Box;8890;0.58;United States;South;Florida;Dunedin;34698;22/01/15;22/01/15;-16.772;11;1160.42;89775
25608;High;0.06;19.98;10.49;1764;Michele Bradshaw;Regular Air;Consumer;Furniture;Office Furnishings;Small Box;12-1/2 Diameter Round Wall Clock;0.49;United States;South;Florida;Dunedin;34698;1/03/15;3/03/15;514.1772;5;103.37;89776
25609;High;0.08;1.76;4.86;1764;Michele Bradshaw;Regular Air;Consumer;Furniture;Office Furnishings;Small Box;Regeneration Desk Collection;0.41;United States;South;Florida;Dunedin;34698;1/03/15;2/03/15;235.656;23;40.22;89776
20636;Critical;0.01;50.98;6.5;1767;Robert Rollins;Regular Air;Home Office;Technology;Computer Peripherals;Small Box;Microsoft Natural Multimedia Keyboard;0.73;United States;South;Georgia;Newnan;30265;26/03/15;27/03/15;5.3397;16;818.49;89211
24894;Medium;0.07;60.98;49.0;1771;Jeff Spivey;Regular Air;Home Office;Office Supplies;Appliances;Large Box;Euro Pro Shark Stick Mini Vacuum;0.59;United States;Central;Illinois;Freeport;61032;6/03/15;7/03/15;-807.89;7;410.17;89106
20278;Not Specified;0.08;5.78;5.67;1776;Charlotte Patterson;Regular Air;Consumer;Office Supplies;Paper;Small Box;Xerox 1978;0.36;United States;Central;Indiana;Terre Haute;47802;4/02/15;5/02/15;-53.898;19;106.57;89941
21163;Low;0.02;10.06;2.06;1777;Miriam Greenberg;Regular Air;Consumer;Office Supplies;Paper;Wrap Bag;Riverleaf Stik-Withit® Designer Note Cubes®;0.39;United States;Central;Indiana;Valparaiso;46383;3/01/15;8/01/15;90.6246;13;131.34;89940
19419;Low;0.03;5.08;2.03;1781;Jackie Capps;Regular Air;Home Office;Furniture;Office Furnishings;Wrap Bag;Master Caster Door Stop, Brown;0.51;United States;West;California;San Carlos;94070;7/01/15;12/01/15;15.1524;4;21.96;89858
21283;High;0.03;3.28;3.97;1782;Lawrence Dennis;Regular Air;Home Office;Office Supplies;Pens & Art Supplies;Wrap Bag;Newell 342;0.56;United States;West;California;San Clemente;92672;6/01/15;8/01/15;-90.7556;7;24.57;89856
23966;Critical;0.04;205.99;8.99;1788;Valerie Siegel;Regular Air;Consumer;Technology;Telephones and Communication;Small Box;TimeportP7382;0.56;United States;South;Georgia;Woodstock;30188;21/01/15;22/01/15;960.984;6;1008.53;88256
21284;Critical;0.04;880.98;44.55;1793;Derek Jernigan;Delivery Truck;Home Office;Furniture;Bookcases;Jumbo Box;Riverside Palais Royal Lawyers Bookcase, Royale Cherry Finish;0.62;United States;Central;Illinois;Galesburg;61401;6/01/15;7/01/15;-13706.464;8;6968.9;87853
18901;Medium;0.01;8.12;2.83;1808;Joyce Knox;Express Air;Home Office;Technology;Computer Peripherals;Small Pack;Imation Neon Mac Format Diskettes, 10/Pack;0.77;United States;East;West Virginia;Parkersburg;26101;17/03/15;18/03/15;-40.76;10;88.64;89251
24463;Medium;0.06;90.97;14.0;1815;Marvin Yang;Delivery Truck;Home Office;Technology;Office Machines;Jumbo Drum;Lexmark Z54se Color Inkjet Printer;0.36;United States;South;Mississippi;Pearl;39208;11/02/15;12/02/15;47.334;14;1263.35;90525
22843;Low;0.01;10.48;2.89;1816;Danielle Schneider;Regular Air;Consumer;Office Supplies;Pens & Art Supplies;Small Pack;Staples Battery-Operated Desktop Pencil Sharpener;0.6;United States;Central;Michigan;Canton;48187;5/02/15;7/02/15;60.5616;19;202.38;85990
4843;Low;0.01;10.48;2.89;1821;Vanessa Boyer;Regular Air;Consumer;Office Supplies;Pens & Art Supplies;Small Pack;Staples Battery-Operated Desktop Pencil Sharpener;0.6;United States;East;New York;New York City;10177;5/02/15;7/02/15;40.92;76;809.51;34435
20551;Not Specified;0.0;5.98;0.96;1827;Vincent Hale;Regular Air;Corporate;Office Supplies;Pens & Art Supplies;Wrap Bag;Newell 315;0.6;United States;Central;Iowa;Burlington;52601;19/02/15;20/02/15;38.0397;9;55.13;86956
20553;Not Specified;0.02;5.98;5.46;1828;Stacey Lucas;Regular Air;Corporate;Office Supplies;Paper;Small Box;Xerox 1983;0.36;United States;Central;Iowa;Cedar Falls;50613;19/02/15;20/02/15;-47.12;7;44.8;86956
21383;Low;0.05;7.1;6.05;1828;Stacey Lucas;Regular Air;Corporate;Office Supplies;Binders and Binder Accessories;Small Box;"Wilson Jones Hanging View Binder, White, 1""";0.39;United States;Central;Iowa;Cedar Falls;50613;6/01/15;6/01/15;-101.246;14;100.99;86960
21384;Low;0.04;20.95;4.0;1828;Stacey Lucas;Regular Air;Corporate;Technology;Computer Peripherals;Small Box;Fellowes Basic 104-Key Keyboard, Platinum;0.6;United States;Central;Iowa;Cedar Falls;50613;6/01/15;11/01/15;-1.88;7;142.06;86960
23430;Critical;0.01;10.64;5.16;1829;Suzanne Cochran;Express Air;Corporate;Furniture;Office Furnishings;Small Box;Eldon Expressions Punched Metal & Wood Desk Accessories, Pewter & Cherry;0.57;United States;Central;Iowa;Cedar Rapids;52402;25/03/15;27/03/15;-11.69;5;58.52;86957
21385;Low;0.05;39.06;10.55;1829;Suzanne Cochran;Regular Air;Corporate;Office Supplies;Binders and Binder Accessories;Small Box;Ibico Recycled Linen-Style Covers;0.37;United States;Central;Iowa;Cedar Rapids;52402;6/01/15;13/01/15;250.9806;9;363.74;86960
21386;Low;0.04;3.52;6.83;1829;Suzanne Cochran;Regular Air;Corporate;Office Supplies;Binders and Binder Accessories;Small Box;Self-Adhesive Ring Binder Labels;0.38;United States;Central;Iowa;Cedar Rapids;52402;6/01/15;15/01/15;-57.753;4;15.93;86960
21387;Low;0.02;15.51;17.78;1829;Suzanne Cochran;Regular Air;Corporate;Office Supplies;Storage & Organization;Small Box;Tenex File Box, Personal Filing Tote with Lid, Black;0.59;United States;Central;Iowa;Cedar Rapids;52402;6/01/15;13/01/15;-47.97;1;21.28;86960
18141;Not Specified;0.07;40.98;2.99;1840;Clifford Webb;Regular Air;Home Office;Office Supplies;Binders and Binder Accessories;Small Box;"Avery Trapezoid Ring Binder, 3"" Capacity, Black, 1040 sheets";0.36;United States;East;Massachusetts;Townsend;1469;30/03/15;1/04/15;369.2052;13;535.08;86599
19141;Not Specified;0.06;6.48;5.14;1852;Joy Kaplan McNeill;Express Air;Home Office;Office Supplies;Paper;Small Box;Xerox 23;0.37;United States;West;California;Carlsbad;92008;19/03/15;21/03/15;-28.45;10;68.34;86847
19142;Not Specified;0.02;30.73;4.0;1854;Erika Morgan;Regular Air;Home Office;Technology;Computer Peripherals;Small Box;Fellowes 17-key keypad for PS/2 interface;0.75;United States;East;Connecticut;Seymour;6478;19/03/15;22/03/15;72.78;16;522.22;86847
19415;Medium;0.03;90.48;19.99;1873;Lisa Kim;Regular Air;Corporate;Office Supplies;Envelopes;Small Box;Tyvek® Side-Opening Peel & Seel® Expanding Envelopes;0.4;United States;South;Florida;Palm Beach Gardens;33403;17/01/15;19/01/15;15.354;1;99.69;90099
19416;Medium;0.06;22.84;8.18;1873;Lisa Kim;Regular Air;Corporate;Office Supplies;Paper;Small Box;Xerox 1991;0.39;United States;South;Florida;Palm Beach Gardens;33403;17/01/15;17/01/15;-357.924;7;152.49;90099
20844;Critical;0.09;95.99;4.9;1875;Martin Kirk;Regular Air;Consumer;Technology;Telephones and Communication;Small Box;T60;0.56;United States;South;Virginia;Chesapeake;23320;29/01/15;31/01/15;34.302;4;320.75;90899
18284;Not Specified;0.09;5.78;5.67;1882;Anita Kent;Regular Air;Home Office;Office Supplies;Paper;Small Box;Xerox 1978;0.36;United States;East;New Jersey;Linden;7036;1/03/15;3/03/15;-7.96;1;11.35;87378
18283;Not Specified;0.05;535.64;14.7;1885;Jacob Hirsch;Delivery Truck;Home Office;Technology;Office Machines;Jumbo Drum;Epson LQ-870 Dot Matrix Printer;0.59;United States;East;Rhode Island;Barrington;2806;1/03/15;3/03/15;4407.44;15;7029.1;87378
23260;Critical;0.0;300.98;164.73;1894;Maureen Herbert Hood;Delivery Truck;Home Office;Furniture;Chairs & Chairmats;Jumbo Drum;Global Leather and Oak Executive Chair, Black;0.56;United States;Central;Wisconsin;Appleton;54915;24/02/15;25/02/15;2653.2915;12;3845.35;91261
23261;Critical;0.09;2.94;0.96;1894;Maureen Herbert Hood;Regular Air;Home Office;Office Supplies;Pens & Art Supplies;Wrap Bag;Newell 343;0.58;United States;Central;Wisconsin;Appleton;54915;24/02/15;26/02/15;-1.84;1;3.77;91261
23237;High;0.01;26.17;1.39;1894;Maureen Herbert Hood;Regular Air;Consumer;Office Supplies;Envelopes;Small Box;Quality Park Security Envelopes;0.38;United States;Central;Wisconsin;Appleton;54915;18/03/15;19/03/15;237.0426;13;343.54;91263
23812;Not Specified;0.02;29.17;6.27;1910;Sean Stephenson;Regular Air;Home Office;Office Supplies;Binders and Binder Accessories;Small Box;Binding Machine Supplies;0.37;United States;South;Georgia;Peachtree City;30269;1/01/15;2/01/15;36.906;2;63.32;91371
18962;Critical;0.03;11.99;5.99;1916;Marcia Feldman;Regular Air;Home Office;Technology;Office Machines;Medium Box;TI 30X Scientific Calculator;0.36;United States;South;Arkansas;Little Rock;72209;27/02/15;28/02/15;-216.0298;7;83.72;85893
21000;Medium;0.08;18.7;8.99;1917;Tracy Buckley;Regular Air;Home Office;Furniture;Office Furnishings;Small Pack;"Executive Impressions 13-1/2"" Indoor/Outdoor Wall Clock";0.47;United States;South;Arkansas;North Little Rock;72113;27/03/15;28/03/15;16.1364;7;132.23;85894
19967;High;0.08;22.23;3.63;1917;Tracy Buckley;Regular Air;Home Office;Furniture;Office Furnishings;Small Pack;"Executive Impressions 14"" Contract Wall Clock";0.52;United States;South;Arkansas;North Little Rock;72113;1/03/15;3/03/15;-29.61;10;210.33;85897
24971;High;0.0;195.99;8.99;1919;Nathan Jenkins;Regular Air;Home Office;Technology;Telephones and Communication;Small Box;T28 WORLD;0.6;United States;South;Arkansas;Pine Bluff;71603;24/02/15;25/02/15;114.882;5;882.93;85896
21563;High;0.02;259.71;66.67;1927;Earl Alston;Delivery Truck;Home Office;Furniture;Tables;Jumbo Box;"Bevis Round Bullnose 29"" High Table Top";0.65;United States;South;South Carolina;Greenville;29611;6/02/15;6/02/15;-14.448;8;1757.15;88579
22686;Not Specified;0.1;1889.99;19.99;1928;Gregory R Snow;Regular Air;Home Office;Office Supplies;Binders and Binder Accessories;Small Box;Ibico EPK-21 Electric Binding System;0.36;United States;South;South Carolina;Greer;29651;21/01/15;21/01/15;-42.546;1;1786.04;88580
23551;Medium;0.1;152.48;4.0;1938;Franklin Spencer;Express Air;Corporate;Technology;Computer Peripherals;Small Box;Adesso Programmable 142-Key Keyboard;0.79;United States;Central;Kansas;Emporia;66801;22/03/15;23/03/15;-521.09;4;558.17;88870
23550;Medium;0.08;6.84;8.37;1940;Eileen McDonald;Regular Air;Corporate;Office Supplies;Scissors, Rulers and Trimmers;Small Pack;"Acme Design Line 8"" Stainless Steel Bent Scissors w/Champagne Handles, 3-1/8"" Cut";0.58;United States;West;Utah;Draper;84020;22/03/15;24/03/15;-29.49;1;8.39;88870
20371;Medium;0.08;90.98;56.2;1946;Teresa Wallace;Regular Air;Consumer;Furniture;Office Furnishings;Medium Box;Eldon ClusterMat Chair Mat with Cordless Antistatic Protection;0.74;United States;East;Pennsylvania;Mount Lebanon;15228;26/01/15;28/01/15;-1920.9336;12;1058.36;86331
20372;Medium;0.07;5.98;5.35;1946;Teresa Wallace;Regular Air;Consumer;Office Supplies;Paper;Small Box;Xerox 1947;0.4;United States;East;Pennsylvania;Mount Lebanon;15228;26/01/15;28/01/15;-37.1752;3;18.31;86331
21762;Low;0.05;424.21;110.2;1949;Dana Waller;Delivery Truck;Small Business;Furniture;Tables;Jumbo Box;Bush Advantage Collection® Racetrack Conference Table;0.67;United States;West;Montana;Bozeman;59715;1/02/15;5/02/15;-213.4028;12;4935.22;90415
24793;Not Specified;0.01;6.68;4.91;1950;Leslie Shannon;Regular Air;Small Business;Office Supplies;Paper;Small Box;Xerox 1986;0.37;United States;West;Montana;Butte;59750;6/01/15;8/01/15;-15.48;7;51.03;90414
3956;Critical;0.0;20.28;14.39;1959;Bonnie Matthews Rowland;Regular Air;Corporate;Furniture;Office Furnishings;Small Box;"Career Cubicle Clock, 8 1/4"", Black";0.47;United States;South;Florida;Miami;33916;22/01/15;22/01/15;-66.2473;9;206.04;28225
22488;Medium;0.01;78.65;13.99;1967;Carolyn Hoffman;Express Air;Small Business;Office Supplies;Appliances;Medium Box;Honeywell Quietcare HEPA Air Cleaner;0.52;United States;Central;Iowa;Clinton;52732;18/03/15;19/03/15;442.3659;8;641.11;89456
26220;Medium;0.02;11.58;5.72;1971;Marsha Roy;Regular Air;Corporate;Office Supplies;Envelopes;Small Box;Peel & Seel® Recycled Catalog Envelopes, Brown;0.35;United States;South;Mississippi;Tupelo;38801;18/01/15;19/01/15;-259.756;3;35.48;91550
26223;Medium;0.05;350.99;39.0;1972;Priscilla Brandon;Delivery Truck;Corporate;Furniture;Chairs & Chairmats;Jumbo Drum;Global Leather Executive Chair;0.55;United States;East;Pennsylvania;Willow Grove;19090;18/01/15;20/01/15;1469.7276;6;2130.04;91550
26224;Medium;0.04;15.99;9.4;1972;Priscilla Brandon;Express Air;Corporate;Technology;Office Machines;Small Box;AT&T Black Trimline Phone, Model 210;0.49;United States;East;Pennsylvania;Willow Grove;19090;18/01/15;20/01/15;-83.55306;5;82.8;91550
25731;Critical;0.05;70.98;46.74;1976;Sherri F Vogel;Delivery Truck;Consumer;Furniture;Bookcases;Jumbo Box;Hon Metal Bookcases, Putty;0.56;United States;Central;Michigan;East Lansing;48823;10/01/15;11/01/15;-850.6524;8;551.51;89039
25732;Critical;0.05;11.55;2.36;1976;Sherri F Vogel;Regular Air;Consumer;Office Supplies;Pens & Art Supplies;Wrap Bag;Newell 309;0.55;United States;Central;Michigan;East Lansing;48823;10/01/15;12/01/15;98.5251;12;142.79;89039
24887;Critical;0.06;40.99;17.48;1976;Sherri F Vogel;Regular Air;Consumer;Office Supplies;Paper;Small Box;Xerox 1893;0.36;United States;Central;Michigan;East Lansing;48823;23/03/15;25/03/15;214.23;14;585.08;89041
19336;High;0.05;20.98;21.2;1988;Anna Burgess;Regular Air;Home Office;Furniture;Office Furnishings;Medium Box;36X48 HARDFLOOR CHAIRMAT;0.78;United States;West;Utah;Draper;84020;3/01/15;4/01/15;-181.102;3;65.69;89999
22600;Not Specified;0.04;355.98;58.92;1989;David Weaver;Delivery Truck;Home Office;Furniture;Chairs & Chairmats;Jumbo Drum;Hon 4700 Series Mobuis™ Mid-Back Task Chairs with Adjustable Arms;0.64;United States;West;Utah;Holladay;84117;21/01/15;22/01/15;882.93;8;2748.21;90000
22601;Not Specified;0.09;19.98;8.68;1989;David Weaver;Regular Air;Home Office;Office Supplies;Paper;Small Box;Southworth 25% Cotton Premium Laser Paper and Envelopes;0.37;United States;West;Utah;Holladay;84117;21/01/15;22/01/15;6.6804;5;93.19;90000
25417;Medium;0.0;47.9;5.86;1991;Paula Hubbard;Regular Air;Home Office;Office Supplies;Paper;Small Box;Xerox 1938;0.37;United States;West;Utah;Kearns;84118;22/02/15;24/02/15;638.3811;18;925.19;90002
19797;Not Specified;0.1;125.99;8.99;1997;Harriet Bowman;Regular Air;Consumer;Technology;Telephones and Communication;Small Box;5170i;0.57;United States;South;South Carolina;Hilton Head Island;29915;25/01/15;28/01/15;17.652;4;408.66;90333
25251;Not Specified;0.03;5.78;5.37;2006;Cynthia Khan;Regular Air;Home Office;Office Supplies;Paper;Small Box;Xerox 1950;0.36;United States;West;Colorado;Durango;81301;5/03/15;6/03/15;-63.35;15;88.22;88798
18989;High;0.07;39.48;1.99;2014;Cathy Simon;Regular Air;Home Office;Technology;Computer Peripherals;Small Pack;80 Minute CD-R Spindle, 100/Pack - Staples;0.54;United States;Central;Iowa;Council Bluffs;51503;22/03/15;24/03/15;88.72;4;151.27;88367
18990;High;0.0;4.91;0.5;2014;Cathy Simon;Regular Air;Home Office;Office Supplies;Labels;Small Box;Avery 493;0.36;United States;Central;Iowa;Council Bluffs;51503;22/03/15;24/03/15;7.2519;2;10.51;88367
25557;Critical;0.02;120.98;58.64;2020;Erika Jordan;Delivery Truck;Home Office;Furniture;Bookcases;Jumbo Box;O'Sullivan Living Dimensions 2-Shelf Bookcases;0.75;United States;East;Pennsylvania;Plum;15239;13/02/15;15/02/15;-1330.5;11;1370.99;86933
22145;Critical;0.04;120.97;7.11;2030;Lindsay O'Connell;Regular Air;Corporate;Technology;Office Machines;Medium Box;Canon BP1200DH 12-Digit Bubble Jet Printing Calculator;0.36;United States;Central;Texas;Greenville;75401;17/03/15;17/03/15;1320.5496;16;1913.84;91059
22146;Critical;0.0;195.99;4.2;2030;Lindsay O'Connell;Regular Air;Corporate;Technology;Telephones and Communication;Small Box;688;0.6;United States;Central;Texas;Greenville;75401;17/03/15;19/03/15;1585.503;16;2692.12;91059
20654;Medium;0.03;55.98;4.86;2030;Lindsay O'Connell;Regular Air;Corporate;Office Supplies;Paper;Small Box;Xerox 1908;0.36;United States;Central;Texas;Greenville;75401;18/03/15;20/03/15;526.0422;13;762.38;91060
19733;Not Specified;0.0;73.98;14.52;2037;Lynda Herman;Regular Air;Small Business;Technology;Computer Peripherals;Small Box;Keytronic French Keyboard;0.65;United States;West;Montana;Bozeman;59715;12/03/15;14/03/15;-88.61;4;305.71;89333
18251;Not Specified;0.07;31.78;1.99;2052;Francis Kendall;Regular Air;Home Office;Technology;Computer Peripherals;Small Pack;Memorex 4.7GB DVD-RAM, 3/Pack;0.42;United States;West;New Mexico;Albuquerque;87105;19/02/15;21/02/15;265.1118;13;384.22;87234
18252;Not Specified;0.0;5.98;2.5;2052;Francis Kendall;Regular Air;Home Office;Office Supplies;Envelopes;Small Box;Wausau Papers Astrobrights® Colored Envelopes;0.36;United States;West;New Mexico;Albuquerque;87105;19/02/15;20/02/15;9.5608;5;31.64;87234
18253;Not Specified;0.1;35.99;1.1;2052;Francis Kendall;Express Air;Home Office;Technology;Telephones and Communication;Small Box;Accessory35;0.55;United States;West;New Mexico;Albuquerque;87105;19/02/15;20/02/15;390.0984;19;565.36;87234
20481;Medium;0.07;5.98;5.46;2058;Louise Webster Sharma;Regular Air;Corporate;Office Supplies;Paper;Small Box;Xerox 1983;0.36;United States;South;North Carolina;Hickory;28601;13/02/15;15/02/15;46.65;5;32.76;88040
23499;Not Specified;0.09;28.48;1.99;2059;Nathan Newton;Regular Air;Corporate;Technology;Computer Peripherals;Small Pack;Memorex 4.7GB DVD+RW, 3/Pack;0.4;United States;South;North Carolina;High Point;27260;17/01/15;18/01/15;-1250.746;13;336.92;88039
21632;Critical;0.1;9.85;4.82;2059;Nathan Newton;Regular Air;Corporate;Office Supplies;Pens & Art Supplies;Wrap Bag;Lumber Crayons;0.47;United States;South;North Carolina;High Point;27260;27/03/15;28/03/15;374.904;12;114.91;88041
21633;Critical;0.04;125.99;7.69;2059;Nathan Newton;Regular Air;Corporate;Technology;Telephones and Communication;Small Box;Timeport L7089;0.58;United States;South;North Carolina;High Point;27260;27/03/15;28/03/15;-528.836;9;934.52;88041
20841;Medium;0.02;240.98;60.2;2061;Marianne Carey;Delivery Truck;Corporate;Furniture;Bookcases;Jumbo Box;Atlantic Metals Mobile 2-Shelf Bookcases, Custom Colors;0.56;United States;Central;Nebraska;North Platte;69101;29/01/15;31/01/15;-272.7132;1;260.66;87146
20840;Medium;0.02;420.98;19.99;2062;Alfred Singh;Regular Air;Corporate;Office Supplies;Binders and Binder Accessories;Small Box;GBC DocuBind 200 Manual Binding Machine;0.35;United States;South;Virginia;Mechanicsville;23111;29/01/15;1/02/15;-162.694;10;4249.37;87146
25228;Medium;0.09;20.89;11.52;2066;Claudia Webb;Regular Air;Home Office;Office Supplies;Storage & Organization;Small Box;Iris® 3-Drawer Stacking Bin, Black;0.83;United States;South;North Carolina;Indian Trail;28079;26/03/15;27/03/15;-133.546;7;146.5;85833
24748;Critical;0.09;20.99;4.81;2066;Claudia Webb;Express Air;Home Office;Technology;Telephones and Communication;Medium Box;1726 Digital Answering Machine;0.58;United States;South;North Carolina;Indian Trail;28079;31/03/15;1/04/15;272.694;2;38.98;85834
21901;Medium;0.1;40.98;6.5;2069;Elsie Boykin;Regular Air;Consumer;Technology;Computer Peripherals;Small Box;Targus USB Numeric Keypad;0.74;United States;South;Kentucky;Fort Thomas;41075;12/01/15;14/01/15;66.852;3;120.34;88554
20498;Not Specified;0.03;60.98;1.99;2071;Victor Cherry;Regular Air;Corporate;Technology;Computer Peripherals;Small Pack;Imation 5.2GB DVD-RAM;0.5;United States;Central;Michigan;Farmington Hills;48336;1/02/15;1/02/15;976.2672;23;1414.88;88555
20499;Not Specified;0.04;3.08;0.99;2071;Victor Cherry;Regular Air;Corporate;Office Supplies;Labels;Small Box;Avery 481;0.37;United States;Central;Michigan;Farmington Hills;48336;1/02/15;2/02/15;23.2047;11;33.63;88555
20500;Not Specified;0.0;10.31;1.79;2072;Malcolm S Lanier;Regular Air;Corporate;Office Supplies;Paper;Wrap Bag;"Speediset Carbonless Redi-Letter® 7"" x 8 1/2""";0.38;United States;Central;Michigan;Flint;48505;1/02/15;3/02/15;167.463;23;242.7;88555
20824;High;0.09;260.98;41.91;2072;Malcolm S Lanier;Delivery Truck;Corporate;Furniture;Bookcases;Jumbo Box;Atlantic Metals Mobile 3-Shelf Bookcases, Custom Colors;0.59;United States;Central;Michigan;Flint;48505;11/02/15;13/02/15;1307.2692;14;3377.06;88556
20825;High;0.01;10.52;7.94;2072;Malcolm S Lanier;Regular Air;Corporate;Furniture;Office Furnishings;Small Pack;Ultra Door Pull Handle;0.52;United States;Central;Michigan;Flint;48505;11/02/15;13/02/15;-15.8184;11;123.93;88556
20826;High;0.02;5.98;7.5;2072;Malcolm S Lanier;Express Air;Corporate;Office Supplies;Paper;Small Box;Xerox 1920;0.4;United States;Central;Michigan;Flint;48505;11/02/15;13/02/15;-55.8324;14;93.96;88556
24094;Low;0.09;1.48;0.7;2081;Matthew Conway;Regular Air;Corporate;Office Supplies;Rubber Bands;Wrap Bag;Binder Clips by OIC;0.37;United States;East;New York;Ithaca;14853;3/01/15;5/01/15;1.68;6;8.95;86092
18696;Medium;0.08;400.98;42.52;2094;Vernon Hirsch Singleton;Delivery Truck;Corporate;Furniture;Tables;Jumbo Box;Bretford CR8500 Series Meeting Room Furniture;0.71;United States;West;California;Chico;95928;5/02/15;6/02/15;3031.9724;20;7840.04;86629
22234;Not Specified;0.07;14.56;3.5;2099;Nathan Fox;Regular Air;Home Office;Office Supplies;Appliances;Small Box;Acco 6 Outlet Guardian Premium Surge Suppressor;0.58;United States;South;South Carolina;Myrtle Beach;29577;8/01/15;9/01/15;-45.528;6;84.59;87888
18540;Critical;0.08;6.68;1.5;2114;Paige Mason;Regular Air;Corporate;Office Supplies;Pens & Art Supplies;Wrap Bag;Sanford Liquid Accent Highlighters;0.48;United States;South;Virginia;Norfolk;23518;26/03/15;28/03/15;-601.804;10;66.12;88403
21066;Critical;0.07;226.67;28.16;2114;Paige Mason;Delivery Truck;Corporate;Furniture;Chairs & Chairmats;Jumbo Drum;Hon GuestStacker Chair;0.59;United States;South;Virginia;Norfolk;23518;26/02/15;27/02/15;53.1144;1;255.83;88405
21067;Critical;0.08;20.98;53.03;2114;Paige Mason;Delivery Truck;Corporate;Office Supplies;Storage & Organization;Jumbo Drum;Tennsco Lockers, Gray;0.78;United States;South;Virginia;Norfolk;23518;26/02/15;28/02/15;8.742;20;421.18;88405
22231;Critical;0.06;80.97;33.6;2122;Carolyn Fisher;Delivery Truck;Consumer;Technology;Office Machines;Jumbo Drum;Lexmark Z25 Color Inkjet Printer;0.37;United States;South;Arkansas;Sherwood;72116;1/02/15;3/02/15;-15.1844;10;799.76;89664
24674;High;0.04;45.19;1.99;2124;Paige Powers;Regular Air;Consumer;Technology;Computer Peripherals;Small Pack;Verbatim DVD-RAM, 9.4GB, Rewritable, Type 1, DS, DataLife Plus;0.55;United States;South;Arkansas;West Memphis;72301;1/01/15;2/01/15;-61.194;13;609.09;89665
23852;High;0.03;124.49;51.94;2124;Paige Powers;Delivery Truck;Corporate;Furniture;Tables;Jumbo Box;Bevis 36 x 72 Conference Tables;0.63;United States;South;Arkansas;West Memphis;72301;26/03/15;27/03/15;18.174;21;2761.94;89666
24091;Critical;0.1;5.98;5.14;2127;Joyce Kern;Regular Air;Home Office;Office Supplies;Paper;Small Box;Xerox 1974;0.36;United States;Central;Michigan;Sterling Heights;48310;18/03/15;20/03/15;-49.53;6;33.95;88418
21902;High;0.09;150.98;66.27;2131;Mary Hewitt;Delivery Truck;Home Office;Furniture;Bookcases;Jumbo Box;Bush Mission Pointe Library;0.65;United States;Central;Missouri;Gladstone;64118;3/01/15;4/01/15;-407.85;2;302.34;90079
21964;Low;0.05;30.42;8.65;2132;Philip Hawkins;Express Air;Home Office;Technology;Computer Peripherals;Small Box;Fellowes Internet Keyboard, Platinum;0.74;United States;Central;Missouri;Hazelwood;63042;10/01/15;14/01/15;-191.2576;11;334.44;90078
24348;High;0.01;28.99;8.59;2135;Melvin Kendall;Regular Air;Home Office;Technology;Telephones and Communication;Medium Box;SouthWestern Bell FA970 Digital Answering Machine with Time/Day Stamp;0.56;United States;West;New Mexico;Clovis;88101;6/02/15;7/02/15;196.52328;21;556.61;91583
20138;Not Specified;0.0;6.98;1.6;2137;Crystal Crabtree;Regular Air;Corporate;Office Supplies;Paper;Wrap Bag;Adams Phone Message Book, Professional, 400 Message Capacity, 5 3/6” x 11”;0.38;United States;South;Florida;West Palm Beach;33407;31/01/15;2/02/15;-343.868;9;64.48;86002
18409;High;0.01;5.44;7.46;2141;Molly Webster;Regular Air;Home Office;Office Supplies;Binders and Binder Accessories;Small Box;Wilson Jones Custom Binder Spines & Labels;0.36;United States;West;Colorado;Durango;81301;18/02/15;19/02/15;-18.4782;3;19.68;87570
18410;High;0.02;549.99;49.0;2141;Molly Webster;Delivery Truck;Home Office;Technology;Copiers and Fax;Jumbo Drum;Sharp 1540cs Digital Laser Copier;0.35;United States;West;Colorado;Durango;81301;18/02/15;20/02/15;-381.8412;18;9798.84;87570
18411;High;0.03;22.01;5.53;2141;Molly Webster;Express Air;Home Office;Office Supplies;Pens & Art Supplies;Small Pack;Boston 16801 Nautilus™ Battery Pencil Sharpener;0.59;United States;West;Colorado;Durango;81301;18/02/15;19/02/15;12.5504;7;154.11;87570
18412;High;0.09;34.76;8.22;2141;Molly Webster;Regular Air;Home Office;Office Supplies;Storage & Organization;Small Box;Multi-Use Personal File Cart and Caster Set, Three Stacking Bins;0.57;United States;West;Colorado;Durango;81301;18/02/15;20/02/15;45.3324;7;242.97;87570
24264;Medium;0.0;20.28;14.39;2145;Kerry Hardy;Regular Air;Corporate;Furniture;Office Furnishings;Small Box;"Career Cubicle Clock, 8 1/4"", Black";0.47;United States;South;Florida;Fort Lauderdale;33311;10/02/15;12/02/15;15.678;11;237.83;87072
23795;Low;0.05;20.34;35.0;2146;Courtney Boyd;Regular Air;Corporate;Office Supplies;Storage & Organization;Large Box;Tennsco Commercial Shelving;0.84;United States;South;Virginia;Fairfax;20151;6/01/15;10/01/15;52.776;2;53.02;87071
22555;Not Specified;0.08;243.98;43.32;2151;Melinda Rogers;Delivery Truck;Corporate;Furniture;Chairs & Chairmats;Jumbo Drum;Hon Deluxe Fabric Upholstered Stacking Chairs, Rounded Back;0.55;United States;Central;Iowa;Dubuque;52001;5/01/15;6/01/15;-162.8244;1;248.84;90404
24791;High;0.08;5.74;5.01;2151;Melinda Rogers;Regular Air;Corporate;Office Supplies;Binders and Binder Accessories;Small Box;Binder Posts;0.39;United States;Central;Iowa;Dubuque;52001;9/02/15;11/02/15;-6.93082;1;7.21;90405
21834;Low;0.05;55.5;52.2;2157;Tom Hoyle Honeycutt;Regular Air;Home Office;Furniture;Office Furnishings;Medium Box;Eldon Cleatmat® Chair Mats for Medium Pile Carpets;0.72;United States;Central;Michigan;Warren;48093;16/03/15;16/03/15;-118.54;4;253.87;90385
21835;Low;0.05;442.14;14.7;2157;Tom Hoyle Honeycutt;Delivery Truck;Home Office;Technology;Office Machines;Jumbo Drum;Okidata ML390 Turbo Dot Matrix Printers;0.56;United States;Central;Michigan;Warren;48093;16/03/15;25/03/15;2963.48;14;5880.46;90385
22450;Not Specified;0.01;5.38;7.57;2164;Harry Sellers;Regular Air;Small Business;Office Supplies;Binders and Binder Accessories;Small Box;"Acco PRESSTEX® Data Binder with Storage Hooks, Dark Blue, 9 1/2"" X 11""";0.36;United States;West;California;Pasadena;91104;9/01/15;10/01/15;-66.77958;3;18.68;88794
22451;Not Specified;0.05;3.28;3.97;2164;Harry Sellers;Regular Air;Small Business;Office Supplies;Pens & Art Supplies;Wrap Bag;Newell 337;0.56;United States;West;California;Pasadena;91104;9/01/15;9/01/15;-144.9188;11;36.3;88794
22449;Not Specified;0.09;2.78;0.97;2165;Melanie Knight;Regular Air;Small Business;Office Supplies;Pens & Art Supplies;Wrap Bag;Newell 339;0.59;United States;East;Maine;Augusta;4330;9/01/15;11/01/15;-5.0716;6;16.03;88794
20980;Medium;0.08;2.94;0.96;2178;Judy Hall;Regular Air;Small Business;Office Supplies;Pens & Art Supplies;Wrap Bag;Newell 343;0.58;United States;East;Massachusetts;Worcester;1610;27/01/15;29/01/15;-1.18;9;25.35;89465
5870;Critical;0.05;16.98;7.78;2190;Marvin Patrick;Regular Air;Home Office;Office Supplies;Pens & Art Supplies;Small Pack;Stanley Bostitch Contemporary Electric Pencil Sharpeners;0.57;United States;Central;Michigan;Detroit;48227;14/02/15;16/02/15;-47.28;45;761.67;41636
5871;Critical;0.03;115.99;4.23;2190;Marvin Patrick;Regular Air;Home Office;Technology;Telephones and Communication;Small Box;282;0.56;United States;Central;Michigan;Detroit;48227;14/02/15;16/02/15;722.241;49;5014.07;41636
23870;Critical;0.05;16.98;7.78;2193;Donald Melton;Regular Air;Home Office;Office Supplies;Pens & Art Supplies;Small Pack;Stanley Bostitch Contemporary Electric Pencil Sharpeners;0.57;United States;South;North Carolina;New Bern;28560;14/02/15;16/02/15;-161.0;11;186.19;90685
23871;Critical;0.03;115.99;4.23;2193;Donald Melton;Regular Air;Home Office;Technology;Telephones and Communication;Small Box;282;0.56;United States;South;North Carolina;New Bern;28560;14/02/15;16/02/15;848.3646;12;1227.94;90685
20234;Critical;0.17;14.89;13.56;2201;David Hoyle;Regular Air;Small Business;Furniture;Office Furnishings;Large Box;Tensor Computer Mounted Lamp;0.58;United States;Central;Minnesota;Bloomington;55420;25/03/15;27/03/15;-9.13;1;27.96;86054
22259;Low;0.09;160.98;30.0;2202;Laurie Howe;Delivery Truck;Home Office;Furniture;Chairs & Chairmats;Jumbo Drum;Office Star - Mid Back Dual function Ergonomic High Back Chair with 2-Way Adjustable Arms;0.62;United States;Central;Minnesota;Brooklyn Center;55429;31/01/15;31/01/15;357.428;11;1635.38;86050
22260;Low;0.09;6.3;0.5;2202;Laurie Howe;Regular Air;Home Office;Office Supplies;Labels;Small Box;Avery 51;0.39;United States;Central;Minnesota;Brooklyn Center;55429;31/01/15;31/01/15;40.3512;10;58.48;86050
22261;Low;0.0;4.98;0.8;2202;Laurie Howe;Regular Air;Home Office;Office Supplies;Paper;Wrap Bag;Rediform S.O.S. Phone Message Books;0.36;United States;Central;Minnesota;Brooklyn Center;55429;31/01/15;7/02/15;27.6345;8;40.05;86050
23919;Low;0.08;145.45;17.85;2203;Eddie Walker;Delivery Truck;Home Office;Technology;Office Machines;Jumbo Drum;Panasonic KX-P1150 Dot Matrix Printer;0.56;United States;Central;Minnesota;Brooklyn Park;55445;4/02/15;4/02/15;751.58;8;1117.66;86051
22595;Critical;0.03;399.98;12.06;2203;Eddie Walker;Delivery Truck;Home Office;Technology;Office Machines;Jumbo Box;Okidata ML320 Series Turbo Dot Matrix Printers;0.56;United States;Central;Minnesota;Brooklyn Park;55445;4/01/15;6/01/15;-663.5142;2;807.0;86052
23920;Low;0.07;33.94;19.19;2204;Oscar Ford;Delivery Truck;Home Office;Furniture;Chairs & Chairmats;Jumbo Drum;Metal Folding Chairs, Beige, 4/Carton;0.58;United States;Central;Minnesota;Burnsville;55337;4/02/15;8/02/15;-157.56;5;169.46;86051
24434;Critical;0.04;296.18;154.12;2204;Oscar Ford;Delivery Truck;Consumer;Furniture;Tables;Jumbo Box;Hon 94000 Series Round Tables;0.76;United States;Central;Minnesota;Burnsville;55337;10/02/15;11/02/15;-87.99804;20;5768.12;86053
18164;High;0.03;28.48;1.99;2206;Bobby Powell;Regular Air;Consumer;Technology;Computer Peripherals;Small Pack;Memorex 4.7GB DVD+RW, 3/Pack;0.4;United States;Central;Iowa;Fort Dodge;50501;5/01/15;6/01/15;-35.2904;2;55.25;86258
18165;High;0.01;205.99;5.99;2206;Bobby Powell;Regular Air;Consumer;Technology;Telephones and Communication;Small Box;3285;0.59;United States;Central;Iowa;Fort Dodge;50501;5/01/15;7/01/15;-74.8836;3;551.22;86258
23317;Low;0.06;6.98;1.6;2209;Sharon Thomas;Regular Air;Home Office;Office Supplies;Paper;Wrap Bag;Adams Phone Message Book, Professional, 400 Message Capacity, 5 3/6” x 11”;0.38;United States;South;Georgia;College Park;30337;22/01/15;29/01/15;-98.056;12;83.93;88030
19914;Not Specified;0.08;95.99;35.0;2211;Anita Hahn;Express Air;Home Office;Office Supplies;Storage & Organization;Large Box;Safco Industrial Wire Shelving;;United States;East;Maryland;Bowie;20715;1/01/15;3/01/15;-425.2084;2;193.88;88028
22712;Low;0.09;14.2;5.3;2220;Jennifer Stanton;Regular Air;Consumer;Furniture;Office Furnishings;Wrap Bag;Coloredge Poster Frame;0.46;United States;South;Florida;Winter Garden;34787;28/02/15;1/03/15;-324.73;4;55.08;91036
24113;Critical;0.0;100.89;42.0;2225;Sean McKenna;Delivery Truck;Small Business;Furniture;Chairs & Chairmats;Jumbo Drum;Office Star Flex Back Scooter Chair with Aluminum Finish Frame;0.61;United States;West;New Mexico;Hobbs;88240;21/02/15;22/02/15;1500.12;15;1608.11;89970
25440;Low;0.1;6.3;0.5;2254;Jeff Meadows;Regular Air;Corporate;Office Supplies;Labels;Small Box;Avery 48;0.39;United States;South;Kentucky;Paducah;42003;27/01/15;1/02/15;-464.282;12;68.72;89278
19054;Critical;0.07;60.97;4.5;2256;Lloyd Levin;Express Air;Corporate;Office Supplies;Appliances;Small Box;Tripp Lite Isotel 6 Outlet Surge Protector with Fax/Modem Protection;0.56;United States;South;North Carolina;New Bern;28560;2/01/15;4/01/15;-42.588;6;361.72;87963
18652;Medium;0.07;70.98;30.0;2256;Lloyd Levin;Delivery Truck;Corporate;Furniture;Chairs & Chairmats;Jumbo Drum;Novimex Turbo Task Chair;0.73;United States;South;North Carolina;New Bern;28560;24/03/15;26/03/15;-222.95;20;1373.47;87964
26361;Low;0.01;7.64;1.39;2258;Nicole Pope;Express Air;Corporate;Office Supplies;Envelopes;Small Box;"#10- 4 1/8"" x 9 1/2"" Security-Tint Envelopes";0.36;United States;South;North Carolina;Rocky Mount;27801;9/03/15;13/03/15;-1676.612;9;73.29;87962
26362;Low;0.07;400.97;48.26;2258;Nicole Pope;Delivery Truck;Corporate;Technology;Office Machines;Jumbo Box;Hewlett-Packard Deskjet 1220Cse Color Inkjet Printer;0.36;United States;South;North Carolina;Rocky Mount;27801;9/03/15;13/03/15;45.1278;8;2961.32;87962
20187;Critical;0.02;4.98;0.49;2260;Geoffrey H Wong;Regular Air;Corporate;Office Supplies;Labels;Small Box;Avery White Multi-Purpose Labels;0.39;United States;South;Georgia;Rome;30161;15/02/15;16/02/15;-52.864;17;87.11;89601
20188;Critical;0.01;20.99;0.99;2260;Geoffrey H Wong;Regular Air;Corporate;Technology;Telephones and Communication;Small Pack;Accessory15;0.83;United States;South;Georgia;Rome;30161;15/02/15;16/02/15;45.378;9;170.46;89601
18142;Not Specified;0.09;207.48;0.99;2264;Helen Dickerson;Regular Air;Corporate;Office Supplies;Appliances;Small Box;Kensington 7 Outlet MasterPiece Power Center with Fax/Phone Line Protection;0.55;United States;Central;Missouri;Joplin;64804;26/01/15;29/01/15;359.83;3;577.75;86611
19171;Critical;0.1;7.45;6.28;2265;James Davenport;Regular Air;Corporate;Office Supplies;Binders and Binder Accessories;Small Box;"Acco Four Pocket Poly Ring Binder with Label Holder, Smoke, 1""";0.4;United States;Central;Missouri;Kansas City;64130;29/01/15;1/02/15;-69.874;8;59.4;86612
19172;Critical;0.01;6.48;7.86;2265;James Davenport;Regular Air;Corporate;Office Supplies;Paper;Small Box;Xerox 213;0.37;United States;Central;Missouri;Kansas City;64130;29/01/15;31/01/15;-135.74;10;66.46;86612
23963;Low;0.01;20.48;6.32;2270;Kristine Holden;Regular Air;Small Business;Office Supplies;Appliances;Small Box;Kensington 6 Outlet Guardian Standard Surge Protector;0.58;United States;South;South Carolina;Mauldin;29662;6/02/15;8/02/15;711.2448;18;375.03;89572
23964;Low;0.09;1.86;2.58;2270;Kristine Holden;Regular Air;Small Business;Office Supplies;Rubber Bands;Wrap Bag;Super Bands, 12/Pack;0.82;United States;South;South Carolina;Mauldin;29662;6/02/15;11/02/15;-1084.846963;12;22.11;89572
23965;Low;0.08;205.99;2.5;2270;Kristine Holden;Regular Air;Small Business;Technology;Telephones and Communication;Small Box;V70;0.59;United States;South;South Carolina;Mauldin;29662;6/02/15;11/02/15;-156.772;17;2875.35;89572
19438;High;0.08;15.73;7.42;2272;Brett Ingram;Express Air;Corporate;Office Supplies;Scissors, Rulers and Trimmers;Small Pack;Acme Galleria® Hot Forged Steel Scissors with Colored Handles;0.56;United States;Central;Texas;Harker Heights;76543;16/03/15;18/03/15;-37.6;5;78.08;90110
19615;Not Specified;0.08;205.99;2.5;2281;Monica Harvey;Regular Air;Home Office;Technology;Telephones and Communication;Small Box;V70;0.59;United States;Central;Wisconsin;Eau Claire;54703;27/01/15;28/01/15;997.38144;10;1610.84;85948
21260;Medium;0.04;5.98;5.79;2282;Jimmy Waters;Regular Air;Home Office;Office Supplies;Paper;Small Box;Xerox 1903;0.36;United States;Central;Wisconsin;Fitchburg;53713;5/02/15;7/02/15;-36.0308;14;86.12;85950
26148;Medium;0.01;11.7;6.96;2283;Nancy Holden;Regular Air;Home Office;Office Supplies;Appliances;Medium Box;Harmony HEPA Quiet Air Purifiers;0.5;United States;Central;Wisconsin;Franklin;53132;24/01/15;26/01/15;-28.954;6;76.87;85947
19460;Medium;0.02;17.7;9.47;2285;Arnold Floyd Blair;Express Air;Corporate;Office Supplies;Storage & Organization;Small Box;Portfile® Personal File Boxes;0.59;United States;South;South Carolina;Rock Hill;29730;13/03/15;15/03/15;-85.022;21;374.6;90148
21529;Medium;0.0;4.91;0.5;2286;Larry Langston;Regular Air;Corporate;Office Supplies;Labels;Small Box;Avery 493;0.36;United States;South;South Carolina;Spartanburg;29301;4/02/15;6/02/15;99.198;12;61.87;90145
21530;Medium;0.01;7.28;11.15;2286;Larry Langston;Regular Air;Corporate;Office Supplies;Paper;Small Box;Array® Parchment Paper, Assorted Colors;0.37;United States;South;South Carolina;Spartanburg;29301;4/02/15;5/02/15;136.0314;6;48.88;90145
21531;Medium;0.1;6.68;6.93;2286;Larry Langston;Regular Air;Corporate;Office Supplies;Paper;Small Box;HP Office Paper (20Lb. and 87 Bright);0.37;United States;South;South Carolina;Spartanburg;29301;4/02/15;7/02/15;-100.072;3;21.56;90145
25183;Not Specified;0.01;18.97;9.03;2287;Samuel Newman;Regular Air;Corporate;Office Supplies;Paper;Small Box;Computer Printout Paper with Letter-Trim Perforations;0.37;United States;South;South Carolina;Summerville;29483;25/03/15;25/03/15;-12.0267;8;164.67;90146
25184;Not Specified;0.03;12.28;4.86;2287;Samuel Newman;Regular Air;Corporate;Office Supplies;Paper;Small Box;Xerox 1933;0.38;United States;South;South Carolina;Summerville;29483;25/03/15;26/03/15;122.508;6;72.74;90146
25185;Not Specified;0.05;34.99;7.73;2287;Samuel Newman;Express Air;Corporate;Office Supplies;Pens & Art Supplies;Small Box;Hunt Boston® Vacuum Mount KS Pencil Sharpener;0.59;United States;South;South Carolina;Summerville;29483;25/03/15;27/03/15;-12.0267;12;418.75;90146
24396;Low;0.1;54.1;19.99;2287;Samuel Newman;Regular Air;Corporate;Office Supplies;Storage & Organization;Small Box;Desktop 3-Pocket Hot File®;0.59;United States;South;South Carolina;Summerville;29483;19/02/15;24/02/15;34.068;9;469.59;90147
21334;Not Specified;0.0;42.98;4.62;2290;Glen Robertson;Regular Air;Home Office;Office Supplies;Appliances;Small Box;Belkin F9M820V08 8 Outlet Surge;0.56;United States;Central;Minnesota;Coon Rapids;55433;6/01/15;8/01/15;385.3029;12;558.41;88163
21335;Not Specified;0.03;21.78;5.94;2290;Glen Robertson;Regular Air;Home Office;Office Supplies;Appliances;Medium Box;Holmes HEPA Air Purifier;0.5;United States;Central;Minnesota;Coon Rapids;55433;6/01/15;8/01/15;187.2;13;290.22;88163
19723;Medium;0.07;80.98;7.18;2290;Glen Robertson;Regular Air;Corporate;Technology;Computer Peripherals;Small Box;Logitech Cordless Navigator Duo;0.48;United States;Central;Minnesota;Coon Rapids;55433;4/02/15;6/02/15;779.4723;15;1129.67;88164
24673;Critical;0.07;270.98;50.0;2302;Beth Dolan;Delivery Truck;Corporate;Furniture;Chairs & Chairmats;Jumbo Drum;Global Enterprise Series Seating High-Back Swivel/Tilt Chairs;0.77;United States;South;Florida;Panama City;32404;11/02/15;13/02/15;27.726;9;2439.37;87695
23344;High;0.1;12.53;0.49;2302;Beth Dolan;Regular Air;Corporate;Office Supplies;Labels;Small Box;Round Specialty Laser Printer Labels;0.38;United States;South;Florida;Panama City;32404;3/01/15;4/01/15;244.464;8;92.02;87696
23345;High;0.1;146.34;43.75;2302;Beth Dolan;Delivery Truck;Corporate;Furniture;Tables;Jumbo Box;Bevis Round Conference Table Top & Single Column Base;0.64;United States;South;Florida;Panama City;32404;3/01/15;4/01/15;-473.578;2;283.55;87696
6673;Critical;0.07;270.98;50.0;2303;Joe Baldwin;Delivery Truck;Corporate;Furniture;Chairs & Chairmats;Jumbo Drum;Global Enterprise Series Seating High-Back Swivel/Tilt Chairs;0.77;United States;East;New York;New York City;10011;11/02/15;13/02/15;-96.05;36;9757.48;47493
5345;High;0.1;146.34;43.75;2303;Joe Baldwin;Delivery Truck;Corporate;Furniture;Tables;Jumbo Box;Bevis Round Conference Table Top & Single Column Base;0.64;United States;East;New York;New York City;10011;3/01/15;4/01/15;-270.85;6;850.64;37987
23313;Low;0.08;9.48;7.29;2308;Laurence Cummings;Regular Air;Small Business;Furniture;Office Furnishings;Small Pack;DAX Two-Tone Rosewood/Black Document Frame, Desktop, 5 x 7;0.45;United States;South;Florida;Lehigh Acres;33971;24/03/15;26/03/15;-50.4;2;20.22;90557
23314;Low;0.03;193.17;19.99;2308;Laurence Cummings;Regular Air;Small Business;Office Supplies;Storage & Organization;Small Box;Fellowes Staxonsteel® Drawer Files;0.71;United States;South;Florida;Lehigh Acres;33971;24/03/15;28/03/15;-348.754;8;1548.97;90557
26048;High;0.08;68.81;60.0;2323;Emma Buckley;Delivery Truck;Small Business;Office Supplies;Appliances;Jumbo Drum;Holmes Replacement Filter for HEPA Air Cleaner, Very Large Room, HEPA Filter;0.41;United States;West;California;Coachella;92236;16/03/15;17/03/15;-550.43;5;337.86;88721
26049;High;0.04;21.38;8.99;2323;Emma Buckley;Regular Air;Small Business;Office Supplies;Pens & Art Supplies;Small Pack;Boston 1730 StandUp Electric Pencil Sharpener;0.59;United States;West;California;Coachella;92236;16/03/15;18/03/15;-52.12;4;84.21;88721
25456;Medium;0.06;28.53;1.49;2330;Kara Foster;Regular Air;Home Office;Office Supplies;Binders and Binder Accessories;Small Box;Lock-Up Easel 'Spel-Binder';0.38;United States;Central;Iowa;Marion;52302;24/03/15;27/03/15;74.6385;5;134.09;90964
25241;Critical;0.06;2.08;5.33;2338;Lynn Hines;Regular Air;Home Office;Furniture;Office Furnishings;Small Box;Eldon® Wave Desk Accessories;0.43;United States;East;Maryland;College Park;20740;13/01/15;13/01/15;-82.5592;4;9.23;91480
26137;High;0.1;6.75;2.99;2338;Lynn Hines;Regular Air;Home Office;Office Supplies;Binders and Binder Accessories;Small Box;Wilson Jones DublLock® D-Ring Binders;0.35;United States;East;Maryland;College Park;20740;29/03/15;29/03/15;18.1475;15;96.13;91481
19052;Medium;0.07;200.98;23.76;2345;Colleen Marsh;Delivery Truck;Corporate;Furniture;Chairs & Chairmats;Jumbo Drum;Global Leather Highback Executive Chair with Pneumatic Height Adjustment, Black;0.58;United States;South;Kentucky;Paducah;42003;14/03/15;15/03/15;-132.426;9;1805.9;89504
19053;Medium;0.02;179.29;29.21;2345;Colleen Marsh;Delivery Truck;Corporate;Furniture;Tables;Jumbo Box;Bevis Round Conference Table Top, X-Base;0.76;United States;South;Kentucky;Paducah;42003;14/03/15;14/03/15;-411.236;2;311.41;89504
20776;Low;0.03;297.64;14.7;2346;Sylvia Kumar;Delivery Truck;Corporate;Technology;Office Machines;Jumbo Drum;Panasonic KX-P3200 Dot Matrix Printer;0.57;United States;South;Kentucky;Pleasure Ridge Park;40258;10/01/15;15/01/15;-48.972;12;3707.05;89503
18675;Critical;0.08;6.48;7.49;2351;Faye Silver;Regular Air;Corporate;Office Supplies;Paper;Small Box;Xerox 220;0.37;United States;East;Maryland;Crofton;21114;30/03/15;2/04/15;-119.32;13;80.86;86163
22649;Not Specified;0.1;78.69;19.99;2355;Clyde Burnett;Regular Air;Consumer;Furniture;Office Furnishings;Small Box;Howard Miller 12-3/4 Diameter Accuwave DS ™ Wall Clock;0.43;United States;West;California;Coachella;92236;15/02/15;16/02/15;465.4395;9;674.55;91304
24526;Medium;0.0;29.34;7.87;2356;Emma Bloom;Regular Air;Consumer;Furniture;Office Furnishings;Small Box;"Seth Thomas 14"" Putty-Colored Wall Clock";0.54;United States;West;Wyoming;Rock Springs;82901;15/03/15;17/03/15;385.37;22;668.38;91305
20798;Low;0.1;205.99;8.99;2358;Danielle Baird;Regular Air;Corporate;Technology;Telephones and Communication;Small Box;TimeportP7382;0.56;United States;South;Florida;Fort Lauderdale;33311;4/03/15;8/03/15;147.0;2;324.62;88267
18892;Critical;0.05;2.08;2.56;2358;Danielle Baird;Regular Air;Home Office;Office Supplies;Scissors, Rulers and Trimmers;Small Pack;Kleencut® Forged Office Shears by Acme United Corporation;0.55;United States;South;Florida;Fort Lauderdale;33311;14/02/15;16/02/15;-1045.016;19;40.93;88268
21772;Critical;0.0;7.28;1.77;2359;Annie Horne;Regular Air;Home Office;Office Supplies;Paper;Wrap Bag;Post-it® “Important Message” Note Pad, Neon Colors, 50 Sheets/Pad;0.37;United States;South;Florida;Fort Myers;33917;5/02/15;5/02/15;167.16;7;53.42;88265
24890;High;0.06;8.33;1.99;2361;Vincent Daniel;Regular Air;Corporate;Technology;Computer Peripherals;Small Pack;80 Minute Slim Jewel Case CD-R , 10/Pack - Staples;0.52;United States;South;Florida;Fruit Cove;32259;25/02/15;26/02/15;-344.82;1;8.49;88266
21582;Low;0.07;5.98;5.79;2369;Mike G Hartman;Regular Air;Consumer;Office Supplies;Paper;Small Box;Xerox 1903;0.36;United States;South;Florida;Pembroke Pines;33024;13/01/15;15/01/15;-41.9727;13;77.42;90408
21988;Medium;0.01;1.76;0.7;2372;Marvin Parrott;Regular Air;Corporate;Office Supplies;Pens & Art Supplies;Wrap Bag;Newell 310;0.56;United States;Central;Minnesota;Duluth;55803;15/03/15;16/03/15;-1.56;4;7.2;90714
22827;High;0.05;3.28;3.97;2376;Debra Batchelor;Regular Air;Corporate;Office Supplies;Pens & Art Supplies;Wrap Bag;Newell 342;0.56;United States;West;Idaho;Moscow;83843;5/03/15;6/03/15;-100.24;18;61.29;91321
22828;High;0.03;6.98;9.69;2376;Debra Batchelor;Regular Air;Corporate;Office Supplies;Storage & Organization;Small Box;Eldon Shelf Savers™ Cubes and Bins;0.83;United States;West;Idaho;Moscow;83843;5/03/15;7/03/15;-262.62;15;109.15;91321
18197;High;0.06;105.29;10.12;2393;Debbie Dillon;Regular Air;Corporate;Furniture;Office Furnishings;Large Box;Eldon Antistatic Chair Mats for Low to Medium Pile Carpets;0.79;United States;South;Georgia;Roswell;30076;4/01/15;6/01/15;-45.01;12;1202.66;86951
24954;Not Specified;0.04;60.97;4.5;2395;Beverly Roberts;Regular Air;Corporate;Office Supplies;Appliances;Small Box;Tripp Lite Isotel 6 Outlet Surge Protector with Fax/Modem Protection;0.56;United States;South;Georgia;Savannah;31401;23/03/15;24/03/15;79.4232;15;904.31;86952
22369;Not Specified;0.03;7.64;5.83;2398;Julian F Wolfe;Regular Air;Corporate;Office Supplies;Paper;Wrap Bag;"Rediform Wirebound ""Phone Memo"" Message Book, 11 x 5-3/4";0.36;United States;Central;Illinois;Hanover Park;60103;24/02/15;26/02/15;-15.0904;12;96.86;86373
19001;Medium;0.0;65.99;3.99;2417;Ken H Frazier;Regular Air;Consumer;Technology;Telephones and Communication;Small Box;StarTAC 7760;0.59;United States;South;Virginia;Oakton;22124;14/03/15;15/03/15;-60.564;13;765.65;86754
20325;Critical;0.03;2.1;0.7;2418;Kyle Fink;Regular Air;Consumer;Office Supplies;Pens & Art Supplies;Wrap Bag;Sanford EarthWrite® Recycled Pencils, Medium Soft, #2;0.57;United States;South;Virginia;Petersburg;23805;6/01/15;7/01/15;-1473.906;4;8.72;86750
21724;High;0.1;599.99;24.49;2418;Kyle Fink;Regular Air;Consumer;Technology;Copiers and Fax;Large Box;Canon PC1080F Personal Copier;0.5;United States;South;Virginia;Petersburg;23805;10/01/15;11/01/15;-343.126;11;6355.69;86753
21725;High;0.06;2.78;1.25;2418;Kyle Fink;Regular Air;Consumer;Office Supplies;Pens & Art Supplies;Wrap Bag;Newell 318;0.59;United States;South;Virginia;Petersburg;23805;10/01/15;12/01/15;66.36;10;28.09;86753
22376;Not Specified;0.07;225.04;11.79;2419;Sandra Faulkner;Regular Air;Consumer;Office Supplies;Appliances;Medium Box;Holmes Harmony HEPA Air Purifier for 17 x 20 Room;0.42;United States;South;Virginia;Portsmouth;23701;26/03/15;26/03/15;-162.918;5;1130.15;86751
22377;Not Specified;0.03;7.84;4.71;2419;Sandra Faulkner;Regular Air;Consumer;Office Supplies;Binders and Binder Accessories;Small Box;XtraLife® ClearVue™ Slant-D® Ring Binders by Cardinal;0.35;United States;South;Virginia;Portsmouth;23701;26/03/15;29/03/15;859.7178;7;54.37;86751
19817;Medium;0.09;3.89;7.01;2422;Arlene Wiggins Dalton;Express Air;Home Office;Office Supplies;Binders and Binder Accessories;Small Box;Avery Binder Labels;0.37;United States;Central;Texas;Huntsville;77340;22/01/15;24/01/15;-154.307;10;42.56;89055
25126;Low;0.04;100.98;7.18;2423;Nicholas Wallace;Regular Air;Home Office;Technology;Computer Peripherals;Small Box;Logitech Cordless Elite Duo;0.4;United States;Central;Texas;Hurst;76053;21/01/15;26/01/15;269.94;4;414.91;89054
21761;High;0.08;30.93;3.92;2426;Dorothy Holt;Regular Air;Small Business;Furniture;Office Furnishings;Small Pack;Advantus Employee of the Month Certificate Frame, 11 x 13-1/2;0.44;United States;Central;Texas;Irving;75061;15/03/15;16/03/15;63.0591;3;91.39;90859
23729;High;0.03;40.99;19.99;2427;John Merritt;Regular Air;Corporate;Office Supplies;Paper;Small Box;White Dual Perf Computer Printout Paper, 2700 Sheets, 1 Part, Heavyweight, 20 lbs., 14 7/8 x 11;0.36;United States;Central;Texas;Keller;76248;17/02/15;18/02/15;395.308;21;885.65;90860
22562;Not Specified;0.1;14.28;2.99;2430;Kimberly Reilly;Regular Air;Home Office;Office Supplies;Binders and Binder Accessories;Small Box;Avery Premier Heavy-Duty Binder with Round Locking Rings;0.39;United States;Central;Texas;Killeen;76541;24/03/15;25/03/15;104.9145;11;152.05;91108
20731;Low;0.03;140.99;4.2;2430;Kimberly Reilly;Regular Air;Home Office;Technology;Telephones and Communication;Small Box;7160;0.59;United States;Central;Texas;Killeen;76541;29/03/15;6/04/15;-458.744;2;246.44;91110
19566;Low;0.09;90.97;14.0;2437;Judith Shepherd;Delivery Truck;Home Office;Technology;Office Machines;Jumbo Drum;Lexmark Z54se Color Inkjet Printer;0.36;United States;Central;Wisconsin;Muskego;53150;1/03/15;3/03/15;35.29;3;260.0;90301
21084;High;0.05;58.1;1.49;2443;Danny Richmond;Regular Air;Corporate;Office Supplies;Binders and Binder Accessories;Small Box;Avery Arch Ring Binders;0.38;United States;South;Florida;Miami;33142;18/01/15;18/01/15;1633.986;13;739.06;89299
21198;Medium;0.06;3499.99;24.49;2454;Donna Braun;Express Air;Corporate;Technology;Copiers and Fax;Large Box;Canon imageCLASS 2200 Advanced Copier;0.37;United States;South;Alabama;Hoover;35244;1/03/15;4/03/15;-68.432;1;3550.28;89219
25536;High;0.07;179.99;19.99;2456;Joan Beach;Regular Air;Home Office;Technology;Computer Peripherals;Small Box;Motorola SB4200 Cable Modem;0.48;United States;South;Alabama;Mobile;36608;22/01/15;23/01/15;733.2822;7;1188.63;89218
25537;High;0.02;92.23;39.61;2456;Joan Beach;Express Air;Home Office;Furniture;Office Furnishings;Medium Box;Deflect-o RollaMat Studded, Beveled Mat for Medium Pile Carpeting;0.67;United States;South;Alabama;Mobile;36608;22/01/15;23/01/15;-905.9904;11;1009.93;89218
25535;High;0.02;15.22;9.73;2457;Yvonne Collier;Regular Air;Home Office;Office Supplies;Binders and Binder Accessories;Small Box;"GBC Twin Loop™ Wire Binding Elements, 9/16"" Spine, Black";0.36;United States;Central;Minnesota;Lino Lakes;55014;22/01/15;22/01/15;-21.63242;9;140.7;89218
22321;High;0.03;6.48;8.73;2458;Troy Casey;Regular Air;Home Office;Office Supplies;Paper;Small Box;Xerox 227;0.37;United States;Central;Minnesota;Edina;55410;3/01/15;5/01/15;-35.04;2;15.95;91285
4321;High;0.03;6.48;8.73;2460;Lucille Gibbons;Regular Air;Home Office;Office Supplies;Paper;Small Box;Xerox 227;0.37;United States;East;New York;New York City;10035;3/01/15;5/01/15;-35.04;8;63.78;30785
4322;High;0.07;9.93;1.09;2460;Lucille Gibbons;Regular Air;Home Office;Office Supplies;Pens & Art Supplies;Wrap Bag;Peel-Off® China Markers;0.43;United States;East;New York;New York City;10035;3/01/15;6/01/15;149.53;46;451.61;30785
25807;Not Specified;0.05;6.28;5.36;2464;Joe George;Regular Air;Consumer;Office Supplies;Binders and Binder Accessories;Small Box;GBC Standard Plastic Binding Systems' Combs;0.4;United States;South;Louisiana;Bossier City;71111;20/01/15;23/01/15;1.278;6;38.04;88714
25808;Not Specified;0.04;3.08;0.99;2464;Joe George;Regular Air;Consumer;Office Supplies;Labels;Small Box;Avery 481;0.37;United States;South;Louisiana;Bossier City;71111;20/01/15;21/01/15;424.29;14;42.53;88714
22580;Medium;0.04;2.08;1.49;2466;Gilbert Godfrey;Regular Air;Corporate;Office Supplies;Binders and Binder Accessories;Small Box;Economy Binders;0.36;United States;Central;Michigan;Sault Sainte Marie;49783;27/02/15;28/02/15;-3.71956;7;14.77;88136
22582;Medium;0.02;53.98;5.5;2466;Gilbert Godfrey;Express Air;Corporate;Technology;Computer Peripherals;Small Box;Nu-Form 106-Key Ergonomic Keyboard w/ Touchpad;0.62;United States;Central;Michigan;Sault Sainte Marie;49783;27/02/15;28/02/15;101.972;8;438.33;88136
22583;Medium;0.05;4.98;5.02;2466;Gilbert Godfrey;Regular Air;Corporate;Office Supplies;Paper;Small Box;Xerox 1989;0.38;United States;Central;Michigan;Sault Sainte Marie;49783;27/02/15;27/02/15;-16.6348;7;38.11;88136
18684;Critical;0.04;65.99;8.99;2468;Rhonda Stein;Regular Air;Corporate;Technology;Telephones and Communication;Small Box;i270;0.55;United States;South;North Carolina;Salisbury;28144;13/03/15;14/03/15;-335.041;13;724.57;88137
26057;Low;0.1;4.91;0.5;2472;Ricky Sanders;Express Air;Home Office;Office Supplies;Labels;Small Box;Avery 493;0.36;United States;Central;Illinois;Joliet;60432;21/02/15;21/02/15;35.2797;10;51.13;86514
24568;Medium;0.05;6.48;7.91;2484;Rhonda Bryant;Regular Air;Corporate;Office Supplies;Paper;Small Box;Xerox 216;0.37;United States;South;Florida;Winter Haven;33881;13/03/15;14/03/15;322.122;16;109.99;88998
24569;Medium;0.03;111.03;8.64;2484;Rhonda Bryant;Regular Air;Corporate;Office Supplies;Storage & Organization;Small Box;Fellowes Recycled Storage Drawers;0.78;United States;South;Florida;Winter Haven;33881;13/03/15;14/03/15;366.54;8;900.12;88998
22028;High;0.02;71.37;69.0;2486;Jack Horn;Regular Air;Small Business;Furniture;Tables;Large Box;Lesro Sheffield Collection Coffee Table, End Table, Center Table, Corner Table;0.68;United States;South;Georgia;Statesboro;30458;6/02/15;7/02/15;-439.908;4;237.62;91414
22029;High;0.03;205.99;8.99;2486;Jack Horn;Express Air;Small Business;Technology;Telephones and Communication;Small Box;StarTAC 8000;0.6;United States;South;Georgia;Statesboro;30458;6/02/15;8/02/15;1087.716;1;176.42;91414
23495;Low;0.0;180.98;30.0;2486;Jack Horn;Delivery Truck;Small Business;Furniture;Chairs & Chairmats;Jumbo Drum;Office Star - Ergonomic Mid Back Chair with 2-Way Adjustable Arms;0.69;United States;South;Georgia;Statesboro;30458;3/02/15;5/02/15;9.204;11;2084.16;91416
20602;High;0.01;2036.48;14.7;2489;Craig Liu;Delivery Truck;Consumer;Technology;Office Machines;Jumbo Drum;Lexmark 4227 Plus Dot Matrix Printer;0.55;United States;West;California;Concord;94521;11/02/15;13/02/15;-1596.7458;2;3786.84;86883
21338;Not Specified;0.07;65.99;8.8;2489;Craig Liu;Regular Air;Home Office;Technology;Telephones and Communication;Small Box;6120;0.58;United States;West;California;Concord;94521;12/01/15;12/01/15;109.836;9;471.66;86886
24856;Critical;0.09;348.21;40.19;2490;Pauline Finch;Delivery Truck;Home Office;Furniture;Tables;Jumbo Box;Bretford CR4500 Series Slim Rectangular Table;0.62;United States;West;California;Costa Mesa;92627;14/02/15;16/02/15;-93.85;2;662.8;86884
21339;Not Specified;0.0;10.01;1.99;2490;Pauline Finch;Express Air;Home Office;Technology;Computer Peripherals;Small Pack;TDK 4.7GB DVD-R;0.41;United States;West;California;Costa Mesa;92627;12/01/15;14/01/15;82.7034;11;119.86;86886
6856;Critical;0.09;348.21;40.19;2491;Sean N Boyer;Delivery Truck;Home Office;Furniture;Tables;Jumbo Box;Bretford CR4500 Series Slim Rectangular Table;0.62;United States;West;California;Los Angeles;90045;14/02/15;16/02/15;-93.85;8;2651.21;48836
3338;Not Specified;0.07;65.99;8.8;2491;Sean N Boyer;Regular Air;Home Office;Technology;Telephones and Communication;Small Box;6120;0.58;United States;West;California;Los Angeles;90045;12/01/15;12/01/15;109.836;37;1939.03;23877
3339;Not Specified;0.0;10.01;1.99;2491;Sean N Boyer;Express Air;Home Office;Technology;Computer Peripherals;Small Pack;TDK 4.7GB DVD-R;0.41;United States;West;California;Los Angeles;90045;12/01/15;14/01/15;128.03;42;457.63;23877
2296;Not Specified;0.09;355.98;58.92;2498;Arlene Long;Delivery Truck;Corporate;Furniture;Chairs & Chairmats;Jumbo Drum;Hon 4700 Series Mobuis™ Mid-Back Task Chairs with Adjustable Arms;0.64;United States;West;California;San Diego;92024;18/02/15;20/02/15;1240.25;30;10554.63;16547
2297;Not Specified;0.04;218.75;69.64;2498;Arlene Long;Delivery Truck;Corporate;Furniture;Tables;Jumbo Box;BoxOffice By Design Rectangular and Half-Moon Meeting Room Tables;0.77;United States;West;California;San Diego;92024;18/02/15;18/02/15;-533.232;8;1749.64;16547
7628;Medium;0.09;6.28;5.41;2498;Arlene Long;Regular Air;Small Business;Furniture;Office Furnishings;Small Box;Eldon® 200 Class™ Desk Accessories;0.53;United States;West;California;San Diego;92024;2/02/15;4/02/15;-61.59;56;355.4;54567
2768;Not Specified;0.08;1.68;1.57;2498;Arlene Long;Regular Air;Small Business;Office Supplies;Pens & Art Supplies;Wrap Bag;Newell 323;0.59;United States;West;California;San Diego;92024;5/02/15;6/02/15;-46.25;88;148.36;20007
20296;Not Specified;0.09;355.98;58.92;2499;Geoffrey Koch;Delivery Truck;Corporate;Furniture;Chairs & Chairmats;Jumbo Drum;Hon 4700 Series Mobuis™ Mid-Back Task Chairs with Adjustable Arms;0.64;United States;Central;Illinois;Kankakee;60901;18/02/15;20/02/15;1240.25;8;2814.57;88319
25628;Medium;0.09;6.28;5.41;2500;Kevin Smith;Regular Air;Small Business;Furniture;Office Furnishings;Small Box;Eldon® 200 Class™ Desk Accessories;0.53;United States;Central;Illinois;Lake In The Hills;60102;2/02/15;4/02/15;-32.0268;14;88.85;88320
24899;High;0.1;24.92;12.98;2502;Toni Owens Poe;Regular Air;Home Office;Office Supplies;Binders and Binder Accessories;Small Box;GBC Standard Therm-A-Bind Covers;0.39;United States;Central;Indiana;Munster;46321;19/03/15;19/03/15;-45.816;3;70.82;91310
24901;High;0.0;12.28;6.35;2502;Toni Owens Poe;Express Air;Home Office;Office Supplies;Paper;Small Box;Staples Premium Bright 1-Part Blank Computer Paper;0.38;United States;Central;Indiana;Munster;46321;19/03/15;20/03/15;30.63;7;90.44;91310
23265;Low;0.02;5.81;8.49;2508;Pauline Brooks;Regular Air;Home Office;Office Supplies;Binders and Binder Accessories;Small Box;Fellowes Black Plastic Comb Bindings;0.39;United States;East;Maine;Sanford;4073;8/01/15;12/01/15;-137.494;7;42.44;87031
25463;Medium;0.0;175.99;4.99;2521;Shawn Meyer;Regular Air;Home Office;Technology;Telephones and Communication;Small Box;5165;0.59;United States;Central;Texas;Corsicana;75109;18/02/15;21/02/15;1656.6555;15;2400.95;87032
20254;High;0.04;40.98;6.5;2530;Janet Zhang;Regular Air;Small Business;Technology;Computer Peripherals;Small Box;Targus USB Numeric Keypad;0.74;United States;West;California;Apple Valley;92307;29/03/15;30/03/15;-89.5;7;277.07;87451
20255;High;0.05;35.99;3.3;2534;Mitchell Goldberg;Regular Air;Small Business;Technology;Telephones and Communication;Small Pack;Accessory9;0.39;United States;East;Maine;Bangor;4401;29/03/15;31/03/15;103.2723;5;149.67;87451
19902;Medium;0.01;99.99;19.99;2545;Rick Ellis;Express Air;Home Office;Technology;Office Machines;Small Box;AT&T 2230 Dual Handset Phone With Caller ID/Call Waiting;0.52;United States;South;Virginia;Springfield;22153;10/03/15;12/03/15;90.024;2;202.98;87915
18130;Medium;0.03;12.53;7.17;2553;Virginia McNeill;Regular Air;Home Office;Office Supplies;Binders and Binder Accessories;Small Box;GBC ProClick Spines for 32-Hole Punch;0.38;United States;Central;Wisconsin;Kenosha;53142;12/02/15;13/02/15;-20.3205;1;19.32;86528
23666;Low;0.1;2.6;2.4;2555;Karl Knowles;Regular Air;Home Office;Office Supplies;Pens & Art Supplies;Wrap Bag;12 Colored Short Pencils;0.58;United States;Central;Wisconsin;Madison;53711;9/01/15;14/01/15;-88.04;12;30.1;86527
23583;Critical;0.0;12.97;1.49;2555;Karl Knowles;Regular Air;Home Office;Office Supplies;Binders and Binder Accessories;Small Box;"Mead 1st Gear 2"" Zipper Binder, Asst. Colors";0.35;United States;Central;Wisconsin;Madison;53711;2/02/15;3/02/15;180.2349;19;261.21;86529
23584;Critical;0.06;4.91;0.5;2555;Karl Knowles;Regular Air;Home Office;Office Supplies;Labels;Small Box;Avery 508;0.36;United States;Central;Wisconsin;Madison;53711;2/02/15;2/02/15;29.5251;9;42.79;86529
19840;Not Specified;0.03;160.98;30.0;2561;Laurie Moon;Delivery Truck;Consumer;Furniture;Chairs & Chairmats;Jumbo Drum;Office Star - Mid Back Dual function Ergonomic High Back Chair with 2-Way Adjustable Arms;0.62;United States;East;New York;Ossining;10562;22/03/15;25/03/15;1261.4718;11;1828.22;86465
23705;High;0.09;212.6;52.2;2579;Marshall Sutherland;Delivery Truck;Home Office;Furniture;Tables;Jumbo Box;Bush Advantage Collection® Round Conference Table;0.64;United States;South;Alabama;Phenix City;36869;3/01/15;4/01/15;-274.498;1;174.5;88296
22508;Medium;0.07;1.76;4.86;2579;Marshall Sutherland;Regular Air;Home Office;Furniture;Office Furnishings;Small Box;Regeneration Desk Collection;0.41;United States;South;Alabama;Phenix City;36869;17/01/15;17/01/15;0.588;15;26.01;88297
20976;Medium;0.01;6.48;6.57;2587;Eugene H Walsh;Express Air;Home Office;Office Supplies;Paper;Small Box;Xerox 20;0.37;United States;Central;Wisconsin;Manitowoc;54220;28/02/15;28/02/15;-46.5244;18;127.83;91166
23765;Low;0.01;85.99;0.99;2593;Anne Schultz;Regular Air;Corporate;Technology;Telephones and Communication;Wrap Bag;Accessory4;0.85;United States;South;Georgia;Athens;30605;12/03/15;17/03/15;311.73;2;146.17;87773
19859;Low;0.05;5.74;5.3;2601;Malcolm French;Regular Air;Corporate;Office Supplies;Scissors, Rulers and Trimmers;Small Pack;Acme Kleencut® Forged Steel Scissors;0.55;United States;East;New Hampshire;Merrimack;3054;21/03/15;26/03/15;-50.75;7;42.02;87382
19971;Low;0.02;50.98;13.66;2613;Anthony Stanley;Express Air;Corporate;Office Supplies;Appliances;Small Box;Eureka The Boss® Cordless Rechargeable Stick Vac;0.58;United States;East;New Jersey;Fords;8863;24/01/15;24/01/15;-25.76;1;68.45;86119
25962;Critical;0.0;2.6;2.4;2616;Laurence Hull;Regular Air;Corporate;Office Supplies;Pens & Art Supplies;Wrap Bag;12 Colored Short Pencils;0.58;United States;Central;Michigan;Portage;49002;11/03/15;13/03/15;-45.21;16;44.75;91495
6585;Medium;0.1;7.64;1.39;2618;Amy Hamrick Melvin;Regular Air;Corporate;Office Supplies;Envelopes;Small Box;Security-Tint Envelopes;0.36;United States;East;New York;New York City;10004;17/01/15;19/01/15;16.12;18;130.11;46884
6586;Medium;0.0;125.99;2.5;2618;Amy Hamrick Melvin;Regular Air;Corporate;Technology;Telephones and Communication;Small Box;6162;0.59;United States;East;New York;New York City;10004;17/01/15;19/01/15;-815.9008;3;337.34;46884
6587;Medium;0.1;11.55;2.36;2618;Amy Hamrick Melvin;Regular Air;Corporate;Office Supplies;Pens & Art Supplies;Wrap Bag;Newell 309;0.55;United States;East;New York;New York City;10004;17/01/15;18/01/15;15.808;25;280.43;46884
4788;High;0.05;4.84;0.71;2618;Amy Hamrick Melvin;Express Air;Corporate;Office Supplies;Pens & Art Supplies;Wrap Bag;*Staples* Highlighting Markers;0.52;United States;East;New York;New York City;10004;23/03/15;23/03/15;29.17;20;103.39;34017
4789;High;0.01;14.98;7.69;2618;Amy Hamrick Melvin;Regular Air;Corporate;Office Supplies;Storage & Organization;Small Box;Super Decoflex Portable Personal File;0.57;United States;East;New York;New York City;10004;23/03/15;25/03/15;-48.97;28;435.39;34017
7452;Critical;0.1;20.27;3.99;2618;Amy Hamrick Melvin;Regular Air;Corporate;Office Supplies;Appliances;Small Box;Fellowes Mighty 8 Compact Surge Protector;0.57;United States;East;New York;New York City;10004;23/03/15;24/03/15;84.05;53;1051.52;53153
22788;High;0.05;4.84;0.71;2619;Brandon E Shepherd;Express Air;Corporate;Office Supplies;Pens & Art Supplies;Wrap Bag;*Staples* Highlighting Markers;0.52;United States;Central;South Dakota;Sioux Falls;57103;23/03/15;23/03/15;17.8365;5;25.85;88014
18461;Not Specified;0.1;30.98;8.99;2619;Brandon E Shepherd;Regular Air;Corporate;Office Supplies;Pens & Art Supplies;Small Pack;Boston School Pro Electric Pencil Sharpener, 1670;0.58;United States;Central;South Dakota;Sioux Falls;57103;9/02/15;11/02/15;-20.2228;4;119.37;88015
25452;Critical;0.1;20.27;3.99;2620;Phyllis Little;Regular Air;Corporate;Office Supplies;Appliances;Small Box;Fellowes Mighty 8 Compact Surge Protector;0.57;United States;South;Tennessee;Bartlett;38134;23/03/15;24/03/15;381.618;13;257.92;88017
26296;High;0.03;40.97;8.99;2621;Robyn Hayes;Express Air;Corporate;Office Supplies;Pens & Art Supplies;Small Pack;Sanford 52201 APSCO Electric Pencil Sharpener;0.59;United States;South;Tennessee;Brentwood;37027;19/03/15;20/03/15;-177.058;5;207.22;88016
26032;High;0.1;41.94;2.99;2626;Lillian Fischer;Regular Air;Consumer;Office Supplies;Binders and Binder Accessories;Small Box;"Avery Trapezoid Extra Heavy Duty 4"" Binders";0.35;United States;West;California;Menlo Park;94025;7/02/15;8/02/15;164.082;6;237.8;90927
18623;Medium;0.02;30.53;19.99;2628;Danielle P Rao;Express Air;Corporate;Office Supplies;Labels;Small Box;Avery 4027 File Folder Labels for Dot Matrix Printers, 5000 Labels per Box, White;0.39;United States;Central;Oklahoma;Moore;73160;17/01/15;19/01/15;-54.63;14;448.47;85916
21981;Critical;0.01;194.3;11.54;2630;Betsy Puckett;Regular Air;Small Business;Furniture;Office Furnishings;Large Box;Electrix Halogen Magnifier Lamp;0.59;United States;Central;Oklahoma;Norman;73071;5/01/15;7/01/15;690.1794;5;1000.26;85914
21982;Critical;0.02;209.84;21.21;2630;Betsy Puckett;Regular Air;Small Business;Furniture;Office Furnishings;Large Box;Luxo Professional Fluorescent Magnifier Lamp with Clamp-Mount Base;0.59;United States;Central;Oklahoma;Norman;73071;5/01/15;6/01/15;1507.6431;10;2184.99;85914
21983;Critical;0.0;145.45;17.85;2630;Betsy Puckett;Delivery Truck;Small Business;Technology;Office Machines;Jumbo Drum;Panasonic KX-P1150 Dot Matrix Printer;0.56;United States;Central;Oklahoma;Norman;73071;5/01/15;7/01/15;801.7468;8;1191.2;85914
22540;High;0.07;65.99;5.99;2630;Betsy Puckett;Regular Air;Small Business;Technology;Telephones and Communication;Small Box;i1000;0.58;United States;Central;Oklahoma;Norman;73071;7/01/15;8/01/15;-139.18256;3;165.71;85915
21041;Not Specified;0.05;4.98;0.49;2639;Marianne Connor;Regular Air;Consumer;Office Supplies;Labels;Small Box;Avery White Multi-Purpose Labels;0.39;United States;West;New Mexico;Roswell;88201;19/03/15;19/03/15;3.84;3;14.2;90952
22438;Low;0.1;10.98;3.99;2647;Teresa Bishop;Regular Air;Corporate;Office Supplies;Appliances;Small Box;Staples Surge Protector 6 outlet;0.58;United States;West;California;Bakersfield;93309;17/03/15;24/03/15;-21.03;5;52.21;91386
22439;Low;0.01;39.98;9.2;2647;Teresa Bishop;Regular Air;Corporate;Furniture;Office Furnishings;Wrap Bag;Eldon Radial Chair Mat for Low to Medium Pile Carpets;0.65;United States;West;California;Bakersfield;93309;17/03/15;19/03/15;117.5208;4;170.32;91386
25662;Not Specified;0.05;4.98;4.62;2653;Leo Kane;Regular Air;Consumer;Technology;Computer Peripherals;Small Pack;"Imation 3.5"", DISKETTE 44766 HGHLD3.52HD/FM, 10/Pack";0.64;United States;Central;Kansas;Derby;67037;22/02/15;23/02/15;-98.35;7;34.32;89360
25663;Not Specified;0.02;34.23;5.02;2653;Leo Kane;Regular Air;Consumer;Furniture;Office Furnishings;Small Box;Hand-Finished Solid Wood Document Frame;0.55;United States;Central;Kansas;Derby;67037;22/02/15;24/02/15;270.7905;11;392.45;89360
19525;Critical;0.01;138.14;35.0;2660;Jeffrey Page;Regular Air;Small Business;Office Supplies;Storage & Organization;Large Box;SAFCO Commercial Wire Shelving, Black;;United States;East;Maine;Gorham;4038;24/02/15;26/02/15;-321.51;4;599.03;86486
19294;High;0.04;10.4;5.4;2668;Carlos Hanson;Regular Air;Corporate;Furniture;Office Furnishings;Small Pack;"Executive Impressions 8-1/2"" Career Panel/Partition Cubicle Clock";0.51;United States;Central;South Dakota;Rapid City;57701;28/03/15;29/03/15;29.98;12;130.74;87830
19295;High;0.08;4.28;4.79;2668;Carlos Hanson;Regular Air;Corporate;Office Supplies;Paper;Small Box;Xerox 1962;0.4;United States;Central;South Dakota;Rapid City;57701;28/03/15;30/03/15;-121.2;12;49.87;87830
22848;Low;0.09;8.74;1.39;2684;Edna Michael;Express Air;Small Business;Office Supplies;Envelopes;Small Box;"#10- 4 1/8"" x 9 1/2"" Recycled Envelopes";0.38;United States;South;Florida;Port Charlotte;33952;15/02/15;20/02/15;23.616;1;11.78;89146
22849;Low;0.09;18.97;9.03;2684;Edna Michael;Regular Air;Small Business;Office Supplies;Paper;Small Box;Computer Printout Paper with Letter-Trim Perforations;0.37;United States;South;Florida;Port Charlotte;33952;15/02/15;20/02/15;-1748.012;1;20.96;89146
18354;Critical;0.05;107.53;5.81;2696;Sally Dunn;Regular Air;Home Office;Furniture;Office Furnishings;Medium Box;"Tenex Contemporary Contur Chairmats for Low and Medium Pile Carpet, Computer, 39"" x 49""";0.65;United States;South;Alabama;Tuscaloosa;35401;5/03/15;6/03/15;-89.418;6;612.92;87676
19506;Critical;0.04;1.74;4.08;2697;Ricky W Clements;Regular Air;Corporate;Furniture;Office Furnishings;Small Pack;Eldon Regeneration Recycled Desk Accessories, Smoke;0.53;United States;South;Alabama;Vestavia Hills;35216;23/02/15;25/02/15;9.252;16;29.08;87678
19507;Critical;0.01;119.99;56.14;2697;Ricky W Clements;Delivery Truck;Corporate;Technology;Office Machines;Jumbo Box;Hewlett-Packard 2600DN Business Color Inkjet Printer;0.39;United States;South;Alabama;Vestavia Hills;35216;23/02/15;24/02/15;-1197.042;21;2569.57;87678
21690;Low;0.01;29.89;1.99;2715;Becky Farmer;Regular Air;Corporate;Technology;Computer Peripherals;Small Pack;Verbatim DVD-RAM, 5.2GB, Rewritable, Type 1, DS;0.5;United States;Central;Michigan;Lansing;48911;12/01/15;16/01/15;-74.64;1;31.96;88702
21863;Critical;0.1;6.74;1.72;2718;Caroline Stone;Regular Air;Consumer;Office Supplies;Paper;Wrap Bag;Memo Book, 100 Message Capacity, 5 3/8” x 11”;0.35;United States;Central;Illinois;Lansing;60438;1/03/15;3/03/15;65.41;15;98.17;89394
22612;Not Specified;0.05;28.15;6.17;2725;Katharine Hudson;Regular Air;Home Office;Office Supplies;Pens & Art Supplies;Small Pack;Boston Model 1800 Electric Pencil Sharpener, Gray;0.55;United States;South;Tennessee;Clarksville;37042;17/01/15;18/01/15;-66.248;10;282.38;88958
21422;Low;0.08;230.98;23.78;2729;Penny O Caldwell;Delivery Truck;Consumer;Furniture;Tables;Jumbo Box;Bush® Cubix Conference Tables, Fully Assembled;0.6;United States;West;Washington;Bellingham;98226;6/03/15;10/03/15;501.69;4;924.8;88114
19987;Low;0.01;35.99;5.99;2741;Megan York;Regular Air;Small Business;Technology;Telephones and Communication;Wrap Bag;Accessory41;0.38;United States;West;Idaho;Caldwell;83605;12/03/15;19/03/15;218.2332;10;316.28;89481
21323;Medium;0.01;220.98;64.66;2745;Arnold Gay;Delivery Truck;Corporate;Furniture;Bookcases;Jumbo Box;Bush Cubix Collection Bookcases, Fully Assembled;0.62;United States;West;Arizona;Chandler;85224;18/03/15;19/03/15;1049.03;11;2591.09;86184
4949;Medium;0.08;9.98;12.52;2747;Brian Grady;Regular Air;Corporate;Furniture;Office Furnishings;Small Box;Eldon® Expressions™ Wood and Plastic Desk Accessories, Oak;0.57;United States;East;New York;New York City;10115;5/02/15;7/02/15;-102.93;15;150.24;35200
3323;Medium;0.01;220.98;64.66;2747;Brian Grady;Delivery Truck;Corporate;Furniture;Bookcases;Jumbo Box;Bush Cubix Collection Bookcases, Fully Assembled;0.62;United States;East;New York;New York City;10115;18/03/15;19/03/15;1049.03;44;10364.36;23751
23271;Critical;0.02;161.55;19.99;2750;Allen Nash;Regular Air;Small Business;Office Supplies;Storage & Organization;Small Box;Fellowes Super Stor/Drawer® Files;0.66;United States;South;Virginia;Waynesboro;22980;8/03/15;8/03/15;664.518;4;657.61;91424
23342;Critical;0.02;11.55;2.36;2770;Joel Burnette;Regular Air;Corporate;Office Supplies;Pens & Art Supplies;Wrap Bag;Newell 309;0.55;United States;South;Georgia;Dunwoody;30338;8/03/15;10/03/15;1289.382;14;159.53;88975
24523;Not Specified;0.1;5.18;5.74;2773;Christina Zhu;Regular Air;Corporate;Office Supplies;Binders and Binder Accessories;Small Box;Wilson Jones Impact Binders;0.36;United States;West;California;Dublin;94568;26/03/15;28/03/15;-29.003;2;10.96;91584
20956;Low;0.07;574.74;24.49;2775;Theodore Rubin;Regular Air;Consumer;Technology;Office Machines;Large Box;Polycom ViaVideo™ Desktop Video Communications Unit;0.37;United States;Central;Illinois;Franklin Park;60131;30/01/15;4/02/15;2860.9332;8;4146.28;91229
24122;Critical;0.03;350.98;30.0;2776;April Henson;Delivery Truck;Consumer;Furniture;Chairs & Chairmats;Jumbo Drum;Office Star - Professional Matrix Back Chair with 2-to-1 Synchro Tilt and Mesh Fabric Seat;0.61;United States;East;Maryland;Gaithersburg;20877;12/01/15;15/01/15;2692.4421;11;3902.09;91228
24123;Critical;0.04;1.68;1.0;2776;April Henson;Regular Air;Consumer;Office Supplies;Pens & Art Supplies;Wrap Bag;Prang Dustless Chalk Sticks;0.35;United States;East;Maryland;Gaithersburg;20877;12/01/15;14/01/15;2.0672;8;14.18;91228
20097;High;0.05;205.99;8.99;2778;Alison Jones;Express Air;Consumer;Technology;Telephones and Communication;Small Box;Talkabout T8097;0.58;United States;South;North Carolina;Wilmington;28403;11/02/15;12/02/15;111.0525;12;2118.99;87160
20098;High;0.08;205.99;8.99;2778;Alison Jones;Regular Air;Consumer;Technology;Telephones and Communication;Small Box;TimeportP7382;0.56;United States;South;North Carolina;Wilmington;28403;11/02/15;12/02/15;-1963.752;5;837.64;87160
22095;Low;0.09;2.16;6.05;2781;Kelly Byers;Regular Air;Consumer;Office Supplies;Binders and Binder Accessories;Small Box;Peel & Stick Add-On Corner Pockets;0.37;United States;West;Oregon;Woodburn;97071;31/01/15;4/02/15;-37.789;2;5.48;87162
22096;Low;0.03;808.49;55.3;2781;Kelly Byers;Delivery Truck;Consumer;Technology;Office Machines;Jumbo Drum;Hewlett-Packard Business Color Inkjet 3000 [N, DTN] Series Printers;0.4;United States;West;Oregon;Woodburn;97071;31/01/15;7/02/15;7576.11;11;8201.33;87162
22097;Low;0.0;6.48;8.19;2781;Kelly Byers;Regular Air;Consumer;Office Supplies;Paper;Small Box;Xerox 217;0.37;United States;West;Oregon;Woodburn;97071;31/01/15;7/02/15;-43.26;3;22.67;87162
21587;Not Specified;0.01;47.98;3.61;2787;Rodney Kearney;Express Air;Consumer;Technology;Computer Peripherals;Small Pack;DS/HD IBM Formatted Diskettes, 200/Pack - Staples;0.71;United States;South;Louisiana;Metairie;70003;12/03/15;13/03/15;-44.436;8;393.98;91316
19860;Critical;0.09;2.88;0.7;2791;Dawn Larson;Regular Air;Corporate;Office Supplies;Pens & Art Supplies;Wrap Bag;Newell 346;0.56;United States;Central;Michigan;Madison Heights;48071;15/01/15;15/01/15;4.85;7;19.29;88758
18361;Medium;0.06;2.61;0.5;2794;Connie Bunn;Regular Air;Corporate;Office Supplies;Labels;Small Box;Avery 479;0.39;United States;Central;Iowa;Marshalltown;50158;20/03/15;22/03/15;3.5949;2;5.21;87554
19486;Low;0.04;3.57;4.17;2795;Harry Burns;Regular Air;Corporate;Office Supplies;Pens & Art Supplies;Small Pack;Barrel Sharpener;0.59;United States;Central;Iowa;Mason City;50401;26/01/15;28/01/15;-69.91;8;30.9;87556
19487;Low;0.05;200.99;4.2;2795;Harry Burns;Regular Air;Corporate;Technology;Telephones and Communication;Small Box;2160i;0.59;United States;Central;Iowa;Mason City;50401;26/01/15;30/01/15;1630.5252;14;2363.08;87556
19488;Low;0.07;195.99;8.99;2795;Harry Burns;Regular Air;Corporate;Technology;Telephones and Communication;Small Box;A1228;0.58;United States;Central;Iowa;Mason City;50401;26/01/15;26/01/15;-457.16;2;328.45;87556
23351;Medium;0.02;30.44;1.49;2796;Cindy McLeod;Regular Air;Corporate;Office Supplies;Binders and Binder Accessories;Small Box;Premier Elliptical Ring Binder, Black;0.37;United States;Central;Iowa;Sioux City;51106;21/01/15;23/01/15;266.7609;12;386.61;87553
22787;Medium;0.0;5.02;5.14;2797;Cameron Kendall;Regular Air;Consumer;Technology;Computer Peripherals;Small Pack;Imation 3.5, DISKETTE 44766 HGHLD3.52HD/FM, 10/Pack;0.79;United States;East;Pennsylvania;Pittsburgh;15122;10/01/15;11/01/15;-159.3028;8;43.94;87552
23350;Medium;0.02;4.91;0.5;2797;Cameron Kendall;Regular Air;Corporate;Office Supplies;Labels;Small Box;Avery 508;0.36;United States;East;Pennsylvania;Pittsburgh;15122;21/01/15;22/01/15;29.8839;9;43.31;87553
18070;Medium;0.07;500.98;28.14;2803;Catherine Dorsey Burnett;Delivery Truck;Small Business;Technology;Office Machines;Jumbo Drum;Hewlett-Packard cp1700 [D, PS] Series Color Inkjet Printers;0.38;United States;West;California;East Los Angeles;90022;5/02/15;6/02/15;2699.9838;10;3913.02;86227
18071;Medium;0.1;178.47;19.99;2803;Catherine Dorsey Burnett;Regular Air;Small Business;Office Supplies;Storage & Organization;Small Box;Hot File® 7-Pocket, Floor Stand;0.55;United States;West;California;East Los Angeles;90022;5/02/15;7/02/15;-170.98;1;180.14;86227
24604;Medium;0.07;30.56;2.99;2813;Marjorie Burnette;Regular Air;Corporate;Office Supplies;Binders and Binder Accessories;Small Box;Surelock™ Post Binders;0.35;United States;South;Tennessee;Cleveland;37311;7/02/15;7/02/15;-95.6186;12;364.92;88819
24746;Not Specified;0.1;22.01;5.53;2820;Laurence Simon;Regular Air;Home Office;Office Supplies;Pens & Art Supplies;Small Pack;Boston 16801 Nautilus™ Battery Pencil Sharpener;0.59;United States;Central;Missouri;Oakville;63129;14/01/15;15/01/15;31.59;14;281.75;87900
24607;High;0.05;11.29;5.03;2828;Monica Howard;Regular Air;Corporate;Office Supplies;Storage & Organization;Small Box;X-Rack™ File for Hanging Folders;0.59;United States;West;California;El Centro;92243;19/02/15;21/02/15;-35.26;8;90.46;87720
20594;Not Specified;0.03;140.98;36.09;2833;Tim Connolly;Delivery Truck;Small Business;Furniture;Bookcases;Jumbo Box;Sauder Forest Hills Library, Woodland Oak Finish;0.77;United States;Central;Minnesota;Inver Grove Heights;55076;25/03/15;27/03/15;-221.5;4;608.81;91030
20595;Not Specified;0.08;65.99;8.99;2833;Tim Connolly;Regular Air;Small Business;Technology;Telephones and Communication;Small Box;Talkabout T8367;0.56;United States;Central;Minnesota;Inver Grove Heights;55076;25/03/15;26/03/15;206.352;15;808.61;91030
19191;High;0.07;51.98;10.17;2837;Leslie Hawley;Regular Air;Home Office;Technology;Office Machines;Medium Box;Canon MP25DIII Desktop Whisper-Quiet Printing Calculator;0.37;United States;Central;Oklahoma;Tulsa;74133;8/03/15;10/03/15;439.7853;13;637.37;89801
19192;High;0.1;80.97;33.6;2837;Leslie Hawley;Delivery Truck;Home Office;Technology;Office Machines;Jumbo Drum;Lexmark Z25 Color Inkjet Printer;0.37;United States;Central;Oklahoma;Tulsa;74133;8/03/15;11/03/15;-149.4573;3;232.16;89801
18416;High;0.0;21.98;2.87;2840;Bob Berg;Regular Air;Corporate;Office Supplies;Pens & Art Supplies;Small Pack;Panasonic KP-310 Heavy-Duty Electric Pencil Sharpener;0.55;United States;South;Florida;North Miami;33161;19/03/15;20/03/15;21.096;16;360.03;87884
23042;Medium;0.08;7.84;4.71;2855;Vicki Womble;Regular Air;Corporate;Office Supplies;Binders and Binder Accessories;Small Box;XtraLife® ClearVue™ Slant-D® Ring Binders by Cardinal;0.35;United States;West;Washington;Des Moines;98198;21/01/15;22/01/15;-12.87678;10;76.16;87316
23043;Medium;0.03;105.34;24.49;2855;Vicki Womble;Regular Air;Corporate;Furniture;Office Furnishings;Large Box;Deflect-o DuraMat Antistatic Studded Beveled Mat for Medium Pile Carpeting;0.61;United States;West;Washington;Des Moines;98198;21/01/15;22/01/15;618.1308;10;1038.14;87316
23213;Low;0.09;6783.02;24.49;2855;Vicki Womble;Regular Air;Consumer;Technology;Office Machines;Large Box;Polycom ViewStation™ ISDN Videoconferencing Unit;0.39;United States;West;Washington;Des Moines;98198;10/03/15;14/03/15;-14140.7016;1;6296.0;87317
23238;Medium;0.05;20.99;4.81;2861;Dwight Robinson;Regular Air;Corporate;Technology;Telephones and Communication;Medium Box;1726 Digital Answering Machine;0.58;United States;Central;Kansas;Hays;67601;28/02/15;28/02/15;4.90176;11;199.43;88280
23136;Critical;0.01;13.79;8.78;2865;Roberta Mitchell;Regular Air;Corporate;Furniture;Office Furnishings;Small Box;9-3/4 Diameter Round Wall Clock;0.43;United States;Central;Texas;Paris;75460;23/02/15;25/02/15;-36.77;4;56.68;90871
23137;Critical;0.04;33.29;8.74;2865;Roberta Mitchell;Regular Air;Corporate;Office Supplies;Storage & Organization;Small Box;Fellowes Bases and Tops For Staxonsteel®/High-Stak® Systems;0.61;United States;Central;Texas;Paris;75460;23/02/15;24/02/15;87.03;8;273.34;90871
18998;High;0.03;896.99;19.99;2868;Eugene Clayton;Regular Air;Corporate;Office Supplies;Binders and Binder Accessories;Small Box;GBC DocuBind TL300 Electric Binding System;0.38;United States;West;Washington;Edmonds;98026;8/01/15;10/01/15;3602.1312;6;5220.48;85826
25724;Medium;0.07;2.89;0.5;2873;Benjamin Gunter;Regular Air;Small Business;Office Supplies;Labels;Small Box;Avery 498;0.38;United States;South;Florida;Hialeah;33012;22/01/15;24/01/15;441.594;12;33.02;89872
25725;Medium;0.0;217.85;29.1;2873;Benjamin Gunter;Delivery Truck;Small Business;Furniture;Tables;Jumbo Box;Chromcraft Bull-Nose Wood Round Conference Table Top, Wood Base;0.68;United States;South;Florida;Hialeah;33012;22/01/15;23/01/15;394.17;10;2273.1;89872
25599;Not Specified;0.0;8.33;1.99;2877;Shannon Aldridge;Express Air;Consumer;Technology;Computer Peripherals;Small Pack;80 Minute Slim Jewel Case CD-R , 10/Pack - Staples;0.52;United States;East;Ohio;North Olmsted;44070;2/03/15;4/03/15;74.1819;12;107.51;91492
7599;Not Specified;0.0;8.33;1.99;2878;Susan Carroll Berman;Express Air;Consumer;Technology;Computer Peripherals;Small Pack;80 Minute Slim Jewel Case CD-R , 10/Pack - Staples;0.52;United States;West;Washington;Seattle;98107;2/03/15;4/03/15;82.31;47;421.08;54369
18642;Medium;0.05;6.68;6.93;2880;Grace Black;Regular Air;Small Business;Office Supplies;Paper;Small Box;HP Office Paper (20Lb. and 87 Bright);0.37;United States;South;Florida;North Miami Beach;33160;28/03/15;29/03/15;-2.352;11;77.2;88626
7718;High;0.03;4.06;6.89;2882;Andrew Gonzalez;Regular Air;Consumer;Office Supplies;Appliances;Small Box;Eureka Disposable Bags for Sanitaire® Vibra Groomer I® Upright Vac;0.6;United States;South;North Carolina;Charlotte;28206;20/02/15;22/02/15;-246.2761;37;159.89;55300
7719;High;0.01;3.75;0.5;2882;Andrew Gonzalez;Regular Air;Consumer;Office Supplies;Labels;Small Box;Avery 510;0.37;United States;South;North Carolina;Charlotte;28206;20/02/15;21/02/15;55.1946;48;180.48;55300
7720;High;0.02;10.68;13.04;2882;Andrew Gonzalez;Regular Air;Consumer;Furniture;Office Furnishings;Large Box;Dana Swing-Arm Lamps;0.6;United States;South;North Carolina;Charlotte;28206;20/02/15;22/02/15;-307.2965;31;350.48;55300
2314;High;0.07;28.99;8.59;2882;Andrew Gonzalez;Regular Air;Consumer;Technology;Telephones and Communication;Medium Box;SouthWestern Bell FA970 Digital Answering Machine with Time/Day Stamp;0.56;United States;South;North Carolina;Charlotte;28206;19/03/15;19/03/15;-16.06374;39;936.8;16676
7137;Low;0.02;43.98;1.99;2882;Andrew Gonzalez;Regular Air;Consumer;Technology;Computer Peripherals;Small Pack;Memorex 80 Minute CD-R Spindle, 100/Pack;0.44;United States;South;North Carolina;Charlotte;28206;21/01/15;25/01/15;333.7605;40;1724.01;50917
20314;High;0.07;28.99;8.59;2884;Stuart C Robinson;Regular Air;Consumer;Technology;Telephones and Communication;Medium Box;SouthWestern Bell FA970 Digital Answering Machine with Time/Day Stamp;0.56;United States;East;Ohio;North Ridgeville;44039;19/03/15;19/03/15;-12.078;10;240.21;87631
25718;High;0.03;4.06;6.89;2886;Gretchen McKinney;Regular Air;Consumer;Office Supplies;Appliances;Small Box;Eureka Disposable Bags for Sanitaire® Vibra Groomer I® Upright Vac;0.6;United States;East;Ohio;Parma;44134;20/02/15;22/02/15;-185.17;9;38.89;87630
25719;High;0.01;3.75;0.5;2886;Gretchen McKinney;Regular Air;Consumer;Office Supplies;Labels;Small Box;Avery 510;0.37;United States;East;Ohio;Parma;44134;20/02/15;21/02/15;31.1328;12;45.12;87630
25720;High;0.02;10.68;13.04;2886;Gretchen McKinney;Regular Air;Consumer;Furniture;Office Furnishings;Large Box;Dana Swing-Arm Lamps;0.6;United States;East;Ohio;Parma;44134;20/02/15;22/02/15;-231.05;8;90.45;87630
21514;High;0.1;209.37;69.0;2892;Benjamin Porter;Regular Air;Consumer;Furniture;Tables;Large Box;Hon 2111 Invitation™ Series Corner Table;0.79;United States;Central;Michigan;Livonia;48154;23/02/15;25/02/15;-165.5949204;11;2125.12;90011
21515;High;0.07;4.98;4.7;2893;Kathryn Tate;Regular Air;Consumer;Office Supplies;Paper;Small Box;Staples Copy Paper (20Lb. and 84 Bright);0.38;United States;Central;Michigan;Madison Heights;48071;23/02/15;24/02/15;-21.684;9;45.05;90011
19909;Low;0.02;880.98;44.55;2896;Anna Ellis;Delivery Truck;Home Office;Furniture;Bookcases;Jumbo Box;Riverside Palais Royal Lawyers Bookcase, Royale Cherry Finish;0.62;United States;Central;Minnesota;Mankato;56001;22/01/15;26/01/15;4861.0638;8;7045.02;86925
18198;Critical;0.0;22.84;16.92;2896;Anna Ellis;Regular Air;Home Office;Office Supplies;Paper;Small Box;Xerox 1973;0.39;United States;Central;Minnesota;Mankato;56001;12/03/15;14/03/15;-83.75;15;370.62;86927
20304;High;0.05;80.97;30.06;2897;Betty Giles;Delivery Truck;Home Office;Technology;Office Machines;Jumbo Box;Hewlett-Packard Deskjet 940 REFURBISHED Color Inkjet Printer;0.4;United States;Central;Minnesota;Maple Grove;55369;13/02/15;14/02/15;565.18;11;904.25;86926
20305;High;0.0;6.48;10.05;2897;Betty Giles;Regular Air;Home Office;Office Supplies;Paper;Small Box;Xerox 1997;0.37;United States;Central;Minnesota;Maple Grove;55369;13/02/15;15/02/15;-38.72;2;16.31;86926
18611;High;0.07;4.13;0.99;2908;Robyn Lyon;Regular Air;Home Office;Office Supplies;Labels;Small Box;Avery 491;0.39;United States;East;Ohio;Garfield Heights;44125;8/01/15;8/01/15;10.9592;4;16.07;88156
18612;High;0.03;22.72;8.99;2908;Robyn Lyon;Regular Air;Home Office;Furniture;Office Furnishings;Small Pack;"Executive Impressions 14"" Two-Color Numerals Wall Clock";0.44;United States;East;Ohio;Garfield Heights;44125;8/01/15;8/01/15;17.4294;1;25.26;88156
20827;Not Specified;0.05;34.98;7.53;2908;Robyn Lyon;Express Air;Home Office;Technology;Computer Peripherals;Small Box;Fellowes EZ Multi-Media Keyboard;0.76;United States;East;Ohio;Garfield Heights;44125;28/02/15;3/03/15;-32.6664;16;581.08;88157
20828;Not Specified;0.0;3.14;1.92;2908;Robyn Lyon;Regular Air;Home Office;Office Supplies;Scissors, Rulers and Trimmers;Wrap Bag;Serrated Blade or Curved Handle Hand Letter Openers;0.84;United States;East;Ohio;Garfield Heights;44125;28/02/15;2/03/15;-13.1352;8;27.53;88157
18166;Medium;0.0;6.37;5.19;2923;Lynne Griffith;Regular Air;Consumer;Office Supplies;Binders and Binder Accessories;Small Box;C-Line Peel & Stick Add-On Filing Pockets, 8-3/4 x 5-1/8, 10/Pack;0.38;United States;East;Maryland;Hagerstown;21740;28/02/15;2/03/15;-27.1492;15;99.75;86592
18345;Critical;0.02;110.98;13.99;2924;Courtney Nelson;Regular Air;Consumer;Furniture;Office Furnishings;Medium Box;"Rubbermaid ClusterMat Chairmats, Mat Size- 66"" x 60"", Lip 20"" x 11"" -90 Degree Angle";0.69;United States;East;Maryland;Laurel;20707;16/01/15;18/01/15;-106.3424;2;226.53;86591
18346;Critical;0.01;8.01;2.87;2924;Courtney Nelson;Regular Air;Consumer;Office Supplies;Paper;Wrap Bag;TOPS Money Receipt Book, Consecutively Numbered in Red,;0.4;United States;East;Maryland;Laurel;20707;16/01/15;18/01/15;44.9768;8;68.65;86591
21313;Not Specified;0.1;11.55;2.36;2931;Faye Hanna;Regular Air;Small Business;Office Supplies;Pens & Art Supplies;Wrap Bag;Newell 309;0.55;United States;West;California;El Dorado Hills;95630;28/02/15;28/02/15;69.7672;12;135.77;87619
19575;Low;0.04;4.55;1.49;2944;Elsie Lane;Regular Air;Corporate;Office Supplies;Binders and Binder Accessories;Small Box;Presstex Flexible Ring Binders;0.35;United States;Central;Michigan;Midland;48640;5/03/15;7/03/15;28.288;13;59.75;90309
26054;Not Specified;0.01;7.64;1.39;2947;Kathy Turner;Regular Air;Consumer;Office Supplies;Envelopes;Small Box;Security-Tint Envelopes;0.36;United States;East;New York;Depew;14043;4/02/15;7/02/15;112.1181;20;162.49;87511
25051;Medium;0.07;42.98;4.62;2951;Jordan Womble;Express Air;Corporate;Office Supplies;Appliances;Small Box;Belkin F9M820V08 8 Outlet Surge;0.56;United States;Central;Kansas;Hays;67601;15/02/15;17/02/15;565.386;19;819.4;91397
25052;Medium;0.03;89.99;42.0;2951;Jordan Womble;Delivery Truck;Corporate;Furniture;Chairs & Chairmats;Jumbo Drum;Global Leather Task Chair, Black;0.66;United States;Central;Kansas;Hays;67601;15/02/15;18/02/15;-230.9528;19;1809.75;91397
25709;Low;0.06;20.99;0.99;2958;Ellen Sparks;Regular Air;Corporate;Technology;Telephones and Communication;Wrap Bag;Accessory21;0.37;United States;Central;Wisconsin;Neenah;54956;23/03/15;28/03/15;224.9607;18;326.03;90265
21390;Not Specified;0.08;9.68;2.03;2968;Miriam Bowman;Regular Air;Small Business;Office Supplies;Paper;Wrap Bag;"Wirebound Service Call Books, 5 1/2"" x 4""";0.37;United States;South;Florida;Hollywood;33021;22/02/15;24/02/15;-536.242;1;10.94;86085
21391;Not Specified;0.04;150.98;16.01;2968;Miriam Bowman;Delivery Truck;Small Business;Furniture;Tables;Jumbo Box;"Iceberg OfficeWorks 42"" Round Tables";0.7;United States;South;Florida;Hollywood;33021;22/02/15;23/02/15;-125.86;5;731.38;86085
18041;High;0.06;363.25;19.99;2968;Miriam Bowman;Regular Air;Small Business;Office Supplies;Appliances;Small Box;Hoover WindTunnel™ Plus Canister Vacuum;0.57;United States;South;Florida;Hollywood;33021;28/03/15;30/03/15;36.1641;1;344.87;86086
20182;Critical;0.09;2.94;0.7;2979;Lloyd Dolan;Regular Air;Corporate;Office Supplies;Pens & Art Supplies;Wrap Bag;Newell 338;0.58;United States;Central;North Dakota;Dickinson;58601;27/01/15;28/01/15;6.384;9;25.22;86544
18169;Critical;0.02;5.34;2.99;2979;Lloyd Dolan;Regular Air;Corporate;Office Supplies;Binders and Binder Accessories;Small Box;Wilson Jones 14 Line Acrylic Coated Pressboard Data Binders;0.38;United States;Central;North Dakota;Dickinson;58601;26/02/15;28/02/15;5.2955;6;34.73;86545
18170;Critical;0.03;40.98;7.47;2979;Lloyd Dolan;Regular Air;Corporate;Office Supplies;Binders and Binder Accessories;Small Box;"Wilson Jones Ledger-Size, Piano-Hinge Binder, 2"", Blue";0.37;United States;Central;North Dakota;Dickinson;58601;26/02/15;27/02/15;170.7957;6;247.53;86545
20183;Critical;0.03;43.98;8.99;2980;Joanna Kenney;Regular Air;Corporate;Office Supplies;Pens & Art Supplies;Small Pack;Boston 1645 Deluxe Heavier-Duty Electric Pencil Sharpener;0.58;United States;East;Ohio;Sandusky;44870;27/01/15;29/01/15;274.0788;10;454.4;86544
20184;Critical;0.06;1.14;0.7;2980;Joanna Kenney;Regular Air;Corporate;Office Supplies;Rubber Bands;Wrap Bag;OIC Thumb-Tacks;0.38;United States;East;Ohio;Sandusky;44870;27/01/15;30/01/15;-3.782;13;14.53;86544
20435;Medium;0.07;2.61;0.5;2980;Joanna Kenney;Regular Air;Corporate;Office Supplies;Labels;Small Box;Avery 494;0.39;United States;East;Ohio;Sandusky;44870;25/02/15;27/02/15;10.7985;6;15.65;86547
21499;Low;0.01;10.14;2.27;3000;Priscilla Allen;Regular Air;Consumer;Office Supplies;Paper;Wrap Bag;"Staples Wirebound Steno Books, 6"" x 9"", 12/Pack";0.36;United States;Central;Michigan;Pontiac;48342;26/01/15;28/01/15;28.152;4;40.8;87042
23836;Not Specified;0.03;5.4;7.78;3001;Anthony Foley;Regular Air;Consumer;Office Supplies;Binders and Binder Accessories;Small Box;3M Organizer Strips;0.37;United States;Central;Michigan;Port Huron;48060;17/03/15;19/03/15;-237.544;21;117.87;87043
25282;Medium;0.03;85.99;0.99;3003;Roy Rouse;Regular Air;Home Office;Technology;Telephones and Communication;Wrap Bag;Accessory34;0.55;United States;West;Idaho;Coeur D Alene;83814;5/03/15;6/03/15;1037.1045;20;1503.05;91586
7664;Low;0.08;6.48;6.81;3004;Maurice Everett;Regular Air;Corporate;Office Supplies;Paper;Small Box;Xerox 1930;0.36;United States;West;California;Los Angeles;90049;10/02/15;15/02/15;-94.59;58;382.33;54949
7665;Low;0.09;20.98;53.03;3004;Maurice Everett;Delivery Truck;Corporate;Office Supplies;Storage & Organization;Jumbo Drum;Tennsco Lockers, Gray;0.78;United States;West;California;Los Angeles;90049;10/02/15;17/02/15;-293.74;13;356.61;54949
25664;Low;0.08;6.48;6.81;3006;Thomas Spence;Regular Air;Corporate;Office Supplies;Paper;Small Box;Xerox 1930;0.36;United States;West;Idaho;Idaho Falls;83402;10/02/15;15/02/15;-49.1868;14;92.29;91388
25665;Low;0.09;20.98;53.03;3006;Thomas Spence;Delivery Truck;Corporate;Office Supplies;Storage & Organization;Jumbo Drum;Tennsco Lockers, Gray;0.78;United States;West;Idaho;Idaho Falls;83402;10/02/15;17/02/15;-152.7448;3;82.29;91388
23627;Critical;0.05;9.99;4.78;3008;Penny Rich;Regular Air;Home Office;Office Supplies;Paper;Small Box;Xerox 1896;0.4;United States;Central;Minnesota;Minnetonka Mills;55343;6/03/15;7/03/15;41.3;20;203.37;89414
22064;Critical;0.01;5.58;5.3;3017;Melvin Benton;Regular Air;Corporate;Office Supplies;Envelopes;Small Box;Staples Brown Kraft Recycled Clasp Envelopes;0.35;United States;West;California;Encinitas;92024;9/01/15;10/01/15;-7.25;1;11.16;89071
22065;Critical;0.03;3.98;0.7;3017;Melvin Benton;Regular Air;Corporate;Office Supplies;Pens & Art Supplies;Wrap Bag;4009® Highlighters by Sanford;0.52;United States;West;California;Encinitas;92024;9/01/15;10/01/15;31.2018;11;45.22;89071
18950;Low;0.01;4.98;4.75;3035;Tina Evans;Regular Air;Home Office;Office Supplies;Paper;Small Box;Hammermill CopyPlus Copy Paper (20Lb. and 84 Bright);0.36;United States;Central;Illinois;Lombard;60148;15/01/15;20/01/15;-75.9004;10;52.93;89128
18951;Low;0.04;6.35;1.02;3035;Tina Evans;Regular Air;Home Office;Office Supplies;Paper;Wrap Bag;"Telephone Message Books with Fax/Mobile Section, 5 1/2"" x 3 3/16""";0.39;United States;Central;Illinois;Lombard;60148;15/01/15;20/01/15;52.1709;12;75.61;89128
19849;Not Specified;0.02;12.99;14.37;3036;Edith Reynolds;Regular Air;Home Office;Furniture;Office Furnishings;Large Box;"Tensor ""Hersey Kiss"" Styled Floor Lamp";0.73;United States;Central;North Dakota;Mandan;58554;16/01/15;18/01/15;-159.86;5;67.64;89129
19850;Not Specified;0.05;35.44;7.5;3036;Edith Reynolds;Regular Air;Home Office;Office Supplies;Paper;Small Box;Xerox 1906;0.38;United States;Central;North Dakota;Mandan;58554;16/01/15;18/01/15;165.8898;7;240.42;89129
19851;Not Specified;0.02;12.98;3.14;3036;Edith Reynolds;Regular Air;Home Office;Office Supplies;Scissors, Rulers and Trimmers;Small Pack;"Acme® 8"" Straight Scissors";0.6;United States;Central;North Dakota;Mandan;58554;16/01/15;19/01/15;75.01;14;184.4;89129
22201;Critical;0.08;178.47;19.99;3036;Edith Reynolds;Regular Air;Home Office;Office Supplies;Storage & Organization;Small Box;Hot File® 7-Pocket, Floor Stand;0.55;United States;Central;North Dakota;Mandan;58554;13/03/15;16/03/15;2267.22;22;3802.01;89130
20049;Medium;0.07;14.48;6.46;3042;Tara Gold;Regular Air;Small Business;Office Supplies;Binders and Binder Accessories;Small Box;GBC White Gloss Covers, Plain Front;0.38;United States;Central;Kansas;Hutchinson;67501;4/02/15;5/02/15;67.864;12;171.33;86101
24415;High;0.05;120.98;30.0;3046;Andrew Pearce;Delivery Truck;Small Business;Furniture;Chairs & Chairmats;Jumbo Drum;Hon Every-Day® Chair Series Swivel Task Chairs;0.64;United States;Central;Kansas;Leawood;66209;12/02/15;14/02/15;-78.7592;2;251.06;86103
23188;High;0.06;276.2;24.49;3048;Tracy G Starr;Express Air;Corporate;Furniture;Chairs & Chairmats;Large Box;SAFCO Arco Folding Chair;;United States;West;California;Berkeley;94704;5/03/15;7/03/15;1167.38;10;2610.56;89789
25904;Medium;0.06;125.99;2.5;3053;Robin Tyler;Regular Air;Corporate;Technology;Telephones and Communication;Small Box;i2000;0.6;United States;South;Kentucky;Murray;42071;3/02/15;5/02/15;402.066;11;1173.76;86662
20516;Medium;0.07;8.33;1.99;3063;Ann Steele;Regular Air;Consumer;Technology;Computer Peripherals;Small Pack;80 Minute Slim Jewel Case CD-R , 10/Pack - Staples;0.52;United States;West;Washington;Kirkland;98034;26/02/15;28/02/15;11.95;6;50.28;88447
20517;Medium;0.03;499.99;24.49;3063;Ann Steele;Regular Air;Consumer;Technology;Copiers and Fax;Large Box;Sharp AL-1530CS Digital Copier;0.36;United States;West;Washington;Kirkland;98034;26/02/15;27/02/15;1773.6105;5;2570.45;88447
23811;Low;0.03;6.45;1.34;3064;Clarence Crowder;Regular Air;Consumer;Office Supplies;Paper;Wrap Bag;Wirebound Four 2-3/4 x 5 Forms per Page, 400 Sets per Book;0.36;United States;West;Washington;Lacey;98503;14/01/15;19/01/15;39.1299;9;56.71;88448
25239;Not Specified;0.06;355.98;58.92;3067;Carole Miller;Delivery Truck;Consumer;Furniture;Chairs & Chairmats;Jumbo Drum;Hon 4700 Series Mobuis™ Mid-Back Task Chairs with Adjustable Arms;0.64;United States;East;Ohio;Austintown;44515;2/03/15;3/03/15;1660.92;14;5086.08;91376
22213;Critical;0.09;1.82;0.83;3069;Tiffany Merrill;Regular Air;Consumer;Office Supplies;Pens & Art Supplies;Wrap Bag;Newell 307;0.57;United States;Central;Minnesota;Oakdale;55128;14/02/15;15/02/15;-6.734;22;36.82;88192
2063;Low;0.06;19.23;6.15;3075;Gordon Brandt;Regular Air;Corporate;Furniture;Office Furnishings;Small Pack;"Executive Impressions 13"" Clairmont Wall Clock";0.44;United States;West;California;Los Angeles;90061;28/02/15;28/02/15;-25.38;4;84.6;14756
19739;Medium;0.0;137.48;32.18;3076;Peter Hardy;Delivery Truck;Small Business;Furniture;Bookcases;Jumbo Box;O'Sullivan Cherrywood Estates Traditional Barrister Bookcase;0.78;United States;East;Ohio;Stow;44224;7/01/15;8/01/15;-203.27;2;296.75;88241
1739;Medium;0.0;137.48;32.18;3079;Andrew Levine;Delivery Truck;Small Business;Furniture;Bookcases;Jumbo Box;O'Sullivan Cherrywood Estates Traditional Barrister Bookcase;0.78;United States;East;Pennsylvania;Philadelphia;19112;7/01/15;8/01/15;-203.27;10;1483.76;12480
21085;Low;0.07;49.43;19.99;3089;Sandy Cannon;Regular Air;Corporate;Office Supplies;Appliances;Small Box;Eureka Hand Vacuum, Bagless;0.57;United States;Central;Kansas;Leawood;66209;24/01/15;29/01/15;-122.77;6;281.82;91219
20357;Critical;0.09;207.48;0.99;3095;Milton Lindsay;Regular Air;Consumer;Office Supplies;Appliances;Small Box;Kensington 7 Outlet MasterPiece Power Center with Fax/Phone Line Protection;0.55;United States;East;Ohio;Hamilton;45011;19/01/15;21/01/15;683.9556;5;991.24;86220
18930;Low;0.06;2.89;0.5;3098;Lorraine Boykin;Regular Air;Consumer;Office Supplies;Labels;Small Box;Avery 498;0.38;United States;East;New York;Shirley;11967;28/02/15;28/02/15;9.6117;5;13.93;89316
19805;Critical;0.07;35.99;5.0;3100;Gladys Holloway;Regular Air;Consumer;Technology;Telephones and Communication;Wrap Bag;Accessory17;0.82;United States;South;Florida;Oakland Park;33334;25/03/15;27/03/15;-299.8142;1;31.71;89988
18087;Critical;0.04;3.08;0.99;3105;Lawrence Hester;Regular Air;Home Office;Office Supplies;Labels;Small Box;Avery 481;0.37;United States;South;Kentucky;Murray;42071;20/03/15;21/03/15;13.8;19;60.01;86327
18088;Critical;0.02;6.48;5.9;3105;Lawrence Hester;Regular Air;Home Office;Office Supplies;Paper;Small Box;Xerox 1976;0.37;United States;South;Kentucky;Murray;42071;20/03/15;21/03/15;4.392;13;90.98;86327
18089;Critical;0.04;125.99;4.2;3105;Lawrence Hester;Regular Air;Home Office;Technology;Telephones and Communication;Small Box;V3682;0.59;United States;South;Kentucky;Murray;42071;20/03/15;22/03/15;-236.25;12;1270.7;86327
87;Critical;0.04;3.08;0.99;3106;Alexander O'Brien;Regular Air;Home Office;Office Supplies;Labels;Small Box;Avery 481;0.37;United States;Central;Texas;Houston;77041;20/03/15;21/03/15;36.02;75;236.87;548
88;Critical;0.02;6.48;5.9;3106;Alexander O'Brien;Regular Air;Home Office;Office Supplies;Paper;Small Box;Xerox 1976;0.37;United States;Central;Texas;Houston;77041;20/03/15;21/03/15;-50.64;53;370.91;548
89;Critical;0.04;125.99;4.2;3106;Alexander O'Brien;Regular Air;Home Office;Technology;Telephones and Communication;Small Box;V3682;0.59;United States;Central;Texas;Houston;77041;20/03/15;22/03/15;510.489;47;4976.92;548
23764;Low;0.02;7.1;6.05;3123;Jamie Manning;Regular Air;Home Office;Office Supplies;Binders and Binder Accessories;Small Box;"Wilson Jones Hanging View Binder, White, 1""";0.39;United States;Central;Illinois;Melrose Park;60160;7/01/15;9/01/15;-48.875;8;61.5;87287
25352;High;0.08;120.97;26.3;3125;Guy McDonald;Delivery Truck;Home Office;Technology;Office Machines;Jumbo Drum;Canon S750 Color Inkjet Printer;0.38;United States;Central;Illinois;Mount Prospect;60056;5/01/15;7/01/15;-233.840688;2;233.58;87285
22459;Medium;0.1;5.81;8.49;3133;Kristine Singleton;Regular Air;Corporate;Office Supplies;Binders and Binder Accessories;Small Box;Fellowes Black Plastic Comb Bindings;0.39;United States;Central;Illinois;Naperville;60540;16/01/15;17/01/15;-350.4395;12;64.96;86789
22460;Medium;0.03;1.81;0.75;3133;Kristine Singleton;Regular Air;Corporate;Office Supplies;Rubber Bands;Wrap Bag;Assorted Color Push Pins;0.52;United States;Central;Illinois;Naperville;60540;16/01/15;17/01/15;4.2028;10;19.14;86789
21719;Critical;0.08;5.4;7.78;3133;Kristine Singleton;Regular Air;Corporate;Office Supplies;Binders and Binder Accessories;Small Box;3M Organizer Strips;0.37;United States;Central;Illinois;Naperville;60540;4/03/15;4/03/15;-44.068;4;25.35;86792
21720;Critical;0.09;8.46;8.99;3133;Kristine Singleton;Express Air;Corporate;Technology;Computer Peripherals;Small Pack;Imation 3.5 IBM Diskettes, 10/Box;0.79;United States;Central;Illinois;Naperville;60540;4/03/15;7/03/15;-100.51;5;45.03;86792
21721;Critical;0.21;14.98;8.99;3133;Kristine Singleton;Regular Air;Corporate;Furniture;Office Furnishings;Small Pack;GE 4 Foot Flourescent Tube, 40 Watt;0.39;United States;Central;Illinois;Naperville;60540;4/03/15;5/03/15;-17.75;10;153.87;86792
21722;Critical;0.04;155.99;8.08;3133;Kristine Singleton;Regular Air;Corporate;Technology;Telephones and Communication;Small Box;300 Series Non-Flip;0.6;United States;Central;Illinois;Naperville;60540;4/03/15;5/03/15;1374.948;22;2800.33;86792
23898;Critical;0.03;150.89;60.2;3136;Lee Hancock;Delivery Truck;Consumer;Furniture;Chairs & Chairmats;Jumbo Drum;Global Leather & Oak Executive Chair, Burgundy;0.77;United States;East;Maine;Sanford;4073;22/02/15;22/02/15;-677.872;23;3596.03;86791
26039;Medium;0.02;15.42;5.41;3143;Neil Song;Regular Air;Consumer;Office Supplies;Storage & Organization;Small Box;Decoflex Hanging Personal Folder File;0.59;United States;Central;Texas;Pflugerville;78660;24/03/15;25/03/15;-16.37;2;33.84;86368
19193;Critical;0.03;3.36;6.27;3146;Maureen Stout;Regular Air;Corporate;Office Supplies;Binders and Binder Accessories;Small Box;Cardinal Poly Pocket Divider Pockets for Ring Binders;0.4;United States;Central;Texas;Pharr;78577;4/01/15;5/01/15;-94.2586;4;14.9;85850
19194;Critical;0.07;3.71;1.93;3146;Maureen Stout;Express Air;Corporate;Office Supplies;Paper;Wrap Bag;"""While you Were Out"" Message Book, One Form per Page";0.35;United States;Central;Texas;Pharr;78577;4/01/15;6/01/15;6.3308;11;39.64;85850
24200;Medium;0.06;19.99;11.17;3148;Leroy Field;Regular Air;Corporate;Furniture;Office Furnishings;Large Box;Telescoping Adjustable Floor Lamp;0.6;United States;West;Idaho;Post Falls;83854;14/01/15;14/01/15;-66.8236;7;139.49;89716
24202;Medium;0.06;320.98;58.95;3149;Harriet Moore;Delivery Truck;Corporate;Furniture;Chairs & Chairmats;Jumbo Drum;Hon 4070 Series Pagoda™ Round Back Stacking Chairs;0.57;United States;West;Idaho;Rexburg;83440;14/01/15;16/01/15;971.622;6;1952.43;89716
19618;Critical;0.01;3502.14;8.73;3151;Glenda Hunter;Delivery Truck;Corporate;Technology;Office Machines;Jumbo Box;Okidata Pacemark 4410N Wide Format Dot Matrix Printer;0.57;United States;West;California;Twentynine Palms;92277;4/02/15;5/02/15;-4075.933992;1;3501.79;88544
19619;Critical;0.06;15.73;7.42;3151;Glenda Hunter;Regular Air;Corporate;Office Supplies;Scissors, Rulers and Trimmers;Small Pack;Acme Galleria® Hot Forged Steel Scissors with Colored Handles;0.56;United States;West;California;Twentynine Palms;92277;4/02/15;5/02/15;-18.5588;4;63.04;88544
23322;Not Specified;0.05;25.99;5.37;3151;Glenda Hunter;Express Air;Corporate;Office Supplies;Pens & Art Supplies;Small Box;BOSTON® Ranger® #55 Pencil Sharpener, Black;0.56;United States;West;California;Twentynine Palms;92277;16/02/15;18/02/15;220.3572;18;451.35;88545
24723;Medium;0.04;17.24;3.26;3151;Glenda Hunter;Regular Air;Home Office;Office Supplies;Scissors, Rulers and Trimmers;Small Pack;"Fiskars 8"" Scissors, 2/Pack";0.56;United States;West;California;Twentynine Palms;92277;28/02/15;28/02/15;47.73;7;119.6;88546
24329;Medium;0.02;5.98;1.49;3151;Glenda Hunter;Regular Air;Corporate;Office Supplies;Binders and Binder Accessories;Small Box;Avery Hanging File Binders;0.39;United States;West;California;Twentynine Palms;92277;11/03/15;12/03/15;28.526;10;59.9;88547
21734;High;0.01;99.23;8.99;3151;Glenda Hunter;Regular Air;Corporate;Furniture;Office Furnishings;Small Pack;"GE 48"" Fluorescent Tube, Cool White Energy Saver, 34 Watts, 30/Box";0.35;United States;West;California;Twentynine Palms;92277;29/03/15;2/04/15;-87.46;1;99.22;88548
21436;High;0.08;150.98;13.99;3154;Faye Manning;Express Air;Corporate;Technology;Office Machines;Medium Box;Canon MP41DH Printing Calculator;0.38;United States;South;Florida;Saint Petersburg;33710;26/01/15;27/01/15;-3.948;8;1183.82;86899
18635;Critical;0.04;21.38;8.99;3154;Faye Manning;Regular Air;Corporate;Office Supplies;Pens & Art Supplies;Small Pack;Boston 1730 StandUp Electric Pencil Sharpener;0.59;United States;South;Florida;Saint Petersburg;33710;30/03/15;30/03/15;-51.66;21;443.66;86901
23392;Critical;0.02;60.22;3.5;3155;Julian Keith Mayer;Regular Air;Corporate;Office Supplies;Appliances;Small Box;Fellowes Smart Surge Ten-Outlet Protector, Platinum;0.57;United States;South;Florida;Sanford;32771;20/01/15;21/01/15;-193.914;9;541.76;86898
21437;High;0.03;25.98;14.36;3155;Julian Keith Mayer;Delivery Truck;Corporate;Furniture;Chairs & Chairmats;Jumbo Drum;Global Stack Chair without Arms, Black;0.6;United States;South;Florida;Sanford;32771;26/01/15;27/01/15;57.546;4;107.66;86899
21438;High;0.1;32.48;35.0;3155;Julian Keith Mayer;Regular Air;Corporate;Office Supplies;Storage & Organization;Large Box;Fellowes Neat Ideas® Storage Cubes;0.81;United States;South;Florida;Sanford;32771;26/01/15;27/01/15;-333.4254;10;318.83;86899
26055;Medium;0.1;7.28;5.47;3170;Lawrence Haas;Regular Air;Corporate;Office Supplies;Paper;Small Box;Southworth Structures Collection™;0.35;United States;South;Florida;Port Saint Lucie;34952;13/02/15;13/02/15;167.334;12;83.14;86489
24493;Not Specified;0.1;62.18;10.84;3177;Laurie Petty;Regular Air;Consumer;Furniture;Office Furnishings;Medium Box;Deflect-o Glass Clear Studded Chair Mats;0.63;United States;South;Florida;Jupiter;33458;14/03/15;16/03/15;-29.666;9;511.57;90818
22086;Critical;0.06;1.68;1.0;3177;Laurie Petty;Regular Air;Consumer;Office Supplies;Pens & Art Supplies;Wrap Bag;Prang Dustless Chalk Sticks;0.35;United States;South;Florida;Jupiter;33458;31/03/15;2/04/15;-1319.5;5;8.65;90819
24464;High;0.08;170.98;35.89;3187;Sidney Gilliam;Delivery Truck;Small Business;Furniture;Bookcases;Jumbo Box;"Rush Hierlooms Collection 1"" Thick Stackable Bookcases";0.66;United States;South;Florida;Riverview;33569;2/03/15;4/03/15;-119.812;1;199.48;89025
20127;Critical;0.01;20.99;4.81;3191;Jenny Hawkins;Regular Air;Corporate;Technology;Telephones and Communication;Medium Box;1726 Digital Answering Machine;0.58;United States;Central;Wisconsin;Stevens Point;54481;18/03/15;18/03/15;-9.108;5;93.81;86447
22846;Medium;0.1;4.98;7.54;3194;Angela Rose;Regular Air;Consumer;Office Supplies;Paper;Small Box;Xerox 1961;0.38;United States;South;Florida;Spring Hill;34609;10/03/15;11/03/15;45.078;9;43.84;89805
22847;Medium;0.0;22.84;8.18;3194;Angela Rose;Regular Air;Consumer;Office Supplies;Paper;Small Box;Xerox 1991;0.39;United States;South;Florida;Spring Hill;34609;10/03/15;12/03/15;-110.376;6;141.74;89805
3406;Not Specified;0.03;200.97;15.59;3196;Rick Foster Hawkins;Delivery Truck;Home Office;Technology;Office Machines;Jumbo Drum;Hewlett-Packard Deskjet 6122 Color Inkjet Printer;0.36;United States;West;California;San Francisco;94109;2/02/15;3/02/15;1951.3;43;8717.75;24294
21406;Not Specified;0.03;200.97;15.59;3197;Wallace Pugh;Delivery Truck;Home Office;Technology;Office Machines;Jumbo Drum;Hewlett-Packard Deskjet 6122 Color Inkjet Printer;0.36;United States;Central;Illinois;Northbrook;60062;2/02/15;3/02/15;1538.7828;11;2230.12;90850
18437;Low;0.07;5.98;0.96;3205;Alvin Mullins;Regular Air;Consumer;Office Supplies;Pens & Art Supplies;Wrap Bag;Newell 315;0.6;United States;West;Idaho;Rexburg;83440;30/03/15;3/04/15;32.83;10;56.4;87933
18438;Low;0.01;39.98;4.0;3206;Dana Rankin;Regular Air;Consumer;Technology;Computer Peripherals;Small Box;Microsoft Natural Keyboard Elite;0.7;United States;West;Idaho;Twin Falls;83301;30/03/15;4/04/15;51.59;6;257.52;87933
22804;High;0.1;7.31;0.49;3211;Jonathan Crabtree;Regular Air;Corporate;Office Supplies;Labels;Small Box;Self-Adhesive Address Labels for Typewriters by Universal;0.38;United States;Central;Illinois;Addison;60101;15/02/15;16/02/15;55.0206;12;79.74;91522
22805;High;0.1;20.99;2.5;3211;Jonathan Crabtree;Regular Air;Corporate;Technology;Telephones and Communication;Wrap Bag;Accessory37;0.81;United States;Central;Illinois;Addison;60101;15/02/15;16/02/15;-43.65504;23;392.45;91522
25605;High;0.04;39.48;1.99;3222;Diane Lu;Express Air;Corporate;Technology;Computer Peripherals;Small Pack;80 Minute CD-R Spindle, 100/Pack - Staples;0.54;United States;South;Florida;Tallahassee;32303;19/03/15;19/03/15;-1535.4864;8;332.16;90814
25606;High;0.0;8.12;2.83;3222;Diane Lu;Regular Air;Corporate;Technology;Computer Peripherals;Small Pack;Imation Neon Mac Format Diskettes, 10/Pack;0.77;United States;South;Florida;Tallahassee;32303;19/03/15;20/03/15;-159.32;17;147.62;90814
22291;Not Specified;0.1;208.16;68.02;3225;Robyn Crawford;Delivery Truck;Small Business;Office Supplies;Appliances;Jumbo Drum;"1.7 Cubic Foot Compact ""Cube"" Office Refrigerators";0.58;United States;South;Tennessee;Germantown;38138;14/01/15;14/01/15;-137.522;4;768.81;86507
22292;Not Specified;0.07;90.48;19.99;3226;Arthur Gold;Regular Air;Small Business;Office Supplies;Envelopes;Small Box;Tyvek® Side-Opening Peel & Seel® Expanding Envelopes;0.4;United States;South;Tennessee;Hendersonville;37075;14/01/15;15/01/15;-11.816;2;183.39;86507
22293;Not Specified;0.01;9.48;7.29;3226;Arthur Gold;Express Air;Small Business;Furniture;Office Furnishings;Small Pack;DAX Two-Tone Rosewood/Black Document Frame, Desktop, 5 x 7;0.45;United States;South;Tennessee;Hendersonville;37075;14/01/15;16/01/15;238.9338;1;12.9;86507
22294;Not Specified;0.02;4.28;0.94;3226;Arthur Gold;Regular Air;Small Business;Office Supplies;Pens & Art Supplies;Wrap Bag;Newell 336;0.56;United States;South;Tennessee;Hendersonville;37075;14/01/15;15/01/15;-105.126;4;17.89;86507
18940;Not Specified;0.01;24.95;2.99;3229;Sharon Kessler;Regular Air;Small Business;Office Supplies;Binders and Binder Accessories;Small Box;Large Capacity Hanging Post Binders;0.39;United States;Central;Wisconsin;Superior;54880;21/01/15;22/01/15;261.3858;15;378.82;87435
18941;Not Specified;0.0;15.98;8.99;3230;Monica Stuart;Regular Air;Small Business;Technology;Computer Peripherals;Small Pack;"Imation 3.5"" DS/HD IBM Formatted Diskettes, 50/Pack";0.64;United States;Central;Wisconsin;Waukesha;53186;21/01/15;23/01/15;-135.46;9;152.18;87435
23324;Critical;0.01;11.34;5.01;3252;Milton Harrell;Regular Air;Small Business;Office Supplies;Paper;Small Box;Xerox 188;0.36;United States;East;New York;Rotterdam;12306;30/03/15;1/04/15;-11.83;1;14.52;87296
21046;Critical;0.06;47.98;3.61;3255;Maureen Whitley;Regular Air;Home Office;Technology;Computer Peripherals;Small Pack;DS/HD IBM Formatted Diskettes, 200/Pack - Staples;0.71;United States;South;Florida;Tamarac;33319;18/02/15;20/02/15;596.808;2;97.96;90488
23010;Not Specified;0.02;55.94;6.55;3258;Gretchen Best Wilkins;Regular Air;Consumer;Technology;Computer Peripherals;Small Box;Fellowes Smart Design 104-Key Enhanced Keyboard, PS/2 Adapter, Platinum;0.68;United States;West;Washington;Lynnwood;98037;21/03/15;23/03/15;401.85;11;646.88;88824
21459;Critical;0.0;122.99;70.2;3266;Edgar Kumar;Delivery Truck;Corporate;Furniture;Chairs & Chairmats;Jumbo Drum;Global High-Back Leather Tilter, Burgundy;0.74;United States;East;Maine;Sanford;4073;28/01/15;29/01/15;-1764.29;14;1794.88;89836
21458;Critical;0.01;60.97;4.5;3269;Billie Stern;Express Air;Corporate;Office Supplies;Appliances;Small Box;Tripp Lite Isotel 6 Outlet Surge Protector with Fax/Modem Protection;0.56;United States;East;New Jersey;North Plainfield;7060;28/01/15;30/01/15;527.8776;12;765.04;89836
19047;Low;0.02;13.48;4.51;3275;Tamara Dickinson;Regular Air;Home Office;Office Supplies;Storage & Organization;Small Box;Tenex Personal Project File with Scoop Front Design, Black;0.59;United States;West;Washington;Mount Vernon;98273;21/03/15;23/03/15;34.52;9;127.12;86233
19232;Low;0.04;449.99;24.49;3275;Tamara Dickinson;Regular Air;Small Business;Technology;Copiers and Fax;Large Box;Canon PC940 Copier;0.52;United States;West;Washington;Mount Vernon;98273;1/01/15;5/01/15;3576.8841;12;5183.89;86234
19233;Low;0.01;5.84;1.2;3275;Tamara Dickinson;Regular Air;Small Business;Office Supplies;Pens & Art Supplies;Wrap Bag;Newell 312;0.55;United States;West;Washington;Mount Vernon;98273;1/01/15;10/01/15;20.38;6;36.09;86234
21620;Medium;0.01;45.99;4.99;3279;Ricky Allred;Regular Air;Home Office;Technology;Telephones and Communication;Small Box;KF 788;0.56;United States;South;South Carolina;Columbia;29203;14/03/15;16/03/15;24.018;3;125.19;90767
26141;High;0.05;19.23;6.15;3284;Michael Shaffer;Express Air;Corporate;Furniture;Office Furnishings;Small Pack;"Executive Impressions 13"" Clairmont Wall Clock";0.44;United States;South;Florida;Kissimmee;34741;20/02/15;22/02/15;-2133.278;6;119.78;90751
20350;Not Specified;0.06;1.7;1.99;3285;Ricky Garner;Regular Air;Consumer;Technology;Computer Peripherals;Small Pack;BASF Silver 74 Minute CD-R;0.51;United States;South;Virginia;Herndon;20170;6/01/15;7/01/15;80.0712;7;12.15;90750
20351;Not Specified;0.01;30.98;5.09;3285;Ricky Garner;Regular Air;Consumer;Office Supplies;Paper;Small Box;Xerox 19;0.4;United States;South;Virginia;Herndon;20170;6/01/15;8/01/15;896.406;9;288.42;90750
23198;Low;0.04;33.89;5.1;3303;Carole Creech;Regular Air;Home Office;Office Supplies;Storage & Organization;Small Box;File Shuttle II and Handi-File, Black;0.6;United States;South;Florida;Lake Worth;33461;7/01/15;12/01/15;68.676;6;200.64;87795
22732;Low;0.07;16.74;7.04;3307;Edwin Blackburn;Regular Air;Small Business;Office Supplies;Storage & Organization;Small Box;Rogers® Profile Extra Capacity Storage Tub;0.81;United States;East;Massachusetts;Agawam;1001;26/01/15;2/02/15;-114.2;5;80.58;90462
23451;Critical;0.1;6.64;54.95;3309;Edwin Chung;Regular Air;Small Business;Furniture;Office Furnishings;Small Pack;G.E. Longer-Life Indoor Recessed Floodlight Bulbs;0.37;United States;East;Massachusetts;Natick;1760;24/03/15;26/03/15;-25.0;4;25.31;90460
23452;Critical;0.05;90.48;19.99;3310;Tiffany Grossman Hardin;Regular Air;Small Business;Office Supplies;Envelopes;Small Box;Tyvek® Side-Opening Peel & Seel® Expanding Envelopes;0.4;United States;East;Massachusetts;Sandwich;2563;24/03/15;25/03/15;255.1482;4;369.78;90460
22734;Low;0.06;6.45;1.34;3311;Jackie Flynn;Regular Air;Small Business;Office Supplies;Paper;Wrap Bag;Wirebound Four 2-3/4 x 5 Forms per Page, 400 Sets per Book;0.36;United States;East;Massachusetts;Winchester;1890;26/01/15;31/01/15;39.4266;9;57.14;90462
22733;Low;0.05;122.99;70.2;3314;Billy Hale;Delivery Truck;Small Business;Furniture;Chairs & Chairmats;Jumbo Drum;Global High-Back Leather Tilter, Burgundy;0.74;United States;East;New Jersey;Fort Lee;7024;26/01/15;30/01/15;-722.23;4;498.31;90462
25330;Medium;0.05;6.48;8.19;3324;Leslie Jacobson;Regular Air;Consumer;Office Supplies;Paper;Small Box;Xerox 217;0.37;United States;West;Arizona;El Mirage;85335;12/02/15;15/02/15;-164.18;9;58.5;90985
18259;Not Specified;0.06;113.98;30.0;3327;Bob Gibson;Delivery Truck;Small Business;Furniture;Chairs & Chairmats;Jumbo Drum;Hon Comfortask® Task/Swivel Chairs;0.69;United States;Central;Michigan;Port Huron;48060;6/03/15;8/03/15;-127.3;3;356.14;87272
18260;Not Specified;0.05;6.48;6.86;3327;Bob Gibson;Regular Air;Small Business;Office Supplies;Paper;Small Box;Xerox 204;0.37;United States;Central;Michigan;Port Huron;48060;6/03/15;8/03/15;-52.77;4;27.08;87272
21588;Medium;0.09;5.98;4.69;3331;Elisabeth Shaw;Regular Air;Corporate;Office Supplies;Storage & Organization;Small Box;"Perma STOR-ALL™ Hanging File Box, 13 1/8""W x 12 1/4""D x 10 1/2""H";0.68;United States;South;Florida;Ormond Beach;32174;5/01/15;6/01/15;-781.1342;11;65.85;86283
23294;Not Specified;0.02;4.0;1.3;3331;Elisabeth Shaw;Regular Air;Corporate;Office Supplies;Paper;Wrap Bag;EcoTones® Memo Sheets;0.37;United States;South;Florida;Ormond Beach;32174;9/01/15;9/01/15;-23.296;12;50.71;86284
22857;Medium;0.08;125.99;4.2;3340;Phillip Blum;Regular Air;Consumer;Technology;Telephones and Communication;Small Box;i1000plus;0.57;United States;West;Oregon;Troutdale;97060;13/01/15;14/01/15;989.8119;14;1434.51;85980
2986;Critical;0.03;194.3;11.54;3342;Paul Tate;Regular Air;Home Office;Furniture;Office Furnishings;Large Box;Electrix Halogen Magnifier Lamp;0.59;United States;East;District of Columbia;Washington;20006;13/02/15;15/02/15;2861.01;42;8549.04;21572
20986;Critical;0.03;194.3;11.54;3344;Jim Hinson;Regular Air;Home Office;Furniture;Office Furnishings;Large Box;Electrix Halogen Magnifier Lamp;0.59;United States;Central;Michigan;Rochester Hills;48307;13/02/15;15/02/15;1544.9307;11;2239.03;89928
18947;Medium;0.07;7.68;6.16;3347;Carrie McIntosh;Express Air;Consumer;Office Supplies;Binders and Binder Accessories;Small Box;GBC VeloBinder Strips;0.35;United States;South;Florida;Royal Palm Beach;33411;6/01/15;8/01/15;125.9982;1;22.13;89355
18948;Medium;0.05;6.64;4.95;3347;Carrie McIntosh;Express Air;Consumer;Furniture;Office Furnishings;Small Pack;G.E. Longer-Life Indoor Recessed Floodlight Bulbs;0.37;United States;South;Florida;Royal Palm Beach;33411;6/01/15;8/01/15;-92.9292;5;34.17;89355
19461;Medium;0.02;110.99;2.5;3347;Carrie McIntosh;Regular Air;Consumer;Technology;Telephones and Communication;Small Box;T18;0.57;United States;South;Florida;Royal Palm Beach;33411;27/01/15;29/01/15;-39.809;1;94.3;89356
21485;Medium;0.01;73.98;12.14;3350;Amy York;Regular Air;Small Business;Technology;Computer Peripherals;Small Box;Keytronic 105-Key Spanish Keyboard;0.67;United States;West;Washington;Parkland;98444;23/01/15;25/01/15;-29.0656;5;384.22;91296
23248;Critical;0.1;10.89;4.5;3351;Nathan Wyatt;Regular Air;Small Business;Office Supplies;Appliances;Small Box;Belkin 6 Outlet Metallic Surge Strip;0.59;United States;West;Washington;Pasco;99301;4/02/15;6/02/15;-19.2972;17;178.68;91297
23474;High;0.06;6.7;1.56;3351;Nathan Wyatt;Express Air;Small Business;Office Supplies;Pens & Art Supplies;Wrap Bag;Turquoise Lead Holder with Pocket Clip;0.52;United States;West;Washington;Pasco;99301;7/02/15;9/02/15;40.6556;12;79.39;91298
19666;Not Specified;0.04;3.69;0.5;3354;Sara Faulkner;Regular Air;Corporate;Office Supplies;Labels;Small Box;Avery 487;0.38;United States;West;California;Calexico;92231;27/03/15;29/03/15;47.5272;19;68.88;88590
23906;Low;0.1;120.98;9.07;3355;Glenda Simon;Regular Air;Corporate;Office Supplies;Binders and Binder Accessories;Small Box;GBC VeloBinder Electric Binding Machine;0.35;United States;West;California;Camarillo;93010;28/02/15;9/03/15;379.3965;5;549.85;88587
23907;Low;0.08;8.32;2.38;3355;Glenda Simon;Express Air;Corporate;Technology;Computer Peripherals;Small Pack;Imation 3.5 IBM Formatted Diskettes, 10/Box;0.74;United States;West;California;Camarillo;93010;28/02/15;4/03/15;-41.83;6;48.99;88587
23908;Low;0.1;125.99;4.2;3355;Glenda Simon;Regular Air;Corporate;Technology;Telephones and Communication;Small Box;V3682;0.59;United States;West;California;Camarillo;93010;28/02/15;28/02/15;372.402;7;681.42;88587
23359;Not Specified;0.02;9.11;2.15;3360;Daniel Huff;Regular Air;Home Office;Office Supplies;Paper;Wrap Bag;"Black Print Carbonless Snap-Off® Rapid Letter, 8 1/2"" x 7""";0.4;United States;Central;Wisconsin;West Allis;53214;20/03/15;22/03/15;18.41;3;27.37;91435
23360;Not Specified;0.06;12.64;4.98;3361;Oscar Kenney;Regular Air;Home Office;Furniture;Office Furnishings;Small Pack;Nu-Dell Executive Frame;0.48;United States;Central;Wisconsin;West Bend;53095;20/03/15;22/03/15;65.63;8;98.16;91435
24802;Medium;0.04;7.96;4.95;3361;Oscar Kenney;Regular Air;Home Office;Furniture;Office Furnishings;Small Box;Staples Plastic Wall Frames;0.41;United States;Central;Wisconsin;West Bend;53095;26/01/15;26/01/15;-7.73;15;116.11;91436
26104;Medium;0.06;7.1;6.05;3369;Stacy Byrne;Regular Air;Home Office;Office Supplies;Binders and Binder Accessories;Small Box;"Wilson Jones Hanging View Binder, White, 1""";0.39;United States;East;Ohio;Westerville;43081;12/02/15;13/02/15;-42.1705;4;29.99;90500
22378;Critical;0.0;19.98;5.97;3379;Annette McIntyre;Express Air;Corporate;Office Supplies;Paper;Small Box;Xerox 1936;0.38;United States;South;Georgia;Kennesaw;30144;26/03/15;29/03/15;-189.714;12;249.07;88837
24161;Not Specified;0.05;11.97;5.81;3381;Christopher Norton Patterson;Regular Air;Corporate;Office Supplies;Pens & Art Supplies;Small Pack;Staples SlimLine Pencil Sharpener;0.6;United States;South;Georgia;Macon;31204;23/03/15;25/03/15;349.0593;2;25.31;88836
22341;Low;0.04;2.98;2.03;3385;Daniel Richmond;Express Air;Corporate;Office Supplies;Pens & Art Supplies;Wrap Bag;Premium Writing Pencils, Soft, #2 by Central Association for the Blind;0.57;United States;East;Ohio;Boardman;44512;16/01/15;16/01/15;-22.01;5;15.7;88745
22342;Low;0.01;125.99;8.99;3385;Daniel Richmond;Regular Air;Corporate;Technology;Telephones and Communication;Small Box;M70;0.59;United States;East;Ohio;Boardman;44512;16/01/15;21/01/15;426.46032;6;680.65;88745
19635;Critical;0.08;4.48;2.5;3393;Irene Murphy;Regular Air;Consumer;Office Supplies;Envelopes;Small Box;Ampad #10 Peel & Seel® Holiday Envelopes;0.37;United States;West;Washington;Pullman;99163;14/02/15;15/02/15;-3.2448;19;80.2;87909
19842;High;0.01;10.9;7.46;3397;Andrea Shaw;Regular Air;Small Business;Office Supplies;Storage & Organization;Small Box;Crate-A-Files™;0.59;United States;Central;Illinois;Danville;61832;11/03/15;12/03/15;-116.76;18;207.31;87536
19843;High;0.1;7.99;5.03;3397;Andrea Shaw;Regular Air;Small Business;Technology;Telephones and Communication;Medium Box;Bell Sonecor JB700 Caller ID;0.6;United States;Central;Illinois;Danville;61832;11/03/15;12/03/15;-160.952;22;143.12;87536
26208;Not Specified;0.08;11.97;5.81;3399;Marvin Reid;Regular Air;Small Business;Office Supplies;Pens & Art Supplies;Small Pack;Staples SlimLine Pencil Sharpener;0.6;United States;Central;Illinois;Des Plaines;60016;29/03/15;31/03/15;-41.87;5;59.98;87534
25914;High;0.1;105.98;13.99;3403;Tammy Buckley;Express Air;Consumer;Furniture;Office Furnishings;Medium Box;"Tenex 46"" x 60"" Computer Anti-Static Chairmat, Rectangular Shaped";0.65;United States;West;Wyoming;Cheyenne;82001;8/02/15;11/02/15;349.485;5;506.5;87530
