Row ID;Order Priority;Discount;Unit Price;Shipping Cost;Customer ID;Customer Name;Ship Mode;Customer Segment;Product Category;Product Sub-Category;Product Container;Product Name;Product Base Margin;Country;Region;State or Province;City;Postal Code;Order Date;Ship Date;Profit;Quantity ordered new;Sales;Order ID
20228;Not Specified;0.02;500.98;26.0;5;Ronnie Proctor;Delivery Truck;Home Office;Furniture;Chairs & Chairmats;Jumbo Drum;Global Troy™ Executive Leather Low-Back Tilter;0.6;United States;West;California;San Gabriel;91776;13/06/15;15/06/15;4390.3665;12;6362.85;90193
24844;Medium;0.09;78.69;19.99;14;Gwendolyn F Tyson;Regular Air;Small Business;Furniture;Office Furnishings;Small Box;Howard Miller 12-3/4 Diameter Accuwave DS ™ Wall Clock;0.43;United States;Central;Minnesota;Prior Lake;55372;12/05/15;14/05/15;803.4705;16;1164.45;86838
24846;Medium;0.08;3.28;2.31;14;Gwendolyn F Tyson;Regular Air;Small Business;Office Supplies;Pens & Art Supplies;Wrap Bag;Newell 321;0.56;United States;Central;Minnesota;Prior Lake;55372;12/05/15;13/05/15;-24.03;7;22.23;86838
24847;Medium;0.05;3.28;4.2;14;Gwendolyn F Tyson;Regular Air;Small Business;Office Supplies;Pens & Art Supplies;Wrap Bag;Newell 351;0.56;United States;Central;Minnesota;Prior Lake;55372;12/05/15;13/05/15;-37.03;4;13.99;86838
24848;Medium;0.05;3.58;1.63;14;Gwendolyn F Tyson;Regular Air;Small Business;Office Supplies;Rubber Bands;Wrap Bag;OIC Colored Binder Clips, Assorted Sizes;0.36;United States;Central;Minnesota;Prior Lake;55372;12/05/15;13/05/15;-0.71;4;14.26;86838
18181;Critical;0.0;4.42;4.99;15;Timothy Reese;Regular Air;Small Business;Office Supplies;Envelopes;Small Box;Grip Seal Envelopes;0.38;United States;East;New York;Smithtown;11787;8/04/15;9/04/15;-59.82;7;33.47;86837
20925;Medium;0.01;35.94;6.66;15;Timothy Reese;Regular Air;Small Business;Office Supplies;Envelopes;Small Box;Tyvek ® Top-Opening Peel & Seel ® Envelopes, Gray;0.4;United States;East;New York;Smithtown;11787;28/05/15;28/05/15;261.8757;10;379.53;86839
23890;High;0.05;26.48;6.93;18;Laurie Hanna;Regular Air;Small Business;Furniture;Office Furnishings;Small Box;DAX Natural Wood-Tone Poster Frame;0.49;United States;West;Montana;Helena;59601;15/05/15;16/05/15;314.4813;17;455.77;90031
24063;Not Specified;0.07;12.99;9.44;19;Jim Rodgers;Regular Air;Small Business;Technology;Office Machines;Medium Box;Hewlett Packard 6S Scientific Calculator;0.39;United States;West;Montana;Missoula;59801;21/05/15;23/05/15;-114.6399;18;231.79;90032
5890;High;0.05;26.48;6.93;21;Tony Wilkins Winters;Regular Air;Small Business;Furniture;Office Furnishings;Small Box;DAX Natural Wood-Tone Poster Frame;0.49;United States;East;New York;New York City;10012;15/05/15;16/05/15;384.38;70;1876.69;41793
6062;Not Specified;0.08;5.0;3.39;21;Tony Wilkins Winters;Regular Air;Small Business;Office Supplies;Rubber Bands;Wrap Bag;Advantus Plastic Paper Clips;0.37;United States;East;New York;New York City;10012;21/05/15;22/05/15;-17.49;58;293.06;42949
6063;Not Specified;0.07;12.99;9.44;21;Tony Wilkins Winters;Regular Air;Small Business;Technology;Office Machines;Medium Box;Hewlett Packard 6S Scientific Calculator;0.39;United States;East;New York;New York City;10012;21/05/15;23/05/15;-114.6399;71;914.29;42949
23967;Not Specified;0.04;4.14;6.6;27;Guy Gallagher;Regular Air;Corporate;Furniture;Office Furnishings;Small Box;Eldon Image Series Black Desk Accessories;0.49;United States;West;California;Lakewood;90712;2/05/15;4/05/15;8.894;12;54.78;87652
23654;Not Specified;0.03;4.24;5.41;33;Ricky Hensley;Regular Air;Corporate;Office Supplies;Binders and Binder Accessories;Small Box;Storex DuraTech Recycled Plastic Frosted Binders;0.35;United States;West;Oregon;Gresham;97030;15/06/15;17/06/15;-84.4376;13;58.68;89201
23655;Not Specified;0.04;2.94;0.7;33;Ricky Hensley;Regular Air;Corporate;Office Supplies;Pens & Art Supplies;Wrap Bag;Newell 338;0.58;United States;West;Oregon;Gresham;97030;15/06/15;16/06/15;24.312;18;53.1;89201
25933;High;0.0;99.99;19.99;43;Theodore Moran;Regular Air;Consumer;Technology;Office Machines;Small Box;AT&T 2230 Dual Handset Phone With Caller ID/Call Waiting;0.52;United States;West;Washington;Redmond;98052;10/05/15;11/05/15;25.91382;6;647.07;91454
20697;Medium;0.06;3.8;1.49;56;Randall Montgomery;Regular Air;Consumer;Office Supplies;Binders and Binder Accessories;Small Box;Durable Pressboard Binders;0.38;United States;East;New York;Tonawanda;14150;20/04/15;21/04/15;19.6282;20;73.55;88075
20698;Medium;0.06;1.76;0.7;56;Randall Montgomery;Regular Air;Consumer;Office Supplies;Pens & Art Supplies;Wrap Bag;Newell 310;0.56;United States;East;New York;Tonawanda;14150;20/04/15;21/04/15;-1.6524;17;29.57;88075
22890;High;0.02;5.98;5.15;62;Pam Gilbert;Regular Air;Corporate;Office Supplies;Paper;Small Box;Xerox 193;0.36;United States;Central;Texas;Round Rock;78664;9/05/15;11/05/15;2.14;3;22.85;87407
25354;High;0.04;29.14;4.86;62;Pam Gilbert;Regular Air;Corporate;Office Supplies;Paper;Wrap Bag;Snap-A-Way® Black Print Carbonless Speed Message, No Reply Area, Duplicate;0.38;United States;Central;Texas;Round Rock;78664;12/06/15;14/06/15;349.4091;17;506.39;87408
24663;Low;0.05;161.55;19.99;87;Norman Shields;Regular Air;Corporate;Office Supplies;Storage & Organization;Small Box;Fellowes Super Stor/Drawer® Files;0.66;United States;West;California;Vacaville;95687;3/06/15;8/06/15;1892.424;19;3127.69;90596
23071;High;0.07;19.84;4.1;91;Wallace Werner;Regular Air;Home Office;Office Supplies;Pens & Art Supplies;Wrap Bag;Prismacolor Color Pencil Set;0.44;United States;West;California;Vallejo;94591;17/05/15;18/05/15;117.852;9;170.8;87175
23069;High;0.07;8.34;1.43;92;Victoria Baker Hoover;Regular Air;Home Office;Office Supplies;Paper;Wrap Bag;"REDIFORM Incoming/Outgoing Call Register, 11"" X 8 1/2"", 100 Messages";0.35;United States;South;Louisiana;Terrytown;70056;17/05/15;19/05/15;-190.68;16;132.08;87175
23070;High;0.09;4.98;6.07;92;Victoria Baker Hoover;Regular Air;Home Office;Office Supplies;Paper;Small Box;Xerox 1897;0.36;United States;South;Louisiana;Terrytown;70056;17/05/15;18/05/15;325.398;9;45.34;87175
23203;Medium;0.04;12.98;3.14;92;Victoria Baker Hoover;Express Air;Corporate;Office Supplies;Scissors, Rulers and Trimmers;Small Pack;"Acme® 8"" Straight Scissors";0.6;United States;South;Louisiana;Terrytown;70056;7/06/15;9/06/15;22.818;16;216.04;87178
6243;Not Specified;0.04;160.98;30.0;94;Eddie House Mueller;Delivery Truck;Home Office;Furniture;Chairs & Chairmats;Jumbo Drum;Office Star - Mid Back Dual function Ergonomic High Back Chair with 2-Way Adjustable Arms;0.62;United States;Central;Illinois;Chicago;60601;3/05/15;5/05/15;116.1;37;6276.34;44231
6244;Not Specified;0.01;17.98;4.0;94;Eddie House Mueller;Regular Air;Home Office;Technology;Computer Peripherals;Small Box;Belkin 107-key enhanced keyboard, USB/PS/2 interface;0.79;United States;Central;Illinois;Chicago;60601;3/05/15;5/05/15;-87.96;146;2664.4;44231
24243;Not Specified;0.04;160.98;30.0;97;Max McKenna;Delivery Truck;Home Office;Furniture;Chairs & Chairmats;Jumbo Drum;Office Star - Mid Back Dual function Ergonomic High Back Chair with 2-Way Adjustable Arms;0.62;United States;Central;Kansas;Manhattan;66502;3/05/15;5/05/15;255.42;9;1526.68;87306
24245;Not Specified;0.06;115.99;8.99;97;Max McKenna;Regular Air;Home Office;Technology;Telephones and Communication;Small Box;5185;0.58;United States;Central;Kansas;Manhattan;66502;3/05/15;4/05/15;685.6146;20;1952.56;87306
18494;Medium;0.1;19.98;4.0;101;Claudia Boyle;Regular Air;Consumer;Technology;Computer Peripherals;Small Box;Belkin 105-Key Black Keyboard;0.68;United States;East;Maine;Biddeford;4005;22/06/15;24/06/15;-16.2;16;303.59;88205
6014;Medium;0.04;300.98;54.92;102;Caroline Johnston;Delivery Truck;Consumer;Furniture;Bookcases;Jumbo Box;Atlantic Metals Mobile 5-Shelf Bookcases, Custom Colors;0.55;United States;East;Massachusetts;Boston;2129;6/04/15;7/04/15;2023.75;31;9459.94;42599
494;Medium;0.1;19.98;4.0;102;Caroline Johnston;Regular Air;Consumer;Technology;Computer Peripherals;Small Box;Belkin 105-Key Black Keyboard;0.68;United States;East;Massachusetts;Boston;2129;22/06/15;24/06/15;-20.25;65;1233.32;3397
495;Medium;0.09;2.88;1.49;102;Caroline Johnston;Regular Air;Consumer;Office Supplies;Binders and Binder Accessories;Small Box;Avery Durable Binders;0.36;United States;East;Massachusetts;Boston;2129;22/06/15;23/06/15;-3.381;17;47.31;3397
24014;Medium;0.04;300.98;54.92;107;Lois Hamilton;Delivery Truck;Consumer;Furniture;Bookcases;Jumbo Box;Atlantic Metals Mobile 5-Shelf Bookcases, Custom Colors;0.55;United States;East;New Hampshire;Dover;3820;6/04/15;7/04/15;1684.4763;8;2441.27;88204
18495;Medium;0.09;2.88;1.49;109;Tom McFarland;Regular Air;Consumer;Office Supplies;Binders and Binder Accessories;Small Box;Avery Durable Binders;0.36;United States;East;New Jersey;Lodi;7644;22/06/15;23/06/15;-2.7048;4;11.13;88205
19950;Medium;0.01;4.91;0.5;114;Ron Newton;Regular Air;Home Office;Office Supplies;Labels;Small Box;Avery 493;0.36;United States;West;Oregon;Lake Oswego;97035;4/04/15;6/04/15;40.2477;12;58.33;89584
19951;Medium;0.09;4.0;1.3;114;Ron Newton;Express Air;Home Office;Office Supplies;Paper;Wrap Bag;EcoTones® Memo Sheets;0.37;United States;West;Oregon;Lake Oswego;97035;4/04/15;6/04/15;14.0898;5;20.42;89584
26241;Low;0.07;2.12;1.99;115;Dwight M Carr;Regular Air;Home Office;Technology;Computer Peripherals;Small Pack;Fuji Slim Jewel Case CD-R;0.55;United States;West;Oregon;Mcminnville;97128;9/04/15;11/04/15;-55.84;12;26.07;89585
1950;Medium;0.01;4.91;0.5;117;Linda Weiss;Regular Air;Home Office;Office Supplies;Labels;Small Box;Avery 493;0.36;United States;West;Washington;Seattle;98103;4/04/15;6/04/15;112.06;47;228.46;13959
1951;Medium;0.09;4.0;1.3;117;Linda Weiss;Express Air;Home Office;Office Supplies;Paper;Wrap Bag;EcoTones® Memo Sheets;0.37;United States;West;Washington;Seattle;98103;4/04/15;6/04/15;16.79;19;77.61;13959
8241;Low;0.07;2.12;1.99;117;Linda Weiss;Regular Air;Home Office;Technology;Computer Peripherals;Small Pack;Fuji Slim Jewel Case CD-R;0.55;United States;West;Washington;Seattle;98103;9/04/15;11/04/15;-55.84;46;99.94;58914
19942;Critical;0.06;8.57;6.14;123;Shawn Stern;Regular Air;Home Office;Office Supplies;Scissors, Rulers and Trimmers;Small Pack;Acme® Office Executive Series Stainless Steel Trimmers;0.59;United States;South;Virginia;Tysons Corner;22102;9/04/15;10/04/15;105.678;11;94.97;90669
18161;Not Specified;0.07;15.74;1.39;129;Kara Allison;Regular Air;Small Business;Office Supplies;Envelopes;Small Box;"#10-4 1/8"" x 9 1/2"" Premium Diagonal Seam Envelopes";0.4;United States;Central;Illinois;Alton;62002;25/05/15;26/05/15;149.8887;14;217.23;86694
25762;Critical;0.04;18.97;9.54;136;Dale Gillespie;Regular Air;Small Business;Office Supplies;Paper;Small Box;Xerox 1939;0.37;United States;West;California;Petaluma;94952;16/05/15;17/05/15;3.04;5;101.74;88534
25764;Critical;0.09;10.98;3.37;136;Dale Gillespie;Regular Air;Small Business;Office Supplies;Scissors, Rulers and Trimmers;Small Pack;Fiskars® Softgrip Scissors;0.57;United States;West;California;Petaluma;94952;16/05/15;17/05/15;2.706;8;84.52;88534
24803;Critical;0.03;22.84;11.54;142;Brooke Weeks Taylor;Regular Air;Small Business;Office Supplies;Paper;Small Box;Xerox 1964;0.39;United States;East;Connecticut;Ansonia;6401;2/06/15;3/06/15;91.956;13;312.59;91087
24805;Critical;0.05;10.98;3.37;144;Marguerite Moss;Regular Air;Small Business;Office Supplies;Scissors, Rulers and Trimmers;Small Pack;Fiskars® Softgrip Scissors;0.57;United States;East;Massachusetts;Yarmouth;2664;2/06/15;3/06/15;-2.544;6;64.4;91087
22907;Medium;0.06;180.98;26.2;146;Yvonne Fox;Delivery Truck;Corporate;Furniture;Chairs & Chairmats;Jumbo Drum;Global Ergonomic Managers Chair;0.59;United States;Central;Texas;Watauga;76148;23/04/15;24/04/15;251.4084;5;929.57;91090
20679;High;0.09;5.98;2.5;151;Geoffrey Zhu;Regular Air;Home Office;Office Supplies;Envelopes;Small Box;Wausau Papers Astrobrights® Colored Envelopes;0.36;United States;South;Tennessee;Kingsport;37664;20/04/15;22/04/15;13.896;5;28.11;89523
22243;Low;0.01;79.52;48.2;152;Kent Kerr;Regular Air;Home Office;Furniture;Office Furnishings;Medium Box;Eldon Cleatmat Plus™ Chair Mats for High Pile Carpets;0.74;United States;South;Tennessee;Knoxville;37918;19/04/15;26/04/15;-40.684;8;667.84;89522
22470;Low;0.1;39.98;4.0;152;Kent Kerr;Regular Air;Small Business;Technology;Computer Peripherals;Small Box;Microsoft Natural Keyboard Elite;0.7;United States;South;Tennessee;Knoxville;37918;18/06/15;22/06/15;360.24;21;772.56;89525
22329;Critical;0.01;95.99;4.9;156;Diana Xu;Regular Air;Corporate;Technology;Telephones and Communication;Small Box;T60;0.56;United States;West;Colorado;Fort Collins;80525;14/05/15;15/05/15;713.88;13;1050.08;87671
19314;Critical;0.05;1.88;1.49;171;Christina Matthews;Regular Air;Corporate;Office Supplies;Binders and Binder Accessories;Small Box;Staples® General Use 3-Ring Binders;0.37;United States;East;New Jersey;Fort Lee;7024;13/04/15;15/04/15;-2.9095;1;3.42;87464
522;High;0.07;1.68;1.57;181;Wesley Waller;Regular Air;Corporate;Office Supplies;Pens & Art Supplies;Wrap Bag;Newell 323;0.59;United States;West;California;San Francisco;94122;22/05/15;23/05/15;-35.75;116;186.59;3585
18521;High;0.07;10.06;2.06;188;Alex Harrell;Regular Air;Corporate;Office Supplies;Paper;Wrap Bag;Riverleaf Stik-Withit® Designer Note Cubes®;0.39;United States;Central;Texas;Gainesville;76240;22/05/15;22/05/15;152.6556;23;221.24;88361
18522;High;0.07;1.68;1.57;188;Alex Harrell;Regular Air;Corporate;Office Supplies;Pens & Art Supplies;Wrap Bag;Newell 323;0.59;United States;Central;Texas;Gainesville;76240;22/05/15;23/05/15;7.15;29;46.65;88361
20520;Not Specified;0.05;3.8;1.49;191;Gerald Kearney;Regular Air;Corporate;Office Supplies;Binders and Binder Accessories;Small Box;Durable Pressboard Binders;0.38;United States;Central;Illinois;Aurora;60505;9/04/15;11/04/15;14.467;14;53.26;89093
20521;Not Specified;0.09;30.73;4.0;191;Gerald Kearney;Regular Air;Corporate;Technology;Computer Peripherals;Small Box;Fellowes 17-key keypad for PS/2 interface;0.75;United States;Central;Illinois;Aurora;60505;9/04/15;9/04/15;-99.9864;7;203.49;89093
20522;Not Specified;0.0;125.99;8.08;191;Gerald Kearney;Regular Air;Corporate;Technology;Telephones and Communication;Small Box;StarTAC ST7762;0.57;United States;Central;Illinois;Aurora;60505;9/04/15;10/04/15;1348.59672;22;2356.01;89093
25158;Critical;0.0;161.55;19.99;197;Samantha Weaver;Regular Air;Small Business;Office Supplies;Storage & Organization;Small Box;Fellowes Super Stor/Drawer® Files;0.66;United States;Central;Kansas;Overland Park;66212;2/04/15;4/04/15;1167.158;19;3108.98;88921
7158;Critical;0.0;161.55;19.99;198;Leroy Blanchard;Regular Air;Small Business;Office Supplies;Storage & Organization;Small Box;Fellowes Super Stor/Drawer® Files;0.66;United States;Central;Michigan;Detroit;48138;2/04/15;4/04/15;1014.92;77;12599.55;51072
22136;Not Specified;0.09;12.28;4.86;202;Max Small;Regular Air;Corporate;Office Supplies;Paper;Small Box;Xerox 1933;0.38;United States;Central;Oklahoma;Bartlesville;74006;27/04/15;28/04/15;1.73;3;34.65;88971
23097;Medium;0.09;5.4;7.78;210;Floyd Dale;Express Air;Home Office;Office Supplies;Binders and Binder Accessories;Small Box;3M Organizer Strips;0.37;United States;East;New York;Troy;12180;2/06/15;2/06/15;-21.48775;4;27.3;85966
23098;Medium;0.02;20.28;6.68;210;Floyd Dale;Regular Air;Home Office;Furniture;Office Furnishings;Small Box;"Seth Thomas 8 1/2"" Cubicle Clock";0.53;United States;East;New York;Troy;12180;2/06/15;2/06/15;44.6775;3;64.75;85966
23099;Medium;0.0;11.55;2.36;210;Floyd Dale;Regular Air;Home Office;Office Supplies;Pens & Art Supplies;Wrap Bag;Newell 309;0.55;United States;East;New York;Troy;12180;2/06/15;3/06/15;23.595;5;62.98;85966
23100;Medium;0.05;2.08;2.56;211;Anna Wood;Regular Air;Home Office;Office Supplies;Scissors, Rulers and Trimmers;Small Pack;Kleencut® Forged Office Shears by Acme United Corporation;0.55;United States;East;New York;Utica;13501;2/06/15;3/06/15;-36.25;20;42.29;85966
26303;Medium;0.05;119.99;56.14;218;Frances Saunders;Delivery Truck;Consumer;Technology;Office Machines;Jumbo Box;Hewlett-Packard 2600DN Business Color Inkjet Printer;0.39;United States;West;Utah;Murray;84107;9/06/15;11/06/15;-102.5121;6;730.37;88048
21203;Medium;0.03;60.89;32.41;228;Colleen Andrews;Delivery Truck;Small Business;Furniture;Chairs & Chairmats;Jumbo Drum;Global Push Button Manager's Chair, Indigo;0.56;United States;South;North Carolina;Mint Hill;28227;2/04/15;3/04/15;36.354;7;450.49;88527
22044;Low;0.06;3.34;7.49;234;Don Cameron;Express Air;Small Business;Office Supplies;Pens & Art Supplies;Wrap Bag;Eldon Spacemaker® Box, Quick-Snap Lid, Clear;0.54;United States;Central;Iowa;Newton;50208;28/04/15;30/04/15;-175.86;8;27.45;90239
24327;Medium;0.1;19.98;5.77;240;Gilbert Scarborough;Express Air;Small Business;Office Supplies;Paper;Small Box;Xerox Blank Computer Paper;0.38;United States;West;Colorado;Fountain;80817;20/04/15;20/04/15;35.09;3;57.41;90479
24328;Medium;0.06;259.71;66.67;241;Amy Ellis Holder;Delivery Truck;Small Business;Furniture;Tables;Jumbo Box;"Bevis Round Bullnose 29"" High Table Top";0.61;United States;West;Colorado;Grand Junction;81503;20/04/15;21/04/15;785.63;11;2809.87;90479
25264;Low;0.01;5.94;9.92;241;Amy Ellis Holder;Regular Air;Small Business;Office Supplies;Binders and Binder Accessories;Small Box;Storex Dura Pro™ Binders;0.38;United States;West;Colorado;Grand Junction;81503;26/05/15;2/06/15;-256.519;13;79.93;90480
25265;Low;0.02;125.99;3.0;241;Amy Ellis Holder;Regular Air;Small Business;Technology;Telephones and Communication;Small Box;270c;0.59;United States;West;Colorado;Grand Junction;81503;26/05/15;26/05/15;398.358;8;873.18;90480
18773;Critical;0.02;2.58;1.3;250;Brenda Nelson Blanchard;Express Air;Corporate;Office Supplies;Pens & Art Supplies;Wrap Bag;DIXON Oriole® Pencils;0.59;United States;Central;Minnesota;Richfield;55423;28/05/15;29/05/15;1.108;39;109.74;87214
18774;Critical;0.02;65.99;3.9;250;Brenda Nelson Blanchard;Regular Air;Corporate;Technology;Telephones and Communication;Small Box;StarTAC Series;0.55;United States;Central;Minnesota;Richfield;55423;28/05/15;29/05/15;1061.379;27;1543.55;87214
18801;Medium;0.1;280.98;35.67;254;Brett Hawkins;Delivery Truck;Home Office;Furniture;Tables;Jumbo Box;Global Adaptabilities™ Conference Tables;0.66;United States;West;Colorado;Highlands Ranch;80126;10/06/15;11/06/15;-53.745;5;1332.82;86268
20858;Not Specified;0.0;73.98;12.14;266;Ross Frederick;Express Air;Corporate;Technology;Computer Peripherals;Small Box;Keytronic 105-Key Spanish Keyboard;0.67;United States;Central;Texas;San Antonio;78207;18/05/15;20/05/15;326.25;17;1300.81;90593
19823;Medium;0.08;6.48;7.03;266;Ross Frederick;Regular Air;Corporate;Office Supplies;Paper;Small Box;Xerox 214;0.37;United States;Central;Texas;San Antonio;78207;15/05/15;16/05/15;8.932;10;67.86;90594
19824;Medium;0.01;20.34;35.0;266;Ross Frederick;Regular Air;Corporate;Office Supplies;Storage & Organization;Large Box;Tennsco Commercial Shelving;0.84;United States;Central;Texas;San Antonio;78207;15/05/15;16/05/15;229.638;33;747.28;90594
18770;Low;0.02;5.58;5.3;268;James Beck;Regular Air;Home Office;Office Supplies;Envelopes;Small Box;Staples Brown Kraft Recycled Clasp Envelopes;0.35;United States;West;Arizona;Flagstaff;86001;7/04/15;12/04/15;-22.48;3;18.67;88941
18771;Low;0.03;40.89;18.98;268;James Beck;Regular Air;Home Office;Furniture;Office Furnishings;Small Box;Eldon Executive Woodline II Cherry Finish Desk Accessories;0.57;United States;West;Arizona;Flagstaff;86001;7/04/15;14/04/15;78.98;5;210.77;88941
23059;Low;0.09;35.94;6.66;269;Calvin Boyette;Regular Air;Home Office;Office Supplies;Envelopes;Small Box;Tyvek ® Top-Opening Peel & Seel ® Envelopes, Gray;0.4;United States;West;Arizona;Gilbert;85234;5/06/15;10/06/15;144.2928;6;209.12;88942
23060;Low;0.0;170.98;13.99;269;Calvin Boyette;Regular Air;Home Office;Furniture;Office Furnishings;Medium Box;Tenex Antistatic Computer Chair Mats;0.75;United States;West;Arizona;Gilbert;85234;5/06/15;12/06/15;888.1473;7;1287.17;88942
23061;Low;0.09;4.98;7.44;269;Calvin Boyette;Regular Air;Home Office;Office Supplies;Paper;Small Box;Xerox 1922;0.36;United States;West;Arizona;Gilbert;85234;5/06/15;7/06/15;-46.005;9;46.17;88942
770;Low;0.02;5.58;5.3;272;Eleanor Swain;Regular Air;Home Office;Office Supplies;Envelopes;Small Box;Staples Brown Kraft Recycled Clasp Envelopes;0.35;United States;South;North Carolina;Charlotte;28204;7/04/15;12/04/15;-29.8984;11;68.46;5509
771;Low;0.03;40.89;18.98;272;Eleanor Swain;Regular Air;Home Office;Furniture;Office Furnishings;Small Box;Eldon Executive Woodline II Cherry Finish Desk Accessories;0.57;United States;South;North Carolina;Charlotte;28204;7/04/15;14/04/15;52.9166;21;885.23;5509
5059;Low;0.09;35.94;6.66;272;Eleanor Swain;Regular Air;Home Office;Office Supplies;Envelopes;Small Box;Tyvek ® Top-Opening Peel & Seel ® Envelopes, Gray;0.4;United States;South;North Carolina;Charlotte;28204;5/06/15;10/06/15;72.1858;24;836.47;36069
5061;Low;0.09;4.98;7.44;272;Eleanor Swain;Regular Air;Home Office;Office Supplies;Paper;Small Box;Xerox 1922;0.36;United States;South;North Carolina;Charlotte;28204;5/06/15;7/06/15;-122.3733;37;189.83;36069
23504;Critical;0.04;1.98;0.7;276;Lucille Rankin;Express Air;Corporate;Office Supplies;Rubber Bands;Wrap Bag;Brites Rubber Bands, 1 1/2 oz. Box;0.83;United States;East;Connecticut;Newington;6111;21/05/15;22/05/15;-1.0;3;8.3;89291
23503;Critical;0.03;55.99;5.0;282;Vickie Andrews;Regular Air;Corporate;Technology;Telephones and Communication;Small Pack;Accessory36;0.83;United States;East;New Jersey;Belleville;7109;21/05/15;22/05/15;-221.254;9;416.95;89291
24512;High;0.1;1.68;1.57;283;Pauline Boyette;Regular Air;Corporate;Office Supplies;Pens & Art Supplies;Wrap Bag;Newell 323;0.59;United States;East;New Jersey;Newark;7101;17/06/15;18/06/15;-11.57;11;18.71;89293
19168;Low;0.0;4.13;5.34;286;Virginia Gay;Regular Air;Small Business;Office Supplies;Binders and Binder Accessories;Small Box;ACCOHIDE® Binder by Acco;0.38;United States;Central;Kansas;Shawnee;66203;17/06/15;21/06/15;-61.87;9;40.95;89761
19169;Low;0.1;130.98;54.74;286;Virginia Gay;Delivery Truck;Small Business;Furniture;Bookcases;Jumbo Box;O'Sullivan Elevations Bookcase, Cherry Finish;0.69;United States;Central;Kansas;Shawnee;66203;17/06/15;21/06/15;-530.24;9;1155.73;89761
18032;Not Specified;0.09;7.38;5.21;317;Katherine Kearney;Regular Air;Corporate;Furniture;Office Furnishings;Small Box;Eldon® Expressions™ Wood Desk Accessories, Oak;0.56;United States;West;California;Lemon Grove;91945;17/06/15;18/06/15;-27.16;9;66.55;86041
18033;Not Specified;0.04;5.98;5.15;317;Katherine Kearney;Regular Air;Corporate;Office Supplies;Paper;Small Box;Xerox 193;0.36;United States;West;California;Lemon Grove;91945;17/06/15;18/06/15;-52.344;17;103.49;86041
18034;Not Specified;0.04;15.42;10.68;317;Katherine Kearney;Regular Air;Corporate;Office Supplies;Storage & Organization;Small Box;Decoflex Hanging Personal Folder File, Blue;0.58;United States;West;California;Lemon Grove;91945;17/06/15;18/06/15;-119.936;12;192.18;86041
20641;Low;0.04;8.33;1.99;321;Arthur Lowe Nash;Regular Air;Consumer;Technology;Computer Peripherals;Small Pack;80 Minute Slim Jewel Case CD-R , 10/Pack - Staples;0.52;United States;East;Maryland;Potomac;20854;4/04/15;9/04/15;9.9268;11;89.76;91057
25111;Not Specified;0.06;7.99;5.03;326;Brenda May;Regular Air;Consumer;Technology;Telephones and Communication;Medium Box;Bell Sonecor JB700 Caller ID;0.6;United States;Central;Illinois;Batavia;60510;9/06/15;10/06/15;-29.172;4;28.46;90973
19159;Medium;0.06;296.18;54.12;329;Faye Dyer;Delivery Truck;Home Office;Furniture;Tables;Jumbo Box;Hon 94000 Series Round Tables;0.76;United States;East;Maine;Sanford;4073;14/04/15;15/04/15;-715.778206;5;1170.21;89726
19158;Medium;0.01;29.1;4.0;331;Bradley Pollock;Express Air;Home Office;Technology;Computer Peripherals;Small Box;Acco Keyboard-In-A-Box®;0.78;United States;East;New Hampshire;Goffstown;3045;14/04/15;16/04/15;-22.82;8;243.32;89726
18261;Critical;0.06;276.2;24.49;335;Curtis O'Connell;Regular Air;Corporate;Furniture;Chairs & Chairmats;Large Box;SAFCO Arco Folding Chair;;United States;West;Oregon;Medford;97504;4/05/15;5/05/15;2639.4708;14;3825.32;87277
18262;Critical;0.09;6.28;5.29;335;Curtis O'Connell;Regular Air;Corporate;Furniture;Office Furnishings;Small Box;Eldon® 200 Class™ Desk Accessories, Burgundy;0.43;United States;West;Oregon;Medford;97504;4/05/15;4/05/15;-5.2;1;8.53;87277
480;Critical;0.01;3.26;1.86;342;Jacqueline Noble;Regular Air;Corporate;Office Supplies;Pens & Art Supplies;Wrap Bag;Avery Hi-Liter GlideStik Fluorescent Highlighter, Yellow Ink;0.41;United States;South;Florida;Miami;33181;4/05/15;6/05/15;-4.6683;20;73.97;3332
18480;Critical;0.01;3.26;1.86;344;Rosemary English;Regular Air;Corporate;Office Supplies;Pens & Art Supplies;Wrap Bag;Avery Hi-Liter GlideStik Fluorescent Highlighter, Yellow Ink;0.41;United States;East;Maine;Portland;4101;4/05/15;6/05/15;0.702;5;18.49;88152
2408;Critical;0.0;8.34;2.64;349;Kim Weiss;Express Air;Home Office;Office Supplies;Scissors, Rulers and Trimmers;Small Pack;Acme® Elite Stainless Steel Scissors;0.59;United States;South;Florida;Miami;33132;9/06/15;11/06/15;5.8625;23;212.89;17446
20408;Critical;0.0;8.34;2.64;351;Juanita Coley Knox;Express Air;Home Office;Office Supplies;Scissors, Rulers and Trimmers;Small Pack;Acme® Elite Stainless Steel Scissors;0.59;United States;East;New York;Watertown;13601;9/06/15;11/06/15;10.5;6;55.54;88685
19107;Low;0.08;4.89;4.93;353;Bonnie Chambers;Express Air;Home Office;Technology;Computer Peripherals;Small Pack;"Maxell 3.5"" DS/HD IBM-Formatted Diskettes, 10/Pack";0.66;United States;West;Arizona;Glendale;85301;14/05/15;14/05/15;-165.45;17;84.76;89647
19108;Low;0.07;6.68;6.92;353;Bonnie Chambers;Regular Air;Home Office;Office Supplies;Paper;Small Box;Xerox 1898;0.37;United States;West;Arizona;Glendale;85301;14/05/15;21/05/15;-141.12;16;104.84;89647
20760;Critical;0.07;124.49;51.94;357;Barbara McNamara;Delivery Truck;Corporate;Furniture;Tables;Jumbo Box;Bevis 36 x 72 Conference Tables;0.63;United States;West;Arizona;Kingman;86401;24/05/15;25/05/15;1074.44;14;1714.93;91131
24794;Low;0.09;19.23;6.15;369;Troy Moon;Express Air;Corporate;Furniture;Office Furnishings;Small Pack;"Executive Impressions 13"" Clairmont Wall Clock";0.44;United States;West;California;Oakland;94601;11/04/15;13/04/15;211.232;21;394.1;90292
20401;Not Specified;0.02;20.99;4.81;370;Sam Oh;Regular Air;Corporate;Technology;Telephones and Communication;Medium Box;1726 Digital Answering Machine;0.58;United States;East;Maine;Lewiston;4240;27/05/15;29/05/15;49.788;15;266.39;90291
20400;Not Specified;0.05;5.4;7.78;371;Roberta Mullins Peters;Express Air;Corporate;Office Supplies;Binders and Binder Accessories;Small Box;3M Organizer Strips;0.37;United States;East;Massachusetts;Everett;2149;27/05/15;29/05/15;-132.6295;9;51.82;90291
19073;Medium;0.03;25.98;5.37;377;Sylvia Bush;Regular Air;Consumer;Office Supplies;Appliances;Medium Box;3M Office Air Cleaner;0.5;United States;Central;Illinois;Batavia;60510;17/04/15;17/04/15;250.0376;17;460.87;89579
22401;Not Specified;0.07;415.88;11.37;381;Danielle Watts;Regular Air;Corporate;Office Supplies;Storage & Organization;Small Box;Deluxe Rollaway Locking File with Drawer;0.57;United States;Central;Illinois;Bloomington;61701;1/05/15;1/05/15;-539.59;1;394.51;88929
20919;High;0.1;8.88;6.28;387;Angela Howe;Express Air;Corporate;Office Supplies;Binders and Binder Accessories;Small Box;GBC Instant Index™ System for Binding Systems;0.35;United States;Central;Nebraska;Grand Island;68801;12/06/15;14/06/15;-27.28375;15;126.9;90339
24638;Critical;0.04;15.98;4.0;395;Monica McCormick;Regular Air;Corporate;Technology;Computer Peripherals;Small Box;Logitech Access Keyboard;0.37;United States;South;North Carolina;Albemarle;28001;18/06/15;19/06/15;-19.208;4;64.59;86384
24639;Critical;0.06;22.84;5.47;395;Monica McCormick;Regular Air;Corporate;Office Supplies;Paper;Small Box;Xerox 1929;0.39;United States;South;North Carolina;Albemarle;28001;18/06/15;20/06/15;7.44;20;461.94;86384
24471;Medium;0.05;63.94;14.48;398;Bruce Stark;Regular Air;Corporate;Furniture;Office Furnishings;Small Box;"Howard Miller 16"" Diameter Gallery Wall Clock";0.46;United States;East;Ohio;Dayton;45406;23/05/15;25/05/15;1372.6308;31;1989.32;89320
21570;High;0.03;4.98;0.8;406;June Frank Hammond;Regular Air;Small Business;Office Supplies;Paper;Wrap Bag;Rediform S.O.S. Phone Message Books;0.36;United States;East;New Jersey;South Vineland;8360;21/05/15;22/05/15;50.2044;15;72.76;87804
19104;Low;0.07;29.17;6.27;408;Calvin Parsons Walter;Regular Air;Corporate;Office Supplies;Binders and Binder Accessories;Small Box;Binding Machine Supplies;0.37;United States;Central;Texas;San Juan;78589;2/05/15;6/05/15;236.2371;14;400.47;89639
18428;High;0.05;178.47;19.99;411;Carolyn Proctor;Express Air;Consumer;Office Supplies;Storage & Organization;Small Box;Hot File® 7-Pocket, Floor Stand;0.55;United States;West;California;Oakland;94601;4/05/15;7/05/15;943.0;9;1531.31;87905
19988;Low;0.05;125.99;8.08;437;Alice Berger McIntyre;Regular Air;Small Business;Technology;Telephones and Communication;Small Box;StarTAC ST7762;0.57;United States;East;Massachusetts;Lunenburg;1462;22/06/15;27/06/15;427.1184;9;952.26;90695
25813;Critical;0.0;7.59;4.0;444;Thelma Abrams;Regular Air;Small Business;Furniture;Office Furnishings;Wrap Bag;Master Giant Foot® Doorstop, Safety Yellow;0.42;United States;Central;Illinois;Urbana;61801;25/05/15;28/05/15;86.438;43;355.92;88085
23153;Not Specified;0.03;48.04;19.99;445;Judy Barrett;Regular Air;Small Business;Office Supplies;Paper;Small Box;14-7/8 x 11 Blue Bar Computer Printout Paper;0.37;United States;Central;Nebraska;Norfolk;68701;11/04/15;13/04/15;-4.46;2;101.71;88083
23862;High;0.09;200.98;55.96;445;Judy Barrett;Delivery Truck;Small Business;Furniture;Bookcases;Jumbo Box;O'Sullivan Living Dimensions 3-Shelf Bookcases;0.75;United States;Central;Nebraska;Norfolk;68701;23/06/15;24/06/15;-512.872;9;1766.68;88084
23863;High;0.09;2.78;0.97;445;Judy Barrett;Regular Air;Small Business;Office Supplies;Pens & Art Supplies;Wrap Bag;Newell 333;0.59;United States;Central;Nebraska;Norfolk;68701;23/06/15;24/06/15;-3.784;11;29.02;88084
19694;Not Specified;0.04;130.98;30.0;447;Valerie Moon;Delivery Truck;Corporate;Furniture;Chairs & Chairmats;Jumbo Drum;Office Star - Contemporary Task Swivel chair with 2-way adjustable arms, Plum;0.78;United States;Central;Minnesota;Roseville;55113;25/06/15;28/06/15;-82.904;1;159.51;90449
19695;Not Specified;0.05;200.99;4.2;447;Valerie Moon;Regular Air;Corporate;Technology;Telephones and Communication;Small Box;2160i;0.59;United States;Central;Minnesota;Roseville;55113;25/06/15;25/06/15;1268.8065;11;1838.85;90449
20851;High;0.03;15.99;11.28;451;Joyce Murray;Regular Air;Home Office;Technology;Office Machines;Medium Box;210 Trimline Phone, White;0.38;United States;West;California;Los Altos;94024;10/04/15;11/04/15;-53.2962;2;35.48;86010
21117;Critical;0.04;37.7;2.99;451;Joyce Murray;Regular Air;Home Office;Office Supplies;Binders and Binder Accessories;Small Box;Vinyl Sectional Post Binders;0.35;United States;West;California;Los Altos;94024;27/05/15;28/05/15;299.6739;12;434.31;86012
21118;Critical;0.01;55.99;5.0;452;Leslie Rowland;Regular Air;Home Office;Technology;Telephones and Communication;Small Pack;Accessory36;0.83;United States;West;California;Los Banos;93635;27/05/15;28/05/15;-235.895;1;51.83;86012
22318;Not Specified;0.03;29.34;7.87;453;George Terry;Regular Air;Corporate;Furniture;Office Furnishings;Small Box;"Seth Thomas 14"" Putty-Colored Wall Clock";0.54;United States;West;California;Los Gatos;95032;8/05/15;10/05/15;-41.32;1;32.4;86011
22874;Low;0.07;16.91;6.25;460;Anne Armstrong;Regular Air;Home Office;Office Supplies;Storage & Organization;Small Box;Tenex Personal Self-Stacking Standard File Box, Black/Gray;0.58;United States;East;New Jersey;Millville;8332;23/05/15;30/05/15;7.9;31;492.9;86014
22864;Not Specified;0.06;3.36;6.27;483;Edgar McKenzie;Regular Air;Corporate;Office Supplies;Binders and Binder Accessories;Small Box;Cardinal Poly Pocket Divider Pockets for Ring Binders;0.4;United States;Central;Illinois;Oswego;60543;23/04/15;24/04/15;-24.05754;2;8.82;90354
22865;Not Specified;0.07;699.99;24.49;483;Edgar McKenzie;Regular Air;Corporate;Technology;Copiers and Fax;Large Box;Canon PC1060 Personal Laser Copier;0.41;United States;Central;Illinois;Oswego;60543;23/04/15;25/04/15;2583.56148;9;5976.09;90354
23394;Medium;0.1;3.36;6.27;487;Molly Vincent;Express Air;Corporate;Office Supplies;Binders and Binder Accessories;Small Box;Cardinal Poly Pocket Divider Pockets for Ring Binders;0.4;United States;East;Maine;Sanford;4073;18/05/15;19/05/15;-67.0565;5;20.87;91063
23395;Medium;0.07;12.28;4.86;488;Ronnie Creech;Regular Air;Corporate;Office Supplies;Paper;Small Box;Xerox 1933;0.38;United States;East;Maine;South Portland;4106;18/05/15;20/05/15;-7.94;2;25.7;91063
23393;Medium;0.09;20.99;0.99;489;Eileen Cheek;Regular Air;Corporate;Technology;Telephones and Communication;Wrap Bag;Accessory25;0.57;United States;East;Massachusetts;Norwood;2062;18/05/15;18/05/15;122.292;14;229.57;91063
1147;Medium;0.08;2.94;0.96;491;Toni Swanson;Regular Air;Consumer;Office Supplies;Pens & Art Supplies;Wrap Bag;Newell 343;0.58;United States;East;New York;New York City;10154;15/05/15;17/05/15;-2.12;23;66.7;8353
914;Critical;0.02;1360.14;14.7;491;Toni Swanson;Delivery Truck;Consumer;Technology;Office Machines;Jumbo Drum;Okidata ML395C Color Dot Matrix Printer;0.59;United States;East;New York;New York City;10154;20/06/15;22/06/15;2028.12;22;31670.6;6562
6046;Not Specified;0.02;9.06;9.86;491;Toni Swanson;Regular Air;Consumer;Office Supplies;Paper;Small Box;Southworth 25% Cotton Linen-Finish Paper & Envelopes;0.4;United States;East;New York;New York City;10154;20/06/15;22/06/15;-63.51;24;239.82;42852
19146;Medium;0.06;8.32;2.38;494;Jimmy Alston Holder;Regular Air;Consumer;Technology;Computer Peripherals;Small Pack;Imation 3.5 IBM Formatted Diskettes, 10/Box;0.74;United States;West;Washington;Seattle;98115;15/05/15;17/05/15;-36.63;12;101.26;88905
19147;Medium;0.08;2.94;0.96;494;Jimmy Alston Holder;Regular Air;Consumer;Office Supplies;Pens & Art Supplies;Wrap Bag;Newell 343;0.58;United States;West;Washington;Seattle;98115;15/05/15;17/05/15;-2.12;6;17.4;88905
18914;Critical;0.02;1360.14;14.7;494;Jimmy Alston Holder;Delivery Truck;Consumer;Technology;Office Machines;Jumbo Drum;Okidata ML395C Color Dot Matrix Printer;0.59;United States;West;Washington;Seattle;98115;20/06/15;22/06/15;3042.18;6;8637.44;88908
24046;Not Specified;0.02;9.06;9.86;494;Jimmy Alston Holder;Regular Air;Consumer;Office Supplies;Paper;Small Box;Southworth 25% Cotton Linen-Finish Paper & Envelopes;0.4;United States;West;Washington;Seattle;98115;20/06/15;22/06/15;-31.755;6;59.95;88908
26315;Critical;0.07;152.48;6.5;497;Steve McKee;Regular Air;Small Business;Technology;Computer Peripherals;Small Box;Adesso Programmable 142-Key Keyboard;0.74;United States;South;Tennessee;Murfreesboro;37130;14/05/15;16/05/15;171.8388;35;5062.49;90706
18303;Critical;0.01;55.98;4.86;507;Carol Saunders;Express Air;Corporate;Office Supplies;Paper;Small Box;Xerox 1908;0.36;United States;South;Kentucky;Bowling Green;42104;18/04/15;20/04/15;32.9409;11;646.97;87357
18304;Critical;0.04;65.99;8.99;507;Carol Saunders;Regular Air;Corporate;Technology;Telephones and Communication;Small Box;Talkabout T8367;0.56;United States;South;Kentucky;Bowling Green;42104;18/04/15;19/04/15;131.334;17;946.29;87357
18305;Critical;0.01;128.24;12.65;508;Cameron Owens;Regular Air;Corporate;Furniture;Chairs & Chairmats;Medium Box;SAFCO Folding Chair Trolley;;United States;South;Kentucky;Covington;41011;18/04/15;21/04/15;140.1354;4;554.08;87357
20216;Low;0.07;12.64;4.98;518;Mark Ritchie;Regular Air;Home Office;Furniture;Office Furnishings;Small Pack;Nu-Dell Executive Frame;0.48;United States;Central;Missouri;Clayton;63105;5/06/15;12/06/15;113.415;16;199.76;90867
23200;Medium;0.02;150.98;13.99;522;Aaron Riggs;Express Air;Small Business;Technology;Office Machines;Medium Box;Canon MP41DH Printing Calculator;0.38;United States;West;Oregon;Redmond;97756;22/06/15;24/06/15;26.1;3;480.37;89327
23201;Medium;0.1;5.43;0.95;522;Aaron Riggs;Regular Air;Small Business;Office Supplies;Paper;Wrap Bag;Wirebound Message Book, 4 per Page;0.36;United States;West;Oregon;Redmond;97756;22/06/15;24/06/15;-2.58;1;5.76;89327
23202;Medium;0.01;179.29;29.21;522;Aaron Riggs;Delivery Truck;Small Business;Furniture;Tables;Jumbo Box;Bevis Round Conference Table Top, X-Base;0.74;United States;West;Oregon;Redmond;97756;22/06/15;23/06/15;2800.12;21;3112.13;89327
22176;High;0.09;17.98;8.51;526;April Hu;Regular Air;Home Office;Technology;Office Machines;Medium Box;Canon P1-DHIII Palm Printing Calculator;0.4;United States;West;Arizona;Mesa;85204;25/05/15;27/05/15;-6.612;12;211.13;90026
26210;Low;0.0;15.99;13.18;535;Jill Clements;Regular Air;Corporate;Office Supplies;Binders and Binder Accessories;Small Box;"GBC Pre-Punched Binding Paper, Plastic, White, 8-1/2"" x 11""";0.37;United States;South;Virginia;Montclair;22025;21/04/15;25/04/15;46.488;23;403.25;88511
20811;Medium;0.05;59.78;10.29;539;Alice Coley;Regular Air;Small Business;Office Supplies;Binders and Binder Accessories;Small Box;GBC Recycled Regency Composition Covers;0.39;United States;Central;Illinois;Urbana;61801;14/05/15;15/05/15;159.5297;7;414.49;91174
20812;Medium;0.08;20.99;1.25;540;Ruth Lamm;Regular Air;Small Business;Technology;Telephones and Communication;Small Pack;Accessory29;0.83;United States;Central;Illinois;Vernon Hills;60061;14/05/15;16/05/15;15.3714;28;469.69;91174
24783;Medium;0.05;204.1;13.99;540;Ruth Lamm;Regular Air;Small Business;Technology;Office Machines;Medium Box;Soundgear Copyboard Conference Phone, Optional Battery;0.37;United States;Central;Illinois;Vernon Hills;60061;23/05/15;25/05/15;5924.1123;41;8585.67;91175
23401;Not Specified;0.03;13.73;6.85;547;Henry Ball;Express Air;Corporate;Furniture;Office Furnishings;Wrap Bag;DAX Wood Document Frame.;0.54;United States;East;West Virginia;Morgantown;26501;14/06/15;15/06/15;39.5853;4;57.37;86250
23209;Medium;0.06;549.99;49.0;550;Edna Monroe Talley;Delivery Truck;Corporate;Technology;Copiers and Fax;Jumbo Drum;Sharp 1540cs Digital Laser Copier;0.35;United States;Central;Texas;Seguin;78155;12/06/15;13/06/15;4637.4072;13;6720.88;90910
23210;Medium;0.08;115.99;5.99;550;Edna Monroe Talley;Express Air;Corporate;Technology;Telephones and Communication;Small Box;2160;0.57;United States;Central;Texas;Seguin;78155;12/06/15;13/06/15;-239.5415;1;102.21;90910
1115;Low;0.01;4.98;7.44;553;Kristine Connolly;Regular Air;Corporate;Office Supplies;Paper;Small Box;Xerox 1922;0.36;United States;West;California;Los Angeles;90008;15/04/15;24/04/15;-179.592;63;330.21;8165
64;Medium;0.08;124.49;51.94;553;Kristine Connolly;Delivery Truck;Corporate;Furniture;Tables;Jumbo Box;Bevis 36 x 72 Conference Tables;0.63;United States;West;California;Los Angeles;90008;18/06/15;19/06/15;-500.38;56;6831.37;359
19115;Low;0.01;4.98;7.44;555;Walter Young;Regular Air;Corporate;Office Supplies;Paper;Small Box;Xerox 1922;0.36;United States;West;Utah;Pleasant Grove;84062;15/04/15;24/04/15;-161.6328;16;83.86;86191
18064;Medium;0.08;124.49;51.94;555;Walter Young;Delivery Truck;Corporate;Furniture;Tables;Jumbo Box;Bevis 36 x 72 Conference Tables;0.63;United States;West;Utah;Pleasant Grove;84062;18/06/15;19/06/15;-250.19;14;1707.84;86192
22667;Not Specified;0.09;70.97;3.5;568;Peter McConnell;Regular Air;Consumer;Office Supplies;Appliances;Small Box;Tripp Lite Isotel 8 Ultra 8 Outlet Metal Surge;0.59;United States;South;Mississippi;Columbus;39701;15/04/15;15/04/15;-99.568;12;805.99;88880
22736;Medium;0.08;67.28;19.99;568;Peter McConnell;Express Air;Consumer;Office Supplies;Binders and Binder Accessories;Small Box;Catalog Binders with Expanding Posts;0.4;United States;South;Mississippi;Columbus;39701;1/04/15;3/04/15;224.8506;16;1066.54;88882
18664;Medium;0.03;162.93;19.99;578;Evan K Bullard;Regular Air;Corporate;Office Supplies;Envelopes;Small Box;Multimedia Mailers;0.39;United States;East;Connecticut;Naugatuck;6770;13/05/15;14/05/15;293.14;3;515.88;88644
18665;Medium;0.01;11.58;5.72;579;Marlene Abrams;Regular Air;Corporate;Office Supplies;Envelopes;Small Box;Peel & Seel® Recycled Catalog Envelopes, Brown;0.35;United States;East;Connecticut;Seymour;6478;13/05/15;15/05/15;-6.61;2;25.06;88644
18662;Medium;0.01;55.99;5.0;580;Kathryn Patrick;Regular Air;Corporate;Technology;Telephones and Communication;Small Pack;Accessory6;0.8;United States;East;Maine;Auburn;4210;13/05/15;14/05/15;-57.541;12;578.24;88644
18663;Medium;0.06;13.9;7.59;585;William Larson;Regular Air;Corporate;Office Supplies;Scissors, Rulers and Trimmers;Small Pack;"Acme Hot Forged Carbon Steel Scissors with Nickel-Plated Handles, 3 7/8"" Cut, 8""L";0.56;United States;East;New Hampshire;Concord;3301;13/05/15;14/05/15;-67.59;12;170.45;88644
21662;Critical;0.04;39.48;1.99;594;Charlie Moore;Regular Air;Consumer;Technology;Computer Peripherals;Small Pack;80 Minute CD-R Spindle, 100/Pack - Staples;0.54;United States;Central;Indiana;Anderson;46016;19/06/15;22/06/15;484.8492;18;702.68;86311
21663;Critical;0.04;3.7;1.61;594;Charlie Moore;Regular Air;Consumer;Furniture;Office Furnishings;Wrap Bag;3M Hangers With Command Adhesive;0.44;United States;Central;Indiana;Anderson;46016;19/06/15;20/06/15;18.0;18;67.24;86311
25949;Not Specified;0.1;6.48;5.9;597;Alexandra Wise;Regular Air;Small Business;Office Supplies;Paper;Small Box;Xerox 1976;0.37;United States;Central;Indiana;Columbus;47201;10/06/15;10/06/15;-51.635;19;116.8;86310
18492;Not Specified;0.02;15.57;1.39;617;Brett Schultz;Regular Air;Consumer;Office Supplies;Envelopes;Small Box;Park Ridge™ Embossed Executive Business Envelopes;0.38;United States;West;Colorado;Pueblo;81001;29/04/15;30/04/15;23.5428;3;46.23;88198
18493;Not Specified;0.02;20.89;11.52;617;Brett Schultz;Regular Air;Consumer;Office Supplies;Storage & Organization;Small Box;Iris® 3-Drawer Stacking Bin, Black;0.83;United States;West;Colorado;Pueblo;81001;29/04/15;30/04/15;-276.1128;13;279.28;88198
18490;Not Specified;0.06;5.38;5.24;618;Robert Cowan;Express Air;Consumer;Office Supplies;Binders and Binder Accessories;Small Box;"Acco PRESSTEX® Data Binder with Storage Hooks, Dark Blue, 14 7/8"" X 11""";0.36;United States;West;Colorado;Pueblo West;81007;29/04/15;30/04/15;-64.67094;14;81.82;88198
18491;Not Specified;0.03;7.35;5.96;618;Robert Cowan;Regular Air;Consumer;Office Supplies;Paper;Small Box;"1/4 Fold Party Design Invitations & White Envelopes, 24 8-1/2"" X 11"" Cards, 25 Env./Pack";0.38;United States;West;Colorado;Pueblo West;81007;29/04/15;30/04/15;-11.1132;1;13.16;88198
24880;High;0.05;6.48;8.4;623;Jenny Petty;Regular Air;Home Office;Office Supplies;Paper;Small Box;Xerox 212;0.37;United States;East;New Hampshire;Manchester;3101;1/04/15;3/04/15;-226.3464;21;136.99;91433
24881;High;0.05;55.99;5.0;624;Terry Klein;Regular Air;Home Office;Technology;Telephones and Communication;Small Pack;Accessory6;0.8;United States;East;Vermont;Rutland;5701;1/04/15;1/04/15;-281.17584;2;99.36;91433
21718;Medium;0.02;419.19;19.99;627;Scott McKenna;Regular Air;Corporate;Office Supplies;Storage & Organization;Small Box;Smead Adjustable Mobile File Trolley with Lockable Top;0.58;United States;East;Ohio;Steubenville;43952;21/04/15;22/04/15;6610.2;22;9580.0;90469
19364;High;0.01;2.08;5.33;635;Juan Justice;Regular Air;Corporate;Furniture;Office Furnishings;Small Box;Eldon® Wave Desk Accessories;0.43;United States;Central;Minnesota;Saint Paul;55106;5/04/15;5/04/15;-103.7124;12;28.32;89284
19365;High;0.03;370.98;99.0;635;Juan Justice;Delivery Truck;Corporate;Office Supplies;Storage & Organization;Jumbo Drum;Sauder Facets Collection Locker/File Cabinet, Sky Alder Finish;0.65;United States;Central;Minnesota;Saint Paul;55106;5/04/15;6/04/15;-124.2864;6;2309.49;89284
24387;Critical;0.06;65.99;8.8;638;Brooke Shepherd;Express Air;Consumer;Technology;Telephones and Communication;Small Box;6120;0.58;United States;West;California;Santa Cruz;95062;30/04/15;1/05/15;288.09;9;506.38;87954
24388;Critical;0.0;195.99;4.2;638;Brooke Shepherd;Express Air;Consumer;Technology;Telephones and Communication;Small Box;KH 688;0.57;United States;West;California;Santa Cruz;95062;30/04/15;2/05/15;719.4768;6;1042.72;87954
6387;Critical;0.06;65.99;8.8;640;Neal Wolfe;Express Air;Consumer;Technology;Telephones and Communication;Small Box;6120;0.58;United States;West;Washington;Seattle;98119;30/04/15;1/05/15;288.09;34;1912.98;45380
6388;Critical;0.0;195.99;4.2;640;Neal Wolfe;Express Air;Consumer;Technology;Telephones and Communication;Small Box;KH 688;0.57;United States;West;Washington;Seattle;98119;30/04/15;2/05/15;1030.509;24;4170.87;45380
24869;Low;0.03;51.75;19.99;646;Robin High;Regular Air;Corporate;Furniture;Office Furnishings;Small Box;"Howard Miller 13-3/4"" Diameter Brushed Chrome Round Wall Clock";0.55;United States;Central;Minnesota;Shakopee;55379;17/06/15;22/06/15;261.444;16;818.81;90735
21760;Not Specified;0.02;25.38;8.99;648;Steve O'Brien;Regular Air;Home Office;Furniture;Office Furnishings;Small Pack;"Executive Impressions 13"" Chairman Wall Clock";0.5;United States;Central;Illinois;Bolingbrook;60440;21/06/15;22/06/15;-10.36;1;34.11;91365
23154;Medium;0.02;3.78;0.71;649;Roger Meyer;Regular Air;Home Office;Office Supplies;Rubber Bands;Wrap Bag;Staples Bulldog Clip;0.39;United States;Central;Illinois;Buffalo Grove;60089;29/05/15;30/05/15;106.7499;40;154.71;91366
25055;Not Specified;0.0;2.78;1.49;653;Ann Katz;Express Air;Consumer;Office Supplies;Binders and Binder Accessories;Small Box;Wilson Jones Suede Grain Vinyl Binders;0.36;United States;West;California;Rancho Cucamonga;91730;16/04/15;17/04/15;20.6448;9;29.92;91213
23487;Critical;0.02;14.58;7.4;663;Hilda Bennett;Regular Air;Home Office;Furniture;Office Furnishings;Small Box;DAX Clear Channel Poster Frame;0.48;United States;East;Ohio;Steubenville;43952;29/05/15;1/06/15;10.802;17;261.34;90922
18667;Critical;0.02;130.98;30.0;665;Miriam Mueller;Delivery Truck;Corporate;Furniture;Chairs & Chairmats;Jumbo Drum;Office Star - Contemporary Task Swivel chair with 2-way adjustable arms, Plum;0.78;United States;South;Tennessee;Murfreesboro;37130;18/04/15;19/04/15;90.762;6;793.39;88678
24776;Low;0.02;4.57;5.42;666;Emily Sims;Regular Air;Corporate;Office Supplies;Binders and Binder Accessories;Small Box;Newell® 3-Hole Punched Plastic Slotted Magazine Holders for Binders;0.37;United States;South;Tennessee;Nashville;37211;22/04/15;26/04/15;-352.814;11;54.04;88679
6776;Low;0.02;4.57;5.42;667;Allison Kirby;Regular Air;Corporate;Office Supplies;Binders and Binder Accessories;Small Box;Newell® 3-Hole Punched Plastic Slotted Magazine Holders for Binders;0.37;United States;Central;Texas;Dallas;75203;22/04/15;26/04/15;-124.2805;45;221.06;48257
19326;Medium;0.04;15.42;10.68;678;Edward McKenzie;Express Air;Corporate;Office Supplies;Storage & Organization;Small Box;Decoflex Hanging Personal Folder File, Blue;0.58;United States;South;Virginia;Rose Hill;24281;22/04/15;23/04/15;-109.704;5;81.14;88889
18555;Medium;0.06;17.67;8.99;683;Seth Merrill;Express Air;Small Business;Furniture;Office Furnishings;Small Pack;"Executive Impressions 12"" Wall Clock";0.47;United States;Central;Nebraska;Papillion;68046;7/04/15;8/04/15;38.06;4;69.96;87765
21411;Critical;0.07;279.48;35.0;688;Ashley Reese;Regular Air;Small Business;Office Supplies;Storage & Organization;Large Box;Tennsco Snap-Together Open Shelving Units, Starter Sets and Add-On Units;0.8;United States;Central;Missouri;Saint Louis;63116;16/05/15;16/05/15;-207.28;10;2716.09;88503
18810;High;0.0;230.98;23.78;693;Richard McClure;Delivery Truck;Small Business;Furniture;Tables;Jumbo Box;Bush® Cubix Conference Tables, Fully Assembled;0.6;United States;West;Colorado;Thornton;80229;5/05/15;7/05/15;6095.8602;36;8834.58;87813
19225;Low;0.1;40.48;19.99;696;Johnny Reid;Regular Air;Corporate;Technology;Computer Peripherals;Small Box;Keytronic Designer 104- Key Black Keyboard;0.77;United States;Central;Indiana;Crown Point;46307;7/04/15;9/04/15;-580.32;9;355.84;89848
1225;Low;0.1;40.48;19.99;698;Nelson Hensley;Regular Air;Corporate;Technology;Computer Peripherals;Small Box;Keytronic Designer 104- Key Black Keyboard;0.77;United States;West;Washington;Seattle;98105;7/04/15;9/04/15;-580.32;36;1423.35;8994
6289;Medium;0.03;5.28;5.61;699;Jenny Gold;Regular Air;Consumer;Office Supplies;Paper;Small Box;Xerox 1954;0.4;United States;West;California;Los Angeles;90041;23/04/15;24/04/15;-16.67;5;32.5;44517
7733;Critical;0.02;6.47;1.22;699;Jenny Gold;Regular Air;Consumer;Office Supplies;Pens & Art Supplies;Wrap Bag;"Staples Pen Style Liquid Stix; Assorted (yellow, pink, green, blue, orange), 5/Pack";0.4;United States;West;California;Los Angeles;90041;6/06/15;7/06/15;40.2;30;193.95;55392
7734;Critical;0.07;2.84;0.93;699;Jenny Gold;Regular Air;Consumer;Office Supplies;Pens & Art Supplies;Wrap Bag;SANFORD Liquid Accent™ Tank-Style Highlighters;0.54;United States;West;California;Los Angeles;90041;6/06/15;8/06/15;3.21;59;158.8;55392
5140;High;0.01;7.89;2.82;699;Jenny Gold;Regular Air;Consumer;Office Supplies;Rubber Bands;Wrap Bag;Staples Vinyl Coated Paper Clips, 800/Box;0.4;United States;West;California;Los Angeles;90041;30/06/15;1/07/15;38.7;32;274.26;36647
5141;High;0.09;3.68;1.32;699;Jenny Gold;Regular Air;Consumer;Office Supplies;Scissors, Rulers and Trimmers;Wrap Bag;*Staples* vLetter Openers, 2/Pack;0.83;United States;West;California;Los Angeles;90041;30/06/15;1/07/15;-21.91;24;83.16;36647
5142;High;0.1;9.71;9.45;699;Jenny Gold;Regular Air;Consumer;Office Supplies;Storage & Organization;Small Box;Filing/Storage Totes and Swivel Casters;0.6;United States;West;California;Los Angeles;90041;30/06/15;3/07/15;-119.77;27;261.93;36647
448;Medium;0.1;4.26;1.2;699;Jenny Gold;Regular Air;Consumer;Office Supplies;Pens & Art Supplies;Wrap Bag;Dixon Prang® Watercolor Pencils, 10-Color Set with Brush;0.44;United States;West;California;Los Angeles;90041;20/05/15;21/05/15;15.42;88;351.56;3042
18448;Medium;0.1;4.26;1.2;700;Joseph Grossman;Regular Air;Consumer;Office Supplies;Pens & Art Supplies;Wrap Bag;Dixon Prang® Watercolor Pencils, 10-Color Set with Brush;0.44;United States;West;California;Santa Maria;93454;20/05/15;21/05/15;33.924;22;87.89;87980
24289;Medium;0.03;5.28;5.61;702;Kelly O'Connor;Regular Air;Consumer;Office Supplies;Paper;Small Box;Xerox 1954;0.4;United States;West;California;Santa Rosa;95404;23/04/15;24/04/15;-16.67;1;6.5;87977
23140;High;0.01;7.89;2.82;702;Kelly O'Connor;Regular Air;Consumer;Office Supplies;Rubber Bands;Wrap Bag;Staples Vinyl Coated Paper Clips, 800/Box;0.4;United States;West;California;Santa Rosa;95404;30/06/15;1/07/15;46.44;8;68.56;87979
23141;High;0.09;3.68;1.32;702;Kelly O'Connor;Regular Air;Consumer;Office Supplies;Scissors, Rulers and Trimmers;Wrap Bag;*Staples* vLetter Openers, 2/Pack;0.83;United States;West;California;Santa Rosa;95404;30/06/15;1/07/15;-17.528;6;20.79;87979
23142;High;0.1;9.71;9.45;702;Kelly O'Connor;Regular Air;Consumer;Office Supplies;Storage & Organization;Small Box;Filing/Storage Totes and Swivel Casters;0.6;United States;West;California;Santa Rosa;95404;30/06/15;3/07/15;-95.816;7;67.91;87979
25734;Critical;0.07;2.84;0.93;711;Pam Anthony;Regular Air;Consumer;Office Supplies;Pens & Art Supplies;Wrap Bag;SANFORD Liquid Accent™ Tank-Style Highlighters;0.54;United States;East;Massachusetts;Winthrop;2152;6/06/15;8/06/15;3.852;15;40.37;87978
20633;Not Specified;0.04;10.64;5.16;721;Melvin Duke;Regular Air;Corporate;Furniture;Office Furnishings;Small Box;Eldon Expressions Punched Metal & Wood Desk Accessories, Pewter & Cherry;0.57;United States;Central;Indiana;Frankfort;46041;24/06/15;25/06/15;24.096;6;66.9;91053
20634;Not Specified;0.03;2.78;1.34;721;Melvin Duke;Express Air;Corporate;Office Supplies;Pens & Art Supplies;Wrap Bag;Prang Drawing Pencil Set;0.45;United States;Central;Indiana;Frankfort;46041;24/06/15;26/06/15;6.972;15;43.13;91053
24574;Medium;0.01;7.28;11.15;721;Melvin Duke;Regular Air;Corporate;Office Supplies;Paper;Small Box;Array® Parchment Paper, Assorted Colors;0.37;United States;Central;Indiana;Frankfort;46041;11/04/15;13/04/15;-24.246;1;11.21;91054
23436;High;0.09;101.41;35.0;731;June Herbert;Regular Air;Consumer;Office Supplies;Storage & Organization;Large Box;Tennsco Regal Shelving Units;0.82;United States;East;Massachusetts;Burlington;1803;26/04/15;27/04/15;-801.1548;12;1178.32;90362
21950;Not Specified;0.06;350.98;30.0;736;Meredith Walters;Delivery Truck;Consumer;Furniture;Chairs & Chairmats;Jumbo Drum;Office Star - Professional Matrix Back Chair with 2-to-1 Synchro Tilt and Mesh Fabric Seat;0.61;United States;East;New Hampshire;Salem;3079;15/06/15;17/06/15;797.856;6;2016.32;90361
23613;Low;0.02;48.04;5.79;737;Danny Vaughn;Regular Air;Consumer;Office Supplies;Paper;Small Box;Xerox 1937;0.37;United States;East;New Jersey;Bloomfield;7003;7/06/15;14/06/15;422.4525;12;612.25;90360
21949;Not Specified;0.02;70.98;46.74;738;Peggy Rowe;Delivery Truck;Consumer;Furniture;Bookcases;Jumbo Box;Hon Metal Bookcases, Putty;0.56;United States;East;New Jersey;Cranford;7016;15/06/15;16/06/15;-178.216;4;313.63;90361
21951;Not Specified;0.04;27.48;4.0;741;Stacey Hale;Regular Air;Consumer;Technology;Computer Peripherals;Small Box;Belkin MediaBoard 104- Keyboard;0.75;United States;East;New Jersey;Summit;7901;15/06/15;17/06/15;-26.656;15;397.17;90361
19505;Low;0.09;125.99;8.99;744;Joy Maxwell;Regular Air;Consumer;Technology;Telephones and Communication;Small Box;SC7868i;0.55;United States;West;Arizona;Oro Valley;85737;25/05/15;2/06/15;916.6806;20;2104.99;87727
25291;High;0.06;218.75;69.64;754;Helen Lyons;Delivery Truck;Corporate;Furniture;Tables;Jumbo Box;BoxOffice By Design Rectangular and Half-Moon Meeting Room Tables;0.77;United States;West;Arizona;Prescott Valley;86314;4/06/15;5/06/15;-453.2;4;905.4;90437
25117;Low;0.06;119.99;14.0;754;Helen Lyons;Delivery Truck;Consumer;Technology;Office Machines;Jumbo Drum;Epson C82 Color Inkjet Printer;0.36;United States;West;Arizona;Prescott Valley;86314;12/04/15;19/04/15;-207.679788;2;243.86;90439
21110;Low;0.0;20.99;3.3;759;Bernice F Day;Regular Air;Small Business;Technology;Telephones and Communication;Small Pack;Accessory39;0.81;United States;Central;Illinois;Quincy;62301;29/05/15;5/06/15;-92.961;5;92.96;86639
20377;Not Specified;0.0;125.99;8.99;762;Stuart Holloway;Regular Air;Small Business;Technology;Telephones and Communication;Small Box;5170i;0.57;United States;West;Washington;Vancouver;98661;27/04/15;29/04/15;613.89576;12;1362.2;87525
20967;Low;0.02;4.06;6.89;772;Jean Webster;Express Air;Small Business;Office Supplies;Appliances;Small Box;Eureka Disposable Bags for Sanitaire® Vibra Groomer I® Upright Vac;0.6;United States;East;Pennsylvania;Allentown;18103;17/05/15;21/05/15;12.706;12;64.41;88668
20968;Low;0.07;9.49;5.76;772;Jean Webster;Regular Air;Small Business;Technology;Office Machines;Medium Box;Sharp EL501VB Scientific Calculator, Battery Operated, 10-Digit Display, Hard Case;0.39;United States;East;Pennsylvania;Allentown;18103;17/05/15;21/05/15;7.71516;37;344.57;88668
20434;High;0.04;34.76;5.49;782;Sarah N Becker;Regular Air;Small Business;Office Supplies;Storage & Organization;Small Box;Home/Office Personal File Carts;0.6;United States;West;California;Whittier;90604;29/04/15;30/04/15;192.5169;8;279.01;90962
22969;Medium;0.0;8.34;4.82;786;Jason Bray;Regular Air;Home Office;Office Supplies;Paper;Small Box;Southworth 25% Cotton Antique Laid Paper & Envelopes;0.4;United States;West;California;Mission Viejo;92691;6/04/15;7/04/15;-5.05;9;76.23;91513
24629;Not Specified;0.09;6.48;9.68;792;Holly Pate;Regular Air;Corporate;Office Supplies;Paper;Small Box;Xerox 1993;0.36;United States;Central;Oklahoma;Mustang;73064;21/06/15;22/06/15;-204.16;16;99.92;88753
18184;Not Specified;0.1;14.42;6.75;796;Amanda Conner;Regular Air;Corporate;Office Supplies;Appliances;Medium Box;Holmes Odor Grabber;0.52;United States;Central;Nebraska;Papillion;68046;19/06/15;22/06/15;-20.104;1;15.49;86869
19011;Not Specified;0.04;9.11;2.25;797;Eileen Riddle;Regular Air;Corporate;Office Supplies;Pens & Art Supplies;Wrap Bag;Dixon Ticonderoga Core-Lock Colored Pencils;0.52;United States;West;Utah;Roy;84067;1/06/15;4/06/15;-3.496;2;18.59;86868
19012;Not Specified;0.07;64.65;35.0;797;Eileen Riddle;Regular Air;Corporate;Office Supplies;Storage & Organization;Large Box;Space Solutions Commercial Steel Shelving;0.8;United States;West;Utah;Roy;84067;1/06/15;3/06/15;-717.072;13;834.08;86868
22484;Medium;0.03;35.99;5.0;803;Marianne Goldstein;Regular Air;Small Business;Technology;Telephones and Communication;Small Box;Accessory27;0.85;United States;South;Florida;New Smyrna Beach;32168;29/04/15;30/04/15;-184.548;3;93.82;90048
21942;Low;0.09;5.84;0.83;820;Catherine Mullins;Regular Air;Small Business;Office Supplies;Pens & Art Supplies;Wrap Bag;Avery Hi-Liter® Smear-Safe Highlighters;0.49;United States;West;Washington;Walla Walla;99362;21/05/15;25/05/15;-2.87;1;5.9;90244
21350;Critical;0.0;11.97;4.98;825;Marvin Hunt;Regular Air;Home Office;Office Supplies;Appliances;Small Box;Staples 6 Outlet Surge;0.58;United States;Central;Texas;Abilene;79605;21/05/15;24/05/15;3.384;4;53.3;89258
24842;Medium;0.01;6.98;1.6;827;Sheryl Marsh;Regular Air;Home Office;Office Supplies;Paper;Wrap Bag;Adams Phone Message Book, Professional, 400 Message Capacity, 5 3/6” x 11”;0.38;United States;Central;Texas;Amarillo;79109;25/05/15;26/05/15;0.346;3;21.93;89259
21353;Critical;0.06;1.26;0.7;851;Helen H Heller;Regular Air;Corporate;Office Supplies;Rubber Bands;Wrap Bag;Bagged Rubber Bands;0.81;United States;West;California;Hacienda Heights;91745;30/04/15;30/04/15;-6.6096;4;5.28;88571
21351;Critical;0.06;1.76;0.7;854;Karen Hendricks;Regular Air;Corporate;Office Supplies;Pens & Art Supplies;Wrap Bag;Newell 310;0.56;United States;East;Connecticut;Branford;6405;30/04/15;2/05/15;1.2236;22;39.26;88571
21352;Critical;0.02;24.98;8.79;855;Jacob Lanier;Regular Air;Corporate;Office Supplies;Storage & Organization;Small Box;2300 Heavy-Duty Transfer File Systems by Perma;0.66;United States;East;Connecticut;Danbury;6810;30/04/15;1/05/15;4.3148;23;606.51;88571
21354;Critical;0.05;35.99;5.99;858;Arthur Brady;Express Air;Corporate;Technology;Telephones and Communication;Wrap Bag;Accessory41;0.38;United States;East;Maine;Lewiston;4240;30/04/15;2/05/15;-125.83296;2;64.89;88571
21214;Critical;0.03;14.2;5.3;865;Dana Burgess;Regular Air;Corporate;Furniture;Office Furnishings;Wrap Bag;Coloredge Poster Frame;0.46;United States;Central;Indiana;East Chicago;46312;27/05/15;28/05/15;122.21;18;267.2;90674
22547;Not Specified;0.01;5.94;9.92;871;Sandy Ellington;Regular Air;Home Office;Office Supplies;Binders and Binder Accessories;Small Box;Storex Dura Pro™ Binders;0.38;United States;West;Nevada;Reno;89502;20/05/15;23/05/15;-239.315;12;74.77;90578
22548;Not Specified;0.0;6.48;5.11;871;Sandy Ellington;Regular Air;Home Office;Office Supplies;Paper;Small Box;Xerox 231;0.37;United States;West;Nevada;Reno;89502;20/05/15;22/05/15;-33.31;18;127.81;90578
19401;Critical;0.06;25.98;14.36;885;Malcolm Robertson;Delivery Truck;Corporate;Furniture;Chairs & Chairmats;Jumbo Drum;Global Stack Chair without Arms, Black;0.6;United States;Central;Texas;Amarillo;79109;24/05/15;25/05/15;55.888;41;1033.56;89537
19470;Critical;0.06;47.98;3.61;896;Jennifer Siegel;Regular Air;Corporate;Technology;Computer Peripherals;Small Pack;DS/HD IBM Formatted Diskettes, 200/Pack - Staples;0.71;United States;Central;Texas;Denton;76201;20/06/15;22/06/15;35.955;11;517.68;90167
21345;Medium;0.09;2.6;2.4;907;Rachel Casey;Regular Air;Home Office;Office Supplies;Pens & Art Supplies;Wrap Bag;12 Colored Short Pencils;0.58;United States;South;Kentucky;Henderson;42420;17/06/15;19/06/15;1107.408;12;31.73;86460
19480;Critical;0.0;5.28;5.61;910;Carla Hauser;Regular Air;Corporate;Office Supplies;Paper;Small Box;Xerox 1954;0.4;United States;South;Arkansas;Texarkana;71854;14/05/15;14/05/15;-149.212;15;85.26;90187
24028;High;0.01;59.76;9.71;911;Marsha P Joyner;Regular Air;Corporate;Office Supplies;Storage & Organization;Small Box;Advantus 10-Drawer Portable Organizer, Chrome Metal Frame, Smoke Drawers;0.57;United States;East;West Virginia;Wheeling;26003;4/04/15;6/04/15;354.3288;8;513.52;90186
25676;High;0.05;35.51;6.31;918;Kerry Jernigan;Regular Air;Consumer;Office Supplies;Storage & Organization;Small Box;Steel Personal Filing/Posting Tote;0.58;United States;West;California;Rancho Cucamonga;91730;12/04/15;14/04/15;6.11;2;73.1;90492
19772;Critical;0.09;58.14;36.61;918;Kerry Jernigan;Delivery Truck;Corporate;Furniture;Bookcases;Jumbo Box;O'Sullivan 3-Shelf Heavy-Duty Bookcases;0.61;United States;West;California;Rancho Cucamonga;91730;20/05/15;21/05/15;187.412;39;2115.06;90493
25677;High;0.1;8.34;2.64;919;Tracy Livingston;Regular Air;Consumer;Office Supplies;Scissors, Rulers and Trimmers;Small Pack;Acme® Elite Stainless Steel Scissors;0.59;United States;West;California;Redding;96003;12/04/15;12/04/15;-6.34;6;47.95;90492
25678;High;0.03;8.04;8.94;920;Jessie Kelly;Regular Air;Consumer;Office Supplies;Binders and Binder Accessories;Small Box;Fellowes Twister Kit, Gray/Clear, 3/pkg;0.4;United States;West;California;Redlands;92374;12/04/15;14/04/15;-160.2755;9;76.77;90492
18395;Not Specified;0.01;65.99;8.99;922;Dolores Abrams;Express Air;Small Business;Technology;Telephones and Communication;Small Box;5180;0.56;United States;West;California;Rancho Cucamonga;91730;20/05/15;21/05/15;396.972;14;782.0;87135
19973;Critical;0.03;2.18;1.38;925;Ruth Dudley;Regular Air;Small Business;Office Supplies;Rubber Bands;Wrap Bag;Advantus Push Pins;0.44;United States;East;Maine;Augusta;4330;6/04/15;6/04/15;-7.04;7;15.73;87134
19974;Critical;0.01;170.98;35.89;929;Calvin Conway;Delivery Truck;Small Business;Furniture;Bookcases;Jumbo Box;"Rush Hierlooms Collection 1"" Thick Stackable Bookcases";0.66;United States;East;New Jersey;Old Bridge;8857;6/04/15;8/04/15;538.52;10;1719.07;87134
23716;Not Specified;0.05;5.98;5.46;936;Robyn Garner;Regular Air;Corporate;Office Supplies;Paper;Small Box;Xerox 1983;0.36;United States;West;California;Redlands;92374;27/06/15;27/06/15;-31.885;17;104.95;90589
23717;Not Specified;0.01;65.99;3.99;937;Kelly Shaw;Regular Air;Corporate;Technology;Telephones and Communication;Small Box;StarTAC 7760;0.59;United States;West;California;Redondo Beach;90278;27/06/15;28/06/15;-95.2105;3;166.59;90589
22638;Low;0.09;100.98;35.84;940;Albert Maxwell;Delivery Truck;Home Office;Furniture;Bookcases;Jumbo Box;Bush Westfield Collection Bookcases, Fully Assembled;0.62;United States;East;Connecticut;New Milford;6776;14/04/15;19/04/15;-193.58;4;396.19;90844
25093;Medium;0.0;170.98;35.89;970;Lynn Payne;Delivery Truck;Consumer;Furniture;Bookcases;Jumbo Box;"Rush Hierlooms Collection 1"" Thick Stackable Bookcases";0.66;United States;South;Virginia;Rose Hill;24281;20/04/15;21/04/15;-102.662;8;1452.18;86173
24298;Low;0.1;2.22;5.0;975;Francis Evans;Regular Air;Corporate;Office Supplies;Appliances;Small Box;Hoover Replacement Belt for Commercial Guardsman Heavy-Duty Upright Vacuum;0.55;United States;East;Massachusetts;Boston;2108;4/04/15;9/04/15;-21.3192;3;8.8;87260
20010;Low;0.09;300.97;7.18;983;Sue Drake;Regular Air;Corporate;Technology;Computer Peripherals;Small Box;Gyration Ultra Professional Cordless Optical Suite;0.48;United States;South;Arkansas;Searcy;72143;27/04/15;27/04/15;17.772;10;2848.38;90201
23840;Low;0.09;7.64;5.83;995;Lloyd Spencer;Regular Air;Small Business;Office Supplies;Paper;Wrap Bag;"Rediform Wirebound ""Phone Memo"" Message Book, 11 x 5-3/4";0.36;United States;East;Maine;West Scarborough;4070;10/05/15;15/05/15;4.032;9;72.83;89434
18529;High;0.01;3.15;0.49;1008;Priscilla Frank;Regular Air;Home Office;Office Supplies;Labels;Small Box;Self-Adhesive Removable Labels;0.37;United States;East;Maine;Gorham;4038;25/05/15;27/05/15;17.5053;8;25.37;88371
18886;High;0.1;550.98;45.7;1009;Kristin George;Delivery Truck;Corporate;Furniture;Tables;Jumbo Box;Chromcraft Bull-Nose Wood Oval Conference Tables & Bases;0.71;United States;East;Maine;Saco;4072;19/06/15;21/06/15;818.546175;14;6963.67;88372
24752;High;0.02;6.48;7.86;1016;Francis Sherrill;Express Air;Home Office;Office Supplies;Paper;Small Box;Xerox 213;0.37;United States;South;North Carolina;Asheville;28806;12/06/15;13/06/15;111.222;1;11.41;88389
25027;Medium;0.05;35.89;14.72;1018;Meredith Humphrey;Regular Air;Home Office;Office Supplies;Envelopes;Small Box;Jet-Pak Recycled Peel 'N' Seal Padded Mailers;0.4;United States;South;North Carolina;Cary;27511;8/04/15;9/04/15;22.866;19;680.39;88391
25028;Medium;0.0;11.48;5.43;1018;Meredith Humphrey;Regular Air;Home Office;Office Supplies;Paper;Small Box;Personal Creations™ Ink Jet Cards and Labels;0.36;United States;South;North Carolina;Cary;27511;8/04/15;8/04/15;115.728;6;75.52;88391
18921;Critical;0.02;39.06;10.55;1023;Glen Newman;Regular Air;Small Business;Office Supplies;Binders and Binder Accessories;Small Box;Ibico Recycled Linen-Style Covers;0.37;United States;East;Pennsylvania;Wilkinsburg;15221;15/05/15;15/05/15;442.0899;16;640.71;88633
18922;Critical;0.1;37.7;2.99;1023;Glen Newman;Regular Air;Small Business;Office Supplies;Binders and Binder Accessories;Small Box;Vinyl Sectional Post Binders;0.35;United States;East;Pennsylvania;Wilkinsburg;15221;15/05/15;16/05/15;455.124;18;659.6;88633
20872;High;0.1;5.98;3.85;1026;Eugene Kerr;Regular Air;Small Business;Technology;Computer Peripherals;Small Pack;"Imation 3.5"" IBM-Formatted Diskettes, 10/Pack";0.68;United States;East;New York;Central Islip;11722;29/05/15;30/05/15;18.922;26;151.55;89008
20873;High;0.07;2.61;0.5;1026;Eugene Kerr;Regular Air;Small Business;Office Supplies;Labels;Small Box;Avery 494;0.39;United States;East;New York;Central Islip;11722;29/05/15;1/06/15;39.3507;22;57.03;89008
23398;Not Specified;0.05;83.1;6.13;1028;Marguerite Rodgers;Express Air;Small Business;Technology;Computer Peripherals;Small Box;Micro Innovations Micro Digital Wireless Keyboard and Mouse, Gray;0.45;United States;East;New York;Commack;11725;8/05/15;9/05/15;1152.5277;20;1670.33;89007
20669;Critical;0.1;7.64;5.83;1038;Jon Hale;Regular Air;Corporate;Office Supplies;Paper;Wrap Bag;"Rediform Wirebound ""Phone Memo"" Message Book, 11 x 5-3/4";0.36;United States;South;Florida;Belle Glade;33430;16/06/15;17/06/15;-403.1874;5;39.36;90641
18404;Critical;0.06;55.94;4.0;1041;Mildred Chase;Regular Air;Small Business;Technology;Computer Peripherals;Small Box;Fellowes Smart Design 104-Key Enhanced Keyboard, PS/2 Adapter, Platinum;0.74;United States;West;California;Woodland;95695;17/04/15;18/04/15;-13.77;6;322.77;87846
18405;Critical;0.07;6.3;0.5;1041;Mildred Chase;Regular Air;Small Business;Office Supplies;Labels;Small Box;Avery 48;0.39;United States;West;California;Woodland;95695;17/04/15;17/04/15;44.9121;11;65.09;87846
20937;Critical;0.0;14.42;6.75;1042;Jerome Burch;Express Air;Small Business;Office Supplies;Appliances;Medium Box;Holmes Odor Grabber;0.52;United States;West;California;Yuba City;95991;16/05/15;17/05/15;9.33;6;98.96;87847
3926;Critical;0.02;209.84;21.21;1044;Erin Ballard;Regular Air;Home Office;Furniture;Office Furnishings;Large Box;Luxo Professional Fluorescent Magnifier Lamp with Clamp-Mount Base;0.59;United States;West;California;Los Angeles;90004;14/06/15;14/06/15;2593.14;62;13546.94;28001
3927;Critical;0.01;194.3;11.54;1044;Erin Ballard;Regular Air;Home Office;Furniture;Office Furnishings;Large Box;Electrix Halogen Magnifier Lamp;0.59;United States;West;California;Los Angeles;90004;14/06/15;16/06/15;1162.76;32;6401.65;28001
26259;Not Specified;0.03;5.44;7.46;1054;Keith R Atkinson;Express Air;Corporate;Office Supplies;Binders and Binder Accessories;Small Box;Wilson Jones Custom Binder Spines & Labels;0.36;United States;West;Arizona;Surprise;85374;25/05/15;27/05/15;-51.704;4;26.31;90069
26260;Not Specified;0.08;26.38;5.58;1054;Keith R Atkinson;Regular Air;Corporate;Office Supplies;Paper;Small Box;Xerox 1883;0.39;United States;West;Arizona;Surprise;85374;25/05/15;26/05/15;144.7482;8;209.78;90069
26261;Not Specified;0.06;20.99;2.5;1054;Keith R Atkinson;Regular Air;Corporate;Technology;Telephones and Communication;Wrap Bag;Accessory37;0.81;United States;West;Arizona;Surprise;85374;25/05/15;27/05/15;-112.189;1;17.83;90069
7980;Low;0.07;6.3;0.5;1060;Gene Gilliam;Regular Air;Small Business;Office Supplies;Labels;Small Box;Avery 51;0.39;United States;South;Georgia;Atlanta;30318;30/05/15;30/05/15;4.1674;20;121.87;57061
25979;Low;0.04;22.38;15.1;1062;Willie Robinson;Regular Air;Small Business;Office Supplies;Binders and Binder Accessories;Small Box;Avery Flip-Chart Easel Binder, Black;0.38;United States;East;New York;Coram;11727;30/05/15;7/06/15;16.0218;18;403.53;91355
25981;Low;0.06;17.78;5.03;1062;Willie Robinson;Regular Air;Small Business;Furniture;Office Furnishings;Small Box;"Seth Thomas 13 1/2"" Wall Clock";0.54;United States;East;New York;Coram;11727;30/05/15;2/06/15;38.0673;3;55.17;91355
24737;Medium;0.02;15.94;5.45;1069;Pam Bennett;Regular Air;Home Office;Office Supplies;Pens & Art Supplies;Small Pack;Boston 16701 Slimline Battery Pencil Sharpener;0.55;United States;Central;Illinois;Carbondale;62901;14/05/15;15/05/15;139.612;41;664.34;87110
23312;Not Specified;0.08;13.9;7.59;1080;Colleen Fletcher;Regular Air;Corporate;Office Supplies;Scissors, Rulers and Trimmers;Small Pack;"Acme Hot Forged Carbon Steel Scissors with Nickel-Plated Handles, 3 7/8"" Cut, 8""L";0.56;United States;Central;Illinois;Saint Charles;60174;8/05/15;9/05/15;9.862;14;196.41;88461
25279;High;0.04;9.06;9.86;1085;Ted Dunlap;Regular Air;Home Office;Office Supplies;Paper;Small Box;Southworth 25% Cotton Linen-Finish Paper & Envelopes;0.4;United States;East;New York;Deer Park;11729;24/04/15;25/04/15;-53.25;3;30.87;86123
23104;Not Specified;0.06;30.42;8.65;1085;Ted Dunlap;Regular Air;Corporate;Technology;Computer Peripherals;Small Box;Fellowes Internet Keyboard, Platinum;0.74;United States;East;New York;Deer Park;11729;13/05/15;15/05/15;-159.25;10;309.05;86124
23105;Not Specified;0.02;37.94;5.08;1085;Ted Dunlap;Regular Air;Corporate;Office Supplies;Paper;Wrap Bag;Snap-A-Way® Black Print Carbonless Ruled Speed Letter, Triplicate;0.38;United States;East;New York;Deer Park;11729;13/05/15;14/05/15;206.517;8;299.3;86124
25280;High;0.04;14.27;7.27;1086;Leon Peele;Regular Air;Home Office;Office Supplies;Binders and Binder Accessories;Small Box;GBC Laser Imprintable Binding System Covers, Desert Sand;0.38;United States;East;New York;Dix Hills;11746;24/04/15;25/04/15;2.125;3;45.24;86123
22537;Medium;0.02;15.14;4.53;1101;Kimberly McCarthy;Regular Air;Small Business;Office Supplies;Storage & Organization;Small Box;Eldon® Gobal File Keepers;0.81;United States;West;California;Oxnard;93030;5/05/15;6/05/15;5.884;3;51.02;91488
21847;Not Specified;0.05;328.14;91.05;1103;Sidney Bowling;Delivery Truck;Home Office;Office Supplies;Appliances;Jumbo Drum;Sanyo Counter Height Refrigerator with Crisper, 3.6 Cubic Foot, Stainless Steel/Black;0.57;United States;Central;Nebraska;Omaha;68046;10/04/15;11/04/15;772.04;7;2291.39;90977
3847;Not Specified;0.05;328.14;91.05;1104;Timothy Ross;Delivery Truck;Home Office;Office Supplies;Appliances;Jumbo Drum;Sanyo Counter Height Refrigerator with Crisper, 3.6 Cubic Foot, Stainless Steel/Black;0.57;United States;East;New York;New York City;10282;10/04/15;11/04/15;772.04;29;9492.92;27456
2808;Medium;0.04;6.35;1.02;1106;Maxine Collier Grady;Regular Air;Small Business;Office Supplies;Paper;Wrap Bag;"Telephone Message Books with Fax/Mobile Section, 5 1/2"" x 3 3/16""";0.39;United States;Central;Texas;Dallas;75220;20/05/15;23/05/15;81.91;52;318.47;20261
106;High;0.01;9.31;3.98;1106;Maxine Collier Grady;Regular Air;Small Business;Office Supplies;Scissors, Rulers and Trimmers;Small Pack;Acme® Forged Steel Scissors with Black Enamel Handles;0.56;United States;Central;Texas;Dallas;75220;21/05/15;22/05/15;-10.9;61;586.96;646
6443;Not Specified;0.08;140.81;24.49;1106;Maxine Collier Grady;Regular Air;Consumer;Furniture;Chairs & Chairmats;Large Box;Hon Olson Stacker Stools;0.57;United States;Central;Texas;Dallas;75220;6/06/15;8/06/15;1232.79;81;11272.77;45824
18106;High;0.01;9.31;3.98;1107;Joanna Keith;Regular Air;Small Business;Office Supplies;Scissors, Rulers and Trimmers;Small Pack;Acme® Forged Steel Scissors with Black Enamel Handles;0.56;United States;Central;Texas;Lake Jackson;77566;21/05/15;22/05/15;2.18;15;144.33;86411
20807;Medium;0.09;31.74;12.62;1108;Dwight Bishop;Express Air;Small Business;Office Supplies;Binders and Binder Accessories;Small Box;GBC Wire Binding Strips;0.37;United States;Central;Texas;Lancaster;75146;20/05/15;20/05/15;67.1075;9;270.55;86409
20808;Medium;0.04;6.35;1.02;1108;Dwight Bishop;Regular Air;Small Business;Office Supplies;Paper;Wrap Bag;"Telephone Message Books with Fax/Mobile Section, 5 1/2"" x 3 3/16""";0.39;United States;Central;Texas;Lancaster;75146;20/05/15;23/05/15;54.9378;13;79.62;86409
20809;Medium;0.02;65.99;8.99;1108;Dwight Bishop;Express Air;Small Business;Technology;Telephones and Communication;Small Box;Talkabout T8367;0.56;United States;Central;Texas;Lancaster;75146;20/05/15;21/05/15;168.237;8;479.79;86409
22480;Medium;0.08;8.37;10.16;1109;Dennis Welch;Regular Air;Consumer;Furniture;Office Furnishings;Large Box;Westinghouse Clip-On Gooseneck Lamps;0.59;United States;Central;Texas;Laredo;78041;29/06/15;29/06/15;-169.232;13;108.99;86410
20176;Not Specified;0.03;300.98;54.92;1112;Luis Kerr;Delivery Truck;Corporate;Furniture;Bookcases;Jumbo Box;Atlantic Metals Mobile 5-Shelf Bookcases, Custom Colors;0.55;United States;West;California;Yucaipa;92399;2/04/15;4/04/15;1272.5808;12;3527.82;90832
20177;Not Specified;0.02;2550.14;29.7;1112;Luis Kerr;Delivery Truck;Corporate;Technology;Office Machines;Jumbo Drum;Epson DFX-8500 Dot Matrix Printer;0.57;United States;West;California;Yucaipa;92399;2/04/15;4/04/15;-5390.738892;2;4698.21;90832
26060;Critical;0.01;2.89;0.5;1113;Julia Reynolds;Regular Air;Corporate;Office Supplies;Labels;Small Box;Avery 498;0.38;United States;West;Colorado;Arvada;80004;6/04/15;7/04/15;29.7252;14;43.08;90833
26061;Critical;0.0;55.99;5.0;1113;Julia Reynolds;Regular Air;Corporate;Technology;Telephones and Communication;Small Pack;Accessory6;0.8;United States;West;Colorado;Arvada;80004;6/04/15;8/04/15;-187.11;5;258.93;90833
18212;High;0.09;175.99;4.99;1123;Peggy Lanier;Regular Air;Small Business;Technology;Telephones and Communication;Small Box;5165;0.59;United States;West;California;Roseville;95661;20/06/15;22/06/15;2169.7464;22;3144.56;87016
18211;High;0.09;160.98;35.02;1124;Randy Jiang;Delivery Truck;Small Business;Furniture;Bookcases;Jumbo Box;Rush Hierlooms Collection Rich Wood Bookcases;0.72;United States;East;Connecticut;Norwich;6360;20/06/15;21/06/15;-229.93;18;2653.02;87016
26377;Low;0.04;4.71;0.7;1127;Ray Grady;Regular Air;Consumer;Office Supplies;Rubber Bands;Wrap Bag;Plymouth Boxed Rubber Bands by Plymouth;0.8;United States;Central;Texas;Eagle Pass;78852;22/06/15;26/06/15;4.53;19;90.52;87222
26378;Low;0.06;4.2;2.26;1128;Kurt O'Connor;Regular Air;Consumer;Office Supplies;Paper;Wrap Bag;Important Message Pads, 50 4-1/4 x 5-1/2 Forms per Pad;0.36;United States;Central;Texas;Edinburg;78539;22/06/15;27/06/15;9.78;13;55.97;87222
1917;Medium;0.02;7.64;1.39;1129;Pam Patton;Regular Air;Home Office;Office Supplies;Envelopes;Small Box;"#10- 4 1/8"" x 9 1/2"" Security-Tint Envelopes";0.36;United States;East;Massachusetts;Boston;2118;21/05/15;23/05/15;117.38;52;406.91;13735
5568;Low;0.03;30.98;6.5;1129;Pam Patton;Regular Air;Corporate;Technology;Computer Peripherals;Small Box;Logitech Internet Navigator Keyboard;0.79;United States;East;Massachusetts;Boston;2118;13/06/15;17/06/15;-144.2;44;1332.09;39430
19917;Medium;0.02;7.64;1.39;1131;Benjamin Strauss;Regular Air;Home Office;Office Supplies;Envelopes;Small Box;"#10- 4 1/8"" x 9 1/2"" Security-Tint Envelopes";0.36;United States;Central;Texas;El Paso;79907;21/05/15;23/05/15;70.1937;13;101.73;88103
23568;Low;0.03;30.98;6.5;1132;Michael Robbins;Regular Air;Corporate;Technology;Computer Peripherals;Small Box;Logitech Internet Navigator Keyboard;0.79;United States;Central;Texas;Euless;76039;13/06/15;17/06/15;-115.36;11;333.02;88104
24539;Medium;0.01;18.97;9.54;1142;Russell Chan;Regular Air;Home Office;Office Supplies;Paper;Small Box;Xerox 1939;0.37;United States;Central;Texas;Waco;76706;6/06/15;9/06/15;85.875;11;227.67;86575
25179;Low;0.05;7.59;4.0;1151;Edna Huang;Regular Air;Corporate;Furniture;Office Furnishings;Wrap Bag;Master Giant Foot® Doorstop, Safety Yellow;0.42;United States;East;Massachusetts;South Hadley;1075;9/06/15;9/06/15;6.0927;1;8.83;91344
20897;High;0.04;100.98;35.84;1159;Arlene Weeks;Delivery Truck;Consumer;Furniture;Bookcases;Jumbo Box;Bush Westfield Collection Bookcases, Fully Assembled;0.62;United States;East;New Jersey;Union City;7086;20/05/15;21/05/15;-152.76;1;110.75;90854
18860;Not Specified;0.09;9.78;1.39;1170;Jessie Houston;Regular Air;Consumer;Office Supplies;Envelopes;Small Box;"Staples #10 Laser & Inkjet Envelopes, 4 1/8"" x 9 1/2"", 100/Box";0.39;United States;East;Delaware;Newark;19711;2/06/15;3/06/15;125.2074;19;181.46;87520
18861;Not Specified;0.0;200.99;8.08;1170;Jessie Houston;Regular Air;Consumer;Technology;Telephones and Communication;Small Box;5125;0.59;United States;East;Delaware;Newark;19711;2/06/15;4/06/15;281.5344;6;1076.3;87520
19182;High;0.03;4.48;49.0;1178;Sandy Hunt;Regular Air;Consumer;Office Supplies;Appliances;Large Box;Hoover Portapower™ Portable Vacuum;0.6;United States;South;Florida;Altamonte Springs;32701;9/04/15;11/04/15;64.266;2;21.46;89787
19183;High;0.06;350.99;39.0;1178;Sandy Hunt;Delivery Truck;Consumer;Furniture;Chairs & Chairmats;Jumbo Drum;Global Leather Executive Chair;0.55;United States;South;Florida;Altamonte Springs;32701;9/04/15;11/04/15;-302.6156;10;3506.78;89787
19184;High;0.09;40.98;6.5;1178;Sandy Hunt;Express Air;Consumer;Technology;Computer Peripherals;Small Box;Targus USB Numeric Keypad;0.74;United States;South;Florida;Altamonte Springs;32701;9/04/15;11/04/15;5.6916;7;267.69;89787
19185;High;0.09;349.45;60.0;1178;Sandy Hunt;Delivery Truck;Consumer;Furniture;Tables;Jumbo Drum;SAFCO PlanMaster Heigh-Adjustable Drafting Table Base, 43w x 30d x 30-37h, Black;;United States;South;Florida;Altamonte Springs;32701;9/04/15;10/04/15;-369.11;7;2307.26;89787
19484;High;0.07;2.61;0.5;1182;Jesse Williamson;Regular Air;Home Office;Office Supplies;Labels;Small Box;Avery 494;0.39;United States;West;Utah;Spanish Fork;84660;23/05/15;23/05/15;27.0135;15;39.15;86913
21522;Not Specified;0.04;35.99;3.3;1183;Becky O'Brien;Regular Air;Home Office;Technology;Telephones and Communication;Small Pack;Accessory9;0.39;United States;West;Utah;Springville;84663;29/06/15;29/06/15;184.1955;9;266.95;86914
20764;Not Specified;0.08;11.7;6.96;1185;Lee Xu;Regular Air;Consumer;Office Supplies;Appliances;Medium Box;Harmony HEPA Quiet Air Purifiers;0.5;United States;South;Alabama;Madison;35756;10/04/15;13/04/15;28.566;8;87.8;85940
24358;Critical;0.07;400.97;48.26;1186;Glenda Herbert;Delivery Truck;Consumer;Technology;Office Machines;Jumbo Box;Hewlett-Packard Deskjet 1220Cse Color Inkjet Printer;0.36;United States;West;California;Huntington Beach;92646;9/04/15;10/04/15;2581.5591;10;3741.39;85939
18829;Low;0.06;10.89;4.5;1189;Dwight Stephenson;Regular Air;Consumer;Office Supplies;Appliances;Small Box;Belkin 6 Outlet Metallic Surge Strip;0.59;United States;West;California;Huntington Beach;92646;17/06/15;22/06/15;-25.112;14;149.32;87584
18830;Low;0.03;10.64;5.16;1189;Dwight Stephenson;Regular Air;Consumer;Furniture;Office Furnishings;Small Box;Eldon Expressions Punched Metal & Wood Desk Accessories, Pewter & Cherry;0.57;United States;West;California;Huntington Beach;92646;17/06/15;22/06/15;17.376;16;177.01;87584
18831;Low;0.03;7.96;4.95;1189;Dwight Stephenson;Regular Air;Consumer;Furniture;Office Furnishings;Small Box;Staples Plastic Wall Frames;0.41;United States;West;California;Huntington Beach;92646;17/06/15;19/06/15;24.2604;4;35.16;87584
19553;Low;0.03;28.53;1.49;1191;John Morse;Regular Air;Small Business;Office Supplies;Binders and Binder Accessories;Small Box;Lock-Up Easel 'Spel-Binder';0.38;United States;East;Connecticut;New Britain;6050;28/06/15;1/07/15;59.4405;3;88.84;87587
830;Low;0.03;10.64;5.16;1193;Louis Parrish;Regular Air;Consumer;Furniture;Office Furnishings;Small Box;Eldon Expressions Punched Metal & Wood Desk Accessories, Pewter & Cherry;0.57;United States;East;District of Columbia;Washington;20016;17/06/15;22/06/15;14.48;63;696.96;5984
831;Low;0.03;7.96;4.95;1193;Louis Parrish;Regular Air;Consumer;Furniture;Office Furnishings;Small Box;Staples Plastic Wall Frames;0.41;United States;East;District of Columbia;Washington;20016;17/06/15;19/06/15;22.25;17;149.41;5984
5468;Not Specified;0.03;5.98;1.49;1193;Louis Parrish;Regular Air;Small Business;Office Supplies;Binders and Binder Accessories;Small Box;Avery Hanging File Binders;0.39;United States;East;District of Columbia;Washington;20016;1/05/15;3/05/15;38.08;85;517.85;38852
1552;Low;0.09;49.99;19.99;1193;Louis Parrish;Regular Air;Small Business;Technology;Computer Peripherals;Small Box;Zoom V.92 USB External Faxmodem;0.41;United States;East;District of Columbia;Washington;20016;28/06/15;30/06/15;-17.03;48;2373.32;11206
1553;Low;0.03;28.53;1.49;1193;Louis Parrish;Regular Air;Small Business;Office Supplies;Binders and Binder Accessories;Small Box;Lock-Up Easel 'Spel-Binder';0.38;United States;East;District of Columbia;Washington;20016;28/06/15;1/07/15;39.627;11;325.73;11206
23468;Not Specified;0.03;5.98;1.49;1194;Sidney Brewer;Regular Air;Small Business;Office Supplies;Binders and Binder Accessories;Small Box;Avery Hanging File Binders;0.39;United States;South;Florida;Immokalee;34142;1/05/15;3/05/15;20.496;21;127.94;87586
19552;Low;0.09;49.99;19.99;1203;Judy Merritt;Regular Air;Small Business;Technology;Computer Peripherals;Small Box;Zoom V.92 USB External Faxmodem;0.41;United States;East;Rhode Island;Cranston;2920;28/06/15;30/06/15;-8.515;12;593.33;87587
7632;Medium;0.09;130.98;30.0;1217;Billy Perry Browning;Delivery Truck;Small Business;Furniture;Chairs & Chairmats;Jumbo Drum;Office Star - Contemporary Task Swivel chair with 2-way adjustable arms, Plum;0.78;United States;East;Massachusetts;Boston;2112;28/04/15;1/05/15;-421.76;41;5258.94;54595
25631;Medium;0.02;8.34;2.64;1226;Ken Cash;Regular Air;Small Business;Office Supplies;Scissors, Rulers and Trimmers;Small Pack;Acme® Elite Stainless Steel Scissors;0.59;United States;East;Rhode Island;Pawtucket;2861;28/04/15;30/04/15;6.79;8;66.74;90800
25632;Medium;0.09;130.98;30.0;1227;Elsie Hwang;Delivery Truck;Small Business;Furniture;Chairs & Chairmats;Jumbo Drum;Office Star - Contemporary Task Swivel chair with 2-way adjustable arms, Plum;0.78;United States;East;Vermont;South Burlington;5403;28/04/15;1/05/15;-421.76;10;1282.67;90800
21206;Critical;0.1;120.98;9.07;1233;Gary Hester;Express Air;Consumer;Office Supplies;Binders and Binder Accessories;Small Box;GBC VeloBinder Electric Binding Machine;0.35;United States;Central;Texas;Flower Mound;75028;9/04/15;11/04/15;297.45716;5;568.24;89375
21207;Critical;0.02;152.48;6.5;1233;Gary Hester;Express Air;Consumer;Technology;Computer Peripherals;Small Box;Adesso Programmable 142-Key Keyboard;0.74;United States;Central;Texas;Flower Mound;75028;9/04/15;11/04/15;-564.6024;1;162.91;89375
19874;High;0.09;99.99;19.99;1233;Gary Hester;Regular Air;Consumer;Technology;Computer Peripherals;Small Box;US Robotics 56K V.92 External Faxmodem;0.52;United States;Central;Texas;Flower Mound;75028;4/06/15;6/06/15;-161.475;1;97.65;89376
19875;High;0.04;205.99;5.26;1233;Gary Hester;Regular Air;Consumer;Technology;Telephones and Communication;Small Box;i470;0.56;United States;Central;Texas;Flower Mound;75028;4/06/15;5/06/15;-0.814;6;1018.61;89376
20432;Medium;0.05;300.98;13.99;1237;Eva Simpson;Regular Air;Corporate;Technology;Office Machines;Medium Box;Polycom VoiceStation 100;0.39;United States;Central;Texas;Carrollton;75007;25/05/15;26/05/15;3985.3089;20;5775.81;86077
20433;Medium;0.04;205.99;5.0;1237;Eva Simpson;Express Air;Corporate;Technology;Telephones and Communication;Small Box;Phone 918;0.59;United States;Central;Texas;Carrollton;75007;25/05/15;26/05/15;13.9568;11;1878.24;86077
5117;High;0.1;22.38;15.1;1246;Lois Hansen;Regular Air;Home Office;Office Supplies;Binders and Binder Accessories;Small Box;Avery Flip-Chart Easel Binder, Black;0.38;United States;East;New York;New York City;10009;5/04/15;6/04/15;-107.5135;26;564.98;36452
5118;High;0.04;6.98;2.83;1246;Lois Hansen;Regular Air;Home Office;Furniture;Office Furnishings;Small Pack;G.E. Halogen Desk Lamp Bulbs;0.37;United States;East;New York;New York City;10009;5/04/15;7/04/15;46.01;18;129.48;36452
6581;Low;0.03;256.99;11.25;1246;Lois Hansen;Regular Air;Home Office;Technology;Computer Peripherals;Small Box;Hayes Optima 56K V.90 Internal Voice Modem;0.51;United States;East;New York;New York City;10009;22/05/15;22/05/15;1489.8;32;8216.28;46853
23117;High;0.1;22.38;15.1;1247;Henry O'Connell;Regular Air;Home Office;Office Supplies;Binders and Binder Accessories;Small Box;Avery Flip-Chart Easel Binder, Black;0.38;United States;Central;Texas;Leander;78641;5/04/15;6/04/15;-107.5135;7;152.11;91555
23118;High;0.04;6.98;2.83;1247;Henry O'Connell;Regular Air;Home Office;Furniture;Office Furnishings;Small Pack;G.E. Halogen Desk Lamp Bulbs;0.37;United States;Central;Texas;Leander;78641;5/04/15;7/04/15;24.8193;5;35.97;91555
18413;High;0.0;3.89;7.01;1250;Kara Patton;Regular Air;Corporate;Office Supplies;Binders and Binder Accessories;Small Box;Avery Binder Labels;0.37;United States;Central;Illinois;Carpentersville;60110;9/04/15;9/04/15;-255.1689;21;85.64;87877
18414;High;0.09;120.98;30.0;1250;Kara Patton;Delivery Truck;Corporate;Furniture;Chairs & Chairmats;Jumbo Drum;Hon Every-Day® Chair Series Swivel Task Chairs;0.64;United States;Central;Illinois;Carpentersville;60110;9/04/15;11/04/15;74.0048;22;2508.15;87877
18415;High;0.1;30.98;5.76;1250;Kara Patton;Regular Air;Corporate;Office Supplies;Paper;Small Box;"IBM Multi-Purpose Copy Paper, 8 1/2 x 11"", Case";0.4;United States;Central;Illinois;Carpentersville;60110;9/04/15;10/04/15;109.4248;8;225.62;87877
19322;Low;0.02;46.89;5.1;1253;Vickie Coates;Regular Air;Home Office;Office Supplies;Appliances;Medium Box;Bionaire Personal Warm Mist Humidifier/Vaporizer;0.46;United States;Central;Texas;Cedar Park;78613;23/04/15;23/04/15;421.3485;13;610.65;89981
19323;Low;0.05;140.98;36.09;1253;Vickie Coates;Delivery Truck;Home Office;Furniture;Bookcases;Jumbo Box;Sauder Forest Hills Library, Woodland Oak Finish;0.77;United States;Central;Texas;Cedar Park;78613;23/04/15;25/04/15;-373.09;5;699.24;89981
19324;Low;0.1;212.6;110.2;1253;Vickie Coates;Delivery Truck;Home Office;Furniture;Tables;Jumbo Box;Bush Advantage Collection® Round Conference Table;0.73;United States;Central;Texas;Cedar Park;78613;23/04/15;25/04/15;-3465.072;12;2346.03;89981
23455;Medium;0.04;2.08;1.49;1254;Anne Bland;Regular Air;Home Office;Office Supplies;Binders and Binder Accessories;Small Box;Economy Binders;0.36;United States;Central;Texas;Channelview;77530;21/05/15;23/05/15;-11.2815;16;33.77;89982
18131;Medium;0.01;115.99;56.14;1257;Ryan Foster;Delivery Truck;Home Office;Technology;Office Machines;Jumbo Drum;Hewlett-Packard Deskjet 5550 Color Inkjet Printer;0.4;United States;West;Colorado;Aurora;80013;22/05/15;23/05/15;-164.3952;5;604.35;86535
18693;Critical;0.04;2.52;1.92;1257;Ryan Foster;Regular Air;Home Office;Office Supplies;Scissors, Rulers and Trimmers;Wrap Bag;Letter Slitter;0.82;United States;West;Colorado;Aurora;80013;24/04/15;24/04/15;-8.208;1;3.13;86536
24939;High;0.03;3.69;2.5;1259;Keith Hobbs;Express Air;Home Office;Office Supplies;Envelopes;Small Box;Colored Envelopes;0.39;United States;South;Kentucky;Danville;40422;20/04/15;20/04/15;-2196.684;9;38.65;86534
21771;Critical;0.02;73.98;14.52;1261;Vickie Gonzalez;Regular Air;Home Office;Technology;Computer Peripherals;Small Box;Keytronic French Keyboard;0.65;United States;West;Colorado;Broomfield;80020;7/05/15;10/05/15;43.538;5;378.23;89730
24559;Critical;0.05;5.28;6.26;1265;Danielle Kramer;Regular Air;Home Office;Office Supplies;Paper;Small Box;Xerox 1928;0.4;United States;Central;Oklahoma;Altus;73521;11/06/15;12/06/15;-11.376;1;7.15;89729
21848;Not Specified;0.08;128.24;12.65;1267;Rosemary Branch;Regular Air;Corporate;Furniture;Chairs & Chairmats;Medium Box;SAFCO Folding Chair Trolley;;United States;South;Florida;Boca Raton;33433;12/05/15;13/05/15;-379.344;3;366.44;89515
21849;Not Specified;0.04;5.98;4.38;1267;Rosemary Branch;Regular Air;Corporate;Technology;Computer Peripherals;Small Pack;"Imation 3.5"" DS/HD IBM Formatted Diskettes, 10/Pack";0.75;United States;South;Florida;Boca Raton;33433;12/05/15;14/05/15;-1522.304;11;69.75;89515
19550;Medium;0.07;125.99;7.69;1271;Joanne Church;Regular Air;Corporate;Technology;Telephones and Communication;Small Box;StarTAC 3000;0.59;United States;West;California;La Mesa;91941;9/04/15;10/04/15;588.2457;8;852.53;88410
19398;Low;0.1;34.23;5.02;1271;Joanne Church;Regular Air;Corporate;Furniture;Office Furnishings;Small Box;Hand-Finished Solid Wood Document Frame;0.55;United States;West;California;La Mesa;91941;1/05/15;6/05/15;151.5654;7;219.66;88411
25092;Medium;0.08;2.88;0.5;1304;Sherri McIntosh;Regular Air;Consumer;Office Supplies;Labels;Small Box;Avery 507;0.39;United States;West;Utah;West Jordan;84084;23/04/15;24/04/15;6.0306;3;8.74;87004
22832;Low;0.04;8.33;1.99;1307;Teresa Hill;Regular Air;Small Business;Technology;Computer Peripherals;Small Pack;80 Minute Slim Jewel Case CD-R , 10/Pack - Staples;0.52;United States;West;Oregon;Coos Bay;97420;30/06/15;7/07/15;44.892;16;131.26;91451
3431;Not Specified;0.07;3.98;0.83;1340;Marie Bass;Regular Air;Home Office;Office Supplies;Pens & Art Supplies;Wrap Bag;Fluorescent Highlighters by Dixon;0.51;United States;East;New York;New York City;10170;6/06/15;9/06/15;27.38;76;282.85;24455
21430;Not Specified;0.0;20.89;1.99;1341;Edward Bynum;Regular Air;Home Office;Technology;Computer Peripherals;Small Pack;IBM 80 Minute CD-R Spindle, 50/Pack;0.48;United States;East;Pennsylvania;Chambersburg;17201;6/06/15;8/06/15;-5.295;4;84.56;91245
21431;Not Specified;0.07;3.98;0.83;1341;Edward Bynum;Regular Air;Home Office;Office Supplies;Pens & Art Supplies;Wrap Bag;Fluorescent Highlighters by Dixon;0.51;United States;East;Pennsylvania;Chambersburg;17201;6/06/15;9/06/15;41.07;19;70.71;91245
20804;Low;0.1;2.62;0.8;1347;Vivian Goldstein;Regular Air;Home Office;Office Supplies;Rubber Bands;Wrap Bag;Staples Metal Binder Clips;0.39;United States;South;Florida;Brandon;33511;30/04/15;6/05/15;-94.4909;21;51.86;89686
22414;High;0.0;12.2;6.02;1350;Jackie Burke;Express Air;Home Office;Furniture;Office Furnishings;Small Pack;Advantus Panel Wall Certificate Holder - 8.5x11;0.43;United States;South;Florida;Carol City;33055;17/04/15;18/04/15;-172.298;4;56.24;88233
24232;High;0.05;17.67;8.99;1352;Vivian Clarke;Regular Air;Home Office;Furniture;Office Furnishings;Small Pack;"Executive Impressions 12"" Wall Clock";0.47;United States;East;Maryland;Camp Springs;20746;30/04/15;1/05/15;46.0368;16;283.44;88234
18733;Medium;0.03;125.99;7.69;1357;Marguerite Yu;Regular Air;Home Office;Technology;Telephones and Communication;Small Box;Timeport L7089;0.58;United States;Central;Texas;Weslaco;78596;3/06/15;5/06/15;500.958;9;981.65;88184
18645;High;0.07;119.99;16.8;1357;Marguerite Yu;Delivery Truck;Home Office;Technology;Office Machines;Jumbo Box;Epson C62 Color Inkjet Printer;0.35;United States;Central;Texas;Weslaco;78596;28/06/15;30/06/15;1206.5961;15;1748.69;88185
24534;Critical;0.06;44.01;3.5;1374;Earl Buck;Regular Air;Home Office;Office Supplies;Appliances;Small Box;Acco Smartsocket® Color-Coded Six-Outlet AC Adapter Model Surge Protectors;0.59;United States;West;California;Stockton;95207;7/06/15;8/06/15;-21.232;1;46.94;88212
19932;Low;0.05;2.89;0.5;1380;Jeanne Walker;Regular Air;Home Office;Office Supplies;Labels;Small Box;Avery 498;0.38;United States;East;New Hampshire;Portsmouth;3801;27/06/15;3/07/15;18.0642;9;26.18;88213
19018;Medium;0.03;2.23;4.57;1383;Christina Hanna;Regular Air;Consumer;Furniture;Office Furnishings;Small Pack;Eldon Pizzaz™ Desk Accessories;0.41;United States;West;Utah;West Valley City;84120;1/05/15;2/05/15;-93.25;12;28.66;89406
25790;Not Specified;0.07;11.29;5.03;1384;George McLamb;Regular Air;Consumer;Office Supplies;Storage & Organization;Small Box;X-Rack™ File for Hanging Folders;0.59;United States;South;Virginia;Alexandria;22304;30/06/15;2/07/15;-163.03;11;123.18;89407
22984;Low;0.02;70.97;3.5;1384;George McLamb;Regular Air;Consumer;Office Supplies;Appliances;Small Box;Tripp Lite Isotel 8 Ultra 8 Outlet Metal Surge;0.59;United States;South;Virginia;Alexandria;22304;7/06/15;14/06/15;23.616;21;1533.59;89408
19852;High;0.08;2.62;0.8;1389;Jean Khan;Express Air;Small Business;Office Supplies;Rubber Bands;Wrap Bag;Staples Metal Binder Clips;0.39;United States;West;California;Menlo Park;94025;13/05/15;15/05/15;21.7695;12;31.55;88728
19111;High;0.09;2.61;0.5;1389;Jean Khan;Regular Air;Consumer;Office Supplies;Labels;Small Box;Avery 494;0.39;United States;West;California;Menlo Park;94025;3/06/15;5/06/15;29.3802;17;42.58;88729
18702;Critical;0.1;8.17;1.69;1390;Hazel Jones;Regular Air;Corporate;Office Supplies;Paper;Wrap Bag;Wirebound Message Forms, Four 2 3/4 x 5 Forms per Page, Pink Paper;0.38;United States;West;California;Stockton;95207;16/05/15;16/05/15;100.2984;19;145.36;88731
18703;Critical;0.03;110.99;2.5;1390;Hazel Jones;Regular Air;Corporate;Technology;Telephones and Communication;Small Box;T18;0.57;United States;West;California;Stockton;95207;16/05/15;18/05/15;2495.3988;38;3616.52;88731
20523;Not Specified;0.0;2.88;0.7;1391;Carolyn Greer;Express Air;Consumer;Office Supplies;Pens & Art Supplies;Wrap Bag;Newell 340;0.56;United States;West;California;Sunnyvale;94086;24/04/15;24/04/15;-0.11;1;7.96;88727
20163;Low;0.07;12.28;6.13;1391;Carolyn Greer;Regular Air;Small Business;Office Supplies;Storage & Organization;Small Box;Recycled Eldon Regeneration Jumbo File;0.57;United States;West;California;Sunnyvale;94086;3/05/15;10/05/15;15.236;33;389.59;88730
19417;Medium;0.0;65.99;5.26;1410;Charles Ward;Regular Air;Corporate;Technology;Telephones and Communication;Small Box;g520;0.59;United States;West;California;Moreno Valley;92553;7/04/15;8/04/15;369.9987;9;536.23;87086
1417;Medium;0.0;65.99;5.26;1413;Pamela Wiley;Regular Air;Corporate;Technology;Telephones and Communication;Small Box;g520;0.59;United States;East;Massachusetts;Boston;2113;7/04/15;8/04/15;542.25;36;2144.92;10277
25129;Critical;0.02;417.4;75.23;1416;Betsy Gibson;Delivery Truck;Small Business;Furniture;Tables;Jumbo Box;Bretford “Just In Time” Height-Adjustable Multi-Task Work Tables;0.79;United States;Central;Indiana;Indianapolis;46203;6/05/15;7/05/15;-634.8654;1;471.21;90538
24722;High;0.04;46.89;5.1;1416;Betsy Gibson;Regular Air;Small Business;Office Supplies;Appliances;Medium Box;Bionaire Personal Warm Mist Humidifier/Vaporizer;0.46;United States;Central;Indiana;Indianapolis;46203;25/06/15;27/06/15;87.12;4;182.61;90540
24295;Not Specified;0.01;124.49;51.94;1419;Brooke Lancaster;Delivery Truck;Small Business;Furniture;Tables;Jumbo Box;Bevis 36 x 72 Conference Tables;0.63;United States;Central;Indiana;Lafayette;47905;25/06/15;26/06/15;-94.674645;18;2376.12;90540
23620;Not Specified;0.05;8.04;8.94;1424;Robyn Zhou;Regular Air;Home Office;Office Supplies;Binders and Binder Accessories;Small Box;Fellowes Twister Kit, Gray/Clear, 3/pkg;0.4;United States;West;Colorado;Englewood;80112;20/06/15;22/06/15;-164.3948;15;121.36;89449
18762;Low;0.07;10.98;4.8;1432;Kerry Green;Regular Air;Corporate;Office Supplies;Envelopes;Small Box;"Manila Recycled Extra-Heavyweight Clasp Envelopes, 6"" x 9""";0.36;United States;Central;Indiana;Indianapolis;46203;20/06/15;27/06/15;52.92;16;165.21;86827
20124;High;0.07;300.98;64.73;1433;Frances Jackson;Delivery Truck;Corporate;Furniture;Chairs & Chairmats;Jumbo Drum;Global Leather and Oak Executive Chair, Black;0.56;United States;Central;Indiana;Jeffersonville;47130;19/05/15;21/05/15;1399.64;14;4285.56;86828
20125;High;0.01;20.98;45.0;1433;Frances Jackson;Delivery Truck;Corporate;Office Supplies;Storage & Organization;Jumbo Drum;Tennsco Lockers, Sand;0.61;United States;Central;Indiana;Jeffersonville;47130;19/05/15;19/05/15;232.642;28;631.37;86828
23415;Critical;0.05;6.48;6.22;1439;Kyle Kaufman;Regular Air;Corporate;Office Supplies;Paper;Small Box;Xerox 1894;0.37;United States;East;Ohio;Euclid;44117;28/04/15;29/04/15;-29.07;3;21.46;90121
22672;Not Specified;0.04;177.98;0.99;1442;Rodney Field;Regular Air;Corporate;Office Supplies;Appliances;Small Box;Kensington 7 Outlet MasterPiece Power Center;0.56;United States;Central;Missouri;Springfield;65807;25/06/15;27/06/15;1909.8855;15;2767.95;89076
23793;Medium;0.1;218.08;18.06;1450;Veronica Peck;Express Air;Consumer;Furniture;Chairs & Chairmats;Large Box;Lifetime Advantage™ Folding Chairs, 4/Carton;0.57;United States;West;California;South Lake Tahoe;96150;24/05/15;25/05/15;1318.83;12;2366.51;86735
25006;High;0.05;85.99;0.99;1459;Steve Raynor;Regular Air;Consumer;Technology;Telephones and Communication;Wrap Bag;Accessory34;0.55;United States;South;South Carolina;Taylors;29687;5/04/15;7/04/15;36.216;4;291.64;86734
18105;High;0.05;12.95;4.98;1461;Norman Adams;Regular Air;Consumer;Office Supplies;Binders and Binder Accessories;Small Box;GBC Binding covers;0.4;United States;Central;Indiana;Lafayette;47905;2/06/15;4/06/15;134.16825;19;252.36;86397
23735;High;0.0;65.99;8.99;1466;Wesley Reid;Regular Air;Small Business;Technology;Telephones and Communication;Small Box;5180;0.56;United States;Central;Nebraska;Columbus;68601;11/06/15;13/06/15;253.3032;10;575.07;91115
25917;Low;0.04;130.98;54.74;1466;Wesley Reid;Delivery Truck;Small Business;Furniture;Bookcases;Jumbo Box;O'Sullivan Elevations Bookcase, Cherry Finish;0.69;United States;Central;Nebraska;Columbus;68601;12/06/15;12/06/15;-723.784;14;1781.66;91116
25915;Low;0.04;105.29;10.12;1469;Vicki Zhu Daniels;Regular Air;Small Business;Furniture;Office Furnishings;Large Box;Eldon Antistatic Chair Mats for Low to Medium Pile Carpets;0.79;United States;West;Utah;Clearfield;84015;12/06/15;16/06/15;589.188;9;940.64;91116
25916;Low;0.07;31.76;45.51;1469;Vicki Zhu Daniels;Delivery Truck;Small Business;Furniture;Tables;Jumbo Box;Hon iLevel™ Computer Training Table;0.65;United States;West;Utah;Clearfield;84015;12/06/15;14/06/15;-1314.992;18;439.27;91116
23958;Not Specified;0.02;30.98;6.5;1472;Tommy Ellis Ritchie;Express Air;Home Office;Technology;Computer Peripherals;Small Box;Logitech Internet Navigator Keyboard;0.79;United States;East;Ohio;Westlake;44145;30/06/15;1/07/15;-44.624;17;552.89;87078
22313;Medium;0.05;20.27;3.99;1472;Tommy Ellis Ritchie;Regular Air;Home Office;Office Supplies;Appliances;Small Box;Fellowes Mighty 8 Compact Surge Protector;0.57;United States;East;Ohio;Westlake;44145;25/05/15;26/05/15;309.254;30;621.56;87079
18460;High;0.04;119.99;14.0;1492;Don Beard;Delivery Truck;Corporate;Technology;Office Machines;Jumbo Drum;Epson C82 Color Inkjet Printer;0.36;United States;Central;Missouri;Ozark;65721;16/06/15;18/06/15;509.9583;6;739.07;88004
21682;Critical;0.08;3.69;0.5;1502;Renee Huang;Regular Air;Small Business;Office Supplies;Labels;Small Box;Avery 487;0.38;United States;South;Florida;Coral Springs;33065;7/05/15;10/05/15;-3.6547;38;129.43;89193
18868;Low;0.08;5.84;1.0;1502;Renee Huang;Express Air;Small Business;Office Supplies;Pens & Art Supplies;Wrap Bag;Quartet Omega® Colored Chalk, 12/Pack;0.38;United States;South;Florida;Coral Springs;33065;29/06/15;3/07/15;731.922;11;61.39;89194
18869;Low;0.0;205.99;8.99;1502;Renee Huang;Regular Air;Small Business;Technology;Telephones and Communication;Small Box;StarTAC 8000;0.6;United States;South;Florida;Coral Springs;33065;29/06/15;2/07/15;186.558;13;2435.52;89194
18061;Low;0.0;85.99;0.99;1505;Kay Schultz;Regular Air;Small Business;Technology;Telephones and Communication;Wrap Bag;Accessory4;0.85;United States;Central;Texas;College Station;77840;13/06/15;18/06/15;-138.0368;6;464.86;86181
23329;Critical;0.09;20.98;1.49;1511;Joseph Dawson;Regular Air;Corporate;Office Supplies;Binders and Binder Accessories;Small Box;Avery Legal 4-Ring Binder;0.35;United States;Central;Indiana;Muncie;47302;22/06/15;24/06/15;199.1823;14;288.67;90303
23470;Critical;0.06;55.48;4.85;1519;Randall Boykin;Regular Air;Consumer;Office Supplies;Paper;Small Box;Xerox 1888;0.37;United States;East;Maine;Auburn;4210;14/06/15;14/06/15;711.0519;19;1030.51;89957
23471;Critical;0.1;122.99;70.2;1522;Earl Watts;Delivery Truck;Consumer;Furniture;Chairs & Chairmats;Jumbo Drum;Global High-Back Leather Tilter, Burgundy;0.74;United States;Central;Minnesota;Hopkins;55305;14/06/15;15/06/15;-899.675;17;2026.91;89957
21455;Low;0.09;50.98;6.5;1527;Neil Parker;Regular Air;Home Office;Technology;Computer Peripherals;Small Box;Microsoft Natural Multimedia Keyboard;0.73;United States;South;Alabama;Decatur;35601;21/05/15;28/05/15;70.176;28;1395.41;86815
23147;Low;0.0;599.99;24.49;1548;John Bray;Regular Air;Corporate;Technology;Copiers and Fax;Large Box;Canon Image Class D660 Copier;0.44;United States;Central;Indiana;Richmond;47374;23/06/15;25/06/15;-367.165;18;11015.82;88487
19627;Low;0.07;17.7;9.47;1551;Laurence Flowers;Regular Air;Consumer;Office Supplies;Storage & Organization;Small Box;Portfile® Personal File Boxes;0.59;United States;South;Mississippi;Biloxi;39530;25/06/15;1/07/15;-243.544;18;300.67;87488
26135;High;0.04;10.98;3.99;1554;Joan Floyd;Regular Air;Small Business;Office Supplies;Appliances;Small Box;Staples Surge Protector 6 outlet;0.58;United States;South;Mississippi;Gulfport;39503;18/05/15;18/05/15;481.032;15;172.22;87485
18294;Not Specified;0.06;2.89;0.99;1556;Carol Wood;Regular Air;Consumer;Office Supplies;Labels;Small Box;Avery 482;0.38;United States;South;Virginia;Alexandria;22304;1/06/15;3/06/15;-2.0097;6;16.67;87425
18295;Not Specified;0.08;22.84;11.54;1556;Carol Wood;Regular Air;Consumer;Office Supplies;Paper;Small Box;Xerox 1964;0.39;United States;South;Virginia;Alexandria;22304;1/06/15;3/06/15;-477.372;9;195.16;87425
26229;Critical;0.1;226.67;28.16;1559;Zachary Maynard;Delivery Truck;Consumer;Furniture;Chairs & Chairmats;Jumbo Drum;Hon GuestStacker Chair;0.59;United States;South;Virginia;Blacksburg;24060;15/04/15;17/04/15;-390.768;5;1088.26;87424
19208;Critical;0.05;12.2;6.02;1561;Edwin Coley;Regular Air;Corporate;Furniture;Office Furnishings;Small Pack;Advantus Panel Wall Certificate Holder - 8.5x11;0.43;United States;Central;Texas;Mansfield;76063;13/04/15;14/04/15;-6.642;5;63.93;88094
25013;Medium;0.03;19.04;6.38;1590;Lucille Buchanan;Express Air;Corporate;Furniture;Office Furnishings;Small Box;Eldon Expressions™ Desk Accessory, Wood Photo Frame, Mahogany;0.56;United States;East;Ohio;Willoughby;44094;4/04/15;4/04/15;83.7936;7;144.03;86668
25011;Medium;0.02;5.53;6.98;1593;Ronald O'Neill;Regular Air;Corporate;Office Supplies;Binders and Binder Accessories;Small Box;Avery Durable Poly Binders;0.39;United States;Central;Oklahoma;Bartlesville;74006;4/04/15;6/04/15;-77.82372;8;48.81;86668
21059;High;0.01;500.98;26.0;1595;Chad Henson;Delivery Truck;Corporate;Furniture;Chairs & Chairmats;Jumbo Drum;Global Troy™ Executive Leather Low-Back Tilter;0.6;United States;East;West Virginia;Huntington;25705;11/05/15;12/05/15;5078.538;14;7360.2;90796
21060;High;0.08;9.77;6.02;1595;Chad Henson;Regular Air;Corporate;Furniture;Office Furnishings;Medium Box;DAX Solid Wood Frames;0.48;United States;East;West Virginia;Huntington;25705;11/05/15;12/05/15;23.276;9;89.06;90796
21061;High;0.09;3.28;0.98;1595;Chad Henson;Regular Air;Corporate;Office Supplies;Pens & Art Supplies;Wrap Bag;Newell 329;0.59;United States;East;West Virginia;Huntington;25705;11/05/15;13/05/15;17.754;42;134.97;90796
21928;Critical;0.1;9.11;2.15;1602;Frank Hess;Regular Air;Home Office;Office Supplies;Paper;Wrap Bag;"Black Print Carbonless Snap-Off® Rapid Letter, 8 1/2"" x 7""";0.4;United States;East;Maryland;Waldorf;20601;10/04/15;12/04/15;-3.9312;2;17.42;89680
22921;Not Specified;0.01;15.16;15.09;1607;Kathleen Huang Hall;Regular Air;Home Office;Office Supplies;Binders and Binder Accessories;Small Box;GBC Clear Cover, 8-1/2 x 11, unpunched, 25 covers per pack;0.39;United States;East;New York;Freeport;11520;15/04/15;15/04/15;-200.859;7;110.93;87994
22682;High;0.03;2.16;6.05;1609;Jerry Ennis;Regular Air;Consumer;Office Supplies;Binders and Binder Accessories;Small Box;Peel & Stick Add-On Corner Pockets;0.37;United States;West;California;Sacramento;95823;11/05/15;12/05/15;-90.5855;7;17.31;87824
22683;High;0.03;9.71;9.45;1609;Jerry Ennis;Regular Air;Consumer;Office Supplies;Storage & Organization;Small Box;Filing/Storage Totes and Swivel Casters;0.6;United States;West;California;Sacramento;95823;11/05/15;11/05/15;-36.9;2;23.56;87824
18394;Low;0.06;40.97;1.99;1614;Wayne Lutz;Regular Air;Consumer;Technology;Computer Peripherals;Small Pack;TDK 4.7GB DVD-R Spindle, 15/Pack;0.42;United States;East;Massachusetts;Hopkinton;1748;8/04/15;12/04/15;341.1981;12;494.49;87823
19501;High;0.09;12.88;4.59;1618;June Roberts;Regular Air;Consumer;Office Supplies;Scissors, Rulers and Trimmers;Wrap Bag;Martin-Yale Premier Letter Opener;0.82;United States;Central;Indiana;Highland;46322;6/04/15;6/04/15;-175.13;13;158.13;90248
19502;High;0.02;45.99;4.99;1620;Gerald Petty;Express Air;Consumer;Technology;Telephones and Communication;Small Box;600 Series Non-Flip;0.57;United States;East;Pennsylvania;Lancaster;17602;6/04/15;7/04/15;3.96;4;163.01;90248
23750;High;0.06;15.01;8.4;1623;Patrick Adcock;Regular Air;Small Business;Office Supplies;Binders and Binder Accessories;Small Box;GBC Prepunched Paper, 19-Hole, for Binding Systems, 24-lb;0.39;United States;Central;Indiana;Schererville;46375;24/05/15;26/05/15;1.6169;22;333.04;87611
23751;High;0.09;40.48;19.99;1623;Patrick Adcock;Regular Air;Small Business;Technology;Computer Peripherals;Small Box;Keytronic Designer 104- Key Black Keyboard;0.77;United States;Central;Indiana;Schererville;46375;24/05/15;26/05/15;65.394;12;472.44;87611
23752;High;0.05;12.28;6.13;1623;Patrick Adcock;Regular Air;Small Business;Office Supplies;Storage & Organization;Small Box;Recycled Eldon Regeneration Jumbo File;0.57;United States;Central;Indiana;Schererville;46375;24/05/15;25/05/15;1.336;1;18.73;87611
23604;High;0.06;43.57;16.36;1627;Aaron Day;Regular Air;Corporate;Office Supplies;Storage & Organization;Small Box;Trav-L-File Heavy-Duty Shuttle II, Black;0.55;United States;South;Tennessee;Greeneville;37743;28/05/15;30/05/15;-38.808;17;710.16;90602
20359;High;0.02;25.99;5.37;1632;Lori Wolfe;Regular Air;Home Office;Office Supplies;Pens & Art Supplies;Small Box;BOSTON® Ranger® #55 Pencil Sharpener, Black;0.56;United States;South;Mississippi;Hattiesburg;39401;15/04/15;17/04/15;-88.158;9;243.24;90533
26340;Not Specified;0.08;100.97;14.0;1634;Katherine W Epstein;Delivery Truck;Home Office;Technology;Office Machines;Jumbo Drum;Hewlett-Packard Deskjet 3820 Color Inkjet Printer;0.37;United States;South;Mississippi;Jackson;39212;9/04/15;10/04/15;-73.49412;15;1483.16;90532
18274;Low;0.09;107.53;5.81;1644;Sam Woodward;Regular Air;Small Business;Furniture;Office Furnishings;Medium Box;"Tenex Contemporary Contur Chairmats for Low and Medium Pile Carpet, Computer, 39"" x 49""";0.65;United States;Central;Texas;Friendswood;77546;14/06/15;16/06/15;69.5451;1;100.79;87342
24016;High;0.05;6.48;2.74;1650;Dan Lamm;Regular Air;Corporate;Technology;Computer Peripherals;Small Pack;Sony MFD2HD Formatted Diskettes, 10/Pack;0.71;United States;South;North Carolina;Asheboro;27203;9/05/15;9/05/15;15.096;15;94.27;91042
24017;High;0.09;12.53;0.5;1650;Dan Lamm;Regular Air;Corporate;Office Supplies;Labels;Small Box;Avery 485;0.38;United States;South;North Carolina;Asheboro;27203;9/05/15;10/05/15;14.9124;7;82.21;91042
24019;High;0.08;65.99;8.99;1650;Dan Lamm;Express Air;Corporate;Technology;Telephones and Communication;Small Box;i270;0.55;United States;South;North Carolina;Asheboro;27203;9/05/15;11/05/15;-135.226;8;417.47;91042
21491;Low;0.03;35.41;1.99;1670;Carolyn Bowling;Regular Air;Small Business;Technology;Computer Peripherals;Small Pack;Imation DVD-RAM discs;0.43;United States;South;Virginia;Blacksburg;24060;24/04/15;26/04/15;1912.422;10;367.52;86722
21492;Low;0.0;142.86;19.99;1670;Carolyn Bowling;Regular Air;Small Business;Office Supplies;Storage & Organization;Small Box;Letter Size Cart;0.56;United States;South;Virginia;Blacksburg;24060;24/04/15;3/05/15;-739.326;11;1576.35;86722
22007;Critical;0.03;223.98;15.01;1671;Mitchell Ross;Regular Air;Small Business;Office Supplies;Binders and Binder Accessories;Small Box;GBC DocuBind TL200 Manual Binding Machine;0.38;United States;South;Virginia;Burke;22015;12/05/15;13/05/15;0.696;21;4881.84;86725
25066;Low;0.02;284.98;69.55;1672;Sidney Scarborough;Delivery Truck;Small Business;Furniture;Chairs & Chairmats;Jumbo Drum;Global Commerce™ Series High-Back Swivel/Tilt Chairs;0.6;United States;South;Virginia;Charlottesville;22901;7/06/15;12/06/15;15.528;3;926.3;86723
25067;Low;0.08;55.48;14.3;1672;Sidney Scarborough;Regular Air;Small Business;Office Supplies;Paper;Small Box;Xerox 194;0.37;United States;South;Virginia;Charlottesville;22901;7/06/15;9/06/15;-225.5638;17;942.53;86723
23524;Low;0.09;30.98;19.51;1680;Esther Whitaker;Regular Air;Consumer;Office Supplies;Envelopes;Small Box;Staples Colored Interoffice Envelopes;0.36;United States;East;Ohio;Fairfield;45014;3/05/15;5/05/15;-163.53;18;514.62;86645
23525;Low;0.03;49.34;10.25;1680;Esther Whitaker;Regular Air;Consumer;Furniture;Office Furnishings;Large Box;Electrix Fluorescent Magnifier Lamps & Weighted Base;0.57;United States;East;Ohio;Fairfield;45014;3/05/15;5/05/15;554.77;17;817.32;86645
23626;Not Specified;0.09;95.43;19.99;1690;Neil Bailey;Regular Air;Corporate;Office Supplies;Storage & Organization;Small Box;Fellowes Stor/Drawer® Steel Plus™ Storage Drawers;0.79;United States;East;Pennsylvania;Harrisburg;17112;1/06/15;2/06/15;-143.235;22;2053.6;91078
21262;Low;0.01;15.67;1.39;1693;Melinda Thornton;Express Air;Consumer;Office Supplies;Envelopes;Small Box;#10 White Business Envelopes,4 1/8 x 9 1/2;0.38;United States;South;Virginia;Reston;20190;11/05/15;11/05/15;-273.98;11;188.09;90190
26037;Not Specified;0.03;205.99;3.0;1708;Lillian Day;Regular Air;Small Business;Technology;Telephones and Communication;Small Box;6185;0.58;United States;East;Ohio;Shaker Heights;44118;20/05/15;21/05/15;3670.3515;29;5319.35;88784
24577;Medium;0.04;95.43;19.99;1709;Dennis Bowen;Regular Air;Small Business;Office Supplies;Storage & Organization;Small Box;Fellowes Stor/Drawer® Steel Plus™ Storage Drawers;0.79;United States;East;Pennsylvania;Pottstown;19464;10/05/15;12/05/15;13.536;33;3251.76;88783
21655;Low;0.03;11.66;7.95;1712;Regina Langley;Regular Air;Corporate;Office Supplies;Pens & Art Supplies;Small Pack;Hunt BOSTON® Vista® Battery-Operated Pencil Sharpener, Black;0.58;United States;South;Georgia;Martinez;30907;11/04/15;20/04/15;-31.094;22;267.32;87749
25078;High;0.01;23.99;6.3;1713;Rosemary Stark;Regular Air;Corporate;Technology;Office Machines;Medium Box;TI 36X Solar Scientific Calculator;0.38;United States;South;Georgia;Newnan;30265;29/05/15;31/05/15;-6.202;11;284.39;87748
22596;High;0.04;12.44;6.27;1721;Jennifer Zimmerman;Regular Air;Corporate;Office Supplies;Storage & Organization;Medium Box;Eldon Simplefile® Box Office®;0.57;United States;South;Arkansas;Jonesboro;72401;16/05/15;17/05/15;-258.566;37;464.94;90787
4596;High;0.04;12.44;6.27;1723;Constance Flowers;Regular Air;Corporate;Office Supplies;Storage & Organization;Medium Box;Eldon Simplefile® Box Office®;0.57;United States;West;California;San Diego;92037;16/05/15;17/05/15;-59.06;146;1834.61;32710
18244;High;0.05;35.99;1.1;1725;Linda Blake;Regular Air;Corporate;Technology;Telephones and Communication;Small Box;Accessory35;0.55;United States;East;Ohio;Hilliard;43026;7/05/15;9/05/15;149.166;9;261.56;87193
24545;High;0.1;65.99;3.99;1730;Kerry Wilkerson;Express Air;Small Business;Technology;Telephones and Communication;Small Box;StarTAC 7760;0.59;United States;West;Idaho;Moscow;83843;7/04/15;9/04/15;-88.6248;5;272.86;90653
566;Not Specified;0.02;60.98;49.0;1733;Nina Horne Kelly;Regular Air;Small Business;Office Supplies;Appliances;Large Box;Euro Pro Shark Stick Mini Vacuum;0.59;United States;East;District of Columbia;Washington;20012;4/04/15;6/04/15;-662.52;34;2119.54;3841
567;Not Specified;0.02;1270.99;19.99;1733;Nina Horne Kelly;Regular Air;Small Business;Office Supplies;Binders and Binder Accessories;Small Box;Fellowes PB500 Electric Punch Plastic Comb Binding Machine with Manual Bind;0.35;United States;East;District of Columbia;Washington;20012;4/04/15;6/04/15;9228.2256;36;45737.33;3841
8389;High;0.02;30.98;17.08;1733;Nina Horne Kelly;Regular Air;Small Business;Office Supplies;Paper;Small Box;Xerox 197;0.4;United States;East;District of Columbia;Washington;20012;28/06/15;29/06/15;-32.28;13;438.25;59937
18566;Not Specified;0.02;60.98;49.0;1734;Christopher Meadows;Regular Air;Small Business;Office Supplies;Appliances;Large Box;Euro Pro Shark Stick Mini Vacuum;0.59;United States;East;New York;Harrison;10528;4/04/15;6/04/15;-596.268;9;561.06;88443
18567;Not Specified;0.02;1270.99;19.99;1734;Christopher Meadows;Regular Air;Small Business;Office Supplies;Binders and Binder Accessories;Small Box;Fellowes PB500 Electric Punch Plastic Comb Binding Machine with Manual Bind;0.35;United States;East;New York;Harrison;10528;4/04/15;6/04/15;7889.6877;9;11434.33;88443
18568;Not Specified;0.05;205.99;8.99;1734;Christopher Meadows;Express Air;Small Business;Technology;Telephones and Communication;Small Box;StarTAC 8000;0.6;United States;East;New York;Harrison;10528;4/04/15;6/04/15;1545.80976;19;3229.24;88443
26389;High;0.02;30.98;17.08;1735;Eric West;Regular Air;Small Business;Office Supplies;Paper;Small Box;Xerox 197;0.4;United States;East;New York;Hempstead;11550;28/06/15;29/06/15;-16.14;3;101.13;88444
18012;Not Specified;0.09;30.93;3.92;1737;Danielle Myers;Regular Air;Corporate;Furniture;Office Furnishings;Small Pack;Advantus Employee of the Month Certificate Frame, 11 x 13-1/2;0.44;United States;South;North Carolina;Garner;27529;3/06/15;5/06/15;-130.424;16;451.83;85866
18013;Not Specified;0.03;1.68;0.7;1737;Danielle Myers;Express Air;Corporate;Office Supplies;Pens & Art Supplies;Wrap Bag;Newell 308;0.6;United States;South;North Carolina;Garner;27529;3/06/15;5/06/15;-106.421;11;20.24;85866
18804;Low;0.04;35.44;19.99;1738;Dean Solomon;Regular Air;Corporate;Office Supplies;Paper;Small Box;Xerox 1880;0.38;United States;South;North Carolina;Gastonia;28052;14/06/15;21/06/15;-108.2725;11;406.26;85868
22593;High;0.09;349.45;60.0;1739;Edna Pierce;Delivery Truck;Corporate;Furniture;Tables;Jumbo Drum;SAFCO PlanMaster Heigh-Adjustable Drafting Table Base, 43w x 30d x 30-37h, Black;;United States;South;North Carolina;Goldsboro;27534;3/05/15;4/05/15;-90.748;17;5835.41;85867
1692;High;0.04;124.49;51.94;1745;Herbert Holden;Delivery Truck;Consumer;Furniture;Tables;Jumbo Box;Bevis 36 x 72 Conference Tables;0.63;United States;South;Georgia;Atlanta;30305;12/06/15;14/06/15;-247.55157;4;605.82;12224
1693;High;0.1;35.99;5.0;1745;Herbert Holden;Regular Air;Consumer;Technology;Telephones and Communication;Wrap Bag;Accessory17;0.82;United States;South;Georgia;Atlanta;30305;12/06/15;12/06/15;-277.20924;54;1569.0;12224
19692;High;0.04;124.49;51.94;1748;Helen Simpson;Delivery Truck;Consumer;Furniture;Tables;Jumbo Box;Bevis 36 x 72 Conference Tables;0.63;United States;Central;Oklahoma;Enid;73703;12/06/15;14/06/15;-93.0645;1;151.46;87245
25054;Not Specified;0.0;5.77;4.97;1765;Ralph Woods Scott;Regular Air;Consumer;Office Supplies;Binders and Binder Accessories;Small Box;Avery Binding System Hidden Tab™ Executive Style Index Sets;0.35;United States;Central;Missouri;Creve Coeur;63141;4/05/15;5/05/15;3.5581;8;52.43;89777
19826;Low;0.09;12.95;4.98;1775;Marlene Kirk;Regular Air;Consumer;Office Supplies;Binders and Binder Accessories;Small Box;GBC Binding covers;0.4;United States;Central;Indiana;South Bend;46614;14/06/15;21/06/15;123.89175;21;269.54;89944
20391;Low;0.07;5.43;0.95;1777;Miriam Greenberg;Regular Air;Consumer;Office Supplies;Paper;Wrap Bag;Wirebound Message Book, 4 per Page;0.36;United States;Central;Indiana;Valparaiso;46383;22/04/15;26/04/15;26.5029;7;38.41;89939
20600;Not Specified;0.03;19.99;11.17;1777;Miriam Greenberg;Regular Air;Corporate;Furniture;Office Furnishings;Large Box;Telescoping Adjustable Floor Lamp;0.6;United States;Central;Indiana;Valparaiso;46383;2/04/15;3/04/15;-20.8764;12;251.61;89942
25498;High;0.06;13.99;7.51;1778;Ray Oakley;Regular Air;Consumer;Technology;Office Machines;Medium Box;Sharp EL500L Fraction Calculator;0.39;United States;Central;Indiana;West Lafayette;47906;10/05/15;12/05/15;6.48324;21;287.99;89943
25499;High;0.06;15.04;1.97;1778;Ray Oakley;Regular Air;Consumer;Office Supplies;Paper;Wrap Bag;White GlueTop Scratch Pads;0.39;United States;Central;Indiana;West Lafayette;47906;10/05/15;10/05/15;2.332;3;46.86;89943
19237;High;0.0;55.48;14.3;1781;Jackie Capps;Regular Air;Corporate;Office Supplies;Paper;Small Box;Xerox 194;0.37;United States;West;California;San Carlos;94070;12/06/15;14/06/15;454.4478;11;658.62;89857
22986;Critical;0.04;3.68;1.32;1802;Jack Morse;Regular Air;Corporate;Office Supplies;Scissors, Rulers and Trimmers;Wrap Bag;*Staples* vLetter Openers, 2/Pack;0.83;United States;South;Florida;Dunedin;34698;1/06/15;2/06/15;300.9258;11;41.29;91543
21746;Not Specified;0.09;77.51;4.0;1814;Albert Tyson;Express Air;Home Office;Technology;Computer Peripherals;Small Box;Micro Innovations Media Access Pro Keyboard;0.76;United States;South;Mississippi;Olive Branch;38654;23/05/15;25/05/15;-986.524;17;1300.54;90524
21747;Not Specified;0.0;2.88;0.7;1814;Albert Tyson;Regular Air;Home Office;Office Supplies;Pens & Art Supplies;Wrap Bag;Newell 340;0.56;United States;South;Mississippi;Olive Branch;38654;23/05/15;25/05/15;-141.666;13;38.06;90524
24622;Not Specified;0.06;17.98;8.51;1818;Ian Hall;Regular Air;Consumer;Technology;Office Machines;Medium Box;Canon P1-DHIII Palm Printing Calculator;0.4;United States;Central;Michigan;Dearborn;48126;15/04/15;17/04/15;-47.243088;3;56.38;85991
24623;Not Specified;0.1;9.99;4.78;1818;Ian Hall;Express Air;Consumer;Office Supplies;Paper;Small Box;Xerox 1896;0.4;United States;Central;Michigan;Dearborn;48126;15/04/15;18/04/15;9.154;12;119.13;85991
6621;Not Specified;0.07;18.65;3.77;1821;Vanessa Boyer;Regular Air;Consumer;Furniture;Office Furnishings;Small Pack;3M Polarizing Light Filter Sleeves;0.39;United States;East;New York;New York City;10177;15/04/15;16/04/15;149.72;34;643.64;47108
6622;Not Specified;0.06;17.98;8.51;1821;Vanessa Boyer;Regular Air;Consumer;Technology;Office Machines;Medium Box;Canon P1-DHIII Palm Printing Calculator;0.4;United States;East;New York;New York City;10177;15/04/15;17/04/15;-52.49232;13;244.31;47108
6623;Not Specified;0.1;9.99;4.78;1821;Vanessa Boyer;Express Air;Consumer;Office Supplies;Paper;Small Box;Xerox 1896;0.4;United States;East;New York;New York City;10177;15/04/15;18/04/15;7.96;47;466.58;47108
6624;Not Specified;0.08;175.99;8.99;1821;Vanessa Boyer;Express Air;Consumer;Technology;Telephones and Communication;Small Box;2180;0.57;United States;East;New York;New York City;10177;15/04/15;16/04/15;-459.0828;16;2290.69;47108
19596;Medium;0.1;52.99;19.99;1826;Kate Peck;Express Air;Corporate;Office Supplies;Storage & Organization;Small Box;Gould Plastics 9-Pocket Panel Bin, 18-3/8w x 5-1/4d x 20-1/2h, Black;0.81;United States;Central;Iowa;Bettendorf;52722;18/04/15;19/04/15;-517.17;7;337.59;86958
18199;Medium;0.0;9.27;4.39;1826;Kate Peck;Regular Air;Corporate;Office Supplies;Paper;Wrap Bag;"Wirebound Message Books, Four 2 3/4"" x 5"" Forms per Page, 600 Sets per Book";0.38;United States;Central;Iowa;Bettendorf;52722;12/05/15;14/05/15;-7.61;1;10.65;86959
19597;Medium;0.07;100.98;57.38;1827;Vincent Hale;Delivery Truck;Corporate;Furniture;Bookcases;Jumbo Box;Bush Westfield Collection Bookcases, Dark Cherry Finish, Fully Assembled;0.78;United States;Central;Iowa;Burlington;52601;18/04/15;21/04/15;-429.86;2;215.32;86958
19598;Medium;0.03;85.99;0.99;1827;Vincent Hale;Regular Air;Corporate;Technology;Telephones and Communication;Wrap Bag;Accessory34;0.55;United States;Central;Iowa;Burlington;52601;18/04/15;20/04/15;264.1665;5;382.85;86958
23589;High;0.01;155.99;8.99;1836;Dwight Albright Huffman;Express Air;Corporate;Technology;Telephones and Communication;Small Box;CF 688;0.58;United States;West;California;San Francisco;94110;19/04/15;20/04/15;-219.07908;5;675.83;86600
23590;High;0.01;5.98;5.46;1837;Herbert Williamson;Regular Air;Corporate;Office Supplies;Paper;Small Box;Xerox 1983;0.36;United States;West;California;San Gabriel;91776;19/04/15;21/04/15;-18.8784;4;28.0;86600
19139;High;0.09;35.99;1.1;1849;Michelle Steele;Regular Air;Consumer;Technology;Telephones and Communication;Small Box;Accessory35;0.55;United States;South;Alabama;Enterprise;36330;1/04/15;3/04/15;19.35;8;222.71;89697
19140;High;0.01;125.99;2.5;1849;Michelle Steele;Regular Air;Consumer;Technology;Telephones and Communication;Small Box;i2000;0.6;United States;South;Alabama;Enterprise;36330;1/04/15;2/04/15;-967.834;2;220.52;89697
20036;Critical;0.09;5.98;1.49;1860;Gina B Hess;Regular Air;Home Office;Office Supplies;Binders and Binder Accessories;Small Box;Avery Hanging File Binders;0.39;United States;East;Massachusetts;Webster;1570;15/06/15;17/06/15;13.2294;5;28.01;86846
18879;Not Specified;0.08;8.09;7.96;1869;Roberta Daniel;Regular Air;Consumer;Furniture;Office Furnishings;Small Box;"6"" Cubicle Wall Clock, Black";0.49;United States;West;New Mexico;Alamogordo;88310;3/05/15;4/05/15;-88.82;10;80.35;89209
19918;Low;0.09;78.8;35.0;1889;Oscar Bowers;Regular Air;Home Office;Office Supplies;Storage & Organization;Large Box;Space Solutions™ Industrial Galvanized Steel Shelving.;0.83;United States;East;Ohio;Kettering;45429;17/04/15;21/04/15;-1025.0172;14;1059.38;90631
23886;Not Specified;0.03;320.64;29.2;1891;Gretchen Levine;Delivery Truck;Home Office;Furniture;Tables;Jumbo Box;"Chromcraft 48"" x 96"" Racetrack Double Pedestal Table";0.66;United States;East;Ohio;Lima;45801;5/04/15;7/04/15;429.754356;7;2233.46;90630
22858;Low;0.03;180.98;26.2;1893;Melanie Burgess;Delivery Truck;Consumer;Furniture;Chairs & Chairmats;Jumbo Drum;Global Ergonomic Managers Chair;0.59;United States;Central;Missouri;Webster Groves;63119;26/04/15;30/04/15;588.54;5;928.92;91262
19048;Low;0.07;172.99;19.99;1906;Penny Tuttle;Regular Air;Corporate;Office Supplies;Binders and Binder Accessories;Small Box;Ibico EB-19 Dual Function Manual Binding System;0.39;United States;East;Ohio;Lima;45801;17/05/15;17/05/15;2502.6852;22;3627.08;86500
19049;Low;0.09;7.64;1.39;1907;Amy Hall;Regular Air;Corporate;Office Supplies;Envelopes;Small Box;"#10- 4 1/8"" x 9 1/2"" Security-Tint Envelopes";0.36;United States;East;Ohio;Lorain;44052;17/05/15;26/05/15;0.688;1;8.34;86500
18016;High;0.01;125.99;8.99;1916;Marcia Feldman;Regular Air;Home Office;Technology;Telephones and Communication;Small Box;SC7868i;0.55;United States;South;Arkansas;Little Rock;72209;16/04/15;18/04/15;-45.472;9;1011.44;85895
22246;Low;0.1;10.44;5.75;1918;Hannah Tyson;Express Air;Home Office;Office Supplies;Binders and Binder Accessories;Small Box;"Avery® 3 1/2"" Diskette Storage Pages, 10/Pack";0.39;United States;South;Arkansas;Paragould;72450;4/04/15;11/04/15;125.724;17;168.04;85898
18159;Low;0.06;3.58;1.63;1933;William Crawford;Regular Air;Corporate;Office Supplies;Rubber Bands;Wrap Bag;OIC Colored Binder Clips, Assorted Sizes;0.36;United States;Central;Texas;Garland;75043;19/04/15;23/04/15;14.0;10;34.76;86687
19697;Low;0.04;180.98;30.0;1934;Scott Moore;Delivery Truck;Home Office;Furniture;Chairs & Chairmats;Jumbo Drum;Office Star - Ergonomic Mid Back Chair with 2-Way Adjustable Arms;0.69;United States;Central;Texas;Georgetown;78626;30/05/15;30/05/15;52.988;3;561.65;86688
19780;Critical;0.01;42.98;4.62;1935;Diana Coble Hubbard;Express Air;Corporate;Office Supplies;Appliances;Small Box;Belkin F9M820V08 8 Outlet Surge;0.56;United States;Central;Texas;Grand Prairie;75051;8/04/15;10/04/15;285.4737;9;413.73;86686
19698;Low;0.06;3.25;49.0;1935;Diana Coble Hubbard;Regular Air;Home Office;Office Supplies;Appliances;Large Box;Bravo II™ Megaboss® 12-Amp Hard Body Upright, Replacement Belts, 2 Belts per Pack;0.56;United States;Central;Texas;Grand Prairie;75051;30/05/15;5/06/15;10.508;2;55.6;86688
19699;Low;0.01;110.98;13.99;1935;Diana Coble Hubbard;Regular Air;Home Office;Furniture;Office Furnishings;Medium Box;"Rubbermaid ClusterMat Chairmats, Mat Size- 66"" x 60"", Lip 20"" x 11"" -90 Degree Angle";0.69;United States;Central;Texas;Grand Prairie;75051;30/05/15;4/06/15;1448.7309;19;2099.61;86688
19700;Low;0.05;3.95;2.0;1935;Diana Coble Hubbard;Express Air;Home Office;Office Supplies;Rubber Bands;Wrap Bag;Advantus Map Pennant Flags and Round Head Tacks;0.53;United States;Central;Texas;Grand Prairie;75051;30/05/15;7/06/15;1.004;23;96.6;86688
25531;Low;0.0;78.65;13.99;1940;Eileen McDonald;Regular Air;Corporate;Office Supplies;Appliances;Medium Box;Honeywell Quietcare HEPA Air Cleaner;0.52;United States;West;Utah;Draper;84020;19/04/15;26/04/15;386.0067;7;559.43;88871
25532;Low;0.08;122.99;70.2;1940;Eileen McDonald;Delivery Truck;Corporate;Furniture;Chairs & Chairmats;Jumbo Drum;Global High-Back Leather Tilter, Burgundy;0.74;United States;West;Utah;Draper;84020;19/04/15;24/04/15;-1867.97;10;1216.52;88871
23378;High;0.09;40.98;6.5;1956;Justin Frank;Regular Air;Consumer;Technology;Computer Peripherals;Small Box;Targus USB Numeric Keypad;0.74;United States;West;Colorado;Louisville;80027;19/06/15;21/06/15;-50.245;19;746.91;89820
21638;High;0.09;77.51;4.0;1957;Ted Crowder;Regular Air;Consumer;Technology;Computer Peripherals;Small Box;Micro Innovations Media Access Pro Keyboard;0.76;United States;Central;Missouri;University City;63130;7/04/15;9/04/15;-387.1044;1;77.47;89818
24640;Low;0.09;30.98;6.5;1958;Vickie Martinez;Express Air;Consumer;Technology;Computer Peripherals;Small Box;Belkin ErgoBoard™ Keyboard;0.64;United States;West;Oregon;West Linn;97068;18/06/15;22/06/15;-55.97;7;204.34;89819
3684;Low;0.02;9.99;11.59;1959;Bonnie Matthews Rowland;Regular Air;Home Office;Office Supplies;Paper;Small Box;Hammermill Color Copier Paper (28Lb. and 96 Bright);0.4;United States;South;Florida;Miami;33916;18/04/15;27/04/15;-171.1577;43;475.42;26342
3685;Low;0.02;48.04;5.79;1959;Bonnie Matthews Rowland;Regular Air;Home Office;Office Supplies;Paper;Small Box;Xerox 1937;0.37;United States;South;Florida;Miami;33916;18/04/15;23/04/15;624.239;74;3598.82;26342
3686;Low;0.04;6.68;4.91;1959;Bonnie Matthews Rowland;Regular Air;Home Office;Office Supplies;Paper;Small Box;Xerox 1986;0.37;United States;South;Florida;Miami;33916;18/04/15;25/04/15;-14.3241;5;41.22;26342
21685;Low;0.02;48.04;5.79;1962;Sean Burton;Regular Air;Home Office;Office Supplies;Paper;Small Box;Xerox 1937;0.37;United States;Central;Michigan;Saginaw;48601;18/04/15;23/04/15;604.0191;18;875.39;88857
21686;Low;0.04;6.68;4.91;1962;Sean Burton;Regular Air;Home Office;Office Supplies;Paper;Small Box;Xerox 1986;0.37;United States;Central;Michigan;Saginaw;48601;18/04/15;25/04/15;-11.6316;1;8.24;88857
18795;Medium;0.09;20.48;6.32;1974;Robert Brantley;Regular Air;Consumer;Office Supplies;Appliances;Small Box;Kensington 6 Outlet Guardian Standard Surge Protector;0.58;United States;Central;Michigan;Dearborn Heights;48127;20/05/15;21/05/15;-16.89;5;99.02;89040
18796;Medium;0.06;15.67;1.39;1974;Robert Brantley;Regular Air;Consumer;Office Supplies;Envelopes;Small Box;#10 White Business Envelopes,4 1/8 x 9 1/2;0.38;United States;Central;Michigan;Dearborn Heights;48127;20/05/15;21/05/15;25.51;3;46.4;89040
21692;Not Specified;0.05;20.99;3.3;1979;Marianne Weiner Ennis;Regular Air;Corporate;Technology;Telephones and Communication;Small Pack;Accessory39;0.81;United States;West;Colorado;Littleton;80122;5/05/15;6/05/15;21.8834;4;72.75;87757
24935;Not Specified;0.1;7.37;5.53;1984;Lynne Wilcox;Regular Air;Consumer;Technology;Computer Peripherals;Small Pack;"Imation 3.5"" Unformatted DS/HD Diskettes, 10/Box";0.69;United States;South;South Carolina;Hilton Head Island;29915;16/05/15;16/05/15;290.202;38;269.33;91258
20568;Not Specified;0.01;15.31;8.78;1986;Lynda Rosenthal;Regular Air;Home Office;Office Supplies;Storage & Organization;Small Box;Eldon Jumbo ProFile™ Portable File Boxes Graphite/Black;0.57;United States;Central;Texas;Midland;79701;6/05/15;7/05/15;12.146;23;377.0;90888
20569;Not Specified;0.05;7.99;5.03;1986;Lynda Rosenthal;Express Air;Home Office;Technology;Telephones and Communication;Medium Box;Bell Sonecor JB700 Caller ID;0.6;United States;Central;Texas;Midland;79701;6/05/15;8/05/15;5.687;4;42.99;90888
20554;High;0.01;30.98;6.5;1989;David Weaver;Regular Air;Corporate;Technology;Computer Peripherals;Small Box;Belkin ErgoBoard™ Keyboard;0.64;United States;West;Utah;Holladay;84117;15/05/15;16/05/15;46.29;11;363.37;90001
20555;High;0.01;40.99;19.99;1989;David Weaver;Regular Air;Corporate;Office Supplies;Paper;Small Box;White Dual Perf Computer Printout Paper, 2700 Sheets, 1 Part, Heavyweight, 20 lbs., 14 7/8 x 11;0.36;United States;West;Utah;Holladay;84117;15/05/15;18/05/15;177.79;11;480.75;90001
21723;Medium;0.1;1.6;1.29;1989;David Weaver;Regular Air;Home Office;Office Supplies;Pens & Art Supplies;Wrap Bag;Sanford Pocket Accent® Highlighters;0.42;United States;West;Utah;Holladay;84117;30/04/15;30/04/15;-14.9904;11;16.88;90003
19581;Medium;0.01;16.48;1.99;1997;Harriet Bowman;Regular Air;Consumer;Technology;Computer Peripherals;Small Pack;Maxell DVD-RAM Discs;0.42;United States;South;South Carolina;Hilton Head Island;29915;7/05/15;8/05/15;739.674;7;122.93;90334
21003;Low;0.0;24.92;12.98;1997;Harriet Bowman;Regular Air;Consumer;Office Supplies;Binders and Binder Accessories;Small Box;GBC Standard Therm-A-Bind Covers;0.39;United States;South;South Carolina;Hilton Head Island;29915;2/06/15;2/06/15;-23.156;1;32.66;90335
20392;Not Specified;0.06;4.42;4.99;1998;Judy Frazier;Regular Air;Corporate;Office Supplies;Envelopes;Small Box;Grip Seal Envelopes;0.38;United States;East;New York;East Massapequa;11758;3/06/15;5/06/15;-10.435;3;14.85;90568
24075;Medium;0.06;4.24;5.41;2004;James Dickinson Ball;Regular Air;Home Office;Office Supplies;Binders and Binder Accessories;Small Box;Storex DuraTech Recycled Plastic Frosted Binders;0.35;United States;West;Montana;Bozeman;59715;17/04/15;19/04/15;-78.91668;10;45.0;91277
24076;Medium;0.04;6783.02;24.49;2004;James Dickinson Ball;Regular Air;Home Office;Technology;Office Machines;Large Box;Polycom ViewStation™ ISDN Videoconferencing Unit;0.39;United States;West;Montana;Bozeman;59715;17/04/15;19/04/15;-13562.63741;1;6569.07;91277
20006;Medium;0.1;10.48;2.89;2016;Wayne Bean;Regular Air;Corporate;Office Supplies;Pens & Art Supplies;Small Pack;Staples Battery-Operated Desktop Pencil Sharpener;0.6;United States;Central;Michigan;Southgate;48195;18/06/15;19/06/15;-8.904;4;40.29;86874
21573;Critical;0.06;6.48;7.49;2014;Cathy Simon;Regular Air;Home Office;Office Supplies;Paper;Small Box;Xerox 220;0.37;United States;Central;Iowa;Council Bluffs;51503;4/04/15;4/04/15;-191.49;12;74.93;88368
25918;Critical;0.1;1.89;0.76;2035;Jon Ward;Regular Air;Consumer;Office Supplies;Rubber Bands;Wrap Bag;Revere Boxed Rubber Bands by Revere;0.83;United States;South;Florida;Palm Beach Gardens;33403;18/05/15;20/05/15;-40.432;20;36.72;87117
22018;High;0.06;40.99;17.48;2038;Peter Adams;Regular Air;Small Business;Office Supplies;Paper;Small Box;Xerox 1893;0.36;United States;East;New York;Mount Vernon;10550;21/04/15;21/04/15;109.16;7;277.12;89334
24731;Low;0.09;20.99;2.5;2044;Jay Simon;Regular Air;Corporate;Technology;Telephones and Communication;Wrap Bag;Accessory37;0.81;United States;South;Arkansas;Rogers;72756;24/06/15;1/07/15;-136.122;6;100.11;88692
22970;Critical;0.04;4.28;5.68;2046;Eileen Schwartz;Regular Air;Corporate;Office Supplies;Paper;Small Box;Xerox 199;0.4;United States;Central;Kansas;Liberal;67901;12/06/15;14/06/15;-27.375;7;31.54;88219
22971;Critical;0.06;376.13;85.63;2046;Eileen Schwartz;Delivery Truck;Corporate;Furniture;Tables;Jumbo Box;Bretford Rectangular Conference Table Tops;0.74;United States;Central;Kansas;Liberal;67901;12/06/15;14/06/15;-435.7575;13;4634.69;88219
22972;Critical;0.06;424.21;110.2;2046;Eileen Schwartz;Delivery Truck;Corporate;Furniture;Tables;Jumbo Box;Bush Advantage Collection® Racetrack Conference Table;0.67;United States;Central;Kansas;Liberal;67901;12/06/15;13/06/15;682.53;17;7304.03;88219
22973;Critical;0.06;195.99;8.99;2046;Eileen Schwartz;Regular Air;Corporate;Technology;Telephones and Communication;Small Box;T28 WORLD;0.6;United States;Central;Kansas;Liberal;67901;12/06/15;14/06/15;-277.222;4;632.65;88219
18497;High;0.03;15.28;1.99;2049;Kenneth Pollock;Regular Air;Corporate;Technology;Computer Peripherals;Small Pack;Memorex 4.7GB DVD+R, 3/Pack;0.42;United States;South;Virginia;Harrisonburg;22801;21/06/15;23/06/15;-266.686;19;290.98;88220
18498;High;0.09;1.76;0.7;2049;Kenneth Pollock;Regular Air;Corporate;Office Supplies;Pens & Art Supplies;Wrap Bag;Newell 326;0.56;United States;South;Virginia;Harrisonburg;22801;21/06/15;24/06/15;-12.278;13;21.77;88220
22511;Low;0.04;291.73;48.8;2062;Alfred Singh;Delivery Truck;Corporate;Furniture;Chairs & Chairmats;Jumbo Drum;Hon 4070 Series Pagoda™ Armless Upholstered Stacking Chairs;0.56;United States;South;Virginia;Mechanicsville;23111;26/06/15;30/06/15;-115.9039;22;6676.61;87148
25759;Low;0.06;300.97;7.18;2063;Todd D Norris;Regular Air;Corporate;Technology;Computer Peripherals;Small Box;Gyration Ultra Professional Cordless Optical Suite;0.48;United States;South;Virginia;Newport News;23602;8/05/15;8/05/15;-729.988;1;291.4;87147
25381;Low;0.1;4.24;5.41;2066;Claudia Webb;Regular Air;Corporate;Office Supplies;Binders and Binder Accessories;Small Box;Storex DuraTech Recycled Plastic Frosted Binders;0.35;United States;South;North Carolina;Indian Trail;28079;19/04/15;23/04/15;-61.6;8;34.16;85835
19567;Low;0.07;35.99;5.99;2070;Kelly Collins;Regular Air;Corporate;Technology;Telephones and Communication;Wrap Bag;Accessory41;0.38;United States;Central;Michigan;Eastpointe;48021;16/05/15;20/05/15;17.8398;5;153.61;88558
19568;Low;0.08;65.99;5.92;2071;Victor Cherry;Express Air;Corporate;Technology;Telephones and Communication;Small Box;i500plus;0.58;United States;Central;Michigan;Farmington Hills;48336;16/05/15;23/05/15;183.843;20;1063.81;88558
24677;Not Specified;0.05;291.73;48.8;2073;Evan Kelley;Delivery Truck;Consumer;Furniture;Chairs & Chairmats;Jumbo Drum;Hon 4070 Series Pagoda™ Armless Upholstered Stacking Chairs;0.56;United States;Central;Michigan;Garden City;48135;7/04/15;9/04/15;550.3808;6;1818.41;88557
21697;Low;0.06;38.06;4.5;2089;Annie Odom;Regular Air;Corporate;Office Supplies;Appliances;Small Box;Fellowes Superior 10 Outlet Split Surge Protector;0.56;United States;East;New York;New City;10956;30/06/15;6/07/15;450.4596;17;652.84;88348
21698;Low;0.08;599.99;24.49;2089;Annie Odom;Regular Air;Corporate;Technology;Copiers and Fax;Large Box;Hewlett Packard LaserJet 3310 Copier;0.37;United States;East;New York;New City;10956;30/06/15;8/07/15;8798.1831;22;12750.99;88348
21699;Low;0.1;3.98;2.97;2089;Annie Odom;Express Air;Corporate;Office Supplies;Paper;Wrap Bag;Unpadded Memo Slips;0.35;United States;East;New York;New City;10956;30/06/15;4/07/15;-5.385;5;20.54;88348
18417;Medium;0.1;300.97;7.18;2097;Patsy Shea;Regular Air;Home Office;Technology;Computer Peripherals;Small Box;Gyration Ultra Professional Cordless Optical Suite;0.48;United States;South;South Carolina;Hilton Head Island;29915;18/04/15;19/04/15;138.018;4;1094.33;87889
18418;Medium;0.06;39.89;3.04;2098;Tracy Dyer;Regular Air;Home Office;Furniture;Office Furnishings;Wrap Bag;Ultra Commercial Grade Dual Valve Door Closer;0.53;United States;South;South Carolina;Mount Pleasant;29464;18/04/15;20/04/15;38.874;10;389.97;87889
5501;Medium;0.05;399.98;12.06;2107;Leigh Burnette Hurley;Delivery Truck;Corporate;Technology;Office Machines;Jumbo Box;Okidata ML320 Series Turbo Dot Matrix Printers;0.56;United States;Central;Illinois;Chicago;60601;6/06/15;6/06/15;567.59;24;9666.72;39015
5502;Medium;0.07;6.48;5.74;2107;Leigh Burnette Hurley;Regular Air;Corporate;Office Supplies;Paper;Small Box;Xerox 1994;0.37;United States;Central;Illinois;Chicago;60601;6/06/15;6/06/15;-28.45;20;134.58;39015
23502;Medium;0.07;6.48;5.74;2108;Alfred Barber;Regular Air;Corporate;Office Supplies;Paper;Small Box;Xerox 1994;0.37;United States;Central;Missouri;Mehlville;63129;6/06/15;6/06/15;-14.225;5;33.65;87862
18562;Critical;0.08;2.89;0.49;2114;Paige Mason;Regular Air;Corporate;Office Supplies;Labels;Small Box;*Staples* Packaging Labels;0.38;United States;South;Virginia;Norfolk;23518;23/04/15;23/04/15;38.406;1;3.07;88404
21153;Medium;0.02;95.95;74.35;2115;Jeffrey Lloyd;Delivery Truck;Corporate;Furniture;Chairs & Chairmats;Jumbo Drum;Bevis Steel Folding Chairs;0.57;United States;South;Virginia;Oakton;22124;29/04/15;1/05/15;636.522;14;1377.46;88406
20249;High;0.03;320.98;24.49;2117;Jack Hatcher;Regular Air;Home Office;Furniture;Chairs & Chairmats;Large Box;Hon Pagoda™ Stacking Chairs;0.55;United States;Central;Texas;Greenville;75401;20/04/15;22/04/15;4554.4347;20;6600.63;90891
20250;High;0.06;125.99;8.8;2117;Jack Hatcher;Regular Air;Home Office;Technology;Telephones and Communication;Small Box;StarTAC 6500;0.59;United States;Central;Texas;Greenville;75401;20/04/15;21/04/15;618.19308;18;1811.99;90891
20712;Critical;0.05;2550.14;29.7;2139;Jon Kendall;Delivery Truck;Corporate;Technology;Office Machines;Jumbo Drum;Epson DFX-8500 Dot Matrix Printer;0.57;United States;Central;Wisconsin;Watertown;53094;16/04/15;17/04/15;-3971.0628;2;4845.27;86003
23249;High;0.08;17.15;4.96;2143;Lester Sawyer;Regular Air;Home Office;Office Supplies;Storage & Organization;Small Box;Advantus Rolling Storage Box;0.58;United States;South;Virginia;Fairfax;20151;13/06/15;16/06/15;33.66;12;200.61;87569
21975;High;0.07;30.93;3.92;2157;Tom Hoyle Honeycutt;Regular Air;Home Office;Furniture;Office Furnishings;Small Pack;Advantus Employee of the Month Certificate Frame, 11 x 13-1/2;0.44;United States;Central;Michigan;Warren;48093;3/05/15;4/05/15;398.3025;19;577.25;90386
21976;High;0.05;297.48;18.06;2157;Tom Hoyle Honeycutt;Delivery Truck;Home Office;Technology;Office Machines;Jumbo Drum;Panasonic KX-P3200 Dot Matrix Printer;0.6;United States;Central;Michigan;Warren;48093;3/05/15;4/05/15;709.852;14;4075.18;90386
21977;High;0.07;296.18;54.12;2157;Tom Hoyle Honeycutt;Delivery Truck;Home Office;Furniture;Tables;Jumbo Box;Hon 94000 Series Round Tables;0.76;United States;Central;Michigan;Warren;48093;3/05/15;5/05/15;80.8092;6;1798.23;90386
23775;Medium;0.08;30.98;8.74;2159;Wesley Field;Regular Air;Corporate;Office Supplies;Paper;Small Box;Xerox 1979;0.4;United States;Central;Michigan;Westland;48185;20/05/15;21/05/15;371.272;25;727.2;90387
23773;Medium;0.09;159.31;60.0;2162;Brenda Jain;Delivery Truck;Corporate;Furniture;Tables;Jumbo Drum;Hon Non-Folding Utility Tables;0.55;United States;East;Pennsylvania;Sharon;16146;20/05/15;22/05/15;77.0008954;41;6173.42;90387
23774;Medium;0.06;55.99;5.0;2162;Brenda Jain;Regular Air;Corporate;Technology;Telephones and Communication;Small Pack;Accessory36;0.83;United States;East;Pennsylvania;Sharon;16146;20/05/15;22/05/15;27.9686;33;1553.7;90387
26331;Not Specified;0.0;1.48;0.7;2183;Sheryl Reese;Regular Air;Home Office;Office Supplies;Rubber Bands;Wrap Bag;Binder Clips by OIC;0.37;United States;South;Kentucky;Owensboro;42301;15/06/15;17/06/15;-203.098;12;19.32;91571
19008;High;0.09;16.98;12.39;2187;Joanne Spivey;Regular Air;Corporate;Office Supplies;Envelopes;Small Box;Brown Kraft Recycled Envelopes;0.35;United States;Central;Missouri;Independence;64055;8/05/15;10/05/15;-48.57;5;86.8;89440
1008;High;0.09;16.98;12.39;2189;Frank Cross;Regular Air;Corporate;Office Supplies;Envelopes;Small Box;Brown Kraft Recycled Envelopes;0.35;United States;East;New York;New York City;10177;8/05/15;10/05/15;-48.57;22;381.91;7364
19112;Medium;0.03;27.48;4.0;2196;Gene Heath Cross;Regular Air;Small Business;Technology;Computer Peripherals;Small Box;Belkin MediaBoard 104- Keyboard;0.75;United States;East;New York;Jamestown;14701;7/04/15;8/04/15;-88.8408;11;294.97;89175
19113;Medium;0.1;179.99;19.99;2196;Gene Heath Cross;Regular Air;Small Business;Technology;Computer Peripherals;Small Box;Motorola SB4200 Cable Modem;0.48;United States;East;New York;Jamestown;14701;7/04/15;8/04/15;1208.9904;14;2458.05;89175
19114;Medium;0.1;140.85;19.99;2196;Gene Heath Cross;Regular Air;Small Business;Office Supplies;Storage & Organization;Small Box;Fellowes Strictly Business® Drawer File, Letter/Legal Size;0.73;United States;East;New York;Jamestown;14701;7/04/15;9/04/15;9.9912;19;2465.75;89175
23300;Critical;0.08;100.97;7.18;2197;Karen O'Donnell;Regular Air;Small Business;Technology;Computer Peripherals;Small Box;Gyration Ultra Cordless Optical Suite;0.46;United States;East;New York;Levittown;11756;26/06/15;27/06/15;126.225;7;650.25;89176
23301;Critical;0.0;13.4;4.95;2197;Karen O'Donnell;Regular Air;Small Business;Furniture;Office Furnishings;Small Pack;Electrix 20W Halogen Replacement Bulb for Zoom-In Desk Lamp;0.37;United States;East;New York;Levittown;11756;26/06/15;27/06/15;187.7628;19;272.12;89176
26083;Not Specified;0.03;25.98;4.08;2198;Lester Woodward Maynard;Regular Air;Small Business;Office Supplies;Pens & Art Supplies;Small Pack;Boston 1799 Powerhouse™ Electric Pencil Sharpener;0.57;United States;East;New York;Lindenhurst;11757;22/05/15;25/05/15;295.9065;16;428.85;89174
26084;Not Specified;0.1;20.98;53.03;2198;Lester Woodward Maynard;Delivery Truck;Small Business;Office Supplies;Storage & Organization;Jumbo Drum;Tennsco Lockers, Gray;0.78;United States;East;New York;Lindenhurst;11757;22/05/15;22/05/15;-2111.36;16;342.54;89174
24756;High;0.09;199.99;24.49;2212;Stacy Chang;Express Air;Home Office;Technology;Copiers and Fax;Large Box;Canon PC-428 Personal Copier;0.46;United States;East;Maryland;Catonsville;21228;19/04/15;21/04/15;631.33;5;990.25;88029
23512;Low;0.07;3.28;3.97;2215;Christopher High;Regular Air;Corporate;Office Supplies;Pens & Art Supplies;Wrap Bag;Newell 337;0.56;United States;East;Ohio;Massillon;44646;23/06/15;23/06/15;-22.176;4;14.76;90314
23513;Low;0.02;256.99;11.25;2216;Clara Kaplan;Regular Air;Corporate;Technology;Computer Peripherals;Small Box;Hayes Optima 56K V.90 Internal Voice Modem;0.51;United States;East;Ohio;Medina;44256;23/06/15;30/06/15;-214.104;3;808.44;90314
23514;Low;0.01;6.48;5.14;2216;Clara Kaplan;Regular Air;Corporate;Office Supplies;Paper;Small Box;Xerox 23;0.37;United States;East;Ohio;Medina;44256;23/06/15;25/06/15;-26.936;10;67.41;90314
18820;Low;0.01;13.43;5.5;2240;Maurice Kelly;Express Air;Corporate;Office Supplies;Storage & Organization;Small Box;Fellowes Personal Hanging Folder Files, Navy;0.57;United States;South;Florida;Lakeland;33801;6/04/15;13/04/15;-313.0218;7;99.75;89102
24121;Low;0.0;2.08;5.33;2250;Alvin Hoover;Regular Air;Home Office;Furniture;Office Furnishings;Small Box;Eldon® Wave Desk Accessories;0.43;United States;East;Pennsylvania;State College;16801;13/04/15;20/04/15;-192.5532;22;51.41;86699
20639;High;0.1;48.91;5.97;2254;Jeff Meadows;Regular Air;Corporate;Office Supplies;Paper;Small Box;Xerox 1917;0.38;United States;South;Kentucky;Paducah;42003;28/04/15;30/04/15;156.7434;14;618.96;89279
20640;High;0.08;5.98;5.46;2254;Jeff Meadows;Regular Air;Corporate;Office Supplies;Paper;Small Box;Xerox 1983;0.36;United States;South;Kentucky;Paducah;42003;28/04/15;28/04/15;110.118;13;77.54;89279
21937;High;0.06;6.68;6.93;2257;Bernard Thompson;Regular Air;Corporate;Office Supplies;Paper;Small Box;HP Office Paper (20Lb. and 87 Bright);0.37;United States;South;North Carolina;Raleigh;27604;12/06/15;13/06/15;7.6245;14;91.92;87965
19569;High;0.08;4.98;0.49;2260;Geoffrey H Wong;Regular Air;Corporate;Office Supplies;Labels;Small Box;Avery White Multi-Purpose Labels;0.39;United States;South;Georgia;Rome;30161;21/04/15;22/04/15;4949.916;1;4.95;89602
19570;High;0.09;119.99;14.0;2260;Geoffrey H Wong;Delivery Truck;Corporate;Technology;Office Machines;Jumbo Drum;Epson C82 Color Inkjet Printer;0.36;United States;South;Georgia;Rome;30161;21/04/15;23/04/15;1055.604;4;461.24;89602
25996;Critical;0.02;11.33;6.12;2266;Brandon Beach;Regular Air;Corporate;Office Supplies;Appliances;Medium Box;Holmes Replacement Filter for HEPA Air Cleaner, Medium Room;0.42;United States;Central;Missouri;Kirkwood;63122;26/05/15;28/05/15;-14.52;3;35.35;86610
25997;Critical;0.01;15.67;1.39;2266;Brandon Beach;Regular Air;Corporate;Office Supplies;Envelopes;Small Box;#10 White Business Envelopes,4 1/8 x 9 1/2;0.38;United States;Central;Missouri;Kirkwood;63122;26/05/15;27/05/15;171.2649;16;248.21;86610
19072;Low;0.08;259.71;66.67;2268;Carlos Adkins;Delivery Truck;Small Business;Furniture;Tables;Jumbo Box;"Bevis Round Bullnose 29"" High Table Top";0.61;United States;South;Florida;Land O Lakes;34639;3/06/15;7/06/15;138.222;17;4086.5;89571
23416;Low;0.04;120.98;3.99;2273;Debra Block;Regular Air;Corporate;Office Supplies;Appliances;Small Box;Belkin 325VA UPS Surge Protector, 6';0.6;United States;Central;Texas;Harlingen;78550;5/05/15;5/05/15;1389.5772;17;2013.88;90109
23417;Low;0.02;55.99;5.0;2273;Debra Block;Regular Air;Corporate;Technology;Telephones and Communication;Small Pack;Accessory36;0.83;United States;Central;Texas;Harlingen;78550;5/05/15;5/05/15;-222.816;4;201.32;90109
23418;Low;0.05;23.99;15.68;2274;Marlene Harrison;Delivery Truck;Corporate;Furniture;Office Furnishings;Jumbo Drum;Westinghouse Floor Lamp with Metal Mesh Shade, Black;0.62;United States;Central;Texas;Houston;77036;5/05/15;9/05/15;-133.71;12;298.51;90109
24552;Not Specified;0.01;195.99;8.99;2276;Dennis Block Richardson;Regular Air;Consumer;Technology;Telephones and Communication;Small Box;T28 WORLD;0.6;United States;East;New York;Niagara Falls;14304;30/06/15;30/06/15;2653.7814;22;3846.06;91502
23572;Low;0.04;4.48;2.5;2279;Lucille McGee;Express Air;Home Office;Office Supplies;Envelopes;Small Box;Ampad #10 Peel & Seel® Holiday Envelopes;0.37;United States;East;Pennsylvania;Greensburg;15601;22/06/15;26/06/15;10.32;7;35.93;85949
19243;Critical;0.01;7.59;4.0;2289;Ryan Herman;Regular Air;Home Office;Furniture;Office Furnishings;Wrap Bag;Master Giant Foot® Doorstop, Safety Yellow;0.42;United States;Central;Minnesota;Burnsville;55337;4/05/15;4/05/15;2.97;17;136.25;88165
19934;High;0.0;90.48;19.99;2305;Pat Kinney;Regular Air;Small Business;Office Supplies;Envelopes;Small Box;Tyvek® Side-Opening Peel & Seel® Expanding Envelopes;0.4;United States;Central;South Dakota;Watertown;57201;21/06/15;24/06/15;800.2551;12;1159.79;89869
23053;Not Specified;0.06;4.98;4.62;2323;Emma Buckley;Express Air;Small Business;Technology;Computer Peripherals;Small Pack;"Imation 3.5"", DISKETTE 44766 HGHLD3.52HD/FM, 10/Pack";0.64;United States;West;California;Coachella;92236;19/06/15;19/06/15;-27.005;7;38.74;88722
19441;High;0.06;180.98;26.2;2333;Megan Woods;Delivery Truck;Small Business;Furniture;Chairs & Chairmats;Jumbo Drum;Global Ergonomic Managers Chair;0.59;United States;Central;Wisconsin;Green Bay;54302;23/06/15;24/06/15;-122.235;1;191.73;89611
23721;Low;0.06;60.65;12.23;2334;Stephanie Hawkins;Regular Air;Consumer;Furniture;Office Furnishings;Medium Box;"Tenex Traditional Chairmats for Medium Pile Carpet, Standard Lip, 36"" x 48""";0.64;United States;Central;Wisconsin;Greenfield;53220;6/04/15;8/04/15;427.0065;10;618.85;89608
23693;Not Specified;0.05;14.81;13.32;2334;Stephanie Hawkins;Regular Air;Small Business;Office Supplies;Appliances;Small Box;Holmes Replacement Filter for HEPA Air Cleaner, Large Room;0.43;United States;Central;Wisconsin;Greenfield;53220;9/04/15;11/04/15;-190.49;8;115.99;89609
23694;Not Specified;0.08;2.78;1.25;2334;Stephanie Hawkins;Regular Air;Small Business;Office Supplies;Pens & Art Supplies;Wrap Bag;Newell 318;0.59;United States;Central;Wisconsin;Greenfield;53220;9/04/15;10/04/15;-8.77;7;19.46;89609
24952;Low;0.06;3.74;0.94;2334;Stephanie Hawkins;Regular Air;Home Office;Office Supplies;Rubber Bands;Wrap Bag;Rubber Band Ball;0.83;United States;Central;Wisconsin;Greenfield;53220;2/06/15;9/06/15;-7.685;12;44.75;89610
22526;Medium;0.05;11.58;6.97;2339;Gordon Boswell;Regular Air;Home Office;Office Supplies;Envelopes;Small Box;Peel & Seel® Recycled Catalog Envelopes, Brown;0.35;United States;Central;Texas;Cloverleaf;77015;25/05/15;28/05/15;2.806;6;73.96;91482
21627;High;0.1;218.75;69.64;2346;Sylvia Kumar;Delivery Truck;Corporate;Furniture;Tables;Jumbo Box;BoxOffice By Design Rectangular and Half-Moon Meeting Room Tables;0.77;United States;South;Kentucky;Pleasure Ridge Park;40258;20/05/15;21/05/15;62.298;17;2805.18;89505
20904;Critical;0.06;59.76;9.71;2352;Kerry Beach;Regular Air;Consumer;Office Supplies;Storage & Organization;Small Box;Advantus 10-Drawer Portable Organizer, Chrome Metal Frame, Smoke Drawers;0.57;United States;East;Maryland;Cumberland;21501;20/06/15;23/06/15;756.6747;18;1096.63;86165
20905;Critical;0.07;195.99;4.2;2352;Kerry Beach;Regular Air;Consumer;Technology;Telephones and Communication;Small Box;T65;0.56;United States;East;Maryland;Cumberland;21501;20/06/15;23/06/15;-222.343;4;632.12;86165
19270;Not Specified;0.09;71.37;69.0;2352;Kerry Beach;Regular Air;Home Office;Furniture;Tables;Large Box;Lesro Sheffield Collection Coffee Table, End Table, Center Table, Corner Table;0.68;United States;East;Maryland;Cumberland;21501;23/06/15;24/06/15;-1537.1356;19;1302.98;86166
25338;Critical;0.04;5.98;0.96;2353;Patrick Lowry;Regular Air;Corporate;Office Supplies;Pens & Art Supplies;Wrap Bag;Newell 315;0.6;United States;East;Maryland;Edgewood;21040;29/04/15;30/04/15;52.6976;22;131.79;86164
25339;Critical;0.01;20.99;0.99;2353;Patrick Lowry;Regular Air;Corporate;Technology;Telephones and Communication;Wrap Bag;Accessory25;0.57;United States;East;Maryland;Edgewood;21040;29/04/15;30/04/15;-78.19416;2;35.33;86164
21511;Medium;0.06;146.34;43.75;2355;Clyde Burnett;Delivery Truck;Consumer;Furniture;Tables;Jumbo Box;Bevis Round Conference Table Top & Single Column Base;0.65;United States;West;California;Coachella;92236;16/06/15;18/06/15;-89.27;12;1721.24;91306
19369;High;0.0;5.77;5.92;2363;Jacob Murray;Regular Air;Home Office;Furniture;Office Furnishings;Medium Box;DAX Cubicle Frames - 8x10;0.55;United States;East;Ohio;Medina;44256;11/04/15;13/04/15;-61.5276;11;69.89;90040
18151;Low;0.06;122.99;19.99;2379;Mildred Briggs;Regular Air;Small Business;Office Supplies;Binders and Binder Accessories;Small Box;GBC Therma-A-Bind 250T Electric Binding System;0.37;United States;Central;Michigan;Garden City;48135;5/05/15;7/05/15;1019.7096;12;1477.84;86655
19898;Not Specified;0.07;3.38;0.85;2380;Lisa Branch;Regular Air;Small Business;Office Supplies;Pens & Art Supplies;Wrap Bag;Avery Hi-Liter® Fluorescent Desk Style Markers;0.48;United States;Central;Michigan;Grand Rapids;49505;26/04/15;28/04/15;19.04;9;29.08;86654
18152;Low;0.08;68.81;60.0;2380;Lisa Branch;Delivery Truck;Small Business;Office Supplies;Appliances;Jumbo Drum;Holmes Replacement Filter for HEPA Air Cleaner, Very Large Room, HEPA Filter;0.41;United States;Central;Michigan;Grand Rapids;49505;5/05/15;7/05/15;-1069.72;17;1162.46;86655
1898;Not Specified;0.07;3.38;0.85;2382;Geoffrey Saunders;Regular Air;Small Business;Office Supplies;Pens & Art Supplies;Wrap Bag;Avery Hi-Liter® Fluorescent Desk Style Markers;0.48;United States;East;New York;New York City;10024;26/04/15;28/04/15;19.04;34;109.86;13606
151;Low;0.06;122.99;19.99;2382;Geoffrey Saunders;Regular Air;Small Business;Office Supplies;Binders and Binder Accessories;Small Box;GBC Therma-A-Bind 250T Electric Binding System;0.37;United States;East;New York;New York City;10024;5/05/15;7/05/15;1408.1865;48;5911.35;962
152;Low;0.08;68.81;60.0;2382;Geoffrey Saunders;Delivery Truck;Small Business;Office Supplies;Appliances;Jumbo Drum;Holmes Replacement Filter for HEPA Air Cleaner, Very Large Room, HEPA Filter;0.41;United States;East;New York;New York City;10024;5/05/15;7/05/15;-1069.72;68;4649.85;962
21171;Critical;0.1;130.98;30.0;2385;Janice Frye;Delivery Truck;Small Business;Furniture;Chairs & Chairmats;Jumbo Drum;Office Star - Contemporary Task Swivel chair with 2-way adjustable arms, Plum;0.78;United States;West;New Mexico;Las Cruces;88001;22/05/15;24/05/15;2000.11;18;2259.99;89184
23557;Not Specified;0.06;4.77;2.39;2391;Jacob McNeill;Regular Air;Corporate;Technology;Computer Peripherals;Small Pack;"Imation Primaris 3.5"" 2HD Unformatted Diskettes, 10/Pack";0.72;United States;East;New York;Oceanside;11572;25/05/15;26/05/15;-45.64;9;42.46;91122
23558;Not Specified;0.1;27.18;8.23;2391;Jacob McNeill;Regular Air;Corporate;Office Supplies;Envelopes;Small Box;Tyvek ® Top-Opening Peel & Seel Envelopes, Plain White;0.38;United States;East;New York;Oceanside;11572;25/05/15;27/05/15;204.49;12;314.06;91122
21462;Not Specified;0.0;999.99;13.99;2391;Jacob McNeill;Regular Air;Corporate;Technology;Office Machines;Medium Box;Polycom Soundstation EX Audio-Conferencing Telephone, Black;0.36;United States;East;New York;Oceanside;11572;4/06/15;6/06/15;-1455.9972;1;1009.99;91123
21463;Not Specified;0.05;6.48;5.14;2391;Jacob McNeill;Express Air;Corporate;Office Supplies;Paper;Small Box;Xerox 23;0.37;United States;East;New York;Oceanside;11572;4/06/15;5/06/15;-22.56;13;92.16;91123
18277;Medium;0.02;6.48;7.91;2393;Debbie Dillon;Regular Air;Corporate;Office Supplies;Paper;Small Box;Xerox 216;0.37;United States;South;Georgia;Roswell;30076;29/05/15;31/05/15;-1191.526;2;16.5;86950
20197;Critical;0.01;11.7;5.63;2394;Tina Monroe;Regular Air;Corporate;Office Supplies;Binders and Binder Accessories;Small Box;Fellowes Binding Cases;0.4;United States;South;Georgia;Sandy Springs;30328;1/05/15;3/05/15;39.21;16;196.69;86949
20198;Critical;0.03;4.55;1.49;2394;Tina Monroe;Regular Air;Corporate;Office Supplies;Binders and Binder Accessories;Small Box;Presstex Flexible Ring Binders;0.35;United States;South;Georgia;Sandy Springs;30328;1/05/15;1/05/15;100.38;9;40.28;86949
25271;High;0.04;9.11;2.15;2420;Wesley Cho;Regular Air;Consumer;Office Supplies;Paper;Wrap Bag;"Black Print Carbonless Snap-Off® Rapid Letter, 8 1/2"" x 7""";0.4;United States;South;Virginia;Richmond;23223;6/05/15;6/05/15;-23.072;11;100.87;86752
18802;Not Specified;0.05;150.98;43.71;2422;Arlene Wiggins Dalton;Delivery Truck;Home Office;Furniture;Chairs & Chairmats;Jumbo Drum;Global Airflow Leather Mesh Back Chair, Black;0.55;United States;Central;Texas;Huntsville;77340;24/05/15;25/05/15;650.3;12;1857.08;89053
20496;Low;0.08;4.48;49.0;2426;Dorothy Holt;Regular Air;Small Business;Office Supplies;Appliances;Large Box;Hoover Portapower™ Portable Vacuum;0.6;United States;Central;Texas;Irving;75061;2/05/15;2/05/15;139.5801;37;202.29;90861
20497;Low;0.0;17.67;8.99;2426;Dorothy Holt;Regular Air;Small Business;Furniture;Office Furnishings;Small Pack;"Executive Impressions 12"" Wall Clock";0.47;United States;Central;Texas;Irving;75061;2/05/15;9/05/15;109.67;9;168.71;90861
22105;Not Specified;0.04;7.08;2.35;2430;Kimberly Reilly;Regular Air;Home Office;Office Supplies;Pens & Art Supplies;Wrap Bag;SANFORD Major Accent™ Highlighters;0.47;United States;Central;Texas;Killeen;76541;10/04/15;11/04/15;24.59;7;49.1;91109
3490;Not Specified;0.05;8.85;5.6;2431;Troy Cassidy;Regular Air;Consumer;Office Supplies;Binders and Binder Accessories;Small Box;GBC Standard Plastic Binding Systems Combs;0.36;United States;West;California;Los Angeles;90004;10/06/15;11/06/15;-9.177;21;199.08;24869
819;High;0.07;155.06;7.07;2431;Troy Cassidy;Regular Air;Consumer;Office Supplies;Storage & Organization;Small Box;Dual Level, Single-Width Filing Carts;0.59;United States;West;California;Los Angeles;90004;19/05/15;19/05/15;-121.75;14;2039.07;5920
18819;High;0.07;155.06;7.07;2432;Lindsay Tate;Regular Air;Consumer;Office Supplies;Storage & Organization;Small Box;Dual Level, Single-Width Filing Carts;0.59;United States;Central;Oklahoma;Midwest City;73110;19/05/15;19/05/15;24.35;3;436.94;89096
20286;Not Specified;0.09;5.4;7.78;2432;Lindsay Tate;Express Air;Consumer;Office Supplies;Binders and Binder Accessories;Small Box;3M Organizer Strips;0.37;United States;Central;Oklahoma;Midwest City;73110;6/06/15;8/06/15;-34.7645;6;37.38;89097
21490;Not Specified;0.05;8.85;5.6;2433;Debra P May;Regular Air;Consumer;Office Supplies;Binders and Binder Accessories;Small Box;GBC Standard Plastic Binding Systems Combs;0.36;United States;Central;Oklahoma;Moore;73160;10/06/15;11/06/15;-7.3416;5;47.4;89095
20157;Medium;0.02;63.94;14.48;2441;Kenneth Capps;Regular Air;Consumer;Furniture;Office Furnishings;Small Box;"Howard Miller 16"" Diameter Gallery Wall Clock";0.46;United States;South;Florida;Melbourne;32935;4/04/15;4/04/15;-100.17;11;709.7;89300
20158;Medium;0.01;5.02;5.14;2442;Natalie Aldridge;Regular Air;Consumer;Technology;Computer Peripherals;Small Pack;Imation 3.5, DISKETTE 44766 HGHLD3.52HD/FM, 10/Pack;0.79;United States;South;Florida;Merritt Island;32953;4/04/15;6/04/15;-3.948;5;27.42;89300
25304;Not Specified;0.06;2.28;5.2;2443;Danny Richmond;Regular Air;Corporate;Office Supplies;Pens & Art Supplies;Wrap Bag;Binney & Smith inkTank™ Erasable Pocket Highlighter, Chisel Tip, Yellow;0.41;United States;South;Florida;Miami;33142;1/06/15;3/06/15;-2002.6314;13;30.47;89301
25742;High;0.09;6.48;7.03;2448;Melanie Morrow;Regular Air;Consumer;Office Supplies;Paper;Small Box;Xerox 214;0.37;United States;Central;Minnesota;Edina;55410;29/06/15;1/07/15;-126.208;16;96.96;87790
20687;Not Specified;0.08;4.13;1.17;2450;Tonya Miller;Regular Air;Home Office;Office Supplies;Pens & Art Supplies;Wrap Bag;Newell 31;0.57;United States;Central;Wisconsin;Janesville;53545;23/05/15;25/05/15;-5.54;1;4.21;90322
21190;Medium;0.05;12.88;4.59;2458;Troy Casey;Regular Air;Home Office;Office Supplies;Scissors, Rulers and Trimmers;Wrap Bag;Martin-Yale Premier Letter Opener;0.82;United States;Central;Minnesota;Edina;55410;23/05/15;25/05/15;5.98;3;42.35;91286
25859;High;0.09;1.74;4.08;2464;Joe George;Express Air;Consumer;Furniture;Office Furnishings;Small Pack;Eldon Regeneration Recycled Desk Accessories, Smoke;0.53;United States;South;Louisiana;Bossier City;71111;11/05/15;13/05/15;608.262;4;10.41;88713
25860;High;0.08;227.55;32.48;2464;Joe George;Delivery Truck;Consumer;Furniture;Tables;Jumbo Box;Hon Rectangular Conference Tables;0.68;United States;South;Louisiana;Bossier City;71111;11/05/15;11/05/15;-570.1696;16;2849.64;88713
19766;Critical;0.09;58.1;1.49;2468;Rhonda Stein;Express Air;Home Office;Office Supplies;Binders and Binder Accessories;Small Box;Avery Arch Ring Binders;0.38;United States;South;North Carolina;Salisbury;28144;27/04/15;29/04/15;765.75;3;169.46;88135
24584;Critical;0.07;5.18;5.74;2481;Kelly Sawyer;Express Air;Corporate;Office Supplies;Binders and Binder Accessories;Small Box;Wilson Jones Impact Binders;0.36;United States;South;Louisiana;Lafayette;70506;6/04/15;8/04/15;-188.034;14;79.61;91000
23983;Not Specified;0.04;3.08;0.99;2487;Michelle Bryant Phillips;Regular Air;Small Business;Office Supplies;Labels;Small Box;Avery 481;0.37;United States;South;Georgia;Tucker;30084;20/06/15;21/06/15;257.0832;14;43.41;91415
23984;Not Specified;0.1;2.78;1.25;2487;Michelle Bryant Phillips;Regular Air;Small Business;Office Supplies;Pens & Art Supplies;Wrap Bag;Newell 318;0.59;United States;South;Georgia;Tucker;30084;20/06/15;21/06/15;0.7854;18;46.42;91415
24476;Not Specified;0.02;136.98;24.49;2487;Michelle Bryant Phillips;Express Air;Small Business;Furniture;Office Furnishings;Large Box;3M Polarizing Task Lamp with Clamp Arm, Light Gray;0.59;United States;South;Georgia;Tucker;30084;2/06/15;3/06/15;88.56;8;1140.95;91417
20065;High;0.08;4.91;0.5;2488;Gordon Walker;Regular Air;Consumer;Office Supplies;Labels;Small Box;Avery 493;0.36;United States;South;Arkansas;Cabot;72023;9/04/15;9/04/15;12.726;9;42.69;86887
20066;High;0.02;28.15;6.17;2488;Gordon Walker;Regular Air;Consumer;Office Supplies;Pens & Art Supplies;Small Pack;Boston Model 1800 Electric Pencil Sharpener, Gray;0.55;United States;South;Arkansas;Cabot;72023;9/04/15;10/04/15;160.8066;11;327.41;86887
21212;Medium;0.04;419.19;19.99;2489;Craig Liu;Regular Air;Home Office;Office Supplies;Storage & Organization;Small Box;Smead Adjustable Mobile File Trolley with Lockable Top;0.58;United States;West;California;Concord;94521;26/04/15;27/04/15;1388.3559;5;2012.11;86885
1617;Low;0.06;4.28;0.94;2491;Sean N Boyer;Regular Air;Consumer;Office Supplies;Pens & Art Supplies;Wrap Bag;Newell 336;0.56;United States;West;California;Los Angeles;90045;26/04/15;28/04/15;0.37;9;38.96;11712
3212;Medium;0.04;419.19;19.99;2491;Sean N Boyer;Regular Air;Home Office;Office Supplies;Storage & Organization;Small Box;Smead Adjustable Mobile File Trolley with Lockable Top;0.58;United States;West;California;Los Angeles;90045;26/04/15;27/04/15;1947.67;20;8048.45;23042
2065;High;0.08;4.91;0.5;2491;Sean N Boyer;Regular Air;Consumer;Office Supplies;Labels;Small Box;Avery 493;0.36;United States;West;California;Los Angeles;90045;9/04/15;9/04/15;31.752;36;170.75;14785
2066;High;0.02;28.15;6.17;2491;Sean N Boyer;Regular Air;Consumer;Office Supplies;Pens & Art Supplies;Small Pack;Boston Model 1800 Electric Pencil Sharpener, Gray;0.55;United States;West;California;Los Angeles;90045;9/04/15;10/04/15;117.208;45;1339.42;14785
19617;Low;0.06;4.28;0.94;2495;Maria Block;Regular Air;Consumer;Office Supplies;Pens & Art Supplies;Wrap Bag;Newell 336;0.56;United States;West;Wyoming;Rock Springs;82901;26/04/15;28/04/15;0.37;2;8.66;86885
18219;Medium;0.02;6.48;8.74;2506;Alfred Harmon;Regular Air;Home Office;Office Supplies;Paper;Small Box;Xerox 1984;0.36;United States;East;Connecticut;Cheshire;6408;5/06/15;7/06/15;-6.835;1;10.72;87033
18217;Medium;0.06;699.99;24.49;2507;Jeanette Davies;Express Air;Home Office;Technology;Copiers and Fax;Large Box;Canon PC1060 Personal Laser Copier;0.41;United States;East;Maine;Bangor;4401;5/06/15;7/06/15;7024.2069;15;10180.01;87033
21918;Medium;0.05;30.98;9.18;2509;Sidney Larson;Regular Air;Home Office;Office Supplies;Paper;Small Box;Xerox 1951;0.4;United States;East;Maine;South Portland;4106;5/05/15;5/05/15;308.67;15;462.57;87029
21102;Not Specified;0.04;6.48;9.54;2512;Frances Holt;Regular Air;Home Office;Office Supplies;Paper;Small Box;Xerox 1905;0.37;United States;East;Massachusetts;Cambridge;2138;15/06/15;17/06/15;-223.944;19;125.37;87030
18220;Medium;0.02;17.15;4.96;2516;Leo E Underwood;Regular Air;Home Office;Office Supplies;Storage & Organization;Small Box;Advantus Rolling Storage Box;0.58;United States;East;New Jersey;Englewood;7631;5/06/15;7/06/15;36.495;11;190.85;87033
18221;Medium;0.07;30.98;8.74;2520;Sandy Mueller;Regular Air;Home Office;Office Supplies;Paper;Small Box;Xerox 1979;0.4;United States;East;Rhode Island;Providence;2908;5/06/15;6/06/15;255.7692;12;370.68;87033
18218;Medium;0.04;1360.14;14.7;2522;Harriet Wooten;Delivery Truck;Home Office;Technology;Office Machines;Jumbo Drum;Okidata ML395C Color Dot Matrix Printer;0.59;United States;East;Vermont;Burlington;5401;5/06/15;8/06/15;2639.01;6;7303.05;87033
18866;Critical;0.01;2.16;6.05;2526;Derek Sweeney;Regular Air;Corporate;Office Supplies;Binders and Binder Accessories;Small Box;Peel & Stick Add-On Corner Pockets;0.37;United States;South;Louisiana;Lafayette;70506;23/05/15;25/05/15;395.76;24;58.05;87208
18867;Critical;0.07;21.38;8.99;2527;Gretchen Orr;Regular Air;Corporate;Office Supplies;Pens & Art Supplies;Small Pack;Boston 1730 StandUp Electric Pencil Sharpener;0.59;United States;South;Louisiana;Lake Charles;70601;23/05/15;25/05/15;-39.396;3;68.64;87208
23782;Medium;0.08;4.0;1.3;2531;Rick Houston;Regular Air;Small Business;Office Supplies;Paper;Wrap Bag;EcoTones® Memo Sheets;0.37;United States;West;California;Atascadero;93422;2/05/15;4/05/15;28.4;14;51.99;87452
22839;Not Specified;0.08;12.53;0.5;2539;Max Hubbard;Regular Air;Home Office;Office Supplies;Labels;Small Box;Avery 485;0.38;United States;South;Florida;Winter Park;32789;7/04/15;8/04/15;215.718;5;61.1;91017
22840;Not Specified;0.02;178.47;19.99;2540;Helen Ferguson;Regular Air;Home Office;Office Supplies;Storage & Organization;Small Box;Hot File® 7-Pocket, Floor Stand;0.55;United States;South;Florida;Winter Springs;32708;7/04/15;8/04/15;106.9848;1;193.81;91017
19031;Medium;0.05;15.68;3.73;2543;Josephine Dalton;Regular Air;Small Business;Furniture;Office Furnishings;Small Pack;Artistic Insta-Plaque;0.46;United States;South;Virginia;Richmond;23223;11/06/15;12/06/15;3.54;17;257.48;87917
19032;Medium;0.02;195.99;4.2;2543;Josephine Dalton;Regular Air;Small Business;Technology;Telephones and Communication;Small Box;T65;0.56;United States;South;Virginia;Richmond;23223;11/06/15;12/06/15;40.284;19;3194.99;87917
25460;Low;0.07;6.48;9.54;2547;Edna Freeman;Regular Air;Small Business;Office Supplies;Paper;Small Box;Xerox 1905;0.37;United States;South;Virginia;Virginia Beach;23464;19/04/15;19/04/15;2.232;1;10.86;87916
6525;Low;0.0;35.99;0.99;2548;Wayne Bass;Regular Air;Small Business;Technology;Telephones and Communication;Small Pack;Accessory31;0.35;United States;West;California;Los Angeles;90068;4/04/15;11/04/15;840.051;46;1477.57;46436
5777;Low;0.05;30.98;9.18;2548;Wayne Bass;Express Air;Small Business;Office Supplies;Paper;Small Box;Xerox 1951;0.4;United States;West;California;Los Angeles;90068;21/04/15;21/04/15;61.47;12;382.29;40997
5778;Low;0.05;22.99;8.99;2548;Wayne Bass;Regular Air;Small Business;Office Supplies;Pens & Art Supplies;Small Pack;Boston KS Multi-Size Manual Pencil Sharpener;0.57;United States;West;California;Los Angeles;90068;21/04/15;28/04/15;18.27;37;881.74;40997
5780;Low;0.04;212.6;110.2;2548;Wayne Bass;Delivery Truck;Small Business;Furniture;Tables;Jumbo Box;Bush Advantage Collection® Round Conference Table;0.73;United States;West;California;Los Angeles;90068;21/04/15;25/04/15;-513.79042;33;7384.18;40997
4204;Not Specified;0.09;5.98;1.67;2548;Wayne Bass;Regular Air;Small Business;Office Supplies;Pens & Art Supplies;Wrap Bag;Dixon Ticonderoga® Erasable Colored Pencil Set, 12-Color;0.51;United States;West;California;Los Angeles;90068;4/06/15;7/06/15;23.87;81;448.26;29889
23777;Low;0.05;30.98;9.18;2549;Martha Bowers;Express Air;Small Business;Office Supplies;Paper;Small Box;Xerox 1951;0.4;United States;East;Ohio;Whitehall;43213;21/04/15;21/04/15;61.47;3;95.57;88657
23778;Low;0.05;22.99;8.99;2549;Martha Bowers;Regular Air;Small Business;Office Supplies;Pens & Art Supplies;Small Pack;Boston KS Multi-Size Manual Pencil Sharpener;0.57;United States;East;Ohio;Whitehall;43213;21/04/15;28/04/15;18.27;9;214.48;88657
23780;Low;0.04;212.6;110.2;2549;Martha Bowers;Delivery Truck;Small Business;Furniture;Tables;Jumbo Box;Bush Advantage Collection® Round Conference Table;0.73;United States;East;Ohio;Whitehall;43213;21/04/15;25/04/15;-513.79042;8;1790.1;88657
22204;Not Specified;0.09;5.98;1.67;2549;Martha Bowers;Regular Air;Small Business;Office Supplies;Pens & Art Supplies;Wrap Bag;Dixon Ticonderoga® Erasable Colored Pencil Set, 12-Color;0.51;United States;East;Ohio;Whitehall;43213;4/06/15;7/06/15;35.805;20;110.68;88658
24525;Low;0.0;35.99;0.99;2551;Joan Bowers;Regular Air;Small Business;Technology;Telephones and Communication;Small Pack;Accessory31;0.35;United States;East;Pennsylvania;York;17403;4/04/15;11/04/15;265.9605;12;385.45;88656
23161;Not Specified;0.07;3.98;5.26;2561;Laurie Moon;Regular Air;Consumer;Office Supplies;Binders and Binder Accessories;Small Box;Ibico Presentation Index for Binding Systems;0.38;United States;East;New York;Ossining;10562;8/04/15;10/04/15;-59.96376;7;29.77;86466
23162;Not Specified;0.07;12.22;2.85;2561;Laurie Moon;Regular Air;Consumer;Furniture;Office Furnishings;Small Pack;Aluminum Document Frame;0.55;United States;East;New York;Ossining;10562;8/04/15;8/04/15;89.4148;12;147.19;86466
22374;Not Specified;0.08;4.55;1.49;2563;Karen Warren;Regular Air;Home Office;Office Supplies;Binders and Binder Accessories;Small Box;Presstex Flexible Ring Binders;0.35;United States;Central;Minnesota;Fridley;55432;8/04/15;9/04/15;27.0273;9;39.17;91447
25095;Critical;0.0;4.37;5.15;2570;Yvonne Stephens;Regular Air;Consumer;Office Supplies;Appliances;Small Box;Eureka Sanitaire ® Multi-Pro Heavy-Duty Upright, Disposable Bags;0.59;United States;West;California;Davis;95616;25/04/15;27/04/15;-150.2604;19;87.85;90327
25096;Critical;0.01;500.98;56.0;2570;Yvonne Stephens;Delivery Truck;Consumer;Furniture;Chairs & Chairmats;Jumbo Drum;Global Troy™ Executive Leather Low-Back Tilter;0.6;United States;West;California;Davis;95616;25/04/15;26/04/15;4899.1288;14;7429.63;90327
25097;Critical;0.02;12.58;5.16;2570;Yvonne Stephens;Regular Air;Consumer;Furniture;Office Furnishings;Small Box;DAX Copper Panel Document Frame, 5 x 7 Size;0.43;United States;West;California;Davis;95616;25/04/15;25/04/15;44.712;18;224.29;90327
25098;Critical;0.1;7.7;3.68;2570;Yvonne Stephens;Regular Air;Consumer;Furniture;Office Furnishings;Wrap Bag;Deflect-O® Glasstique™ Clear Desk Accessories;0.52;United States;West;California;Davis;95616;25/04/15;26/04/15;-22.626;7;51.2;90327
7096;Critical;0.01;500.98;56.0;2571;Rosemary O'Brien;Delivery Truck;Consumer;Furniture;Chairs & Chairmats;Jumbo Drum;Global Troy™ Executive Leather Low-Back Tilter;0.6;United States;East;New York;New York City;10165;25/04/15;26/04/15;4260.112;56;29718.53;50656
7098;Critical;0.1;7.7;3.68;2571;Rosemary O'Brien;Regular Air;Consumer;Furniture;Office Furnishings;Wrap Bag;Deflect-O® Glasstique™ Clear Desk Accessories;0.52;United States;East;New York;New York City;10165;25/04/15;26/04/15;-25.14;27;197.48;50656
20938;Low;0.04;8.6;6.19;2578;Kent Gill;Regular Air;Home Office;Office Supplies;Binders and Binder Accessories;Small Box;Avery Printable Repositionable Plastic Tabs;0.38;United States;South;Alabama;Opelika;36801;2/05/15;4/05/15;309.7116;5;46.85;88298
20939;Low;0.01;3.58;1.63;2578;Kent Gill;Regular Air;Home Office;Office Supplies;Rubber Bands;Wrap Bag;OIC Colored Binder Clips, Assorted Sizes;0.36;United States;South;Alabama;Opelika;36801;2/05/15;6/05/15;-128.856;26;93.57;88298
20940;Low;0.08;105.49;41.64;2578;Kent Gill;Delivery Truck;Home Office;Furniture;Tables;Jumbo Box;Balt Solid Wood Rectangular Table;0.75;United States;South;Alabama;Opelika;36801;2/05/15;9/05/15;-36.946;34;2694.49;88298
19123;Medium;0.04;510.14;14.7;2583;Wendy Pridgen Pearce;Delivery Truck;Home Office;Technology;Office Machines;Jumbo Drum;Okidata ML520 Series Dot Matrix Printers;0.56;United States;Central;Michigan;Holland;49423;7/06/15;9/06/15;-251.4039;3;1527.97;89657
19124;Medium;0.0;4.76;3.01;2583;Wendy Pridgen Pearce;Regular Air;Home Office;Office Supplies;Paper;Wrap Bag;TOPS Voice Message Log Book, Flash Format;0.36;United States;Central;Michigan;Holland;49423;7/06/15;9/06/15;-2.345;23;110.86;89657
19134;Critical;0.04;6.3;0.5;2584;Seth Matthews;Regular Air;Home Office;Office Supplies;Labels;Small Box;Avery 48;0.39;United States;Central;Michigan;Inkster;48141;9/06/15;11/06/15;67.6062;15;97.98;89658
20810;Not Specified;0.02;22.72;8.99;2587;Eugene H Walsh;Regular Air;Home Office;Furniture;Office Furnishings;Small Pack;"Executive Impressions 14"" Two-Color Numerals Wall Clock";0.44;United States;Central;Wisconsin;Manitowoc;54220;26/06/15;26/06/15;200.0172;12;289.88;91167
22275;Low;0.02;419.19;19.99;2593;Anne Schultz;Regular Air;Corporate;Office Supplies;Storage & Organization;Small Box;Smead Adjustable Mobile File Trolley with Lockable Top;0.58;United States;South;Georgia;Athens;30605;17/04/15;17/04/15;-39.606;10;4354.55;87772
20849;Critical;0.07;200.99;4.2;2603;Penny Leach;Regular Air;Corporate;Technology;Telephones and Communication;Small Box;2160i;0.59;United States;East;New Jersey;Hackensack;7601;5/04/15;6/04/15;2225.07612;22;3705.14;87383
20850;Critical;0.01;297.48;18.06;2604;Gina Curry;Delivery Truck;Corporate;Technology;Office Machines;Jumbo Drum;Panasonic KX-P3200 Dot Matrix Printer;0.6;United States;East;New Jersey;Iselin;8830;5/04/15;6/04/15;-338.180832;3;945.36;87383
18046;High;0.09;5.4;7.78;2610;Tommy Lutz;Regular Air;Corporate;Office Supplies;Binders and Binder Accessories;Small Box;3M Organizer Strips;0.37;United States;West;California;Davis;95616;16/05/15;17/05/15;-136.252;9;49.24;86118
25478;Not Specified;0.1;3.25;49.0;2617;Gerald Crabtree;Regular Air;Corporate;Office Supplies;Appliances;Large Box;Bravo II™ Megaboss® 12-Amp Hard Body Upright, Replacement Belts, 2 Belts per Pack;0.56;United States;Central;South Dakota;Aberdeen;57401;27/06/15;28/06/15;-286.245;6;40.69;91496
25594;Low;0.05;100.97;7.18;2638;Alicia Wood Shah;Express Air;Consumer;Technology;Computer Peripherals;Small Box;Gyration Ultra Cordless Optical Suite;0.46;United States;West;Idaho;Boise;83704;8/06/15;8/06/15;881.4681;13;1277.49;90951
18720;High;0.01;39.98;4.0;2649;Leo J Olson;Regular Air;Corporate;Technology;Computer Peripherals;Small Box;Microsoft Natural Keyboard Elite;0.7;United States;East;Maryland;Edgewood;21040;11/06/15;12/06/15;-30.808;5;203.29;88814
22904;Critical;0.05;35.99;5.99;2650;Joanne Chu;Regular Air;Corporate;Technology;Telephones and Communication;Wrap Bag;Accessory41;0.38;United States;East;Pennsylvania;Baldwin;15234;4/05/15;5/05/15;524.3172;26;759.88;88815
18949;Medium;0.06;47.9;5.86;2652;Brenda Ross;Regular Air;Consumer;Office Supplies;Paper;Small Box;Xerox 1938;0.37;United States;West;California;Bakersfield;93309;25/05/15;27/05/15;21.78;2;94.2;89361
19131;Medium;0.09;89.99;42.0;2655;Benjamin Lam;Delivery Truck;Consumer;Furniture;Chairs & Chairmats;Jumbo Drum;Global Leather Task Chair, Black;0.66;United States;South;Georgia;Atlanta;30318;18/04/15;18/04/15;223.416;6;511.25;86063
22938;Critical;0.07;2.94;0.81;2655;Benjamin Lam;Regular Air;Corporate;Office Supplies;Pens & Art Supplies;Wrap Bag;Prang Colored Pencils;0.4;United States;South;Georgia;Atlanta;30318;8/04/15;9/04/15;-93.9274;10;29.88;86064
18400;High;0.04;90.24;0.99;2667;Pat Baker;Regular Air;Home Office;Office Supplies;Appliances;Small Box;Kensington 6 Outlet MasterPiece® HOMEOFFICE Power Control Center;0.56;United States;East;Ohio;Lakewood;44107;2/04/15;4/04/15;246.2748;4;356.92;87831
18401;High;0.09;47.9;5.86;2667;Pat Baker;Express Air;Home Office;Office Supplies;Paper;Small Box;Xerox 1938;0.37;United States;East;Ohio;Lakewood;44107;2/04/15;4/04/15;93.9504;3;136.16;87831
18870;Not Specified;0.06;3.93;0.99;2668;Carlos Hanson;Regular Air;Home Office;Office Supplies;Rubber Bands;Wrap Bag;Staples Vinyl Coated Paper Clips;0.39;United States;Central;South Dakota;Rapid City;57701;21/04/15;23/04/15;10.7824;6;24.18;87832
5338;High;0.05;165.2;19.99;2670;Yvonne Mann;Regular Air;Home Office;Office Supplies;Storage & Organization;Small Box;Economy Rollaway Files;0.59;United States;West;California;Los Angeles;90049;29/05/15;29/05/15;2008.71;167;27587.55;37924
5339;High;0.09;17.99;8.65;2670;Yvonne Mann;Regular Air;Home Office;Office Supplies;Pens & Art Supplies;Small Box;Model L Table or Wall-Mount Pencil Sharpener;0.57;United States;West;California;Los Angeles;90049;29/05/15;29/05/15;-80.53;71;1191.58;37924
23338;High;0.05;165.2;19.99;2671;Lloyd Fuller;Regular Air;Home Office;Office Supplies;Storage & Organization;Small Box;Economy Rollaway Files;0.59;United States;South;Tennessee;Brentwood;37027;29/05/15;29/05/15;-48.958;42;6938.19;90551
18147;Critical;0.03;41.32;58.66;2677;Geoffrey Rivera;Express Air;Small Business;Furniture;Office Furnishings;Medium Box;Deflect-o EconoMat Studded, No Bevel Mat for Low Pile Carpeting;0.76;United States;South;Virginia;Winchester;22601;16/06/15;17/06/15;-32.816;10;419.27;86633
18148;Critical;0.0;6.88;2.0;2677;Geoffrey Rivera;Regular Air;Small Business;Office Supplies;Paper;Wrap Bag;Adams Phone Message Book, 200 Message Capacity, 8 1/16” x 11”;0.39;United States;South;Virginia;Winchester;22601;16/06/15;16/06/15;-15.61;5;36.0;86633
25649;Low;0.07;4.97;5.71;2684;Edna Michael;Regular Air;Small Business;Furniture;Office Furnishings;Medium Box;DAX Value U-Channel Document Frames, Easel Back;0.54;United States;South;Florida;Port Charlotte;33952;10/04/15;15/04/15;-180.152;5;26.66;89148
25650;Low;0.09;2.62;0.8;2684;Edna Michael;Regular Air;Small Business;Office Supplies;Rubber Bands;Wrap Bag;Staples Metal Binder Clips;0.39;United States;South;Florida;Port Charlotte;33952;10/04/15;12/04/15;8.388;12;29.55;89148
25651;Low;0.03;65.99;8.8;2684;Edna Michael;Regular Air;Small Business;Technology;Telephones and Communication;Small Box;6120;0.58;United States;South;Florida;Port Charlotte;33952;10/04/15;10/04/15;9.9399;21;1237.4;89148
21114;High;0.0;7.38;11.51;2685;Kathryn Wolfe;Regular Air;Small Business;Office Supplies;Binders and Binder Accessories;Small Box;GBC Plastic Binding Combs;0.36;United States;East;New York;Plainview;11803;4/04/15;5/04/15;-66.171;2;17.64;89147
23299;Critical;0.09;3.75;0.5;2689;Marlene Gray;Regular Air;Home Office;Office Supplies;Labels;Small Box;Avery 496;0.37;United States;East;New Jersey;Clifton;7011;4/05/15;6/05/15;51.2187;21;74.23;90624
23298;Critical;0.01;30.98;9.18;2693;Lloyd Cannon;Regular Air;Home Office;Office Supplies;Paper;Small Box;Xerox 1951;0.4;United States;East;Vermont;Bennington;5201;4/05/15;4/05/15;380.468;20;627.19;90624
21580;Critical;0.06;4.98;4.95;2699;Marcia Greenberg;Regular Air;Corporate;Office Supplies;Binders and Binder Accessories;Small Box;Cardinal Holdit Business Card Pockets;0.37;United States;West;Arizona;Bullhead City;86442;22/05/15;24/05/15;-103.224;16;78.99;87677
20983;Not Specified;0.04;70.98;26.74;2699;Marcia Greenberg;Delivery Truck;Corporate;Furniture;Bookcases;Jumbo Box;Hon Metal Bookcases, Black;0.6;United States;West;Arizona;Bullhead City;86442;8/04/15;10/04/15;-84.6288;19;1345.33;87679
24151;Critical;0.06;3.6;2.2;2704;Juan Gold;Regular Air;Consumer;Office Supplies;Paper;Wrap Bag;"Telephone Message Books with Fax/Mobile Section, 4 1/4"" x 6""";0.39;United States;South;Florida;Pensacola;32503;30/04/15;2/05/15;2755.6422;4;15.19;91407
21979;Low;0.03;13.48;4.51;2704;Juan Gold;Express Air;Consumer;Office Supplies;Storage & Organization;Small Box;Tenex Personal Project File with Scoop Front Design, Black;0.59;United States;South;Florida;Pensacola;32503;30/04/15;4/05/15;-256.018;4;59.49;91408
18898;Medium;0.07;60.97;4.5;2709;Stanley Steele;Regular Air;Consumer;Office Supplies;Appliances;Small Box;Tripp Lite Isotel 6 Outlet Surge Protector with Fax/Modem Protection;0.56;United States;East;Maryland;Ellicott City;21042;28/05/15;30/05/15;-41.77;1;57.84;89240
18899;Medium;0.0;90.98;56.2;2709;Stanley Steele;Regular Air;Consumer;Furniture;Office Furnishings;Medium Box;Eldon ClusterMat Chair Mat with Cordless Antistatic Protection;0.74;United States;East;Maryland;Ellicott City;21042;28/05/15;30/05/15;-1014.11;15;1425.71;89240
18855;Critical;0.07;2.88;0.5;2713;Lynda Banks;Regular Air;Corporate;Office Supplies;Labels;Small Box;Avery 492;0.39;United States;Central;Michigan;Kalamazoo;49001;21/06/15;24/06/15;17.4294;9;25.26;88701
18856;Critical;0.03;348.21;40.19;2713;Lynda Banks;Delivery Truck;Corporate;Furniture;Tables;Jumbo Box;Bretford CR4500 Series Slim Rectangular Table;0.62;United States;Central;Michigan;Kalamazoo;49001;21/06/15;22/06/15;-178.8696;2;736.16;88701
21399;Critical;0.0;40.48;19.99;2720;Donna Block;Regular Air;Small Business;Technology;Computer Peripherals;Small Box;Keytronic Designer 104- Key Black Keyboard;0.77;United States;South;Georgia;Dalton;30721;16/06/15;17/06/15;-25.634;6;264.95;88766
19907;Critical;0.06;4.98;7.44;2724;Erika Clapp;Regular Air;Home Office;Office Supplies;Paper;Small Box;Xerox 1922;0.36;United States;South;Tennessee;Chattanooga;37421;1/05/15;2/05/15;-37.562;10;53.21;88959
19908;Critical;0.01;6.48;7.37;2724;Erika Clapp;Regular Air;Home Office;Office Supplies;Paper;Small Box;Xerox 210;0.37;United States;South;Tennessee;Chattanooga;37421;1/05/15;3/05/15;-449.694;18;122.8;88959
19819;Not Specified;0.05;100.98;7.18;2737;Rachel Bates;Regular Air;Small Business;Technology;Computer Peripherals;Small Box;Logitech Cordless Elite Duo;0.4;United States;East;Vermont;Rutland;5701;22/04/15;24/04/15;566.6073;8;821.17;89018
18790;Medium;0.03;15.31;8.78;2737;Rachel Bates;Regular Air;Small Business;Office Supplies;Storage & Organization;Small Box;Eldon Jumbo ProFile™ Portable File Boxes Graphite/Black;0.57;United States;East;Vermont;Rutland;5701;1/06/15;2/06/15;-57.56;12;194.08;89019
24278;Critical;0.02;33.98;1.99;2738;Sherri Kramer;Regular Air;Small Business;Technology;Computer Peripherals;Small Pack;Imation Neon 80 Minute CD-R Spindle, 50/Pack;0.45;United States;East;Vermont;South Burlington;5403;13/04/15;15/04/15;164.0613;7;237.77;89017
21630;Medium;0.08;22.01;5.53;2760;Evan Adkins;Regular Air;Corporate;Office Supplies;Pens & Art Supplies;Small Pack;Boston 16801 Nautilus™ Battery Pencil Sharpener;0.59;United States;East;Connecticut;Waterbury;6708;22/04/15;24/04/15;105.7;11;241.97;90724
21629;Medium;0.02;29.74;6.64;2764;Arnold Johnson;Regular Air;Corporate;Office Supplies;Storage & Organization;Small Box;Acco Perma® 2700 Stacking Storage Drawers;0.7;United States;East;New Jersey;Hackensack;7601;22/04/15;22/04/15;-21.06;4;120.81;90724
26156;Low;0.03;5.85;2.27;2765;Tracy Schultz;Regular Air;Corporate;Office Supplies;Pens & Art Supplies;Wrap Bag;Dixon My First Ticonderoga Pencil, #2;0.56;United States;East;New Jersey;Lindenwold;8021;28/05/15;30/05/15;-5.08;7;41.4;90725
26157;High;0.07;177.98;0.99;2771;Kevin Wolfe;Regular Air;Corporate;Office Supplies;Appliances;Small Box;Kensington 7 Outlet MasterPiece Power Center;0.56;United States;South;Georgia;East Point;30344;13/06/15;13/06/15;-191.548;3;536.29;88974
21707;Critical;0.01;35.99;5.99;2779;Jacob Burgess;Regular Air;Corporate;Technology;Telephones and Communication;Wrap Bag;Accessory41;0.38;United States;South;North Carolina;Wilson;27893;11/06/15;12/06/15;-60.704;11;345.07;87161
18895;High;0.07;4.76;0.88;2794;Connie Bunn;Regular Air;Corporate;Office Supplies;Paper;Wrap Bag;Wirebound Voice Message Log Book;0.39;United States;Central;Iowa;Marshalltown;50158;7/06/15;7/06/15;15.8148;5;22.92;87555
20618;Low;0.0;17.52;8.17;2801;Jimmy Wang;Regular Air;Home Office;Office Supplies;Appliances;Medium Box;Bionaire 99.97% HEPA Air Cleaner;0.5;United States;West;Arizona;Chandler;85224;28/06/15;3/07/15;52.764;15;284.34;91049
24044;High;0.05;4.71;0.7;2817;Paul W French;Express Air;Corporate;Office Supplies;Rubber Bands;Wrap Bag;Plymouth Boxed Rubber Bands by Plymouth;0.8;United States;East;Ohio;Newark;43055;1/06/15;2/06/15;-2.376;2;12.16;89743
24045;High;0.04;55.99;1.25;2817;Paul W French;Express Air;Corporate;Technology;Telephones and Communication;Small Pack;Accessory32;0.35;United States;East;Ohio;Newark;43055;1/06/15;2/06/15;-18.3216;3;147.56;89743
24373;Low;0.08;6.48;2.74;2820;Laurence Simon;Regular Air;Home Office;Technology;Computer Peripherals;Small Pack;Sony MFD2HD Formatted Diskettes, 10/Pack;0.71;United States;Central;Missouri;Oakville;63129;10/05/15;12/05/15;-82.64;18;113.68;87899
23803;Low;0.02;21.98;2.87;2823;Max Hurley;Regular Air;Corporate;Office Supplies;Pens & Art Supplies;Small Pack;Panasonic KP-310 Heavy-Duty Electric Pencil Sharpener;0.55;United States;West;Nevada;North Las Vegas;89031;30/04/15;2/05/15;165.6345;11;240.05;87240
22660;Low;0.02;27.48;4.0;2825;Carole Rosen;Regular Air;Consumer;Technology;Computer Peripherals;Small Box;Belkin MediaBoard 104- Keyboard;0.75;United States;West;Idaho;Boise;83701;20/05/15;27/05/15;19.308;3;87.21;89497
22661;Low;0.08;10.06;2.06;2825;Carole Rosen;Regular Air;Consumer;Office Supplies;Paper;Wrap Bag;Riverleaf Stik-Withit® Designer Note Cubes®;0.39;United States;West;Idaho;Boise;83701;20/05/15;24/05/15;0.33;4;40.15;89497
23431;Medium;0.07;39.48;1.99;2828;Monica Howard;Regular Air;Corporate;Technology;Computer Peripherals;Small Pack;80 Minute CD-R Spindle, 100/Pack - Staples;0.54;United States;West;California;El Centro;92243;1/06/15;2/06/15;322.2507;12;467.03;87721
18419;Medium;0.05;15.68;3.73;2840;Bob Berg;Regular Air;Corporate;Furniture;Office Furnishings;Small Pack;Artistic Insta-Plaque;0.46;United States;South;Florida;North Miami;33161;11/06/15;13/06/15;1166.628;17;260.01;87885
18420;Medium;0.0;14.98;8.99;2840;Bob Berg;Regular Air;Corporate;Furniture;Office Furnishings;Small Pack;GE 4 Foot Flourescent Tube, 40 Watt;0.39;United States;South;Florida;North Miami;33161;11/06/15;12/06/15;-40.6042;18;273.79;87885
18421;Medium;0.02;38.76;13.26;2840;Bob Berg;Regular Air;Corporate;Office Supplies;Paper;Small Box;Xerox 1892;0.36;United States;South;Florida;North Miami;33161;11/06/15;12/06/15;-294.084;1;44.62;87885
21855;Not Specified;0.04;90.48;19.99;2847;Vanessa Day;Regular Air;Corporate;Office Supplies;Envelopes;Small Box;Tyvek® Side-Opening Peel & Seel® Expanding Envelopes;0.4;United States;South;Tennessee;Collierville;38017;9/04/15;11/04/15;55.5552;3;268.64;85928
21856;Not Specified;0.02;9.77;6.02;2847;Vanessa Day;Regular Air;Corporate;Furniture;Office Furnishings;Medium Box;DAX Solid Wood Frames;0.48;United States;South;Tennessee;Collierville;38017;9/04/15;10/04/15;-535.332;9;87.68;85928
21857;Not Specified;0.09;34.99;7.73;2847;Vanessa Day;Regular Air;Corporate;Office Supplies;Pens & Art Supplies;Small Box;Hunt Boston® Vacuum Mount KS Pencil Sharpener;0.59;United States;South;Tennessee;Collierville;38017;9/04/15;11/04/15;-208.7204;1;37.62;85928
24455;Medium;0.0;49.99;19.99;2848;Eileen Dalton;Regular Air;Corporate;Technology;Computer Peripherals;Small Box;Zoom V.92 USB External Faxmodem;0.41;United States;South;Tennessee;Columbia;38401;6/06/15;8/06/15;38.886;16;832.97;85929
23622;Low;0.05;115.99;8.99;2851;Annie Sherrill;Regular Air;Consumer;Technology;Telephones and Communication;Small Box;5185;0.58;United States;Central;Texas;Odessa;79762;9/04/15;13/04/15;719.3526;11;1042.54;86454
18516;Medium;0.06;2.94;0.96;2858;Jerry Webster;Regular Air;Corporate;Office Supplies;Pens & Art Supplies;Wrap Bag;Newell 343;0.58;United States;South;Florida;Fruit Cove;32259;17/05/15;18/05/15;-8.876;3;8.79;88279
18506;Low;0.04;67.28;19.99;2858;Jerry Webster;Regular Air;Corporate;Office Supplies;Binders and Binder Accessories;Small Box;Catalog Binders with Expanding Posts;0.4;United States;South;Florida;Fruit Cove;32259;23/05/15;28/05/15;14.754;30;2051.68;88282
18507;Low;0.1;130.98;54.74;2858;Jerry Webster;Delivery Truck;Corporate;Furniture;Bookcases;Jumbo Box;O'Sullivan Elevations Bookcase, Cherry Finish;0.69;United States;South;Florida;Fruit Cove;32259;23/05/15;23/05/15;669.612;42;5295.03;88282
18508;Low;0.04;2.78;1.25;2858;Jerry Webster;Regular Air;Corporate;Office Supplies;Pens & Art Supplies;Wrap Bag;Newell 318;0.59;United States;South;Florida;Fruit Cove;32259;23/05/15;23/05/15;213.0;28;80.27;88282
20270;Not Specified;0.03;142.86;19.99;2859;Brad H Blake;Regular Air;Corporate;Office Supplies;Storage & Organization;Small Box;Letter Size Cart;0.56;United States;South;Florida;Gainesville;32601;1/04/15;3/04/15;-8.3881;23;3292.02;88281
25932;High;0.0;12.22;2.85;2862;Carrie High;Regular Air;Corporate;Furniture;Office Furnishings;Small Pack;Aluminum Document Frame;0.55;United States;Central;Nebraska;La Vista;68128;11/04/15;12/04/15;76.3899;9;110.71;88278
1529;High;0.01;125.99;8.99;2867;Dana Teague;Regular Air;Corporate;Technology;Telephones and Communication;Small Box;M70;0.59;United States;East;District of Columbia;Washington;20016;17/04/15;18/04/15;-582.648;2;226.88;11013
19529;High;0.01;125.99;8.99;2868;Eugene Clayton;Regular Air;Corporate;Technology;Telephones and Communication;Small Box;M70;0.59;United States;West;Washington;Edmonds;98026;17/04/15;18/04/15;-582.648;1;113.44;85827
19293;Not Specified;0.08;15.99;13.18;2868;Eugene Clayton;Express Air;Corporate;Office Supplies;Binders and Binder Accessories;Small Box;"GBC Pre-Punched Binding Paper, Plastic, White, 8-1/2"" x 11""";0.37;United States;West;Washington;Edmonds;98026;25/05/15;27/05/15;-66.585;4;66.02;85828
21768;Low;0.05;4.84;0.71;2874;Marian Willis;Regular Air;Home Office;Office Supplies;Pens & Art Supplies;Wrap Bag;*Staples* Highlighting Markers;0.52;United States;Central;Nebraska;La Vista;68128;6/04/15;15/04/15;13.4481;4;19.49;89873
19246;Critical;0.03;304.99;19.99;2874;Marian Willis;Regular Air;Home Office;Office Supplies;Binders and Binder Accessories;Small Box;Ibico Hi-Tech Manual Binding System;0.4;United States;Central;Nebraska;La Vista;68128;22/06/15;24/06/15;4033.6089;19;5845.81;89874
19247;Critical;0.09;65.99;8.99;2874;Marian Willis;Regular Air;Home Office;Technology;Telephones and Communication;Small Box;V 3600 Series;0.58;United States;Central;Nebraska;La Vista;68128;22/06/15;24/06/15;141.7824;12;633.85;89874
20315;Low;0.09;243.98;43.32;2880;Grace Black;Delivery Truck;Small Business;Furniture;Chairs & Chairmats;Jumbo Drum;Hon Deluxe Fabric Upholstered Stacking Chairs, Rounded Back;0.55;United States;South;Florida;North Miami Beach;33160;8/05/15;13/05/15;1059.288;25;5587.89;88627
694;Critical;0.05;6.48;8.73;2882;Andrew Gonzalez;Regular Air;Consumer;Office Supplies;Paper;Small Box;Xerox 227;0.37;United States;South;North Carolina;Charlotte;28206;9/05/15;9/05/15;-160.3847;35;232.5;4839
3065;High;0.09;363.25;19.99;2882;Andrew Gonzalez;Regular Air;Consumer;Office Supplies;Appliances;Small Box;Hoover WindTunnel™ Plus Canister Vacuum;0.57;United States;South;North Carolina;Charlotte;28206;5/06/15;6/06/15;732.2698;21;7497.05;21958
5689;Low;0.05;63.94;14.48;2882;Andrew Gonzalez;Express Air;Consumer;Furniture;Office Furnishings;Small Box;"Howard Miller 16"" Diameter Gallery Wall Clock";0.46;United States;South;North Carolina;Charlotte;28206;30/06/15;7/07/15;270.8743;21;1336.35;40224
18694;Critical;0.05;6.48;8.73;2883;Stuart Sharma;Regular Air;Consumer;Office Supplies;Paper;Small Box;Xerox 227;0.37;United States;East;Ohio;North Olmsted;44070;9/05/15;9/05/15;-120.59;9;59.79;87632
21065;High;0.09;363.25;19.99;2884;Stuart C Robinson;Regular Air;Consumer;Office Supplies;Appliances;Small Box;Hoover WindTunnel™ Plus Canister Vacuum;0.57;United States;East;Ohio;North Ridgeville;44039;5/06/15;6/06/15;1231.6569;5;1785.01;87633
23689;Low;0.05;63.94;14.48;2885;Gary Frazier;Express Air;Consumer;Furniture;Office Furnishings;Small Box;"Howard Miller 16"" Diameter Gallery Wall Clock";0.46;United States;East;Ohio;North Royalton;44133;30/06/15;7/07/15;219.5442;5;318.18;87634
23151;Not Specified;0.06;70.89;89.3;2903;Frances Powers;Delivery Truck;Small Business;Furniture;Tables;Jumbo Box;KI Conference Tables;0.72;United States;East;Ohio;Reynoldsburg;43068;25/06/15;25/06/15;65.07702;6;364.26;87374
21290;High;0.04;4.13;0.99;2912;Hannah Carver;Express Air;Home Office;Office Supplies;Labels;Small Box;Avery 491;0.39;United States;Central;North Dakota;Grand Forks;58201;28/04/15;30/04/15;22.3077;7;32.33;87396
21291;High;0.06;55.48;14.3;2912;Hannah Carver;Regular Air;Home Office;Office Supplies;Paper;Small Box;Xerox 194;0.37;United States;Central;North Dakota;Grand Forks;58201;28/04/15;30/04/15;443.0214;12;642.06;87396
8310;Medium;0.05;535.64;14.7;2920;Ernest Peele;Delivery Truck;Home Office;Technology;Office Machines;Jumbo Drum;Epson LQ-870 Dot Matrix Printer;0.59;United States;Central;Illinois;Chicago;60603;7/06/15;9/06/15;-1220.9145;2;1068.6;59365
25817;Critical;0.02;5.58;2.99;2928;Leslie Woodard;Regular Air;Consumer;Office Supplies;Binders and Binder Accessories;Small Box;Avery Heavy-Duty EZD ™ Binder With Locking Rings;0.37;United States;South;South Carolina;Charleston;29418;26/05/15;28/05/15;689.328;42;236.83;90218
25819;Critical;0.02;54.1;19.99;2928;Leslie Woodard;Regular Air;Consumer;Office Supplies;Storage & Organization;Small Box;Desktop 3-Pocket Hot File®;0.59;United States;South;South Carolina;Charleston;29418;26/05/15;27/05/15;-33.586;36;1944.87;90218
24866;High;0.01;35.44;19.99;2932;Phyllis Hull;Regular Air;Small Business;Office Supplies;Paper;Small Box;Xerox 1880;0.38;United States;East;Connecticut;Stratford;6614;22/04/15;23/04/15;-52.8228;1;55.43;87620
24995;Low;0.02;3.8;1.49;2935;Shirley Riley;Regular Air;Small Business;Office Supplies;Binders and Binder Accessories;Small Box;Durable Pressboard Binders;0.38;United States;East;Massachusetts;Boston;2215;11/05/15;15/05/15;7.31;5;20.46;87617
24865;High;0.03;47.9;5.86;2938;Laurie Case Daniel;Regular Air;Small Business;Office Supplies;Paper;Small Box;Xerox 1938;0.37;United States;East;Massachusetts;Stoneham;2180;22/04/15;25/04/15;642.9903;20;931.87;87620
23567;Critical;0.05;2.62;0.8;2941;Leah Pollock;Regular Air;Small Business;Office Supplies;Rubber Bands;Wrap Bag;Staples Metal Binder Clips;0.39;United States;East;New Jersey;Morristown;7960;26/05/15;27/05/15;12.71;8;21.41;87618
25970;Medium;0.08;5.74;5.01;2952;Thelma Murray;Express Air;Corporate;Office Supplies;Binders and Binder Accessories;Small Box;Binder Posts;0.39;United States;East;Ohio;Grove City;43123;15/04/15;17/04/15;-61.62804;12;70.03;91398
21200;Low;0.09;12.22;2.85;2954;William Sharma;Regular Air;Consumer;Furniture;Office Furnishings;Small Pack;Aluminum Document Frame;0.55;United States;Central;Minnesota;Maplewood;55119;18/06/15;25/06/15;70.6767;9;102.43;86427
24817;Medium;0.1;37.94;5.08;2957;Francis I Davis;Express Air;Corporate;Office Supplies;Paper;Wrap Bag;Snap-A-Way® Black Print Carbonless Ruled Speed Letter, Triplicate;0.38;United States;Central;Wisconsin;Milwaukee;53209;2/04/15;4/04/15;95.0544;4;137.76;90264
19923;Not Specified;0.1;36.55;13.89;2960;Allan Dickinson;Regular Air;Corporate;Office Supplies;Pens & Art Supplies;Wrap Bag;Dixon Ticonderoga Core-Lock Colored Pencils, 48-Color Set;0.41;United States;South;Arkansas;Van Buren;72956;5/04/15;7/04/15;-89.572;11;379.72;90646
20390;High;0.07;4.76;0.88;2962;Leonard Strauss;Express Air;Consumer;Office Supplies;Paper;Wrap Bag;Wirebound Voice Message Log Book;0.39;United States;West;Colorado;Louisville;80027;7/05/15;9/05/15;33.3477;10;48.33;88611
22175;Critical;0.01;7.98;6.5;2963;Frances Johnson;Regular Air;Consumer;Office Supplies;Storage & Organization;Medium Box;Iris Project Case;0.59;United States;East;Maryland;Middle River;21220;22/06/15;23/06/15;-34.592;4;34.91;88612
25953;High;0.06;42.98;4.62;2964;Kathy Hinton;Regular Air;Consumer;Office Supplies;Appliances;Small Box;Belkin F9M820V08 8 Outlet Surge;0.56;United States;East;Ohio;Mount Vernon;43050;21/04/15;23/04/15;-24.63;1;47.04;88610
21096;High;0.01;30.97;4.0;2973;Sally Liu;Regular Air;Home Office;Technology;Computer Peripherals;Small Box;Microsoft Multimedia Keyboard;0.74;United States;Central;Wisconsin;New Berlin;53151;13/04/15;15/04/15;17.1028;17;523.06;87186
21097;High;0.08;125.99;7.69;2973;Sally Liu;Regular Air;Home Office;Technology;Telephones and Communication;Small Box;Timeport L7089;0.58;United States;Central;Wisconsin;New Berlin;53151;13/04/15;15/04/15;1269.38196;23;2424.68;87186
24770;Critical;0.1;442.14;14.7;2973;Sally Liu;Delivery Truck;Home Office;Technology;Office Machines;Jumbo Drum;Okidata ML390 Turbo Dot Matrix Printers;0.56;United States;Central;Wisconsin;New Berlin;53151;20/05/15;21/05/15;137.68794;6;2411.43;87187
19599;Medium;0.01;35.99;0.99;2976;Fred Barber;Regular Air;Small Business;Technology;Telephones and Communication;Small Pack;Accessory31;0.35;United States;Central;Wisconsin;Oak Creek;53154;22/05/15;23/05/15;882.4824;41;1278.96;89047
18133;Not Specified;0.01;5.84;0.83;2979;Lloyd Dolan;Regular Air;Corporate;Office Supplies;Pens & Art Supplies;Wrap Bag;Avery Hi-Liter® Smear-Safe Highlighters;0.49;United States;Central;North Dakota;Dickinson;58601;14/06/15;16/06/15;16.092;4;23.89;86546
23110;Low;0.04;2.88;1.01;2980;Joanna Kenney;Regular Air;Corporate;Office Supplies;Pens & Art Supplies;Wrap Bag;Sanford Colorific Colored Pencils, 12/Box;0.55;United States;East;Ohio;Sandusky;44870;30/05/15;4/06/15;15.246;39;111.92;86548
20816;Critical;0.09;100.98;35.84;2987;Natalie Watts;Delivery Truck;Home Office;Furniture;Bookcases;Jumbo Box;Bush Westfield Collection Bookcases, Fully Assembled;0.62;United States;Central;Iowa;West Des Moines;50265;28/06/15;28/06/15;-103.624;17;1700.38;91180
20817;Critical;0.1;5.78;7.96;2987;Natalie Watts;Regular Air;Home Office;Office Supplies;Paper;Small Box;Xerox 196;0.36;United States;Central;Iowa;West Des Moines;50265;28/06/15;28/06/15;-57.824;6;35.96;91180
22473;Low;0.05;70.97;3.5;2991;Sean Herbert;Regular Air;Home Office;Office Supplies;Appliances;Small Box;Tripp Lite Isotel 8 Ultra 8 Outlet Metal Surge;0.59;United States;Central;Wisconsin;Racine;53402;8/05/15;13/05/15;18.218;2;141.59;91466
22476;Low;0.0;5.28;6.26;2992;Lindsay Webb;Regular Air;Home Office;Office Supplies;Paper;Small Box;Xerox 1928;0.4;United States;Central;Wisconsin;Sheboygan;53081;8/05/15;15/05/15;25.058;36;203.05;91466
20891;Not Specified;0.03;10.98;3.37;2999;Kim McCarthy;Regular Air;Consumer;Office Supplies;Scissors, Rulers and Trimmers;Small Pack;Fiskars® Softgrip Scissors;0.57;United States;Central;Michigan;Oak Park;48237;10/04/15;11/04/15;11.82;5;56.19;87041
23295;Critical;0.05;122.99;19.99;3005;Teresa Watts;Express Air;Corporate;Office Supplies;Binders and Binder Accessories;Small Box;GBC Therma-A-Bind 250T Electric Binding System;0.37;United States;West;Idaho;Coeur D Alene;83814;8/06/15;11/06/15;1039.7541;12;1506.89;91389
24908;High;0.01;12.28;6.47;3008;Penny Rich;Regular Air;Home Office;Office Supplies;Paper;Small Box;Xerox 1881;0.38;United States;Central;Minnesota;Minnetonka Mills;55343;11/06/15;12/06/15;47.61;12;160.66;89415
7898;Critical;0.03;5.98;5.35;3011;Tammy Raynor;Regular Air;Corporate;Office Supplies;Paper;Small Box;Xerox 1947;0.4;United States;East;Massachusetts;Boston;2113;28/05/15;29/05/15;-23.5;16;107.08;56486
1041;Critical;0.03;300.65;24.49;3011;Tammy Raynor;Regular Air;Corporate;Office Supplies;Appliances;Large Box;Honeywell Enviracaire Portable HEPA Air Cleaner for 17' x 22' Room;0.52;United States;East;Massachusetts;Boston;2113;28/04/15;30/04/15;1282.496;32;9705.46;7623
1042;Critical;0.06;49.99;19.99;3011;Tammy Raynor;Regular Air;Corporate;Technology;Computer Peripherals;Small Box;US Robotics 56K V.92 Internal PCI Faxmodem;0.45;United States;East;Massachusetts;Boston;2113;28/04/15;30/04/15;17.2;67;3247.54;7623
1043;Critical;0.1;104.85;4.65;3011;Tammy Raynor;Regular Air;Corporate;Office Supplies;Paper;Small Box;Xerox 1941;0.37;United States;East;Massachusetts;Boston;2113;28/04/15;29/04/15;1184.12;58;5582.63;7623
19041;Critical;0.03;300.65;24.49;3012;Annie Livingston;Regular Air;Corporate;Office Supplies;Appliances;Large Box;Honeywell Enviracaire Portable HEPA Air Cleaner for 17' x 22' Room;0.52;United States;East;New York;Rochester;14609;28/04/15;30/04/15;1474.8704;8;2426.36;86346
19042;Critical;0.06;49.99;19.99;3012;Annie Livingston;Regular Air;Corporate;Technology;Computer Peripherals;Small Box;US Robotics 56K V.92 Internal PCI Faxmodem;0.45;United States;East;New York;Rochester;14609;28/04/15;30/04/15;19.78;17;824.0;86346
19043;Critical;0.1;104.85;4.65;3012;Annie Livingston;Regular Air;Corporate;Office Supplies;Paper;Small Box;Xerox 1941;0.37;United States;East;New York;Rochester;14609;28/04/15;29/04/15;929.7957;14;1347.53;86346
19381;Not Specified;0.08;73.98;4.0;3041;Carrie Duke;Regular Air;Corporate;Technology;Computer Peripherals;Small Box;Keytronic 105-Key Spanish Keyboard;0.77;United States;Central;Kansas;Garden City;67846;15/05/15;18/05/15;97.16;17;1181.67;86102
19382;Not Specified;0.02;3.68;1.32;3041;Carrie Duke;Regular Air;Corporate;Office Supplies;Scissors, Rulers and Trimmers;Wrap Bag;*Staples* vLetter Openers, 2/Pack;0.83;United States;Central;Kansas;Garden City;67846;15/05/15;17/05/15;-20.65;8;29.93;86102
21475;High;0.0;6.48;5.19;3045;Jordan Beard;Regular Air;Small Business;Office Supplies;Paper;Small Box;Xerox 1995;0.37;United States;Central;Kansas;Leavenworth;66048;6/06/15;7/06/15;-14.075;12;84.04;86104
19652;Not Specified;0.03;20.99;0.99;3063;Ann Steele;Regular Air;Consumer;Technology;Telephones and Communication;Wrap Bag;Accessory25;0.57;United States;West;Washington;Kirkland;98034;24/05/15;26/05/15;4.1822;9;158.87;88449
21027;High;0.03;120.98;30.0;3069;Tiffany Merrill;Delivery Truck;Consumer;Furniture;Chairs & Chairmats;Jumbo Drum;Hon Every-Day® Chair Series Swivel Task Chairs;0.64;United States;Central;Minnesota;Oakdale;55128;1/06/15;3/06/15;638.028;15;1894.45;88191
21028;High;0.01;15.68;3.73;3069;Tiffany Merrill;Regular Air;Consumer;Furniture;Office Furnishings;Small Pack;Artistic Insta-Plaque;0.46;United States;Central;Minnesota;Oakdale;55128;1/06/15;3/06/15;138.4968;12;200.72;88191
23816;Medium;0.07;300.97;7.18;3077;Lynne Reid;Regular Air;Small Business;Technology;Computer Peripherals;Small Box;Gyration Ultra Professional Cordless Optical Suite;0.48;United States;East;Ohio;Strongsville;44136;7/05/15;9/05/15;-807.59;2;582.2;88239
25489;Not Specified;0.04;35.44;5.09;3078;Kate McKenna;Regular Air;Small Business;Office Supplies;Paper;Small Box;Xerox 1932;0.38;United States;East;Ohio;Toledo;43615;11/06/15;11/06/15;118.6317;5;171.93;88240
25490;Not Specified;0.08;3.98;0.7;3078;Kate McKenna;Regular Air;Small Business;Office Supplies;Pens & Art Supplies;Wrap Bag;4009® Highlighters by Sanford;0.52;United States;East;Ohio;Toledo;43615;11/06/15;14/06/15;23.304;9;35.19;88240
5816;Medium;0.07;300.97;7.18;3079;Andrew Levine;Regular Air;Small Business;Technology;Computer Peripherals;Small Box;Gyration Ultra Professional Cordless Optical Suite;0.48;United States;East;Pennsylvania;Philadelphia;19112;7/05/15;9/05/15;-807.59;7;2037.69;41253
7489;Not Specified;0.04;35.44;5.09;3079;Andrew Levine;Regular Air;Small Business;Office Supplies;Paper;Small Box;Xerox 1932;0.38;United States;East;Pennsylvania;Philadelphia;19112;11/06/15;11/06/15;150.72;21;722.1;53476
7490;Not Specified;0.08;3.98;0.7;3079;Andrew Levine;Regular Air;Small Business;Office Supplies;Pens & Art Supplies;Wrap Bag;4009® Highlighters by Sanford;0.52;United States;East;Pennsylvania;Philadelphia;19112;11/06/15;14/06/15;19.42;36;140.78;53476
7491;Not Specified;0.01;1.76;0.7;3079;Andrew Levine;Regular Air;Small Business;Office Supplies;Pens & Art Supplies;Wrap Bag;Newell 310;0.56;United States;East;Pennsylvania;Philadelphia;19112;11/06/15;12/06/15;3.13;71;129.72;53476
7492;Not Specified;0.01;193.17;19.99;3079;Andrew Levine;Express Air;Small Business;Office Supplies;Storage & Organization;Small Box;Fellowes Staxonsteel® Drawer Files;0.71;United States;East;Pennsylvania;Philadelphia;19112;11/06/15;11/06/15;1141.07;63;12190.98;53476
6807;Critical;0.0;2.21;1.0;3079;Andrew Levine;Express Air;Small Business;Office Supplies;Pens & Art Supplies;Wrap Bag;Quartet Alpha® White Chalk, 12/Pack;0.38;United States;East;Pennsylvania;Philadelphia;19112;10/06/15;11/06/15;10.01;33;87.18;48483
19756;High;0.0;65.99;5.99;3084;Debbie Hsu;Express Air;Small Business;Technology;Telephones and Communication;Small Box;i1000;0.58;United States;West;Washington;Lacey;98503;20/04/15;22/04/15;313.812;14;798.89;89879
20589;Not Specified;0.01;7.1;6.05;3084;Debbie Hsu;Regular Air;Small Business;Office Supplies;Binders and Binder Accessories;Small Box;"Wilson Jones Hanging View Binder, White, 1""";0.39;United States;West;Washington;Lacey;98503;24/06/15;25/06/15;-39.18625;18;133.19;89880
20590;Not Specified;0.05;18.97;9.03;3084;Debbie Hsu;Regular Air;Small Business;Office Supplies;Paper;Small Box;Computer Printout Paper with Letter-Trim Perforations;0.37;United States;West;Washington;Lacey;98503;24/06/15;25/06/15;-1.89;5;97.33;89880
20008;High;0.05;39.99;10.25;3086;Ted Durham;Express Air;Consumer;Technology;Computer Peripherals;Small Box;Zoom V.92 V.44 PCI Internal Controllerless FaxModem;0.55;United States;South;Florida;North Port;34287;18/05/15;19/05/15;4.29;3;130.91;88380
21235;High;0.08;40.98;7.2;3096;Mike Howard;Express Air;Consumer;Office Supplies;Appliances;Small Box;Kensington 6 Outlet SmartSocket Surge Protector;0.6;United States;East;Ohio;Hilliard;43026;24/05/15;25/05/15;-16.64;3;119.86;86221
21236;High;0.08;8.12;2.83;3096;Mike Howard;Express Air;Consumer;Technology;Computer Peripherals;Small Pack;Imation Neon Mac Format Diskettes, 10/Pack;0.77;United States;East;Ohio;Hilliard;43026;24/05/15;25/05/15;-59.73;12;98.77;86221
21237;High;0.02;262.11;62.74;3096;Mike Howard;Delivery Truck;Consumer;Furniture;Tables;Jumbo Box;Bevis Boat-Shaped Conference Table;0.75;United States;East;Ohio;Hilliard;43026;24/05/15;25/05/15;-633.441237;9;2495.35;86221
25999;Critical;0.04;33.89;5.1;3096;Mike Howard;Express Air;Consumer;Office Supplies;Storage & Organization;Small Box;File Shuttle II and Handi-File, Black;0.6;United States;East;Ohio;Hilliard;43026;17/06/15;18/06/15;72.984;6;200.83;86222
19816;Critical;0.05;35.44;5.09;3098;Lorraine Boykin;Regular Air;Consumer;Office Supplies;Paper;Small Box;Xerox 1932;0.38;United States;East;New York;Shirley;11967;8/04/15;9/04/15;240.1752;10;348.08;89314
22503;Low;0.0;11.7;6.96;3098;Lorraine Boykin;Express Air;Consumer;Office Supplies;Appliances;Medium Box;Harmony HEPA Quiet Air Purifiers;0.5;United States;East;New York;Shirley;11967;17/06/15;19/06/15;-11.248;10;131.69;89315
21120;Not Specified;0.07;34.54;14.72;3113;Wayne English;Regular Air;Corporate;Office Supplies;Binders and Binder Accessories;Small Box;GBC Recycled Grain Textured Covers;0.37;United States;South;Louisiana;New Iberia;70560;17/05/15;18/05/15;-20.18226;17;574.97;86860
21121;Not Specified;0.02;12.28;6.47;3113;Wayne English;Regular Air;Corporate;Office Supplies;Paper;Small Box;Xerox 1881;0.38;United States;South;Louisiana;New Iberia;70560;17/05/15;17/05/15;-156.9722;9;115.22;86860
21122;Not Specified;0.06;34.58;8.99;3113;Wayne English;Express Air;Corporate;Office Supplies;Pens & Art Supplies;Small Pack;Panasonic KP-350BK Electric Pencil Sharpener with Auto Stop;0.56;United States;South;Louisiana;New Iberia;70560;17/05/15;19/05/15;384.5043;13;456.58;86860
20795;Critical;0.08;349.45;60.0;3119;Jay Hubbard;Delivery Truck;Corporate;Furniture;Tables;Jumbo Drum;SAFCO PlanMaster Heigh-Adjustable Drafting Table Base, 43w x 30d x 30-37h, Black;;United States;South;Florida;Orlando;32839;30/06/15;2/07/15;513.084;11;3772.19;86432
25473;Not Specified;0.08;315.98;19.99;3120;Daniel Christian;Regular Air;Home Office;Office Supplies;Binders and Binder Accessories;Small Box;GBC ProClick™ 150 Presentation Binding System;0.38;United States;South;Louisiana;New Orleans;70117;14/06/15;14/06/15;44.52;9;2642.48;90160
25060;Not Specified;0.05;120.98;9.07;3124;Neil Barbee;Regular Air;Home Office;Office Supplies;Binders and Binder Accessories;Small Box;GBC VeloBinder Electric Binding Machine;0.35;United States;Central;Illinois;Moline;61265;30/05/15;31/05/15;881.0472;11;1276.88;87286
24457;Low;0.08;3.69;2.5;3128;Cathy Burgess;Regular Air;Small Business;Office Supplies;Envelopes;Small Box;Colored Envelopes;0.39;United States;South;Louisiana;Shreveport;71109;25/06/15;30/06/15;-139.076;9;31.98;89810
20483;High;0.1;180.98;26.2;3132;Anita Kang;Delivery Truck;Corporate;Furniture;Chairs & Chairmats;Jumbo Drum;Global Ergonomic Managers Chair;0.59;United States;Central;Illinois;Mundelein;60060;22/06/15;23/06/15;-64.664;3;519.42;86790
19258;Medium;0.04;62.05;3.99;3132;Anita Kang;Regular Air;Corporate;Office Supplies;Appliances;Small Box;Acco Smartsocket™ Table Surge Protector, 6 Color-Coded Adapter Outlets;0.55;United States;Central;Illinois;Mundelein;60060;17/05/15;18/05/15;1644.0768;40;2382.72;86794
24691;Not Specified;0.09;304.99;19.99;3137;Alison Sharp;Regular Air;Corporate;Office Supplies;Binders and Binder Accessories;Small Box;Ibico Hi-Tech Manual Binding System;0.4;United States;East;New Hampshire;Laconia;3246;8/06/15;9/06/15;1623.9495;8;2353.55;86795
23706;Not Specified;0.05;4.06;6.89;3138;Herbert Donnelly Swanson;Express Air;Corporate;Office Supplies;Appliances;Small Box;Eureka Disposable Bags for Sanitaire® Vibra Groomer I® Upright Vac;0.6;United States;East;New Hampshire;Londonderry;3053;19/06/15;21/06/15;-122.835;22;92.57;86796
23427;Critical;0.09;280.98;57.0;3139;David Powell;Delivery Truck;Home Office;Furniture;Chairs & Chairmats;Jumbo Drum;Hon 2090 “Pillow Soft” Series Mid Back Swivel/Tilt Chairs;0.78;United States;East;New Jersey;Cranford;7016;2/05/15;5/05/15;252.488;31;7974.21;86793
18917;Low;0.09;6.84;8.37;3141;Jerome McIntosh;Regular Air;Consumer;Office Supplies;Scissors, Rulers and Trimmers;Small Pack;"Acme Design Line 8"" Stainless Steel Bent Scissors w/Champagne Handles, 3-1/8"" Cut";0.58;United States;Central;Texas;Pasadena;77506;1/06/15;8/06/15;-88.585;13;87.1;86369
18918;Low;0.07;48.91;35.0;3141;Jerome McIntosh;Express Air;Consumer;Office Supplies;Storage & Organization;Large Box;Tennsco Industrial Shelving;0.83;United States;Central;Texas;Pasadena;77506;1/06/15;3/06/15;-485.68;15;736.86;86369
19625;Not Specified;0.01;145.98;46.2;3151;Glenda Hunter;Delivery Truck;Corporate;Furniture;Tables;Jumbo Box;Bevis Rectangular Conference Tables;0.69;United States;West;California;Twentynine Palms;92277;3/06/15;3/06/15;-134.512;9;1370.79;88543
20253;Critical;0.03;17.7;9.47;3154;Faye Manning;Regular Air;Consumer;Office Supplies;Storage & Organization;Small Box;Portfile® Personal File Boxes;0.59;United States;South;Florida;Saint Petersburg;33710;28/05/15;30/05/15;28.1826;11;201.77;86900
22015;Critical;0.05;159.99;5.5;3155;Julian Keith Mayer;Regular Air;Consumer;Technology;Computer Peripherals;Small Box;Gyration RF Keyboard;0.49;United States;South;Florida;Sanford;32771;19/04/15;21/04/15;12.264;23;3600.65;86902
19374;Not Specified;0.07;280.98;57.0;3167;Ray Silverman;Delivery Truck;Corporate;Furniture;Chairs & Chairmats;Jumbo Drum;Hon 2090 “Pillow Soft” Series Mid Back Swivel/Tilt Chairs;0.78;United States;South;Florida;Ponte Vedra Beach;32004;19/06/15;20/06/15;-283.9914;14;3936.61;86491
19375;Not Specified;0.0;4.98;7.44;3167;Ray Silverman;Regular Air;Corporate;Office Supplies;Paper;Small Box;Xerox 1922;0.36;United States;South;Florida;Ponte Vedra Beach;32004;19/06/15;21/06/15;-195.342;15;78.31;86491
19376;Not Specified;0.1;3.98;0.83;3167;Ray Silverman;Regular Air;Corporate;Office Supplies;Pens & Art Supplies;Wrap Bag;Fluorescent Highlighters by Dixon;0.51;United States;South;Florida;Ponte Vedra Beach;32004;19/06/15;21/06/15;-89.7092;11;42.46;86491
25683;Critical;0.08;7.28;11.15;3169;Janice Boswell;Express Air;Small Business;Office Supplies;Paper;Small Box;Array® Parchment Paper, Assorted Colors;0.37;United States;South;Florida;Port Orange;32127;13/04/15;14/04/15;-44.415;1;14.66;86490
21961;High;0.06;10.97;6.5;3176;Jackie McCullough;Regular Air;Consumer;Technology;Computer Peripherals;Small Box;Micro Innovations 104 Keyboard;0.64;United States;South;Florida;Jacksonville;32216;4/05/15;6/05/15;65.598;19;215.25;90820
20964;Low;0.02;58.14;36.61;3176;Jackie McCullough;Delivery Truck;Consumer;Furniture;Bookcases;Jumbo Box;O'Sullivan 3-Shelf Heavy-Duty Bookcases;0.61;United States;South;Florida;Jacksonville;32216;25/06/15;1/07/15;0.258;22;1358.02;90821
20965;Low;0.03;15.57;1.39;3176;Jackie McCullough;Regular Air;Consumer;Office Supplies;Envelopes;Small Box;Park Ridge™ Embossed Executive Business Envelopes;0.38;United States;South;Florida;Jacksonville;32216;25/06/15;1/07/15;63.222;22;358.84;90821
21554;Low;0.07;35.44;7.5;3179;Marie Pittman;Regular Air;Corporate;Office Supplies;Paper;Small Box;Xerox 1906;0.38;United States;Central;Minnesota;Owatonna;55060;12/06/15;19/06/15;262.2;11;380.0;86989
20303;High;0.09;35.94;6.66;3191;Jenny Hawkins;Regular Air;Corporate;Office Supplies;Envelopes;Small Box;Tyvek ® Top-Opening Peel & Seel ® Envelopes, Gray;0.4;United States;Central;Wisconsin;Stevens Point;54481;10/04/15;12/04/15;172.5644;9;312.22;86448
21229;Not Specified;0.06;218.08;18.06;3206;Dana Rankin;Express Air;Consumer;Furniture;Chairs & Chairmats;Large Box;Lifetime Advantage™ Folding Chairs, 4/Carton;0.57;United States;West;Idaho;Twin Falls;83301;21/05/15;23/05/15;969.42;7;1488.51;87934
20156;Not Specified;0.05;35.44;5.09;3206;Dana Rankin;Regular Air;Consumer;Office Supplies;Paper;Small Box;Xerox 1932;0.38;United States;West;Idaho;Twin Falls;83301;28/05/15;29/05/15;553.3317;23;801.93;87935
24637;Critical;0.03;4.98;4.62;3209;Elsie Floyd;Express Air;Corporate;Technology;Computer Peripherals;Small Pack;"Imation 3.5"", DISKETTE 44766 HGHLD3.52HD/FM, 10/Pack";0.64;United States;West;California;Beverly Hills;90210;28/06/15;29/06/15;-30.45;8;44.24;90739
23736;Not Specified;0.03;6.68;1.5;3221;Sean Pugh;Regular Air;Corporate;Office Supplies;Pens & Art Supplies;Wrap Bag;Sanford Liquid Accent Highlighters;0.48;United States;South;Florida;Sunrise;33322;12/04/15;13/04/15;-577.304;7;48.32;90815
19517;Critical;0.06;60.98;30.0;3224;Claudia White;Delivery Truck;Small Business;Furniture;Chairs & Chairmats;Jumbo Drum;Novimex Fabric Task Chair;0.7;United States;South;Tennessee;Gallatin;37066;1/04/15;2/04/15;-74.088;2;125.9;86508
24343;Medium;0.06;22.24;1.99;3226;Arthur Gold;Regular Air;Small Business;Technology;Computer Peripherals;Small Pack;Verbatim DVD-R, 3.95GB, SR, Mitsubishi Branded, Jewel;0.43;United States;South;Tennessee;Hendersonville;37075;28/06/15;30/06/15;95.388;12;255.88;86509
19062;Critical;0.06;4.91;5.68;3230;Monica Stuart;Express Air;Small Business;Office Supplies;Binders and Binder Accessories;Small Box;"Acco Pressboard Covers with Storage Hooks, 14 7/8"" x 11"", Light Blue";0.36;United States;Central;Wisconsin;Waukesha;53186;13/06/15;13/06/15;-31.68825;10;53.89;87436
19063;Critical;0.07;48.94;5.86;3230;Monica Stuart;Express Air;Small Business;Office Supplies;Paper;Small Box;Xerox 1916;0.35;United States;Central;Wisconsin;Waukesha;53186;13/06/15;14/06/15;690.7038;21;1001.02;87436
19179;Low;0.06;115.99;5.92;3238;Kathleen P Bloom;Regular Air;Corporate;Technology;Telephones and Communication;Small Box;8890;0.58;United States;West;Oregon;Corvallis;97330;4/06/15;6/06/15;-13.068;5;495.82;89564
23084;High;0.0;7.28;3.52;3243;Marlene Phillips;Regular Air;Small Business;Technology;Computer Peripherals;Small Pack;"Imation 3.5"" DS-HD Macintosh Formatted Diskettes, 10/Pack";0.68;United States;East;Connecticut;Bristol;6010;10/06/15;10/06/15;-25.104;3;24.44;88329
23267;Low;0.06;5.18;2.04;3246;Wanda Harris;Regular Air;Small Business;Office Supplies;Paper;Wrap Bag;Array® Memo Cubes;0.36;United States;East;New Hampshire;Hudson;3051;1/04/15;1/04/15;1.9504;4;21.86;88330
18265;High;0.07;2.78;1.49;3248;Earl Donnelly;Regular Air;Small Business;Office Supplies;Binders and Binder Accessories;Small Box;Wilson Jones Suede Grain Vinyl Binders;0.36;United States;South;Louisiana;Slidell;70458;7/05/15;8/05/15;-340.5311;17;47.12;87297
25820;High;0.03;42.8;2.99;3249;Nicole Goldstein;Regular Air;Corporate;Office Supplies;Binders and Binder Accessories;Small Box;"Wilson Jones Elliptical Ring 3 1/2"" Capacity Binders, 800 sheets";0.36;United States;East;Maryland;Annapolis;21403;23/05/15;24/05/15;462.921;16;670.9;87298
5511;Critical;0.02;5.28;6.26;3251;Peter Brooks;Regular Air;Corporate;Office Supplies;Paper;Small Box;Xerox 1928;0.4;United States;East;New York;New York City;10112;11/06/15;12/06/15;-131.16;76;412.72;39076
23511;Critical;0.02;5.28;6.26;3252;Milton Harrell;Regular Air;Corporate;Office Supplies;Paper;Small Box;Xerox 1928;0.4;United States;East;New York;Rotterdam;12306;11/06/15;12/06/15;-65.58;19;103.18;87299
18728;Not Specified;0.01;349.45;60.0;3257;Sharon Marcus;Delivery Truck;Consumer;Furniture;Tables;Jumbo Drum;SAFCO PlanMaster Heigh-Adjustable Drafting Table Base, 43w x 30d x 30-37h, Black;;United States;West;Washington;Longview;98632;26/05/15;27/05/15;3739.3929;15;5419.41;88825
21852;Medium;0.0;25.38;8.99;3257;Sharon Marcus;Regular Air;Consumer;Furniture;Office Furnishings;Small Pack;"Executive Impressions 13"" Chairman Wall Clock";0.5;United States;West;Washington;Longview;98632;13/05/15;15/05/15;470.338;26;700.41;88826
22576;Not Specified;0.07;105.34;24.49;3261;Steven Long;Express Air;Consumer;Furniture;Office Furnishings;Large Box;Deflect-o DuraMat Antistatic Studded Beveled Mat for Medium Pile Carpeting;0.61;United States;Central;Michigan;Adrian;49221;25/06/15;26/06/15;710.6724;10;1029.96;90296
19214;Medium;0.04;9.99;11.59;3264;Becky Puckett;Regular Air;Corporate;Office Supplies;Paper;Small Box;Hammermill Color Copier Paper (28Lb. and 96 Bright);0.4;United States;West;California;Eureka;95501;19/05/15;21/05/15;-92.32;5;52.09;89835
20039;High;0.06;89.83;35.0;3279;Ricky Allred;Regular Air;Home Office;Office Supplies;Storage & Organization;Large Box;Fellowes Officeware™ Wire Shelving;0.83;United States;South;South Carolina;Columbia;29203;6/04/15;8/04/15;31.11;4;366.26;90766
20040;High;0.1;13.43;5.5;3279;Ricky Allred;Regular Air;Home Office;Office Supplies;Storage & Organization;Small Box;Fellowes Personal Hanging Folder Files, Navy;0.57;United States;South;South Carolina;Columbia;29203;6/04/15;8/04/15;358.2954;12;157.99;90766
20041;High;0.01;125.99;7.69;3279;Ricky Allred;Regular Air;Home Office;Technology;Telephones and Communication;Small Box;Timeport L7089;0.58;United States;South;South Carolina;Columbia;29203;6/04/15;6/04/15;8.322;11;1212.88;90766
23022;Critical;0.05;363.25;19.99;3283;William Woodard;Express Air;Corporate;Office Supplies;Appliances;Small Box;Hoover WindTunnel™ Plus Canister Vacuum;0.57;United States;South;Florida;Kendall;33156;21/04/15;21/04/15;-269.7555;5;1867.04;90752
23211;High;0.03;17.48;1.99;3283;William Woodard;Regular Air;Corporate;Technology;Computer Peripherals;Small Pack;Maxell Pro 80 Minute CD-R, 10/Pack;0.45;United States;South;Florida;Kendall;33156;10/05/15;11/05/15;710.8074;31;537.8;90753
21567;Low;0.08;30.56;2.99;3287;Mary Norman;Regular Air;Small Business;Office Supplies;Binders and Binder Accessories;Small Box;Surelock™ Post Binders;0.35;United States;West;California;Granite Bay;95746;25/05/15;27/05/15;352.8798;17;511.42;89897
20447;Medium;0.06;11.33;6.12;3306;Claire Warren;Regular Air;Small Business;Office Supplies;Appliances;Medium Box;Holmes Replacement Filter for HEPA Air Cleaner, Medium Room;0.42;United States;East;Connecticut;New London;6320;1/04/15;3/04/15;-15.92;1;17.62;90461
19422;Low;0.03;20.98;1.49;3319;Marlene Davidson;Regular Air;Small Business;Office Supplies;Binders and Binder Accessories;Small Box;Avery Legal 4-Ring Binder;0.35;United States;South;Tennessee;Hendersonville;37075;21/05/15;21/05/15;30.024;20;431.43;90104
20203;Not Specified;0.08;3.28;3.97;3320;Alicia Maynard;Regular Air;Small Business;Office Supplies;Pens & Art Supplies;Wrap Bag;Newell 342;0.56;United States;South;Tennessee;Jackson;38301;27/04/15;28/04/15;0.4266;18;57.24;90103
20204;Not Specified;0.09;40.97;8.99;3320;Alicia Maynard;Express Air;Small Business;Office Supplies;Pens & Art Supplies;Small Pack;Sanford 52201 APSCO Electric Pencil Sharpener;0.59;United States;South;Tennessee;Jackson;38301;27/04/15;29/04/15;66.216;22;824.7;90103
20488;Low;0.0;8.74;8.29;3325;Diane Barr;Regular Air;Consumer;Office Supplies;Envelopes;Small Box;"#10- 4 1/8"" x 9 1/2"" Recycled Envelopes";0.38;United States;West;Oregon;Coos Bay;97420;24/06/15;26/06/15;-79.4;14;131.62;90986
23476;Critical;0.07;5.58;1.99;3325;Diane Barr;Regular Air;Consumer;Office Supplies;Pens & Art Supplies;Wrap Bag;DIXON Ticonderoga® Erasable Checking Pencils;0.46;United States;West;Oregon;Coos Bay;97420;24/04/15;26/04/15;23.046;23;121.46;90987
21429;High;0.08;6.48;8.4;3338;Constance Robertson;Regular Air;Consumer;Office Supplies;Paper;Small Box;Xerox 212;0.37;United States;South;Florida;Tampa;33614;7/05/15;7/05/15;58.812;7;45.0;85979
25613;High;0.03;2.61;0.5;3339;Lester Copeland;Regular Air;Consumer;Office Supplies;Labels;Small Box;Avery 494;0.39;United States;South;Florida;Titusville;32780;14/06/15;15/06/15;4.0443;7;19.02;85981
25614;High;0.01;11.66;7.95;3339;Lester Copeland;Regular Air;Consumer;Office Supplies;Pens & Art Supplies;Small Pack;Hunt BOSTON® Vista® Battery-Operated Pencil Sharpener, Black;0.58;United States;South;Florida;Titusville;32780;14/06/15;15/06/15;-10.3684;16;193.87;85981
19838;High;0.03;28.53;1.49;3354;Sara Faulkner;Regular Air;Corporate;Office Supplies;Binders and Binder Accessories;Small Box;Lock-Up Easel 'Spel-Binder';0.38;United States;West;California;Calexico;92231;16/05/15;17/05/15;137.6757;7;199.53;88589
19839;High;0.07;5.98;7.15;3354;Sara Faulkner;Regular Air;Corporate;Office Supplies;Paper;Small Box;Universal Premium White Copier/Laser Paper (20Lb. and 87 Bright);0.36;United States;West;California;Calexico;92231;16/05/15;18/05/15;-62.0;6;37.05;88589
18628;Medium;0.07;5.34;5.63;3356;Richard Tan;Regular Air;Corporate;Office Supplies;Binders and Binder Accessories;Small Box;"Pressboard Data Binder, Crimson, 12"" X 8 1/2""";0.39;United States;West;Idaho;Eagle;83616;4/05/15;6/05/15;-116.3455;13;66.65;88588
18629;Medium;0.03;160.98;30.0;3356;Richard Tan;Delivery Truck;Corporate;Furniture;Chairs & Chairmats;Jumbo Drum;Office Star - Mid Back Dual function Ergonomic High Back Chair with 2-Way Adjustable Arms;0.62;United States;West;Idaho;Eagle;83616;4/05/15;5/05/15;1304.9;18;2934.16;88588
18630;Medium;0.04;65.99;5.63;3356;Richard Tan;Express Air;Corporate;Technology;Telephones and Communication;Small Box;2190;0.56;United States;West;Idaho;Eagle;83616;4/05/15;4/05/15;605.0472;15;876.88;88588
22597;High;0.09;28.53;1.49;3359;Jeffrey Cheng;Regular Air;Home Office;Office Supplies;Binders and Binder Accessories;Small Box;Lock-Up Easel 'Spel-Binder';0.38;United States;Central;Wisconsin;Wauwatosa;53213;28/04/15;30/04/15;107.45462;6;157.33;91437
23887;Medium;0.03;4.98;4.95;3361;Oscar Kenney;Regular Air;Home Office;Office Supplies;Binders and Binder Accessories;Small Box;Cardinal Holdit Business Card Pockets;0.37;United States;Central;Wisconsin;West Bend;53095;9/06/15;11/06/15;-47.99525;19;95.0;91438
19749;Low;0.1;80.97;33.6;3366;Dana Boyle;Delivery Truck;Home Office;Technology;Office Machines;Jumbo Drum;Lexmark Z25 Color Inkjet Printer;0.37;United States;East;Ohio;Troy;45373;24/05/15;29/05/15;66.22;11;837.57;90501
19750;Low;0.02;6.48;5.11;3366;Dana Boyle;Regular Air;Home Office;Office Supplies;Paper;Small Box;Xerox 231;0.37;United States;East;Ohio;Troy;45373;24/05/15;28/05/15;-23.53;8;56.22;90501
23428;Critical;0.08;30.97;4.0;3367;Renee McKenzie;Regular Air;Home Office;Technology;Computer Peripherals;Small Box;Microsoft Multimedia Keyboard;0.74;United States;East;Ohio;Upper Arlington;43221;2/05/15;3/05/15;10.68;26;758.97;90502
23429;Critical;0.1;4.13;0.5;3367;Renee McKenzie;Express Air;Home Office;Office Supplies;Labels;Small Box;Avery 506;0.39;United States;East;Ohio;Upper Arlington;43221;2/05/15;4/05/15;58.2636;18;84.44;90502
18311;Medium;0.01;179.29;29.21;3374;Jamie Ward;Delivery Truck;Corporate;Furniture;Tables;Jumbo Box;Bevis Round Conference Table Top, X-Base;0.76;United States;East;Maryland;Odenton;21113;2/06/15;4/06/15;66.36222;8;1487.9;87473
18320;High;0.05;73.98;12.14;3374;Jamie Ward;Regular Air;Home Office;Technology;Computer Peripherals;Small Box;Keytronic 105-Key Spanish Keyboard;0.67;United States;East;Maryland;Odenton;21113;29/06/15;30/06/15;-1.904;8;600.4;87474
18321;High;0.0;5.98;7.15;3374;Jamie Ward;Regular Air;Home Office;Office Supplies;Paper;Small Box;Universal Premium White Copier/Laser Paper (20Lb. and 87 Bright);0.36;United States;East;Maryland;Odenton;21113;29/06/15;1/07/15;-37.048;5;34.25;87474
18322;High;0.09;3.57;4.17;3374;Jamie Ward;Regular Air;Home Office;Office Supplies;Pens & Art Supplies;Small Pack;Barrel Sharpener;0.59;United States;East;Maryland;Odenton;21113;29/06/15;1/07/15;-56.888;9;31.45;87474
20366;Critical;0.05;3.14;1.92;3379;Annette McIntyre;Express Air;Home Office;Office Supplies;Scissors, Rulers and Trimmers;Wrap Bag;Serrated Blade or Curved Handle Hand Letter Openers;0.84;United States;South;Georgia;Kennesaw;30144;25/04/15;26/04/15;1628.37;18;59.22;88839
23181;Critical;0.03;315.98;19.99;3380;Eva Decker;Regular Air;Home Office;Office Supplies;Binders and Binder Accessories;Small Box;GBC ProClick™ 150 Presentation Binding System;0.38;United States;South;Georgia;La Grange;30240;20/04/15;22/04/15;-4.48;18;5572.18;88838
23182;Critical;0.09;276.2;24.49;3380;Eva Decker;Regular Air;Home Office;Furniture;Chairs & Chairmats;Large Box;SAFCO Arco Folding Chair;;United States;South;Georgia;La Grange;30240;20/04/15;21/04/15;3193.284;11;2941.42;88838
23183;Critical;0.03;63.94;14.48;3380;Eva Decker;Regular Air;Home Office;Furniture;Office Furnishings;Small Box;"Howard Miller 16"" Diameter Gallery Wall Clock";0.46;United States;South;Georgia;La Grange;30240;20/04/15;21/04/15;43.6917;8;522.46;88838
25841;Medium;0.02;28.53;1.49;3381;Christopher Norton Patterson;Regular Air;Home Office;Office Supplies;Binders and Binder Accessories;Small Box;Lock-Up Easel 'Spel-Binder';0.38;United States;South;Georgia;Macon;31204;29/04/15;29/04/15;1.992;18;513.33;88840
23190;Critical;0.0;2.61;0.5;3386;Carmen Elmore;Regular Air;Corporate;Office Supplies;Labels;Small Box;Avery 494;0.39;United States;East;Ohio;Bowling Green;43402;3/05/15;5/05/15;19.5546;10;28.34;88746
23191;Critical;0.04;25.38;8.99;3386;Carmen Elmore;Express Air;Corporate;Furniture;Office Furnishings;Small Pack;"Executive Impressions 13"" Chairman Wall Clock";0.5;United States;East;Ohio;Bowling Green;43402;3/05/15;6/05/15;152.482;35;861.3;88746
19464;Not Specified;0.03;95.99;35.0;3388;Aaron Shaffer;Regular Air;Corporate;Office Supplies;Storage & Organization;Large Box;Safco Industrial Wire Shelving;;United States;West;California;Fairfield;94533;11/05/15;12/05/15;67.012;9;894.64;90154
18640;Medium;0.08;125.99;7.69;3393;Irene Murphy;Regular Air;Consumer;Technology;Telephones and Communication;Small Box;StarTAC 3000;0.59;United States;West;Washington;Pullman;99163;29/04/15;30/04/15;374.625;7;710.36;87908
20624;Low;0.0;1270.99;19.99;3397;Andrea Shaw;Regular Air;Small Business;Office Supplies;Binders and Binder Accessories;Small Box;Fellowes PB500 Electric Punch Plastic Comb Binding Machine with Manual Bind;0.35;United States;Central;Illinois;Danville;61832;7/06/15;9/06/15;6384.4389;7;9252.81;87535
24911;Medium;0.1;9.38;4.93;3400;Florence Gold;Express Air;Small Business;Furniture;Office Furnishings;Small Box;Eldon Expressions Punched Metal & Wood Desk Accessories, Black & Cherry;0.57;United States;East;West Virginia;Fairmont;26554;4/04/15;4/04/15;-24.7104;15;135.78;87537
