application_id,default_probability,priority
4073,0.9962042401045577,True
269,0.9958024824424687,True
228,0.9952654752103754,True
6869,0.9949504802143443,True
7336,0.9921301696596933,True
2634,0.9895578595424032,True
701,0.9880008328129795,True
8770,0.9820803899559821,True
8932,0.967258235817835,True
8860,0.9663290145100516,True
6017,0.9648690485712793,True
1896,0.9638946425531251,True
8876,0.9630869523872894,True
1079,0.9624427827920459,True
6191,0.9617675749985685,True
5319,0.9608840715544484,True
4119,0.9603862712076365,True
7166,0.9566238188524295,True
8122,0.9549783616528618,True
6740,0.9493851553988721,True
5470,0.9488148114551825,True
658,0.9463755573234375,True
3607,0.9458568161893237,True
3636,0.9439482620706342,True
1298,0.9433653028446845,True
3380,0.9411261589560738,True
904,0.9402646135266508,True
7980,0.9385305215724118,True
3666,0.9370961393996531,True
233,0.9368115944625901,True
4955,0.9365058525998472,True
1295,0.9342982532555842,True
1860,0.9335045777371385,True
5266,0.9334717032230351,True
735,0.9313789860511469,True
8998,0.9306761652109301,True
2487,0.9303669587326985,True
3701,0.9302333741160419,True
4871,0.9294054943777719,True
4248,0.9284273151561317,True
4934,0.9269738861093182,True
1718,0.9269551941804897,True
851,0.9262395711588728,True
4509,0.9241658190712383,True
6275,0.9238706313493763,True
4461,0.9233149925105575,True
5076,0.9232829995630659,True
3905,0.9192342476788257,True
8712,0.9186966645841481,True
5753,0.9185824945932882,True
7081,0.9185794485783196,True
1746,0.9176746057971775,True
2381,0.9172882039010054,True
4299,0.9162881670449563,True
5680,0.9162868804119981,True
6368,0.9159976321013755,True
5169,0.9155276874486525,True
8915,0.9143601343409998,True
5363,0.9134056024510249,True
6043,0.9133983198624542,True
1351,0.9130939982358196,True
5344,0.9127059799843428,True
360,0.9124381326985623,True
2471,0.9112216285701507,True
8849,0.9095442569075608,True
5052,0.9095078530743939,True
4764,0.9053971415921183,True
7701,0.9044956428801756,True
3119,0.9039350166197502,True
4109,0.903911227788824,True
2538,0.9037631107373681,True
4319,0.9034847724674835,True
7280,0.9034178833004276,True
4438,0.9032499942494935,True
7356,0.9026691378789666,True
5441,0.901428758926101,True
8627,0.9001895885931681,True
7486,0.8996324405031807,True
174,0.8994248387788496,True
5426,0.8990084454985483,True
7525,0.8982919489552297,True
3469,0.898149804468548,True
4014,0.8978384249538449,True
4774,0.8971915315914115,True
427,0.8971816579889622,True
3967,0.8966405628077554,True
6172,0.8963575621259885,True
729,0.8940031267076022,True
1604,0.8939147172751789,True
570,0.8930733854120317,True
4951,0.892957792710445,True
1245,0.8904818845497328,True
7817,0.8902162197860657,True
4262,0.8894890313588197,True
7173,0.8870939970321827,True
8780,0.8869482476570635,True
8131,0.8869413620872029,True
3865,0.8869299407598688,True
2391,0.8861967237818769,True
3492,0.8859110847655063,True
3025,0.8856790497575513,True
2648,0.8853166070980915,True
4927,0.8851323634576084,True
398,0.8846956623177382,True
8750,0.884098745342147,True
1427,0.8838763472001057,True
1916,0.8826951682942387,True
6066,0.8826308763233629,True
2587,0.8822349811557794,True
4872,0.8816217245408697,True
4372,0.8815915496735318,True
8744,0.8806583268550874,True
4367,0.8804184504237911,True
6074,0.8802230235970483,True
5645,0.8802030131647625,True
3353,0.8798707997604039,True
6090,0.8798204168558504,True
6269,0.8793409133393612,True
1196,0.8790628904278092,True
6098,0.8786939066086038,True
4067,0.8773941014542904,True
8873,0.8773906193936107,True
80,0.8765948385513991,True
5275,0.8765124231956177,True
4931,0.8764900610358132,True
7556,0.8761823819977131,True
1960,0.8760408435050598,True
6450,0.8751285530520213,True
3690,0.875100836758958,True
2213,0.8745896327246128,True
5724,0.8739506796987366,True
3402,0.8737945587317668,True
6138,0.8726265443879843,True
4127,0.8723394499759604,True
2979,0.8722023618830435,True
715,0.8718557436042601,True
6711,0.8718280150878043,True
1289,0.8698493112913139,True
2247,0.869652671807477,True
5339,0.8693747981085558,True
8883,0.8685676327003434,True
8823,0.8684268425546996,True
1548,0.8674872124473072,True
2356,0.8670243923469401,True
4452,0.8651298871673594,True
6685,0.8642980325255515,True
4740,0.8635397225784328,True
2962,0.862825693494839,True
1217,0.8624657686376268,True
8148,0.8623584755499378,True
4891,0.862314639485453,True
1027,0.8617755090082276,True
8821,0.8606949554359739,True
5460,0.8606118001982188,True
3135,0.859977991264744,True
2641,0.8592136443507926,True
519,0.8587874245659106,True
5458,0.8583985630648026,True
6035,0.8583547093454518,True
4300,0.8580812089052842,True
1167,0.8578843346215943,True
6053,0.8577641230316145,True
1630,0.85752303885355,True
557,0.8573243979108797,True
3594,0.8566541480681391,True
4266,0.8565993376533362,True
3717,0.8565993376533362,True
3718,0.8565993376533362,True
3233,0.8553032099515911,True
2829,0.855224274883775,True
4854,0.8547757227599435,True
8046,0.8547175062225625,True
4971,0.8545880365017373,True
7513,0.8542964199057339,True
2434,0.8536433524195606,True
677,0.853009577885344,True
2973,0.852962750487468,True
5080,0.8527726730110612,True
8246,0.852652931301092,True
3156,0.8524102800886982,True
7925,0.852402061330852,True
755,0.8517687867206439,True
1354,0.8510881326448311,True
2512,0.8507201949859796,True
1114,0.8504924444784746,True
5082,0.8503340528185152,True
3817,0.8499738224732573,True
4890,0.8499270091447286,True
1937,0.8499245459639488,True
3006,0.8494438645382038,True
3884,0.8487764062960477,True
7096,0.8486596142666397,True
1789,0.8473181795681209,True
4620,0.8472311400647199,True
7080,0.8471984497249082,True
8773,0.8464201220100006,True
3674,0.8463848350613602,True
4393,0.8463009794028461,True
2455,0.8462390039893226,True
5146,0.845703339565503,True
3453,0.8449328030586593,True
4581,0.8447984202331974,True
4462,0.8444020588417711,True
7353,0.8443069874803586,True
4352,0.8439725149469943,True
4638,0.8439634167912565,True
8881,0.8438790371233602,True
2945,0.8437682796166719,True
4098,0.8435842212576886,True
1408,0.8434294686924422,True
4924,0.8432253657375216,True
998,0.8426786585525834,True
3523,0.84252988890842,True
5881,0.8425209930833705,True
2089,0.8424491977391474,True
5690,0.8417177895229192,True
716,0.8414655109672486,True
3238,0.8413831660240543,True
3514,0.8413296299153111,True
7262,0.8412148906778575,True
2998,0.8410319777715539,True
7653,0.840989447318209,True
2754,0.8409687350173085,True
7821,0.8409388595243092,True
5117,0.8408914947619327,True
5043,0.839681385881294,True
6950,0.8394880930231072,True
1799,0.8394239253826044,True
1161,0.839161622608587,True
1941,0.838398412873008,True
6922,0.8381467918090175,True
8601,0.8375549162399019,True
1529,0.8371839831927126,True
5759,0.8360813945868709,True
4642,0.835692348547238,True
7922,0.8355803466600854,True
6315,0.8355268326761072,True
7116,0.8352278266617303,True
2100,0.8351536483418434,True
2016,0.8344752001356396,True
6746,0.8342736758279883,True
8114,0.8342339321674137,True
2802,0.8336903735618147,True
5705,0.8335628150873906,True
1330,0.8335261692805773,True
4973,0.833380089025525,True
5819,0.8328466593226427,True
2675,0.8326765132122071,True
4390,0.8325200428414014,True
3063,0.8323424973164772,True
3249,0.8322965127667731,True
1695,0.8321585389515217,True
20,0.8321292046799356,True
7104,0.8314470405811856,True
2263,0.8313324777239588,True
7085,0.8312418274036468,True
2906,0.8312198351661418,True
2018,0.8311010927195921,True
2835,0.8309685756272633,True
7774,0.8308477544338929,True
8550,0.8303031432026157,True
1715,0.8302768162772719,True
907,0.8300851933035206,True
2436,0.8300767876492791,True
5318,0.830027997146575,True
7650,0.8299758944532812,True
5041,0.8297007894982381,True
93,0.8294952600160826,True
2498,0.8292441728095932,True
2681,0.8291933716963852,True
2842,0.8289575975894892,True
1977,0.8287392065913335,True
726,0.8285009175094397,True
526,0.8284788446816734,True
5963,0.8282574849853412,True
8151,0.8280337815429747,True
107,0.8276129207251107,True
5420,0.8274210938273304,True
7302,0.8273557953578518,True
4465,0.8272914764310094,True
4015,0.8270018952230562,True
884,0.8268863274088605,True
7137,0.8266385386578915,True
7786,0.826520947955336,True
3328,0.8262910326420986,True
2882,0.8259522716492695,True
2101,0.8258497635351899,True
4275,0.8255980690443121,True
2060,0.8249639899884155,True
1112,0.8247704514538613,True
5185,0.8237672199943892,True
4444,0.8237606971085781,True
5450,0.8236097962962334,True
4039,0.8235443941451337,True
2956,0.8235081106606499,True
2219,0.8230973839247155,True
7528,0.822912219884843,True
8075,0.8228488413394731,True
5134,0.8227302628220671,True
2777,0.8227212962208298,True
1974,0.8223675877212516,True
2738,0.8219302534692431,True
7106,0.8218272143838736,True
1120,0.8215414611136721,True
8040,0.8214556282596275,True
6199,0.8214058299831923,True
5990,0.8213280994214461,True
5673,0.8212233196016339,True
5054,0.8209899561979611,True
5373,0.819904092584839,True
6693,0.8198161506583986,True
6302,0.8197126609656765,True
8678,0.819676223673789,True
8840,0.8196230328945202,True
840,0.8195032032373776,True
6491,0.8193779873380117,True
4110,0.8193399742962523,True
4102,0.8192203527072556,True
2729,0.8190864691548794,True
7664,0.8190633162139604,True
3770,0.8189349936206457,True
1383,0.8186584008937846,True
3696,0.8182851799023555,True
5021,0.8182320493676554,True
51,0.8182255128481448,True
2517,0.8178073582366293,True
2938,0.8177291661026393,True
7941,0.8177100787544204,True
3639,0.8173963526557924,True
5213,0.8173182204686029,True
2215,0.817266842429844,True
690,0.8172217066104449,True
7365,0.8172170315887946,True
8485,0.8171379232507434,True
7640,0.8171145248366622,True
5889,0.8169142771662021,True
1505,0.8168988552712398,True
5700,0.8165652791412752,True
4377,0.8162211020122241,True
8938,0.8161021554333454,True
8371,0.815944337783427,True
6907,0.8158348213310418,True
302,0.815814215913356,True
4851,0.8156466164386074,True
764,0.8152763973982236,True
1686,0.814988043617689,True
3434,0.8149752165147066,True
8534,0.8145900380699252,True
6190,0.8145275664812691,True
3420,0.8145144267799189,True
5049,0.8144953510255931,True
1882,0.814461763206442,True
1199,0.8143410910440696,True
982,0.8142166604293467,True
3533,0.8140582763078643,True
2736,0.8140390186477509,True
5050,0.8138577386264105,True
5147,0.8135802563977373,True
5685,0.8135628506586016,True
3918,0.8133633166500682,True
2532,0.8132193334226901,True
8662,0.8131974263321006,True
7639,0.8129788782871548,True
5796,0.8128850821924746,True
8941,0.8128477136791683,True
5666,0.8127042831616671,True
3557,0.8127034379083712,True
1828,0.8125537511146482,True
3222,0.8125204103254843,True
6280,0.8124089873482208,True
4446,0.8123712185838323,True
5168,0.8122229897613408,True
3563,0.8120246031689861,True
2360,0.8120042202138446,True
2241,0.8119146274573446,True
2400,0.8118900478475415,True
6814,0.8110841089705213,True
4432,0.8108949615125761,True
4236,0.8108487607175706,True
5433,0.8104974332183226,True
7440,0.810481929918088,True
3462,0.8097921438755243,True
266,0.8090271577621088,True
5583,0.8088567032958471,True
6706,0.8085492900451972,True
61,0.8083088642514316,True
1439,0.8081787293439817,True
8402,0.8081290059682614,True
5208,0.8078076188832665,True
290,0.8073322226369001,True
2861,0.8067784602715238,True
34,0.806371538234775,True
5241,0.8063519968336983,True
8229,0.8062593481495267,True
320,0.8056694251872096,True
6081,0.8051872514828257,True
620,0.8051759978546187,True
7071,0.8049585123959817,True
6088,0.8048802308359989,True
3517,0.8047482945827656,True
4120,0.80445175949598,True
1699,0.8042373187441544,True
2137,0.8042251171001631,True
8730,0.8041483991425346,True
5497,0.8040364568439495,True
7751,0.8040250555911487,True
4153,0.8034711852262377,True
8244,0.8034419337553419,True
2228,0.8032679261037975,True
4280,0.8030493858968715,True
4734,0.8029641969227229,True
2208,0.8024517897245452,True
2316,0.8023427322040504,True
4078,0.8023179180246054,True
6084,0.8023059353168024,True
2056,0.8018083205928173,True
5003,0.801607405113117,True
6372,0.801053746363068,True
2367,0.8009514941497555,True
4676,0.800895224792916,True
5468,0.8008763481328223,True
2948,0.8008693260490791,True
4995,0.8005635274244383,True
7401,0.7999574316144497,True
8763,0.799852260237176,True
3060,0.799708329425948,True
7030,0.7996862553270842,True
4609,0.7996591918165149,True
4062,0.799265580353973,True
4809,0.7992335500085251,True
8410,0.7988117380254764,True
2445,0.7987575857465992,True
1898,0.7981462777324009,True
1448,0.7981013107737719,True
6294,0.7980759395357896,True
4594,0.7978654082488164,True
3506,0.7974598855767853,True
632,0.79740820740852,True
5160,0.7973686202013391,True
6208,0.796966973901089,True
6668,0.7968622993512827,True
6995,0.7965249842309523,True
3952,0.7964722569850163,True
3447,0.7964640771874401,True
3130,0.796423257230933,True
7470,0.7963971450302075,True
1435,0.796261620737059,True
6201,0.79618753948783,True
332,0.7959619390454455,True
5077,0.7959313471223269,True
8854,0.7957780460945822,True
3757,0.7957752928826769,True
8824,0.7956099565406461,True
805,0.795574733963166,True
5056,0.7955663668471835,True
5868,0.795455082847569,True
3237,0.7954250711917709,True
3746,0.7952674474879807,True
7995,0.7952296607179835,True
4846,0.7950247859840726,True
7290,0.7950100861023791,True
6152,0.7948767027922408,True
1493,0.7946313237002466,True
4729,0.7946219854709408,True
3243,0.7941583123657734,True
7065,0.7939440493675763,True
2409,0.7938381759629243,True
5507,0.7937439267154555,True
6099,0.7937165392712209,True
3987,0.7936358135324405,True
4713,0.7934898689062285,True
4003,0.7934242334722582,True
5273,0.7933276158771123,True
5302,0.7928123288624724,True
6371,0.7927412190986292,True
3655,0.7926473518244257,True
750,0.792507034667849,True
1723,0.7924294251849338,True
4464,0.7922074152291048,True
7739,0.7921990163498227,True
619,0.7921392592992259,True
6158,0.7919554542701205,True
992,0.7918328013202045,True
8810,0.7915641994493932,True
5040,0.7913685928555955,True
8266,0.7912955369747463,True
5017,0.7910372783650987,True
2421,0.7910197462662819,True
4506,0.790987891945147,True
4968,0.7908733475234396,True
4767,0.7907577749291375,True
1053,0.7904582571829029,True
3187,0.7903412663744643,True
4080,0.790204566652253,True
5560,0.7900818582900547,True
4343,0.7899419213110951,True
618,0.7898064920670116,True
5192,0.7892492922967349,True
2422,0.7889614886503558,True
5137,0.7889255634038411,True
214,0.7888130533375022,True
4101,0.7886579622856407,True
501,0.7885605407904713,True
1355,0.7882939402038133,True
3502,0.7882246061388288,True
5085,0.788188298022284,True
3035,0.7881548714787538,True
8280,0.7880933207505626,True
2389,0.788057831283794,True
3878,0.7879759386165541,True
7515,0.7878995343176048,True
415,0.7875678045156741,True
4820,0.787467666018617,True
7560,0.7868835155712862,True
1471,0.7866503362378551,True
8719,0.7863989814376179,True
8097,0.7863552695222192,True
8099,0.7862013123361695,True
1829,0.7858609807944232,True
5431,0.7857101505134038,True
1358,0.7854399715818691,True
1000,0.7850393193007749,True
8285,0.7848261436646035,True
1544,0.784748938794748,True
2586,0.7846841593259885,True
1075,0.784399926217127,True
3225,0.7843806421124004,True
1798,0.7843636971381488,True
754,0.7843285043681592,True
4453,0.7843270540277184,True
799,0.7840707456025402,True
1301,0.7840405158081237,True
783,0.7839392240357467,True
7194,0.7837872006414938,True
6258,0.7834185786403498,True
918,0.78328105490856,True
5464,0.7830266076653933,True
997,0.7828314015728001,True
3264,0.782773462049431,True
7478,0.7826663515958662,True
2003,0.7824649997381333,True
7932,0.7824481890104261,True
5094,0.7819587820557182,True
611,0.7818940591500644,True
1093,0.7816745667647103,True
5201,0.7816252375321899,True
905,0.7812750924215532,True
1543,0.7812292486984763,True
2413,0.7807881962722825,True
4125,0.7801930024251701,True
8927,0.7797670155654145,True
2519,0.7797180040425163,True
3254,0.7790357642617469,True
6297,0.7788024857744097,True
7657,0.7786401796385688,True
2874,0.7784517878573891,True
3915,0.7783373734117708,True
8452,0.7783173348829775,True
3048,0.7781717141595543,True
6358,0.7780469526856685,True
3549,0.7777385210773431,True
2555,0.7776158990177221,True
3056,0.7770157091987996,True
5154,0.7769920094963527,True
7916,0.7764838064991647,True
241,0.7764197169271917,True
626,0.7763626651634539,True
3737,0.7762773902417862,True
4476,0.7760459607013256,True
636,0.7759464873188973,True
5909,0.7758005007450668,True
3536,0.7757411572825063,True
5020,0.7756703319667841,True
6680,0.7756522813954911,True
5678,0.7756404094771012,True
437,0.7756230941628908,True
2715,0.7749125799316774,True
4724,0.7746495941946222,True
4993,0.774593715651013,True
820,0.7745039291123899,True
4389,0.7738860435915557,True
1229,0.7738795990699416,True
7389,0.7738233146197038,True
6933,0.7735946811301417,True
1488,0.7735576749128863,True
1344,0.7734511508100969,True
1714,0.7734458618283246,True
5099,0.7734320204587652,True
7571,0.7733529376954176,True
5188,0.7731850840552892,True
6405,0.7731075154924479,True
1655,0.7730478515867305,True
7172,0.7729116730527047,True
254,0.7728684255292321,True
819,0.7726908843587009,True
6351,0.7726669009124658,True
7298,0.772581177821034,True
1450,0.7725053774862595,True
663,0.7724816071558779,True
628,0.7723580551412015,True
3959,0.7722103096038608,True
3269,0.7722084935270258,True
2249,0.7721181288354867,True
7273,0.7721138229557977,True
3050,0.7720944517344426,True
1371,0.7720311742357026,True
2646,0.7719195453940657,True
507,0.7718849869399865,True
2270,0.7718453481671185,True
1337,0.7717136480744256,True
3279,0.7716259791524134,True
159,0.7716221978119587,True
4626,0.7713566196282023,True
8912,0.7706246735571233,True
4697,0.7705568183469771,True
2624,0.7703799989569623,True
3733,0.770106901993472,True
2096,0.7699962398675946,True
7412,0.7696056090649142,True
23,0.7695899017475234,True
3415,0.7695807392736992,True
7025,0.769564647947746,True
4230,0.7691620528050074,True
8472,0.7688061324740699,True
5940,0.768663577556899,True
2136,0.7684695806463298,True
3553,0.7679525624699017,True
1965,0.7679499529665598,True
5500,0.7678548797454422,True
1499,0.7676147773490856,True
3260,0.7673681435276125,True
6350,0.7671505093898628,True
5927,0.766974311578947,True
4320,0.766768481395189,True
4935,0.7665610693246289,True
356,0.7661798951777234,True
4982,0.76603732835705,True
5826,0.7648038818293993,True
5375,0.7647947393811663,True
5255,0.7647866334722309,True
2326,0.764493679728885,True
7136,0.7644331828862508,True
4334,0.7643797502326658,True
732,0.7643754742034224,True
2544,0.7643269489626983,True
5262,0.7641628568924819,True
509,0.7639981244713081,True
5825,0.7639955666588423,True
7338,0.7639714319621269,True
8994,0.7639150855648791,True
986,0.7639147733762474,True
1981,0.7637847038745755,True
4943,0.7634680907953176,True
1673,0.763433283420272,True
1307,0.7631701852661843,True
8106,0.763091007690331,True
5173,0.7629713701008841,True
8688,0.7628801871491911,True
5101,0.7627128130965631,True
6765,0.7624093025272075,True
1781,0.7618042006808458,True
2811,0.7617883440126488,True
8966,0.7615120871318513,True
6845,0.7613853604036266,True
4699,0.7613486563368119,True
4804,0.7612969626517736,True
5888,0.7611198827275089,True
8426,0.7610101651794943,True
8990,0.7609545479533053,True
1814,0.7609447252441882,True
6032,0.760860437734645,True
2716,0.7607049416779745,True
7617,0.7605880061728951,True
5590,0.7604982103741831,True
889,0.7604519249500861,True
2694,0.7603002229802754,True
2726,0.7602756288281679,True
1592,0.7602683098924018,True
4570,0.7602571989494632,True
6038,0.7595537979043632,True
8701,0.759464013249386,True
2879,0.7593894469926992,True
7555,0.7592504891781617,True
8271,0.7592365599093135,True
2923,0.7591608677643662,True
1984,0.7590985283043588,True
6120,0.7590697278111658,True
1983,0.758831131730128,True
6176,0.7586962303539162,True
4919,0.7585519649048014,True
5684,0.7581394499665984,True
8721,0.7579189820666874,True
8137,0.7578860959303806,True
4021,0.7576721102082061,True
5462,0.7576122300099561,True
8041,0.7575804627651487,True
3207,0.7574165049964058,True
1736,0.7573863157764897,True
1381,0.7572922867547005,True
8338,0.757283817223362,True
4035,0.7572126338105312,True
8155,0.7570659867606964,True
7121,0.7570056951053168,True
4694,0.7569819262114917,True
7225,0.7563558732480913,True
1580,0.7562034614066862,True
7099,0.7561061299131282,True
7373,0.756100918447632,True
8814,0.7554615117294665,True
6979,0.7553890986885287,True
4693,0.755070031353133,True
498,0.7550259490722014,True
8245,0.7545409558349466,True
2706,0.75450142003686,True
2537,0.7544557790499259,True
101,0.7543640445725257,True
3310,0.7542640803007907,True
355,0.7541868029030458,True
5692,0.7541683780003128,True
4449,0.7540890853779463,True
6262,0.7539100022953743,True
1853,0.7538525777790249,True
4980,0.7536199959803723,True
7187,0.7535250948123129,True
3013,0.7534650414208617,True
6543,0.7532595579070727,True
4036,0.7530526479804445,True
8254,0.7530511007254916,True
8241,0.7528003522813198,True
4123,0.7524227572188293,True
5096,0.7524167620025658,True
5087,0.7522766816736033,True
6544,0.7521756308328157,True
5738,0.7519576047805843,True
6271,0.7515369089557135,True
8195,0.7513708101667023,True
4999,0.7510124902909556,True
3914,0.7505162757897595,True
1518,0.7503301699181488,True
5760,0.7503074985867031,True
6001,0.7501359566512981,True
8012,0.7500425648970356,True
184,0.7500303449043179,True
1016,0.7499331585991689,True
6304,0.7496273934484183,True
6507,0.749587328740228,True
5362,0.7494380414500499,True
5520,0.7492773528710739,True
5589,0.7492679409119886,True
8969,0.749174526723801,True
3657,0.7491703116062162,True
2758,0.7490196407150936,True
4692,0.7489391409006374,True
5089,0.7488912808501037,True
5536,0.7483786488247208,True
2447,0.7482675633474629,True
2079,0.7481482566357475,True
3315,0.7479149856645667,True
8109,0.7477887176390772,True
3617,0.7477880377659072,True
4186,0.7474418058632889,True
6116,0.7473852607113451,True
1966,0.747213107293495,True
2540,0.7471939178770783,True
1709,0.747155825472827,True
5001,0.7471467513829003,True
10,0.7469148797216185,True
6007,0.7467744179258404,True
5345,0.7463755653815832,True
2065,0.7460164230060528,True
3535,0.7459498458632142,True
5838,0.7457858087311453,True
4710,0.7455794387402038,True
5030,0.7451965625382589,True
3709,0.7451919169594103,True
7988,0.7449575890739927,True
1162,0.7449209130843115,True
7156,0.744850979834062,True
2541,0.7447643093810322,True
961,0.7446765311569102,True
7263,0.7443599511974921,True
5901,0.7442437573931971,True
7987,0.7441532610644156,True
6114,0.7441249014449774,True
8480,0.7438602462354182,True
2053,0.7437613880445234,True
2042,0.7437154872921803,True
8318,0.7436925459827575,True
4555,0.7436123971409777,True
1164,0.7435322084786542,True
3811,0.7432834822632275,True
954,0.7429312961035026,True
2201,0.7425868320032778,True
3240,0.7425710476474123,True
8408,0.7425385896641935,True
8078,0.7424922164107117,True
1084,0.7424634198971388,True
3739,0.7423105524448934,True
2822,0.7421797911975728,True
2846,0.7420593049468311,True
3616,0.7418247189848438,True
4301,0.7417489224773482,True
5951,0.741721915503412,True
6426,0.7416749267602596,True
5408,0.7416222112904864,True
1740,0.7414435536640989,True
1515,0.7410292253304955,True
6078,0.740959451737105,True
8848,0.740937980785806,True
5906,0.7407245016190271,True
8911,0.7406785422713845,True
7930,0.740659573513684,True
4868,0.7404437407664114,True
2765,0.7403619137491586,True
7566,0.7403592463739102,True
1437,0.740343707513028,True
479,0.7401217700893286,True
7595,0.7400693359841475,True
4759,0.7400286355663307,True
4819,0.7398722690507994,True
1019,0.7397889820565916,True
5246,0.7395161870904359,True
1365,0.7394711987525749,True
3843,0.7392152721196836,True
1159,0.7391346755949094,True
8691,0.7388541817884641,True
6792,0.7388403751144096,True
1569,0.7387786260967076,True
6762,0.7385724616941105,True
5031,0.7382682515882295,True
2050,0.7382289292452194,True
5755,0.7377672965422564,True
7069,0.7375325290600492,True
2871,0.7374112168174302,True
3834,0.7373537597688612,True
1067,0.7372988194215757,True
3785,0.7372774492040575,True
6890,0.7370551203196458,True
3580,0.7370319397832505,True
4859,0.7369709486107471,True
8205,0.7368649041727855,True
3080,0.7366854694663398,True
5741,0.7366089249863218,True
5832,0.7365179380239063,True
5203,0.7364806286746477,True
2707,0.7357628144143488,True
4511,0.7356366836279171,True
2991,0.7355785941325044,True
403,0.7353934231125614,True
2771,0.7353768543772778,True
1411,0.7351358348753645,True
8302,0.7350695291838463,True
7503,0.735042475625772,True
7586,0.7349801803842264,True
3916,0.7349609302205298,True
6312,0.7348523591051946,True
1834,0.7348267018909248,True
801,0.7346393655287554,True
4785,0.7345396414000032,True
4284,0.7344555621044959,True
8201,0.7344480423036109,True
4317,0.7338318071049863,True
6793,0.7336338066331837,True
44,0.7335690558920839,True
2858,0.7332716351416265,True
737,0.7330561172987987,True
8731,0.7329623441104033,True
2523,0.7329535393004026,True
6170,0.7326772133588056,True
1805,0.7326154818566922,True
4106,0.7324433641807768,True
789,0.7318132415436863,True
4991,0.7318096669584353,True
8700,0.7317512236329026,True
8335,0.7317422617236405,True
596,0.7314495430179846,True
7305,0.7314168462231516,True
3352,0.7313021707529408,True
3286,0.7312721967447042,True
3970,0.7311474516648199,True
4828,0.7311156831336475,True
3637,0.7307627367449282,True
7364,0.7306664305242229,True
3559,0.7305572771857545,True
2931,0.7304832804030443,True
5071,0.7301954870024577,True
2633,0.7301435028565598,True
1378,0.729981395651917,True
7974,0.7297580568953743,True
4274,0.7295404175898449,True
2832,0.7294974994727929,True
8341,0.7294474737567145,True
5646,0.7294161782408389,True
8411,0.7294137624947681,True
5395,0.7293775820918263,True
8567,0.7293368167846829,True
2567,0.7290983694274289,True
3314,0.7289548182080411,True
4544,0.7289263451086628,True
1412,0.7288732540656547,True
4478,0.7288531974889207,True
7782,0.7287673242633195,True
4925,0.728764648856773,True
8380,0.7285575680895592,True
3211,0.7284270831731767,True
1214,0.7283493970785897,True
1617,0.7281264721948221,True
664,0.728039070200142,True
430,0.7278934085043708,True
714,0.727725216300072,True
5144,0.7275235254807271,True
900,0.7274343345404192,True
5221,0.7273607888440695,True
2288,0.7271268444743506,True
5341,0.7269897555974753,True
4114,0.7268344625309425,True
4405,0.726664753498147,True
1663,0.7265797379109464,True
1263,0.7265378838784986,True
4930,0.7265333483632461,True
1810,0.7264731797289783,True
6441,0.7263924404790514,True
274,0.7263041313436929,True
5811,0.7261958644459798,True
5122,0.7259815990024967,True
1398,0.7256739871345266,True
2374,0.7255515344838822,True
6270,0.7252867443467411,True
1200,0.7251377245193024,True
8258,0.7251333760137878,True
6197,0.7249039227230355,True
550,0.7247763805422435,True
8222,0.7246361637960176,True
5649,0.7246063043663927,True
4168,0.7245474127334929,True
2763,0.7242104767771522,True
1939,0.7242096762329479,True
7760,0.7239354955848306,True
6383,0.7236936083841035,True
4387,0.7235061272729263,True
6209,0.7234068646570863,True
3574,0.7233342767048013,True
2895,0.7229654601079177,True
1667,0.7229256751346449,True
1181,0.722788572523854,True
7398,0.7226576156349451,True
1841,0.7225241503359784,True
1143,0.7220498805292629,True
793,0.7217615153311858,True
1835,0.7217458613331611,True
1995,0.7217198196912059,True
5232,0.721415629010885,True
5561,0.721214716890752,True
6094,0.7211029426298079,True
2049,0.7210163143467466,True
8680,0.7209903606099495,True
8505,0.7209302231003906,True
1133,0.7207526203403981,True
3886,0.7206256024241389,True
8169,0.7204885939508444,True
4691,0.7202063247435466,True
2283,0.720188591661054,True
985,0.7200944807418794,True
4074,0.7200631998230735,True
5455,0.7199660284855675,True
6237,0.7199650200926235,True
967,0.7199619383164015,True
7742,0.7199177651070211,True
1769,0.7198647010005763,True
4045,0.71976525440482,True
8348,0.7196985741220444,True
5377,0.7196562742805784,True
5514,0.7196033541472577,True
695,0.7195910262185392,True
2209,0.7194643322034648,True
3172,0.7190569233152933,True
5677,0.7186519392459387,True
5582,0.718593664763378,True
4325,0.718577533612427,True
6505,0.7183967116630748,True
3551,0.7172727464872378,True
5064,0.7171757457668647,True
8326,0.7169588136515236,True
7850,0.7169021383846527,True
7285,0.7167688431991232,True
7309,0.716631111990943,True
1498,0.7166008389839672,True
3957,0.7165116248871055,True
3305,0.7164907640140217,True
1987,0.7164488940684745,True
7274,0.7164346162711376,True
3488,0.7159357024062752,True
5398,0.7157849475364833,True
8884,0.7155975856946509,True
6966,0.7155473864733053,True
3014,0.7154005370024707,True
6919,0.7153208033820238,True
7408,0.7150516944750294,True
1098,0.7149719838247758,True
1645,0.7149493858574673,True
8251,0.714832512727918,True
6453,0.7148262189613898,True
2030,0.7148011899052444,True
8560,0.7144877992354566,True
7185,0.7144660170654079,True
7729,0.7144011954290224,True
4323,0.714346932653323,True
4726,0.7143358431671817,True
197,0.7140707293275516,True
3731,0.7138270133302848,True
5734,0.713501707103028,True
413,0.7134784647154155,True
958,0.7129637977555885,True
5905,0.7128138608126489,True
2657,0.712710224489548,True
8581,0.7125528270260846,True
8885,0.7124367861430081,True
8729,0.712420596387806,True
5693,0.7122647044366552,True
6272,0.7122098672211327,True
3113,0.712131270105971,True
2857,0.7121045396810342,True
147,0.7119559804065262,True
5465,0.7118811420331682,True
5330,0.7118345031483991,True
6097,0.7118269730821656,True
7778,0.7117175937255515,True
7536,0.711466887060979,True
4716,0.711421559688952,True
6166,0.7113594916328694,True
17,0.7112979534054863,True
4808,0.7110748703713899,True
303,0.7109217375569816,True
6148,0.7105241912745086,True
3984,0.7102697401940062,True
7539,0.7102124646432141,True
5535,0.7101258857358657,True
6629,0.710093854797673,True
2084,0.7099832813100747,True
7918,0.70986503995908,True
5022,0.7097784907756152,True
3840,0.7097008072899383,True
1891,0.7094640751377485,True
734,0.7094442211300992,True
5657,0.7093797326722403,True
685,0.7092297960082046,True
7455,0.7091709192137979,True
1406,0.7090217999246364,True
1725,0.7087705691165678,True
1278,0.7087470084859361,True
2159,0.7085969878528812,True
2581,0.708482685751086,True
1656,0.7083293502062089,True
4932,0.708218116876263,True
1923,0.7077847168213446,True
224,0.7077775314946678,True
390,0.7077229877920257,True
2788,0.7076185752508848,True
6958,0.7076127228314136,True
3327,0.7073507781522257,True
6231,0.7073357425004958,True
2518,0.7072767842984131,True
6040,0.7072743102382852,True
1703,0.7072317060222583,True
3806,0.7072267277722655,True
4917,0.7071106684718176,True
7605,0.7069123271401353,True
6658,0.7068736970467938,True
4847,0.7068536788253424,True
1871,0.7062676024252654,True
673,0.7062353938023003,True
8726,0.706163068429503,True
2718,0.7061332362589472,True
5254,0.7060939867618685,True
448,0.7060585880380905,True
1038,0.7060463427364597,True
2990,0.7057492554653508,True
6614,0.7057019796902769,True
3078,0.7055529326928454,True
6518,0.7055194958223173,True
5047,0.7053809914608102,True
659,0.7052991710015422,True
7216,0.7052285138033056,True
4032,0.7051816327617267,True
6261,0.7051000960236591,True
5212,0.7045093645963039,True
2107,0.7044725496988776,True
5508,0.7041513106124545,True
3397,0.7041264844413467,True
4122,0.7040346135702336,True
8551,0.7039946706546708,True
4329,0.7037048030580569,True
567,0.7032621767756697,True
3894,0.7031904951908233,True
4224,0.7031751484249428,True
5593,0.7030909050911333,True
2231,0.7030282031931246,True
6167,0.7029278631302361,True
8343,0.7028745514949891,True
2785,0.7027945149237815,True
2505,0.7026039490309031,True
649,0.7024010935273509,True
482,0.7023593830185356,True
6379,0.7023427035482639,True
738,0.7013712995621673,True
5892,0.7009080820413394,True
3923,0.7009050219435148,True
2171,0.700616359060597,True
2075,0.7005156618841342,True
5100,0.7004261414577646,True
2489,0.7002126497605419,True
1549,0.7001945222479111,True
4977,0.7001080938398887,True
6563,0.6998327308030043,True
7084,0.6996733038981182,True
3398,0.6995796605966499,True
8753,0.699498453512649,True
4823,0.6989995184598429,True
7956,0.6989942018922944,True
803,0.6989089361592196,True
386,0.6988383827164928,True
691,0.6986532454033392,True
1843,0.698647579779672,True
5106,0.698550176505213,True
8702,0.6984604419255322,True
8060,0.6981739510587106,True
8621,0.6979927046709918,True
505,0.6977581042664586,True
8357,0.6976707488185993,True
6684,0.6976291702839189,True
3779,0.697611264474853,True
7602,0.6975232906338283,True
202,0.6974252729616397,True
1272,0.6969394391683617,True
2469,0.6969239809764889,True
5200,0.696897587396456,True
8123,0.696868747743576,True
4992,0.6965928585374198,True
2972,0.6961882186879247,True
3066,0.6961832120078508,True
8042,0.6960950259268724,True
8659,0.6959035413554573,True
935,0.6958224127530038,True
6034,0.6958091651998927,True
2730,0.6958007078650285,True
8467,0.6956582537820878,True
4041,0.6955845442829179,True
3292,0.6955413863638263,True
1743,0.6954105882912287,True
725,0.6954093403856726,True
7146,0.6952479727289064,True
8396,0.6951680787313594,True
4055,0.6948767262709846,True
5307,0.6947798962641194,True
2450,0.6947357667530326,True
5596,0.694473388903385,True
6954,0.6942965036616572,True
6447,0.6939232388178161,True
1254,0.693850803130095,True
6227,0.6933660224127758,True
2340,0.6933538746928353,True
7843,0.6933153247064919,True
591,0.693036964180761,True
1861,0.6929757268340727,True
2660,0.6928486158170868,True
3363,0.6926637418411524,True
7228,0.6926284221498228,True
688,0.6924335681816319,True
1819,0.6923498428927966,True
6432,0.6919662074521807,True
3406,0.6915556084204232,True
1763,0.6914739596687721,True
7558,0.6912824408076856,True
4250,0.6912815721009592,True
6750,0.6906194608202181,True
3833,0.690513188642308,True
6448,0.6903138652841198,True
6475,0.6901912757315126,True
2420,0.6900967276051755,True
8385,0.6898656407477215,True
3161,0.6896494920701437,True
3484,0.6895719341160492,True
511,0.6895223161210968,True
4965,0.6892698365482467,True
1270,0.688728847504572,True
3339,0.6886575365184767,True
1953,0.6886548483325616,True
4288,0.6882930328302855,True
5237,0.6882778333174218,True
5277,0.688252302735854,True
5499,0.6881335802692259,True
4744,0.6879036820497874,True
2568,0.6870647810041568,True
4651,0.6868523658234601,True
8339,0.6868222175604093,True
2355,0.6863609941115,True
6332,0.6863427444244259,True
4333,0.6861641027484482,True
3683,0.6861516333468647,True
4911,0.6861492651746645,True
4523,0.6859755201514451,True
2336,0.6857222929323752,True
8287,0.6856381353404908,True
461,0.6855314682920067,True
7351,0.6854254940826667,True
4712,0.6853846554304227,True
577,0.6853812558460157,True
8334,0.6852061516843839,True
5972,0.6844714442660469,True
3831,0.684097945551211,True
6648,0.6837560028291699,True
8224,0.6834952664305368,True
6106,0.6833690634279509,True
2710,0.683198385191831,True
4805,0.6829569553613107,True
4210,0.682793206052844,True
1091,0.6824331889518143,True
1147,0.6817402709722191,True
313,0.6814784688235683,True
832,0.6814414549556264,True
340,0.6812813224464827,True
8976,0.6812181518562314,True
4838,0.6811940617542053,True
4942,0.6806886071255768,True
7423,0.6804639222445902,True
6246,0.6802518884898308,True
689,0.6800147782973192,True
5177,0.6795599113088152,True
7237,0.6795560055360573,True
4865,0.6787769017597854,True
4152,0.6786713078257484,True
2566,0.6786168706310979,True
8220,0.678543858748504,True
5129,0.6783932862273188,True
446,0.6781900937302289,True
3601,0.6779640745661104,True
5459,0.6777740080148236,True
5164,0.6776965592163192,True
707,0.677582322311065,True
8192,0.6775752319846357,True
7138,0.6775137426499703,True
8958,0.6775039792799815,True
2563,0.6774055225671353,True
5315,0.6773606568973612,True
2045,0.6772822740156795,True
195,0.6772487536451743,True
3343,0.6767662361938608,True
2331,0.6767181764962298,True
8236,0.6766992674747256,True
3880,0.6766387676561819,True
1447,0.6763726406833934,True
823,0.6758034806136755,True
157,0.6753489531769019,True
5959,0.6751412012920706,True
4962,0.6748789079007546,True
3112,0.6745027970530632,True
728,0.6740178367786465,True
4136,0.6739678867365871,True
8300,0.6736859402301686,True
4298,0.6733433926586345,True
5253,0.6731827564002856,True
5479,0.6730180138788888,True
3317,0.6729126930046261,True
6085,0.6726001166172284,True
1539,0.6722500836888815,True
6517,0.672149872626237,True
5374,0.6721284402455302,True
7623,0.6720093158648061,True
8540,0.671439239312007,True
1631,0.6712518085811345,True
8986,0.6712512478477776,True
1640,0.6710507727541657,True
8718,0.6709131492133766,True
5193,0.6703673948348892,True
7424,0.6700491380147032,True
1389,0.6700420654460196,True
865,0.6699047674641093,True
6457,0.6696151550609207,True
7986,0.6695646859879197,True
6185,0.6693710521551386,True
3648,0.6692883568272978,True
7835,0.669151959661762,True
6621,0.6688450929437308,True
4467,0.6686242886220576,True
757,0.6685868496425129,True
3548,0.6684661515844795,True
8000,0.6684145539206098,True
8929,0.6681748044725976,True
5097,0.6680226069978901,True
4048,0.6680176745751358,True
1858,0.6679766187576042,True
8752,0.6678339248582824,True
4719,0.6675757838402776,True
5581,0.6675724601754436,True
4784,0.6675218849782739,True
5112,0.6673050084545303,True
8182,0.6672712839137941,True
655,0.6666562525118702,True
2364,0.6665437885497525,True
5548,0.6663646585993462,True
1590,0.6655121402808893,True
7151,0.6653343742864294,True
7989,0.6653040730256454,True
3728,0.6652730694757142,True
2952,0.6649833738125954,True
1892,0.6647764828737865,True
1054,0.66456528912772,True
2176,0.6642479783420039,True
3364,0.6635899403062961,True
7955,0.663536586773895,True
4718,0.6632394402465676,True
1290,0.6632193953352458,True
1100,0.6631743720511304,True
5228,0.6628612854610452,True
5115,0.6625274622992062,True
3516,0.6625014709910676,True
924,0.6624519012586981,True
8822,0.6621905378373525,True
872,0.6619254488378458,True
6811,0.6618954193146612,True
2918,0.6618924496069813,True
1323,0.6618665793434013,True
226,0.6615039288443672,True
7320,0.6614165555073024,True
7763,0.6606072679778039,True
352,0.6603028511989557,True
5057,0.6598837577218918,True
630,0.6595530055902743,True
8207,0.6585014136106888,True
1523,0.6584984312064028,True
4418,0.6583156716333195,True
3651,0.6583001948585643,True
4702,0.6581208481492475,True
7978,0.6579235784314834,True
4686,0.6578974901240219,True
8939,0.6571831959878253,True
1976,0.657177627611081,True
2068,0.6567709903531096,True
7944,0.6564717023388769,True
4394,0.656468162975409,True
8707,0.6560000851056371,True
1299,0.6557638761087241,True
5413,0.6551549395433428,True
7143,0.6549532270972324,True
3756,0.6547805524502818,True
2558,0.6542032199126739,True
687,0.653559761363066,True
8256,0.6534548978979584,True
8577,0.6531781038928681,True
3318,0.6531674695829985,True
2105,0.65303985840124,True
4202,0.6529230150888162,True
2954,0.6528870784040521,True
6265,0.6528401791015784,True
3005,0.6527465257536545,True
8549,0.6527164287648772,True
1191,0.6525876876183387,True
6834,0.6524714663298745,True
4954,0.6519747848157934,True
3982,0.6519607560724793,True
7816,0.6518780007245171,True
3230,0.6513708292277481,True
2027,0.650842062736495,True
6222,0.6507998023106598,True
4727,0.6506141729423668,True
3200,0.6504895805736015,True
7015,0.6503136904255488,True
2314,0.6496587990956031,True
3031,0.6495429047727705,True
1836,0.6493339079302244,True
6266,0.6489798007813352,True
6843,0.648794094791639,True
5540,0.6484315480264862,True
603,0.6484050923231065,True
6131,0.6477331595908602,True
4822,0.6477286846355969,True
544,0.6472321219008905,True
543,0.6471007579057793,True
2664,0.6466439421793275,True
7950,0.6464940939677416,True
2946,0.6463260360394337,True
1397,0.6462803640730349,True
8834,0.6460976499111624,True
2312,0.6460404114631313,True
1990,0.6460269450617846,True
2301,0.6457337213382083,True
1209,0.6455981965439475,True
4788,0.6453447235694443,True
573,0.6453442862320387,True
5647,0.6453247551799872,True
7591,0.6450659869264912,True
4100,0.6447236590594159,True
8921,0.6442979124453053,True
3255,0.6438041194391317,True
2717,0.6433807012093061,True
7180,0.6432990556496158,True
5914,0.6432746642376685,True
7951,0.6430095246588559,True
5780,0.6429929188770341,True
5625,0.6429238712223234,True
4989,0.6425025606554124,True
3649,0.6424753929116472,True
7508,0.6422614198574874,True
6994,0.6418832611192132,True
4251,0.6415121750801495,True
5406,0.6413419576419797,True
1911,0.6411899768254243,True
778,0.6407670423394417,True
2334,0.6404393877395699,True
7013,0.6404045465363253,True
5320,0.6402693080683233,True
1078,0.6402273682709767,True
2865,0.6400235396344123,True
7949,0.6400159061997227,True
5308,0.6397028674693775,True
1790,0.639507958094374,True
146,0.6393291402573685,True
8037,0.6391731937581672,True
1991,0.6385016394478918,True
5065,0.6383928633115555,True
7381,0.638270893762324,True
6082,0.6381480772352589,True
5140,0.6380732349116496,True
5044,0.6379938320994784,True
2996,0.6377605175113713,True
2559,0.6376675738840303,True
581,0.6376051766791868,True
2939,0.6375997526482858,True
4346,0.6368176911265274,True
4181,0.6364367754489231,True
5486,0.6359169841307765,True
5659,0.635835285728983,True
844,0.6356862653550585,True
7052,0.6356172488568337,True
7337,0.6355288886517997,True
3677,0.6354893352141534,True
1608,0.6350301073742733,True
2595,0.634682455326025,True
5975,0.6344367082966709,True
8987,0.6342189055764403,True
6217,0.6336770374127835,True
4811,0.6335056613707926,True
3232,0.6333453415087807,True
1247,0.6324335333026019,True
2709,0.6323531189856055,True
211,0.631271013639169,True
8321,0.6307308781145172,True
2392,0.6306577963904729,True
6435,0.6306351205287166,True
8062,0.6305036746202783,True
621,0.6300764227066922,True
7293,0.6297900391563414,True
452,0.6296567516577607,True
5304,0.6295400024084569,True
7917,0.6291289304821149,True
4220,0.6288871015998055,True
6238,0.6286544125522833,True
843,0.6284577439856321,True
2823,0.6283049923282895,True
7564,0.6279564484996887,True
4736,0.6275754439410052,True
7576,0.6275016822678454,True
3111,0.62717536380169,True
1512,0.6271375973848459,True
8336,0.6270693552301244,True
3748,0.6266886135243663,True
876,0.6265711105340745,True
3372,0.6261097325535646,True
2783,0.626069873097526,True
6752,0.6259015912258608,True
2520,0.6242918200682559,True
6998,0.6239057058938098,True
8073,0.6237103668635063,True
45,0.6235237770866616,True
780,0.6234000613951832,True
6102,0.6233122239098148,True
8096,0.622800299368664,True
1476,0.6227898182817707,True
5713,0.6224464666520876,True
6363,0.621919014476049,True
6340,0.621764355482712,True
6373,0.6214722808780879,True
5189,0.6213897421083067,True
4016,0.6212754107452325,True
7264,0.6211068372953409,True
2922,0.6209203837044367,True
1212,0.6208753460875052,True
5910,0.6208310954801728,True
3892,0.6206046925130707,True
8118,0.6204370477763096,True
592,0.6203315735184174,True
3140,0.6193729226632015,True
5687,0.6189296808925396,True
35,0.6187510461134094,True
324,0.6185691079535629,True
134,0.6181097186336213,True
5681,0.6180187052073325,True
7331,0.6177260869909237,True
7762,0.6173362231155314,True
5371,0.6171573141934791,True
3043,0.6170865445554035,True
3820,0.6170459679866707,True
6079,0.6169064045582994,True
6644,0.6168283177496752,True
3870,0.6166635916736485,True
661,0.6165730269513046,True
3297,0.6164450196983882,True
1151,0.6161531286799246,True
3103,0.6160713964150804,True
4072,0.6158560868052276,True
8694,0.6156949917908309,True
7496,0.6155514581354777,True
4279,0.6147367649156753,True
7361,0.6146341986383134,True
4655,0.6144459019559473,True
380,0.614414242444372,True
8162,0.6135383704633074,True
4723,0.6135073289707543,True
5787,0.6126679669664364,True
2424,0.6126036195747571,True
8741,0.6121707023082568,True
914,0.6118219616616115,True
711,0.6117642201155872,True
3964,0.6114615370922771,True
3214,0.6108701822872816,True
6216,0.6108360872503983,True
5947,0.6106927499254166,True
8235,0.6106810834385243,True
8506,0.6103872323982088,True
2905,0.6098041773822475,True
4866,0.6097818509706563,True
294,0.6096321601082195,True
7753,0.6094395798357908,True
308,0.6092354481502508,True
3812,0.6088975949901237,True
5062,0.6088355509015307,True
959,0.6088316432742209,True
3638,0.6086709867293998,True
3600,0.6086465476879899,True
7884,0.6086351635846408,True
6349,0.6085427855599662,True
8372,0.608452004099064,True
262,0.6082455071712405,True
8892,0.6082332335590955,True
5393,0.6082328498453244,True
7726,0.6081895939792176,True
2220,0.608094667324828,True
5476,0.6080891028863964,True
3223,0.6077648053492705,True
2839,0.607451618858964,True
6569,0.6072222061349674,True
7703,0.6070797594184754,True
4269,0.6069669007896145,True
6347,0.6066655983754453,True
1099,0.606587895335022,True
7300,0.6065725914678227,True
1274,0.606441634576963,True
2464,0.6061051443856927,True
8401,0.6057835855398958,True
451,0.6056482092124421,True
4557,0.6054777291514762,True
3458,0.6053409854828088,True
2293,0.6053060544640609,True
3931,0.6050595485258421,True
3519,0.605050933563719,True
2255,0.6049919207505139,True
1986,0.6045576885808573,True
4566,0.6043039059820513,True
4450,0.6042304343912643,True
4769,0.6038163033845728,True
1780,0.6036353582768201,True
8145,0.6035996343888674,True
3867,0.6030095678829496,True
6334,0.6027804616764036,True
6574,0.6019191998419748,True
7927,0.6019019899071089,True
1859,0.6018455501031795,True
4915,0.6017952632388894,True
8973,0.6015848269749203,True
6225,0.6014068637117959,True
1186,0.6013940309438673,True
3087,0.6013464229272206,True
6394,0.6010235197005741,True
7504,0.6008435830869978,True
8093,0.6007671824778621,True
47,0.6007177426087085,True
7221,0.6005553133301433,True
1567,0.6003702415788048,True
8692,0.6003058951782614,True
7494,0.6002852636952344,True
5311,0.6001925729085426,True
2344,0.5999644526865299,True
1141,0.5995604147052456,True
8817,0.5989242354461064,True
5280,0.5987878649931602,True
8809,0.5987416291095858,True
7690,0.5986191696126189,True
477,0.5982482862318362,True
7936,0.5979395395133809,True
8845,0.5978801519955281,True
4228,0.5978506839046632,True
6991,0.5975867779211175,True
3342,0.5972315233915325,True
2986,0.5971812916527138,True
8299,0.5970546022646662,True
4926,0.5968739784671,True
3912,0.5963590855346991,True
1335,0.5961292357169973,True
777,0.5954247181332611,True
3782,0.5951579342042757,True
8129,0.5951426924605622,True
1165,0.5949646065625664,True
2644,0.5948742040307792,True
5364,0.5948601852032741,True
8833,0.5948373790576419,True
8918,0.5945141680509808,True
1096,0.5943935105930642,True
8247,0.5942363205094248,True
929,0.5942042724019312,True
8451,0.594193568230419,True
7736,0.5941128497413496,True
3800,0.593782229288114,True
2077,0.5935590987868864,True
590,0.5934854090923589,True
642,0.5934794825540644,True
5604,0.5933259672050898,True
3199,0.593284889852093,True
2410,0.5931027907658375,True
2579,0.5930282705255838,True
273,0.5929698224137789,True
3525,0.5928148277068301,True
7865,0.5927653753228269,True
5814,0.592551525598655,True
922,0.592539366214217,True
7214,0.5925369782729892,True
3316,0.5925031723436041,True
7292,0.5924915896877277,True
8676,0.5924634668241059,True
2873,0.5923760642569346,True
1708,0.592065505007946,True
5046,0.5919060713996802,True
3245,0.591733899805645,True
7514,0.591540705916553,True
8855,0.5915211412201252,True
2486,0.59138924326595,True
8946,0.5913577820858725,True
739,0.5913174244258782,True
4795,0.5913073199244518,True
8851,0.5911706955554846,True
7040,0.5910669748765398,True
103,0.5909917012304695,True
8242,0.5907907796344003,True
7483,0.5907759351036616,True
3908,0.5907669779377493,True
965,0.5903745409586278,True
638,0.5901364186061824,True
4603,0.5899484892361359,True
7931,0.589687306641539,True
41,0.5895305966657448,True
1047,0.5894938086279035,True
7076,0.589442979910068,True
7493,0.589379944219765,True
305,0.5893580633939779,True
3456,0.5891059910625921,True
3823,0.5890212145642892,True
6927,0.5887108566639252,True
6048,0.5885450873705032,True
8136,0.5885070646316637,True
4556,0.5884449070134983,True
4688,0.5884430617103606,True
8159,0.5879716908748305,True
589,0.5879063018081331,True
585,0.5879063018081331,True
483,0.5877235840702691,True
2184,0.5875683092031195,True
8657,0.5873890535863279,True
2141,0.5871872678105345,True
8835,0.5869933976248121,True
7665,0.5868251367026625,True
2135,0.5866531507195746,True
36,0.5865251795555843,True
6260,0.5863933111533106,True
8553,0.5863844058804396,True
6391,0.5863395070466628,True
7357,0.5862434242624812,True
8362,0.5861543370278226,True
963,0.5861330052311489,True
5477,0.5859087988750898,True
5407,0.5858621105967894,True
1581,0.5857162620082879,True
1894,0.5856398648049906,True
8139,0.5855835389369354,True
3044,0.5854214916953376,True
310,0.5852890208588568,True
5051,0.58514352392973,True
7384,0.5850906385328464,True
2155,0.5849166172875704,True
5557,0.5849021804391946,True
400,0.5848878818232285,True
1271,0.5848831678113514,True
296,0.5847667705533123,True
597,0.5847254841183964,True
4421,0.5845478013764062,True
2094,0.5843809753281942,True
2737,0.5843290764708382,True
3615,0.5842972138170629,True
7270,0.5842554025870824,True
140,0.5841372498024292,True
2685,0.5840155616635906,True
4841,0.5838419305370416,True
7968,0.5836327110637837,True
445,0.5833044957924052,True
1777,0.5832519417115177,True
1251,0.5831885405868384,True
5328,0.5831855281403961,True
4237,0.5831309044231547,True
8003,0.5830764288101626,True
1202,0.5829648840711055,True
1971,0.5829460822657477,True
1658,0.5827501276497838,True
3118,0.5827135165503069,True
317,0.5826264127696452,True
5457,0.5823068229422371,True
3107,0.5822670250788659,True
6179,0.5822560402165583,True
742,0.5821921008540122,True
8879,0.5821256339940978,True
2404,0.582043597944019,True
979,0.5820234180920657,True
6355,0.5819395522226848,True
7526,0.5818223558379363,True
4383,0.5818174979956204,True
203,0.5816530049203493,True
8248,0.5815292648996027,True
6727,0.5814960763289606,True
6939,0.5814878505714765,True
5903,0.5812885829241348,True
1517,0.5812580497856151,True
420,0.5811779791493948,True
610,0.5810875073646317,True
3508,0.5810507942021025,True
1192,0.581040884764361,True
7804,0.5807982277667911,True
7422,0.5807294604433755,True
3213,0.5806552898146399,True
188,0.5806287087966367,True
862,0.5806164944351044,True
8063,0.5804229717296732,True
3482,0.5801543212257807,True
1572,0.579959470028587,True
1732,0.5798383413251376,True
474,0.5798361915502275,True
5474,0.5798264744906159,True
2490,0.5797256275881467,True
6779,0.5797203235150739,True
2524,0.5797135187758665,True
1060,0.5797135187758665,True
165,0.5795732255460295,True
3049,0.5794012114055394,True
6970,0.5793468796302429,True
5816,0.5790784651585597,True
6339,0.578863664400221,True
7244,0.5787339224918656,True
5931,0.5782480670786143,True
1932,0.5782085702680253,True
8866,0.5781553028395348,True
5002,0.5779904042808125,True
7308,0.5777241377606859,True
7748,0.5777002266606247,True
5,0.5775225232596513,True
199,0.5774774120367473,True
1671,0.5774579461526582,True
1901,0.5773912294369864,True
8233,0.5772630471495487,True
89,0.5769881591698203,True
8999,0.5769637410785671,True
4940,0.5769589657094384,True
2017,0.5768415706503179,True
5735,0.5768394739101192,True
3163,0.5766608494239026,True
1607,0.5765746581134165,True
1221,0.5765680184080983,True
1576,0.5765299618043235,True
2172,0.5764074175395104,True
7911,0.5763201655913672,True
4947,0.5763059224584455,True
4066,0.5762084109471247,True
2328,0.5761671371702137,True
2965,0.5760899103070978,True
3552,0.5760504344117469,True
3656,0.5760166820667016,True
1189,0.5759618120542211,True
1239,0.5759551054476298,True
7259,0.5758678374315779,True
7828,0.5758486406482374,True
8539,0.5758278421804442,True
3299,0.5757891449350656,True
2728,0.5755844726283841,True
432,0.5754430374399536,True
3235,0.5754290391525483,True
2642,0.5753541904327453,False
4571,0.5752961877530097,False
7159,0.5751237525055735,False
2358,0.575092130187393,False
542,0.5750245378461408,False
8147,0.5750238261929703,False
1538,0.5749643848936214,False
1095,0.5748554665618381,False
4674,0.5747337786440233,False
3497,0.574714448629139,False
5372,0.5746822360288999,False
2522,0.5746145896709153,False
5309,0.5744727240098539,False
2138,0.5744226304534302,False
3576,0.5743789494000084,False
1641,0.5743511848596881,False
7155,0.5742933359332686,False
8772,0.5742484970175854,False
8035,0.5742126326844633,False
2073,0.5741010054467889,False
1300,0.5739532220915119,False
1614,0.5739400974154363,False
6686,0.5739367512272602,False
6479,0.5739071912781681,False
6880,0.573708943184823,False
1130,0.5736955384063118,False
322,0.573451303232529,False
6823,0.5734023224625665,False
3388,0.5731755988552777,False
4155,0.5729439573950974,False
6878,0.5728652028333502,False
3256,0.5728284097237291,False
1402,0.572760248374779,False
604,0.5727568724924917,False
697,0.5726963629322221,False
381,0.5726656150204618,False
583,0.5725564655089521,False
2731,0.5722368891949575,False
2363,0.5722272598654817,False
4503,0.5721333144577682,False
7963,0.5720895844103057,False
7075,0.5720310846535064,False
2997,0.5719316349187298,False
8733,0.5718554853269019,False
8815,0.5716564637506781,False
2612,0.5712673775390457,False
1628,0.5709807188544563,False
6818,0.5708032199826051,False
3735,0.5707542613377261,False
1563,0.5707023617208411,False
1730,0.5706932636035811,False
2988,0.5704081411955291,False
1184,0.570220293189315,False
1372,0.5701251028919916,False
5013,0.5701070917619535,False
5717,0.570028000668423,False
8095,0.5700027716671127,False
6156,0.5699560105761691,False
7501,0.5697314590932623,False
5111,0.5697093396743181,False
8894,0.5695744548233255,False
7983,0.5695364375152184,False
4949,0.5693927216994794,False
6348,0.5693143933532193,False
4842,0.5693113929240504,False
3427,0.5693113929240504,False
8446,0.5693113929240504,False
8979,0.5691185209542899,False
3793,0.5691092668687622,False
3095,0.5690908225112963,False
1457,0.569058105823895,False
484,0.5690058775093912,False
3236,0.5689262966186298,False
8683,0.5689158534892138,False
2308,0.5685961487990243,False
4985,0.568565617249868,False
5055,0.5684926126983421,False
3950,0.5684835877110181,False
4553,0.5683810324107391,False
6330,0.5683414799577597,False
770,0.5683127581057112,False
8110,0.56780434670235,False
8463,0.5677424231110346,False
4526,0.5677066714700767,False
5068,0.5676594675849364,False
6163,0.5676450164929796,False
7710,0.5675170668666764,False
4902,0.5674530116345697,False
2248,0.5674327963740722,False
3949,0.5673696322470877,False
6214,0.567263128564885,False
5265,0.567252046068249,False
5119,0.5672123107411801,False
8168,0.5671085162003995,False
5295,0.56704183943905,False
4771,0.5669793839287732,False
4191,0.5668608630331837,False
2194,0.566831944688385,False
3740,0.5667313050692265,False
6063,0.5666993186132507,False
8052,0.566691723813978,False
6359,0.56668309333026,False
8053,0.5666377631712223,False
4914,0.5666303238427265,False
1945,0.566594661990029,False
1615,0.5665527453954404,False
2299,0.5664792699669505,False
7348,0.5664698077475695,False
2594,0.5664165211749026,False
7876,0.5661497654400868,False
8981,0.5660944130256766,False
6342,0.5660561929802208,False
4903,0.5660273400931534,False
6785,0.5659782350852972,False
4187,0.5659502972458482,False
6049,0.5657823932808317,False
785,0.5657670411108902,False
1127,0.5657333446205934,False
111,0.565699462836974,False
4342,0.5656870923672302,False
3480,0.5656414859522272,False
8847,0.5656172192688691,False
4535,0.5655072023861143,False
213,0.5654008669684302,False
8171,0.5653972083421174,False
1363,0.5653376302466606,False
6417,0.565293661503547,False
6031,0.5652539714351785,False
3921,0.5651776820462923,False
5414,0.5651693649790646,False
1742,0.5650600783199572,False
299,0.5650581252029173,False
845,0.5650324626328599,False
5396,0.5649885317928997,False
1426,0.5649465245639039,False
5053,0.5649241135228911,False
817,0.5649235574062794,False
5766,0.564803309248356,False
1359,0.5647179622290336,False
1893,0.5646913673671059,False
173,0.5645266937429441,False
2618,0.5644708014609933,False
6899,0.5644456998555433,False
8838,0.5644361134394279,False
3224,0.5644099498777488,False
1318,0.5643328819972925,False
3033,0.5642168965085689,False
3787,0.5641689534752243,False
6343,0.5641604302651388,False
6295,0.5641157724715313,False
1558,0.5640984307579658,False
5461,0.5640952425469509,False
7646,0.5640933549465775,False
7124,0.5640902688063113,False
5469,0.5640584326865159,False
4089,0.5639377722166783,False
782,0.5636982653613465,False
6689,0.5636508027116808,False
8020,0.5635219749283908,False
1783,0.5634594316458305,False
1909,0.5634321680747878,False
4909,0.5634133953231948,False
7421,0.5633913729116381,False
4664,0.5632764568710684,False
2500,0.5632255640146105,False
5496,0.5631106271644901,False
6112,0.5630122935312777,False
208,0.5629448884820659,False
624,0.5628848584309434,False
231,0.5628828857101467,False
8695,0.562846622761557,False
8913,0.5628271195974255,False
5069,0.5627131994830548,False
6169,0.5626990727469772,False
1952,0.5626666086068662,False
2113,0.5626407091431374,False
1503,0.5626037002956047,False
2880,0.5625766462372774,False
4171,0.5625707641876326,False
4219,0.561978574542145,False
6155,0.5619203438278991,False
2402,0.5618941575958969,False
3324,0.5618616664886016,False
4510,0.5618149007042252,False
6283,0.5618130598057915,False
2261,0.5617012305625182,False
7484,0.5616777928890493,False
377,0.5616422580326489,False
7476,0.5616273895670505,False
1623,0.5616178483238478,False
8102,0.5615432831164026,False
4667,0.5614709657061739,False
5181,0.5614401167957801,False
8240,0.5614325387282081,False
4904,0.5614173765351849,False
535,0.5613980986344225,False
2067,0.5613074947897688,False
239,0.5612671223258863,False
4410,0.5612578491986969,False
4375,0.5612535084622176,False
6813,0.5611048805199067,False
594,0.561057672165227,False
7693,0.5609924024255137,False
1043,0.560918816876581,False
2000,0.5609184913913947,False
7929,0.5608604633123722,False
1513,0.5608356253815242,False
473,0.5608146837721314,False
2603,0.5606902873669568,False
3772,0.560653919099815,False
5492,0.5603557240393722,False
7734,0.5603222050717326,False
4434,0.5601978549104357,False
1081,0.5601628263971216,False
622,0.5601197173727582,False
699,0.5600816857346502,False
5412,0.5600535064359483,False
6361,0.5599107304665794,False
4504,0.5598435215316949,False
8033,0.5598057305670933,False
2097,0.5597843123477567,False
4912,0.5597403875516442,False
8738,0.5596484028439249,False
181,0.5595541778156199,False
2474,0.5594518211808615,False
6439,0.5594420372425111,False
4456,0.5594300715808189,False
2165,0.5593894680108004,False
7260,0.559296928528735,False
3390,0.559162028119242,False
3421,0.5590632638763254,False
2309,0.5590120943347358,False
4002,0.5590077596750882,False
6360,0.5589101854696872,False
6229,0.5589083071671479,False
2565,0.5587870221316114,False
2034,0.5583185031671012,False
2854,0.5582953704741932,False
850,0.5581558324544927,False
5782,0.5581313488516728,False
1065,0.5580848650146201,False
3571,0.5580001551889329,False
2848,0.5579173857869687,False
1643,0.5578495988571122,False
7097,0.5577896352220454,False
5014,0.5577635608886592,False
6058,0.5577478666969017,False
7830,0.5577115055595278,False
5732,0.5576823274712396,False
7860,0.5576263558843829,False
4485,0.5574821430424628,False
5074,0.5574618274767111,False
1010,0.5574291647099896,False
2168,0.5574050397609315,False
830,0.5574016962706879,False
6234,0.557344994375339,False
8281,0.5573334962613289,False
5985,0.5572736385756971,False
615,0.5571785619231887,False
5306,0.556975804655521,False
3992,0.5568391504166118,False
3662,0.5567835652667971,False
4145,0.5567594096698948,False
1988,0.5567304453308146,False
186,0.5566934443458765,False
8286,0.5566592988391997,False
2942,0.5566180544511443,False
2244,0.5564962275039934,False
2013,0.5564851431666838,False
4936,0.556465096950957,False
24,0.5564458895732741,False
5348,0.5562652999582656,False
3321,0.5561536340249792,False
6683,0.556150748851728,False
8032,0.5561247778046404,False
6357,0.5560568887678057,False
4113,0.5560547081819954,False
7118,0.5560223646930015,False
1946,0.5560189595557679,False
307,0.5559347037648974,False
2429,0.5558374056157153,False
4979,0.5557965139318962,False
2908,0.5557360799083387,False
4360,0.5556662922464838,False
2958,0.5556482828644115,False
8238,0.5556372271177095,False
3074,0.5556030120687924,False
3201,0.5555152479507853,False
5120,0.5554824450663259,False
2011,0.5554655392537956,False
8947,0.5554424968632686,False
6324,0.5554038325022769,False
5187,0.5552447006152469,False
554,0.555174611252138,False
52,0.5550950182800898,False
882,0.5550906895633393,False
3945,0.555019907780549,False
1256,0.5549922758068883,False
3835,0.55498324194112,False
3537,0.5549631202412929,False
7123,0.5549446128507965,False
4289,0.5548846712521254,False
5809,0.5547969521741273,False
1413,0.5545813405890869,False
192,0.5545568240703636,False
1561,0.5545301736946588,False
1175,0.5544322971969633,False
7023,0.5542381622479358,False
7318,0.5542218012416434,False
1599,0.5541992304034702,False
4,0.554163066389199,False
2588,0.5540566420945999,False
1197,0.5539620380372741,False
5180,0.5538885862697336,False
3320,0.5538747382939369,False
4990,0.5538637950933416,False
8361,0.5538311540714138,False
1753,0.5538185347558965,False
8275,0.5537590403927113,False
2600,0.5537581991047442,False
8841,0.5537548950301724,False
7473,0.5536604386248662,False
3861,0.5536330760211587,False
5048,0.5536009473448026,False
1225,0.5535852040995806,False
3416,0.5535655303539935,False
7410,0.5534351524121742,False
6376,0.5533861150414073,False
4188,0.5533627996592022,False
3550,0.553305582509583,False
5314,0.5532922611995583,False
5010,0.5532168945793625,False
447,0.5531637042077404,False
1414,0.5531375431084099,False
3724,0.5531106534875866,False
572,0.5530976659725209,False
8454,0.5529767164465665,False
7820,0.5529693134799046,False
441,0.5528719234495264,False
2069,0.5528474920006674,False
4882,0.5528377379085345,False
6042,0.5528349233307163,False
3965,0.5528142851912418,False
1956,0.5527886453305323,False
564,0.552696696850547,False
4922,0.5526683775766981,False
6552,0.5525597848357522,False
1929,0.5524899086358371,False
2133,0.5524589186411627,False
8124,0.5524524011716211,False
8219,0.5523891348008811,False
6516,0.5523504609084952,False
5779,0.5523484137202614,False
4646,0.5523463897397147,False
5513,0.5523078835203168,False
4848,0.5522889533380052,False
284,0.5522342999359552,False
4505,0.5521053618215245,False
5322,0.5520411656014402,False
4779,0.552036588405412,False
8548,0.551994840497996,False
913,0.5519322794004279,False
3257,0.5519252096236631,False
6365,0.5518048845293494,False
877,0.5518004426384174,False
56,0.551782358939948,False
1252,0.5517348047527985,False
4253,0.551530001752027,False
2903,0.5515240902424787,False
3012,0.5515211233474538,False
135,0.5514903895851297,False
3828,0.5514555865897138,False
5429,0.5514070434461975,False
4335,0.5513396902605816,False
2852,0.5512473647390213,False
6039,0.5512165459704405,False
8786,0.5511875526846437,False
8638,0.551183194964522,False
6248,0.5511494212503466,False
8759,0.5511282319738466,False
2814,0.551078484058641,False
4291,0.5510540592913116,False
4358,0.5510136289252971,False
2033,0.5510095427313102,False
7523,0.5509899455899071,False
8243,0.5508885316814565,False
5222,0.5507339097039385,False
1541,0.5507082985572094,False
7915,0.5506362146374127,False
6095,0.5505060346481467,False
3507,0.5504947057812318,False
7310,0.5504562617037441,False
7996,0.5504436966581584,False
2692,0.5503902227782411,False
684,0.5503233079289298,False
8200,0.5503138124088204,False
5836,0.5503127296683963,False
3837,0.5502918592168324,False
1128,0.5501917176058768,False
648,0.5501256971678053,False
5421,0.5500432009144005,False
4454,0.5500423701931337,False
4572,0.549905100587539,False
2117,0.5498948845058537,False
132,0.5497975452448092,False
5027,0.5495233583612741,False
221,0.5493833405859343,False
7947,0.5493565317281007,False
2577,0.5492971555516549,False
8798,0.5492591464413775,False
2748,0.5492074215790637,False
1410,0.5490176221574633,False
8142,0.5488789655446524,False
5762,0.5488703132798939,False
1366,0.5487713980811959,False
3699,0.5487110720727744,False
5378,0.5486829503277264,False
3520,0.5486656968310596,False
8971,0.5484279941865975,False
6033,0.5483921486845648,False
964,0.5483156874110597,False
7533,0.54829796880823,False
8143,0.5482789518459584,False
6726,0.5481021896159066,False
295,0.5480889785270017,False
4958,0.5478692137346779,False
3150,0.5478412206305938,False
2817,0.5477654337082581,False
8213,0.547748530094979,False
1496,0.5476634072909343,False
2734,0.5476304959672618,False
2703,0.5476281823415967,False
7829,0.5474206692079311,False
2282,0.547375404301899,False
2932,0.5473446983420968,False
6310,0.5473335821366279,False
1292,0.5472661161759566,False
7011,0.5472188012850533,False
309,0.5471752008101265,False
7150,0.5471098242542575,False
6362,0.5471089485727769,False
981,0.5470913532332847,False
4292,0.5470583009526354,False
3442,0.5469849786436091,False
5686,0.5469729510052675,False
6274,0.5469716400718798,False
4703,0.546924972453623,False
6188,0.5468199315684023,False
7964,0.5468016446356173,False
2585,0.5466484720609014,False
3481,0.5466410889860776,False
5473,0.5466321543342414,False
8291,0.5465504018139489,False
3319,0.5464311597434086,False
1712,0.5462871340029126,False
282,0.5462552202961514,False
5369,0.546070087813125,False
3030,0.5460552677035695,False
2614,0.5459776308519663,False
7541,0.5459166945432745,False
7616,0.545808800042586,False
3422,0.5455341186711239,False
1915,0.5455017146979159,False
7324,0.5454514297251307,False
1228,0.5454375972869806,False
494,0.5454306556677216,False
33,0.5454057695353466,False
4656,0.5453820576279488,False
1980,0.5453796766364567,False
3312,0.5452251452074306,False
4966,0.5452016834847729,False
5081,0.5451496198688531,False
1074,0.5450275829856321,False
7698,0.5449888769584068,False
4345,0.5449501826815653,False
1154,0.544890590224308,False
812,0.5448194503644207,False
5758,0.5448142942615033,False
8633,0.5447359678317031,False
4722,0.544710695309881,False
3019,0.5447035705661736,False
182,0.5446539548613408,False
4660,0.5446500523615433,False
1602,0.5446191939292077,False
3361,0.5445405385163828,False
3766,0.544496949514506,False
3064,0.5443157716671939,False
7211,0.544231451074252,False
3386,0.5442175968112639,False
6704,0.5442150208512867,False
37,0.5441511707711087,False
19,0.5440860930516307,False
3713,0.5440580749169975,False
7342,0.5440061437750895,False
6344,0.5439102387682254,False
5449,0.5438859672994916,False
500,0.5437649185578682,False
1092,0.5437122254568486,False
4099,0.5436956489825766,False
6101,0.5436492636697444,False
614,0.543619208162389,False
7296,0.5435914495494483,False
1400,0.5435331327035072,False
868,0.5434787944053107,False
749,0.5434326935104128,False
2461,0.5434116479459643,False
6832,0.5433919265224123,False
5467,0.5433897944137969,False
5032,0.5433872349359643,False
2485,0.5433733128735982,False
5392,0.5433496097144463,False
4081,0.5433276929899608,False
2332,0.5432947144760149,False
3974,0.5432452283442053,False
2930,0.5432368219411251,False
3658,0.5432119698721476,False
6069,0.5431879612406281,False
5399,0.5430809242459204,False
8720,0.5430369221571182,False
7531,0.5430290792871117,False
4972,0.5429755286155076,False
2378,0.5429387874335693,False
8944,0.5428923079572336,False
7771,0.5428631343929016,False
3504,0.5427854063809044,False
3659,0.5425494324067455,False
8231,0.5425439386610231,False
7886,0.5424020709991771,False
481,0.5423915113079005,False
4584,0.5423325508638328,False
1051,0.542222759987212,False
8459,0.5422010480207414,False
55,0.5422004524898281,False
1061,0.5421977528971407,False
7091,0.5421566794154321,False
7770,0.5421344091554776,False
7522,0.5421148617583772,False
8557,0.5420689921949778,False
1473,0.5420516145292109,False
5948,0.5419902494297119,False
2851,0.5419455094645101,False
2106,0.5418868653817475,False
3234,0.541851849966973,False
2655,0.5417699714241089,False
3377,0.5417558578120413,False
1320,0.5417430350141041,False
5025,0.5417190773781327,False
8602,0.5417139804616176,False
7475,0.5416295256572113,False
1934,0.5416110286501239,False
5301,0.541509894470222,False
5383,0.5415074769480708,False
278,0.5411526578733196,False
681,0.5411112524047077,False
2144,0.5410356816598739,False
460,0.5409624704075624,False
8618,0.5409623787337233,False
252,0.5409500218603221,False
7411,0.5408328694418966,False
394,0.5408312012735735,False
8961,0.5407924051839076,False
886,0.5407213262631715,False
2499,0.5407144658023039,False
2887,0.5406894632332606,False
1431,0.5406461707637905,False
94,0.5405980993006417,False
5004,0.5405827486633306,False
3907,0.5405490492032818,False
3573,0.5405402571252024,False
5815,0.5404392580143716,False
6763,0.5403947728179014,False
2119,0.540383482110577,False
4773,0.5403234990910345,False
6705,0.5402639984367397,False
70,0.5402237607402729,False
5952,0.5401683060442026,False
3706,0.5401606565482313,False
2904,0.540139526628171,False
2412,0.540117256385478,False
3990,0.5400904884774288,False
2556,0.5400205261660915,False
5385,0.540018538510993,False
8685,0.539930755752944,False
6892,0.5399229383811509,False
5463,0.5398828588709935,False
6319,0.5398662054361608,False
4061,0.5398617664440051,False
5793,0.5397847455394039,False
3946,0.5397786962157084,False
4821,0.539727100539739,False
983,0.5396981500638536,False
7809,0.5396815911764634,False
4918,0.5396797330326073,False
5924,0.5396465561625622,False
2711,0.539566826953982,False
6692,0.5395425263705826,False
5102,0.5395351325557878,False
652,0.5394298352252503,False
5288,0.5394291196161785,False
5037,0.5392839298638616,False
8230,0.5392032172004553,False
4560,0.5390224650779805,False
7057,0.53901758485052,False
1949,0.5390028540193078,False
7029,0.5389467312266606,False
8490,0.5389436707544554,False
3906,0.5388926998862513,False
2999,0.5388775380227248,False
2405,0.5388602684521854,False
3304,0.5388590578555028,False
2484,0.5386970464929358,False
1936,0.5386846498038689,False
1792,0.5386089140566606,False
1629,0.5385587305498133,False
6263,0.5385370692001769,False
1266,0.5385266052331645,False
2449,0.538489363243542,False
1443,0.5384095882315364,False
154,0.5383981609406459,False
5078,0.5382937939134833,False
2463,0.5382692629668246,False
4477,0.5381992883581087,False
8511,0.5381920025478171,False
6282,0.5381624806673257,False
6135,0.5381310031524852,False
2335,0.5381293154393565,False
1417,0.5380997151015805,False
3938,0.5380892310991541,False
768,0.5379466618000645,False
4283,0.5377697532700484,False
7896,0.5377669658658083,False
121,0.5376976820822097,False
8831,0.5376810675223408,False
4836,0.5375521343894895,False
888,0.5374614058634049,False
6388,0.5374464648960595,False
1464,0.5374395363148816,False
2104,0.5374255886187732,False
5831,0.5373856667121912,False
8,0.5373647000375124,False
5869,0.5373629069301311,False
8934,0.5373184612275058,False
2818,0.537272098083887,False
3529,0.5372715915884545,False
5170,0.5372422213421524,False
1540,0.5371715356814833,False
3527,0.5371607276409182,False
8257,0.5371517799713685,False
3673,0.5369768527814159,False
1754,0.5369608031832968,False
7158,0.536942544218045,False
1348,0.5369420008381999,False
7977,0.5368513400899432,False
2088,0.536809491744302,False
6691,0.5367634573153818,False
5379,0.5367293086953533,False
2272,0.5366482294815322,False
4975,0.536592197356623,False
5918,0.5365835015132948,False
5417,0.5365819320148638,False
4832,0.5365813375801597,False
5993,0.5365466835779475,False
1779,0.5364764955024475,False
8175,0.5364172848730202,False
4414,0.5363603480481477,False
3195,0.5362413572743336,False
1820,0.5361302445445071,False
6700,0.5360930021711133,False
2970,0.5359816586449752,False
2661,0.5359190859223422,False
1253,0.5357202390944078,False
5229,0.5356146996088239,False
4970,0.5354827717697892,False
5502,0.5354779555173463,False
429,0.535421861878046,False
1661,0.5354181913086989,False
168,0.5353509662647719,False
2273,0.5352914689404316,False
8387,0.5352868279487062,False
2663,0.5351890164957804,False
3293,0.5351107325185673,False
4353,0.535045433883043,False
1647,0.5350264470680931,False
694,0.5349803028657445,False
2957,0.534940608963098,False
2091,0.5349046920087297,False
5023,0.534867162546431,False
5864,0.5348364059176451,False
5360,0.5347783587466893,False
4582,0.5345888314481336,False
3392,0.5345771176516154,False
6337,0.5345393948733562,False
434,0.5345316325872481,False
5986,0.534524916514188,False
1930,0.5343925473433268,False
634,0.5343797824915213,False
7749,0.5343152691829848,False
2793,0.5343035861765036,False
8943,0.5342957446404324,False
7819,0.5341999998267827,False
8583,0.5341582403203029,False
7737,0.5340929204052284,False
8013,0.5340660808009143,False
1465,0.5339991931323517,False
7207,0.533979622650392,False
161,0.5339509911808827,False
3375,0.5339456304809341,False
8565,0.5339069151149036,False
4183,0.5338009654516379,False
2217,0.5337872607003021,False
3041,0.533775985517756,False
530,0.5337464143799964,False
5381,0.5337209191235135,False
8051,0.5336601721699302,False
3857,0.5336470032734593,False
1685,0.5336199101708297,False
1784,0.5335120230087197,False
2483,0.5335072522938298,False
1157,0.5333878346821986,False
1087,0.5333633243413131,False
1125,0.5332933169823986,False
2554,0.5332880418993642,False
1816,0.5332499324767882,False
7108,0.5332427687609835,False
5860,0.5331381855705355,False
8928,0.5330761140958364,False
4981,0.5330692534882631,False
3430,0.5330610650634043,False
6642,0.533010288459556,False
4614,0.5329965413576405,False
3944,0.5329142691414988,False
8555,0.5328251047747178,False
4356,0.5328178544965391,False
4568,0.5327577529667872,False
1385,0.532736843288891,False
4905,0.5327059391632373,False
2866,0.5326347763407993,False
2294,0.5324728364598147,False
8768,0.5324680889250396,False
2824,0.5324556035575921,False
2984,0.5324506279607921,False
2620,0.5324139552907748,False
8422,0.5323099454739947,False
7767,0.5323034800232429,False
1687,0.5322834638648426,False
5404,0.5322791771349217,False
8686,0.5322177597644102,False
7733,0.5321856925978825,False
7426,0.5319623608777115,False
2012,0.5318391588668703,False
1101,0.5317893109208237,False
1657,0.5316497287407441,False
4046,0.5316228909857817,False
990,0.5316120084186298,False
4615,0.5315363140712409,False
7638,0.531501198881434,False
2345,0.5314873783786608,False
2933,0.5314685129170822,False
1322,0.5314678277252805,False
8774,0.5314630418425377,False
4116,0.5313402347398728,False
5437,0.531253518194983,False
2747,0.5311610327383599,False
3083,0.5310633598333182,False
7098,0.531062819599523,False
6328,0.5309886350227151,False
8776,0.5309644877582211,False
4675,0.530939256158568,False
7134,0.5307611195860231,False
4138,0.5306744152375545,False
4126,0.5306274739527426,False
7785,0.530566164117859,False
8967,0.5305511458608756,False
5988,0.5304943801190063,False
96,0.5304571649685847,False
6189,0.5304183677518686,False
5456,0.530412648313845,False
201,0.5303855384250411,False
3726,0.5302697691743354,False
3443,0.5300451459671579,False
8161,0.5299811096371256,False
2876,0.5299197217913512,False
5709,0.5298859048891679,False
1480,0.5298774378772856,False
2799,0.5298636565001699,False
5184,0.5298354920828088,False
3046,0.5297980307766718,False
746,0.5297518828959303,False
5008,0.5297455474674075,False
4791,0.5297284857876438,False
4034,0.5296570413790933,False
5936,0.5296332803963432,False
529,0.5294119147762433,False
6073,0.5293764649819805,False
6987,0.5293743115209776,False
4663,0.5293699067276065,False
8068,0.5292726068740014,False
4064,0.5292339852514449,False
4538,0.5291947228967719,False
2128,0.5291520083827368,False
763,0.529000227671326,False
3603,0.5289121181639331,False
6182,0.52890088111006,False
8668,0.5288860594910375,False
2280,0.5288603198985719,False
574,0.5288097545358935,False
3675,0.5287116503851057,False
1638,0.5286837609263513,False
2723,0.5286783016305064,False
223,0.5286275781474447,False
6672,0.5286137863090015,False
733,0.528553485379564,False
724,0.5284833403919531,False
5803,0.5284597712846153,False
1430,0.5283744855389447,False
6555,0.5283255557788598,False
2157,0.5283097353172037,False
7034,0.5282815634207662,False
7959,0.5282805536691029,False
6254,0.5282419284185517,False
4587,0.5282125887833317,False
3691,0.5281837739331304,False
2686,0.5281827690055715,False
3789,0.5281449673383692,False
7432,0.5281396684748876,False
788,0.5281271908932982,False
2229,0.5281261693445,False
4508,0.5281212155702156,False
7893,0.5281090904027519,False
8983,0.5280895366295907,False
568,0.5279729940200353,False
829,0.5279543790452323,False
8792,0.5279138006938778,False
8144,0.5278134884499837,False
4085,0.5277740223096142,False
4577,0.5277290518827721,False
6296,0.5277239333967723,False
8421,0.5277208127615295,False
2576,0.5276918618732743,False
4053,0.5275301514155983,False
2002,0.5275016106916965,False
8859,0.5274737229711614,False
5028,0.5274685386037747,False
4630,0.5274050062867811,False
2597,0.5273887569030175,False
4273,0.5273398729193645,False
3722,0.5273276111155857,False
8714,0.5272431098391056,False
3771,0.5271527549425726,False
1537,0.5270932573697444,False
5944,0.5270631049527572,False
6484,0.5270625247697951,False
5351,0.5270290247992598,False
4984,0.5268791578013383,False
2493,0.526865658310783,False
4559,0.5266856630087521,False
5925,0.5264436214934656,False
8843,0.5263175695600902,False
5654,0.5262999265495644,False
6177,0.5261868173682327,False
2599,0.5261416338137583,False
4900,0.5261256430300578,False
693,0.5260707478817359,False
2504,0.5260347115415974,False
8901,0.5260115548196105,False
8764,0.5258521835827779,False
3561,0.5257334823704152,False
2810,0.5256966578478176,False
1203,0.5256800379442907,False
6849,0.5256548886001838,False
4817,0.5256369101961411,False
1109,0.5255846129030122,False
721,0.5255324452270039,False
4166,0.5255308091087222,False
7673,0.5254856611205907,False
3258,0.5254823766787802,False
848,0.5254779185637466,False
1265,0.5254620787921304,False
4546,0.5253946488332804,False
8164,0.5253289050596034,False
8027,0.5251530010008347,False
4893,0.5251168423489403,False
8652,0.5249930519077075,False
810,0.5249824670485362,False
4998,0.5249673514264088,False
1872,0.5249607945095672,False
7966,0.5249362332698011,False
2296,0.5248676201889318,False
7808,0.5247727437925177,False
3021,0.5246222315719153,False
4749,0.5246195754697359,False
6707,0.5246143517690453,False
2502,0.5245700893258473,False
179,0.5245550672050574,False
2969,0.5245313453117074,False
5827,0.5244512580833167,False
6054,0.5244316342359814,False
640,0.5243835537147459,False
606,0.5243203193554464,False
3452,0.5242391466722287,False
1489,0.5242099704585322,False
6341,0.5241745212242815,False
3034,0.5241488034144544,False
2886,0.5241462459256251,False
7467,0.5240962513061647,False
5202,0.5240783089210391,False
6198,0.523991668879372,False
7480,0.5239643454244334,False
7102,0.5239335645922688,False
2382,0.523873770445046,False
6285,0.5238307027336075,False
3082,0.5237563757715721,False
2146,0.5237558527224812,False
7212,0.5236149288460284,False
3281,0.5234893459300152,False
4322,0.5234457973943057,False
1804,0.523267085297722,False
6972,0.5232667035254307,False
7952,0.5231890630534455,False
7243,0.5231565244136236,False
439,0.5231545312857423,False
8795,0.5231499205689552,False
5617,0.5231487962695386,False
2476,0.5231299779383644,False
8432,0.5230425638821578,False
7409,0.5229919375678436,False
5063,0.5229620094714567,False
5763,0.5229473213611038,False
2591,0.5228186446547758,False
6669,0.5227680235693385,False
4022,0.5227657495437664,False
6875,0.5227223591737372,False
8105,0.5227103761747172,False
7000,0.5226779136697027,False
4978,0.5226743229605557,False
7406,0.5226043511727122,False
6637,0.5225712956586774,False
8395,0.5225209951374654,False
7814,0.5225081067547441,False
1144,0.5224710853689827,False
1827,0.5224636407474522,False
4272,0.5224030692186746,False
1304,0.5223766169396112,False
3832,0.5223175640156414,False
6250,0.5222521503800219,False
2787,0.5221695207447182,False
6674,0.5221615844289994,False
3531,0.5221337189404588,False
3142,0.5220057020681556,False
1637,0.521943921735895,False
4268,0.521845907801282,False
1286,0.5218158509883557,False
6667,0.521797812078147,False
170,0.5217805910817676,False
4751,0.5217432217660936,False
1739,0.5216714789657059,False
1744,0.5216030439383859,False
7854,0.5215638250722675,False
5702,0.5215190645329271,False
5331,0.5214986149059812,False
6931,0.5213699967157344,False
5015,0.5211685592724699,False
3629,0.5210965284670341,False
1875,0.521093862513609,False
1285,0.5210572858672331,False
5570,0.5210280862356805,False
6735,0.5210103393122771,False
7641,0.5208897969886913,False
3401,0.5208815043939352,False
555,0.5208625755763662,False
2744,0.5208528833508909,False
6889,0.5208422351570674,False
3374,0.5208248801833368,False
3071,0.5207977455671958,False
1807,0.5207938657221968,False
7286,0.520776819181635,False
4921,0.520720316141092,False
5997,0.5206962388176157,False
2061,0.5206942786747795,False
1466,0.5206927215000696,False
1026,0.5206313073319069,False
5261,0.5205421356433986,False
3874,0.5205260872844288,False
7743,0.5204947328852064,False
6288,0.5204782502245591,False
2278,0.5204685594427991,False
5989,0.5204650499016805,False
7127,0.5204637079001542,False
7434,0.5204254079119096,False
1857,0.5204234292193496,False
444,0.5204198898109723,False
8988,0.5203688418882522,False
5061,0.5203013773057175,False
4672,0.5202887336596017,False
3491,0.5202537261552572,False
8751,0.5202130825654674,False
647,0.5201559063782792,False
2543,0.5201435875435927,False
7465,0.520059034390184,False
8819,0.5200258247410365,False
678,0.5199915550242225,False
5353,0.5199845434462554,False
8949,0.5199727037402069,False
74,0.5199531061082046,False
3687,0.5197599339340276,False
3399,0.5197173465107703,False
8725,0.5195686797007838,False
2365,0.5195003104292473,False
2457,0.519497376031222,False
3295,0.5194902707906235,False
404,0.5194796346441288,False
1368,0.5194310685402879,False
2046,0.5194006605498288,False
1455,0.5193464040238421,False
5579,0.5192625437935855,False
7340,0.5192282453262,False
6840,0.5191546403391488,False
5226,0.5190081625159616,False
5656,0.5189643255840718,False
712,0.5189007903125396,False
8138,0.5188935336509705,False
8825,0.5188696580107738,False
5035,0.5187811269160791,False
2995,0.5187609029692599,False
1115,0.5187600838677809,False
7609,0.5187509252279894,False
3961,0.5187259807307948,False
2708,0.5186417991437222,False
7149,0.5186015731978827,False
774,0.518573106039832,False
2553,0.5185014658840935,False
8178,0.5184581819038846,False
5113,0.5184393911599925,False
6712,0.5184369449961717,False
3564,0.5183624026963702,False
7972,0.5183335687067325,False
3108,0.5182412772440975,False
5391,0.5181733984841744,False
4479,0.5181643627095065,False
4929,0.5181207953680119,False
246,0.5181033776083771,False
3486,0.5180810384815778,False
682,0.5180536635205167,False
3198,0.5180006358831061,False
2120,0.5179036579785622,False
613,0.5178749779002965,False
996,0.5178147082805094,False
3612,0.5177556062312618,False
999,0.5177427684954604,False
4437,0.5177251824105279,False
5038,0.5177013879496392,False
7165,0.517669143653684,False
6056,0.5176457314812691,False
2078,0.5176288907086816,False
7869,0.5176160398517388,False
4867,0.5176038553237653,False
3668,0.5175461196101745,False
6436,0.5175444717755121,False
6052,0.5175417203749505,False
7346,0.5174993436784824,False
731,0.5174786340968024,False
2733,0.517463843571944,False
7160,0.5173677506063972,False
8785,0.5173273601052828,False
1721,0.5172621915029567,False
2806,0.5171694463233177,False
1218,0.5171182613019619,False
8234,0.5170451886859518,False
7908,0.5170021831210586,False
1036,0.5169661790850113,False
8031,0.5169638848418259,False
927,0.5169572704773913,False
3773,0.5169418886557273,False
1468,0.5167547529008797,False
5219,0.5167261109309984,False
6739,0.5166853864922776,False
5518,0.5166108419959663,False
7976,0.5165785397135886,False
8437,0.5165644497794251,False
5216,0.5165397788499887,False
5290,0.5165231663516225,False
3689,0.5164150326684129,False
2976,0.5163982557502814,False
6174,0.5162660556204289,False
4312,0.5162601410570276,False
6196,0.5162290870352705,False
1376,0.5162187123722749,False
2290,0.5161417085587539,False
1288,0.5160986308647245,False
6537,0.5160344211053998,False
1174,0.5158390312118585,False
3393,0.5158195793691128,False
3109,0.5157603765586507,False
6178,0.5157320906104145,False
8942,0.5157019829620115,False
508,0.5156945312769707,False
4659,0.5156332452509603,False
256,0.5156155448468205,False
3425,0.5156133928016812,False
40,0.5153792052783686,False
8743,0.5153252214706797,False
3955,0.5153171388127066,False
7985,0.5153150700405732,False
6873,0.5152441547528439,False
357,0.5152252530130754,False
4221,0.5151940495950131,False
433,0.5151340757342471,False
7012,0.51511486931376,False
3858,0.5151147477917635,False
6567,0.5149795357781762,False
2950,0.5149617612541247,False
5933,0.5149374693950417,False
5409,0.5148248150122894,False
3069,0.5147985862119139,False
4670,0.5147973774097547,False
5423,0.5147836899061178,False
722,0.5147526280459883,False
5863,0.5147111097316552,False
1507,0.5147002100483302,False
1771,0.514673485938039,False
2315,0.5146721509768758,False
7299,0.5146130594130912,False
271,0.5146000250978816,False
4737,0.5145978990489809,False
727,0.5145726194876202,False
2198,0.5145447376870241,False
2701,0.5144268763386527,False
6086,0.5144142174548273,False
3360,0.5143703188041981,False
6252,0.5143631947263182,False
7904,0.514328486699574,False
3165,0.5142893083522094,False
417,0.5142652816381659,False
3068,0.5142588767188657,False
1773,0.5142555499681356,False
1588,0.5142143534400249,False
8190,0.5142142543046557,False
7420,0.5142126167505955,False
5197,0.5140794142168804,False
391,0.5140259751477676,False
4600,0.5140184387421283,False
5980,0.5140144745319271,False
8001,0.514002502954735,False
4009,0.5139749518414626,False
3468,0.5139742197211999,False
5090,0.5139564670231206,False
5346,0.5138880871908824,False
1324,0.5138516719177775,False
3522,0.5138480404486421,False
6077,0.5138248059076691,False
2482,0.5138219975209922,False
4986,0.513743595770124,False
6701,0.5137263273638103,False
8154,0.5136966718960208,False
6327,0.5136901749798436,False
60,0.5136702001381646,False
8748,0.5136596842799017,False
4800,0.5136039099553871,False
2059,0.5135934423744636,False
3029,0.5135537216161641,False
3004,0.513530762242296,False
3597,0.513523543761222,False
2414,0.5134977396432149,False
4234,0.5134863372653897,False
1329,0.5134732261727334,False
6030,0.5134412941632822,False
6268,0.5133881557353948,False
1334,0.5133506079571579,False
3738,0.5133358414983618,False
5380,0.5132405149204456,False
4796,0.5131735886311553,False
917,0.5131243337700043,False
190,0.5131150763395255,False
8083,0.5130855125783313,False
5525,0.5130056402490925,False
3175,0.5129721424938324,False
2935,0.5129502643515468,False
2794,0.5129454433543688,False
883,0.5129168491435898,False
3272,0.5126932585885359,False
1989,0.5126824413226843,False
1651,0.5126468315518887,False
2262,0.5125966456566299,False
6437,0.5125767986669283,False
5018,0.5125674379758798,False
4159,0.5124646832731728,False
5190,0.5124644788075443,False
8103,0.5124362388682949,False
8393,0.5124337222767521,False
6386,0.512419601232327,False
3221,0.5124106376706064,False
6181,0.512254509270274,False
8488,0.5122506577480155,False
1020,0.5122456614585853,False
752,0.5122218896333759,False
2456,0.5121614145922143,False
7190,0.5121499239576273,False
2160,0.5121157388681531,False
2043,0.5120862366951042,False
5334,0.5120850880078295,False
7512,0.5120343314910184,False
4376,0.5120171009635412,False
3081,0.5119677104647257,False
5249,0.511918106808359,False
524,0.5119063843639199,False
3073,0.5118701355769244,False
3084,0.5118280519986498,False
5218,0.5118196376055166,False
7800,0.5118109595916714,False
1104,0.5117064331086891,False
1015,0.5117018502207544,False
828,0.5116787498609686,False
3370,0.5116207878354992,False
521,0.5115534878456899,False
3808,0.5114980295071978,False
2677,0.5114879918010866,False
7933,0.5114827327542427,False
5161,0.5114647210094954,False
1530,0.5114616082780452,False
3948,0.5114481511851102,False
5665,0.5114446532625607,False
5546,0.5114032791379787,False
7866,0.5113745987657983,False
1862,0.5113613982613143,False
7887,0.5113283956690803,False
6501,0.511223862690259,False
4558,0.5112182363578387,False
8875,0.5112095432808836,False
5422,0.5111116789536168,False
3896,0.5110775925860847,False
3647,0.5110770675672747,False
7147,0.5110697796936591,False
3362,0.5110342338169742,False
4657,0.5110288959682008,False
5361,0.5109843517761048,False
3595,0.5109700996147649,False
5424,0.5107980430471146,False
8174,0.5107776106827249,False
3168,0.5107771385558385,False
2166,0.5106339591836425,False
4172,0.5105918570255477,False
7454,0.5105910150771932,False
4852,0.5105783740666661,False
6963,0.5105478344952588,False
7825,0.5105412259426835,False
1445,0.5105380800444925,False
1328,0.5104922116962297,False
8489,0.5104875093997678,False
3611,0.5104686837089744,False
6666,0.5104607967323626,False
3784,0.5104511336086153,False
6150,0.5104169673939795,False
2223,0.5103838468898846,False
102,0.5103067910564403,False
1826,0.5103058586441424,False
6986,0.5102962682321937,False
906,0.5102515479817336,False
3478,0.5102059990288453,False
7599,0.5101596757187706,False
8632,0.5101385506164372,False
1070,0.5101342468688593,False
1633,0.510078464544188,False
8735,0.5100780536354551,False
5342,0.5100553371325238,False
6788,0.5100088968307792,False
4709,0.5099455084734767,False
4327,0.5099381966694909,False
4154,0.509927400176163,False
95,0.509896275714068,False
3376,0.5098524537459154,False
12,0.5098262229461812,False
6924,0.5097947367634968,False
3898,0.5097734127494277,False
6851,0.5096909351250942,False
3337,0.5096456786134334,False
4875,0.5096325019628392,False
6570,0.5096145366572408,False
4768,0.5095790613676858,False
1610,0.5095256343215058,False
2297,0.5094469807083245,False
3085,0.5094449461977255,False
1542,0.5094178157154119,False
5305,0.5093848857377612,False
6089,0.5093816199991239,False
5368,0.5093557995397834,False
7492,0.5092276386664212,False
3924,0.5092057660006253,False
6329,0.5092020100037307,False
773,0.5091116246717801,False
6212,0.5091087539778265,False
1997,0.5090183979924225,False
8850,0.5090030021810374,False
4307,0.5089856613546125,False
3464,0.5089744012415326,False
8871,0.5089227826815532,False
6290,0.5089187827664695,False
6144,0.5088662038478505,False
5206,0.5088395086205865,False
656,0.5087752753517982,False
599,0.5087630600153263,False
328,0.5087242907900749,False
7681,0.508570216049593,False
2370,0.5085237493022747,False
2609,0.5084546686130094,False
7174,0.5084351545801713,False
6429,0.5084077814800171,False
6255,0.5084017783136895,False
6460,0.5083812247507016,False
1906,0.5083698653544703,False
1230,0.5083248161928926,False
7971,0.508256755139848,False
869,0.508125412899411,False
5005,0.50807622393505,False
64,0.5080274925776871,False
1624,0.5079547054226115,False
2190,0.5079052771788666,False
2385,0.5079035990175853,False
5357,0.5078940405624088,False
6582,0.5078907769624246,False
1052,0.5078640182303854,False
5411,0.5078118686786983,False
2602,0.5077706526199001,False
5133,0.5077625703876653,False
1625,0.5077595476149228,False
1321,0.5077547441978855,False
696,0.5077100346945805,False
1326,0.5077081715075723,False
238,0.5076854347132645,False
7433,0.5076797373102365,False
4455,0.5076765757490296,False
6064,0.507660560344007,False
4451,0.5076464254901325,False
1232,0.5076462524286802,False
7569,0.5076349406312316,False
2427,0.5075863096751233,False
4529,0.507560166351692,False
191,0.5074226262112986,False
8870,0.5074126187342417,False
6171,0.5073966419859844,False
1395,0.5073672429521051,False
7073,0.5073619836052332,False
6858,0.5073099096999897,False
6111,0.507302328632402,False
4201,0.5072848843783475,False
6596,0.507207981959872,False
1895,0.5072029840064741,False
3774,0.5072018924949918,False
1176,0.5071795406646723,False
3114,0.5071739480496144,False
8699,0.5071706152038588,False
3117,0.507141013205064,False
8523,0.5069645835639484,False
2632,0.506955396882455,False
7372,0.5069419931589288,False
2615,0.5069308800287531,False
837,0.5068564815288902,False
3515,0.5068177576655407,False
4107,0.5068100863401995,False
1547,0.5068035225584421,False
4862,0.50680334595075,False
7524,0.5068001381602144,False
8204,0.5067958846892717,False
5310,0.5067851741487809,False
5979,0.5067807628279506,False
527,0.5067802888603197,False
2525,0.5067508194915396,False
456,0.506738735955396,False
5629,0.5066949921629937,False
5531,0.5066639377708859,False
1755,0.5066482290703398,False
3566,0.5064842755049808,False
7297,0.5064519033274184,False
6223,0.5064083446822869,False
1847,0.5063223488065609,False
431,0.5062966242269475,False
2751,0.506235119120902,False
5695,0.5060910899498283,False
2714,0.5060325191351591,False
6602,0.5060242335005746,False
8616,0.5060230481983967,False
8880,0.5060206827178209,False
4916,0.5059874634798518,False
5145,0.5059533668654861,False
5683,0.5059181990816088,False
7168,0.5059135573770157,False
4243,0.5058903361917297,False
330,0.5058735355326794,False
1107,0.5058616917887978,False
1149,0.5057766979933088,False
4735,0.5057520477804417,False
6080,0.5056770764231079,False
4473,0.5055603860339242,False
8259,0.505541723122906,False
723,0.5055289466584079,False
2001,0.5054865392301907,False
1497,0.5054861556933847,False
5660,0.5054771490828517,False
5070,0.5054591958563475,False
1418,0.5054545539860918,False
5807,0.5054281129371824,False
1361,0.5054201518331288,False
836,0.50541908348164,False
3676,0.505411040781521,False
1024,0.5053988855116098,False
3855,0.5053985176991522,False
1360,0.505314468385602,False
5036,0.5052732535995819,False
3332,0.5052335922466455,False
7913,0.5052189830180107,False
7614,0.5051369592026463,False
392,0.5051147088832166,False
8590,0.5050943837392984,False
4798,0.5049558667799362,False
5019,0.5049404107268223,False
4957,0.5048777260642235,False
8317,0.5048517738262076,False
7129,0.5048395425010428,False
212,0.5048359617404992,False
3798,0.5048124461589226,False
4666,0.5047434830397305,False
3836,0.5047110608289128,False
4417,0.5046816528781062,False
5725,0.50457754528099,False
4589,0.5045443154827329,False
4148,0.5045289919442094,False
5006,0.5044763406531894,False
8293,0.5044521650342362,False
6694,0.5044338858794554,False
6652,0.5044076366260972,False
3367,0.5043781067664684,False
3606,0.5043003424876122,False
8740,0.5042834654560528,False
806,0.5042572370405288,False
5699,0.5041757298715888,False
2277,0.5041744774800396,False
2510,0.5041696491644871,False
3741,0.5041674575351961,False
7939,0.5041418102997183,False
2638,0.5041288475121196,False
3263,0.5040559625622941,False
1277,0.5040184400348304,False
1961,0.5039961550813735,False
8554,0.5039561726227081,False
7750,0.5039194482010884,False
4770,0.503863329978034,False
7414,0.5038018446551124,False
3814,0.503772684910301,False
4240,0.5037586840424372,False
7631,0.5037341460622619,False
1056,0.503731452603543,False
1463,0.5036388769773991,False
6902,0.5036380622721024,False
1913,0.5036113224027182,False
8739,0.5035876371116124,False
8989,0.5035567736350403,False
1485,0.5035433532898701,False
7205,0.5035406376277393,False
2380,0.503533480368463,False
3121,0.5035269452123677,False
5799,0.5034986766337303,False
8690,0.5034800462029861,False
4567,0.5034647505260114,False
3356,0.5033744986408147,False
6554,0.5033173910810989,False
1022,0.5033108595895455,False
675,0.5033102808603234,False
326,0.5032867493866215,False
5176,0.5032762021142316,False
3271,0.5032757834408462,False
1706,0.5032150666325114,False
3703,0.5031834012230489,False
736,0.5031559729372052,False
2803,0.5031512288116354,False
1964,0.5030519736393455,False
2653,0.5030309640526028,False
2495,0.5029634635157427,False
3763,0.5029524948376337,False
8125,0.5029462846525962,False
4373,0.5029262043930552,False
8779,0.5028415839964558,False
2430,0.5028311322306914,False
1684,0.5028254381351406,False
2351,0.5028183486962605,False
4306,0.5027657099226096,False
528,0.5027623279026987,False
4877,0.5027622286227638,False
7278,0.5026885002229585,False
6836,0.5026843300709357,False
4673,0.5026340441326239,False
5366,0.5025704295931379,False
8955,0.5025504030434209,False
1586,0.5025154270632769,False
2202,0.502505542497468,False
8634,0.5024545089010201,False
2163,0.5024330127739375,False
6565,0.5024153105096054,False
8435,0.5023867933191333,False
5608,0.5023793017364261,False
5879,0.5023653612830824,False
5329,0.5023566809944447,False
1851,0.5023499399758823,False
2662,0.5023450707903634,False
3145,0.5023327899490543,False
1259,0.5021864700090006,False
463,0.5021219832184982,False
8920,0.5021194588342848,False
6244,0.5021183553301604,False
7201,0.5021045134946917,False
4531,0.5020971982498056,False
138,0.5020923834004154,False
7779,0.5020636760628752,False
6279,0.5020615019375892,False
6496,0.5019789510950989,False
2047,0.501974827313169,False
7597,0.5019292207524378,False
6422,0.5019050861035533,False
4131,0.5018725505854083,False
4829,0.5017570848855208,False
4235,0.5017132301067742,False
7495,0.5016943749744868,False
2127,0.5016704214033131,False
105,0.5016662364934974,False
3968,0.5016131612693718,False
551,0.5015506365211678,False
7579,0.5015466356340548,False
4519,0.501447963267178,False
8268,0.5014359919129681,False
3059,0.5013566577539249,False
3457,0.5013472672564678,False
578,0.5013109547060255,False
7957,0.5012721173951356,False
3193,0.5012146397264943,False
5554,0.5011239129620403,False
5370,0.5010223811022148,False
1456,0.5009724993357397,False
5114,0.5009385676295749,False
5354,0.5009288277892859,False
1998,0.5009091632745633,False
8816,0.5009059298671087,False
3966,0.5008933026540294,False
1670,0.5008647291154741,False
5401,0.500819116614386,False
2889,0.5007737287901579,False
8126,0.500764468235173,False
7154,0.5007232357692599,False
2026,0.5006851403884588,False
8775,0.5006782098271588,False
6542,0.5006492411712429,False
3963,0.5006325234442768,False
593,0.5005675562436728,False
8008,0.5005477655946614,False
7341,0.5005113015593344,False
2379,0.5004636046875273,False
5440,0.5004148774203238,False
306,0.5004002201073318,False
1216,0.5003441049311045,False
5701,0.5002667655944947,False
7054,0.5002542116384343,False
5333,0.5002440369327783,False
2418,0.5002366618374382,False
4350,0.5002355452761239,False
4199,0.5001634973379758,False
4706,0.5001607414891669,False
5109,0.5000789498730304,False
5937,0.5000387679007476,False
5624,0.5000242996987784,False
8745,0.499989164614938,False
401,0.4999179805496102,False
1993,0.4998082606962027,False
1179,0.49979901651218755,False
4336,0.49977992244555763,False
2515,0.4997780611088799,False
2083,0.4997510596701099,False
6784,0.49973940394703514,False
7537,0.49956047693151295,False
4205,0.49954204901121696,False
4884,0.4994504759157917,False
6645,0.49941177265222275,False
3418,0.4994021274798916,False
943,0.499374282820091,False
4490,0.4993642492295878,False
3891,0.4993251769486656,False
6486,0.49932454033443513,False
2245,0.49928259395354335,False
248,0.49927491816505776,False
3707,0.4992659936912803,False
7534,0.4992044572960557,False
467,0.4991722448010755,False
8157,0.4990602271555621,False
8004,0.4990211589496752,False
1970,0.4990089990685665,False
6716,0.4990029342618067,False
3381,0.4989911097260315,False
6219,0.49896097361397823,False
8789,0.49895793627050566,False
709,0.4989539857438307,False
2899,0.49893078941413666,False
6113,0.4988793847725472,False
7139,0.49879623892673636,False
7846,0.49878935382867606,False
5287,0.4987770548962366,False
867,0.4987426841751575,False
4778,0.4987374076860407,False
4241,0.49870484849056174,False
698,0.4986876345319295,False
561,0.49868394900810825,False
7325,0.498652619331235,False
4355,0.498645142860104,False
3702,0.49863318741600515,False
3985,0.49856632686455254,False
609,0.4985644041797622,False
744,0.49854713190985844,False
4359,0.49832005923203576,False
7852,0.4983160887632788,False
5487,0.4982987415996304,False
7019,0.49826656645763323,False
6609,0.4982615441567242,False
679,0.49823459556316124,False
7326,0.4982131683704039,False
2755,0.4981374689204789,False
8597,0.49813308917161514,False
7769,0.49791144504265306,False
7133,0.4978544126086528,False
6796,0.4978486656972845,False
2993,0.497835287540276,False
6626,0.4977691866644906,False
1889,0.49772564932860536,False
8315,0.4976243786361794,False
2940,0.49760574453852197,False
1521,0.49760091787352356,False
3760,0.4975619148989587,False
8492,0.49749565727586553,False
6630,0.49749085349011724,False
3530,0.49746804924222165,False
4543,0.49743501625085584,False
2178,0.497394676897292,False
6659,0.49737788234194147,False
6051,0.49731256913277416,False
6313,0.4973039441934461,False
2153,0.49728229490619297,False
2,0.49725344488039175,False
3500,0.4971731610499546,False
4777,0.497167398794604,False
416,0.4971388480301475,False
3881,0.49708061452443264,False
8533,0.49705228798794365,False
2629,0.4969719458487307,False
4885,0.49693494599998955,False
7083,0.49692723184692783,False
2162,0.49689761659158366,False
2271,0.49673983468727667,False
4892,0.4966921098835492,False
3167,0.49667543836121647,False
3047,0.4966223580729556,False
2330,0.49660743776853356,False
457,0.4965992625534399,False
8669,0.4965791010149564,False
3686,0.4965656763451621,False
4813,0.4965379077313139,False
4493,0.49651666874090816,False
2203,0.49649440926571686,False
1677,0.49645919538967087,False
3144,0.4963777520402055,False
7175,0.4963648015088705,False
2801,0.49628117191853177,False
8952,0.49625922275347073,False
1440,0.49615316053876396,False
6804,0.4960850123525457,False
1636,0.4960792071793857,False
7738,0.4960293338410254,False
4314,0.4959836217152024,False
4178,0.4959812131415071,False
4239,0.49592050001726495,False
6123,0.49586190401945485,False
2546,0.4958430637361054,False
4793,0.4958233360924442,False
6412,0.49578314476984975,False
7164,0.4957814788210485,False
8717,0.49578114782562716,False
5872,0.4957785359589288,False
1121,0.49576466487857146,False
4042,0.495733307800408,False
5689,0.4957274983665339,False
1751,0.49570962869113994,False
849,0.49569031574675837,False
4164,0.4956387288705809,False
1962,0.49562754570900425,False
2575,0.49552184854813,False
7704,0.49547266598164214,False
7087,0.4952782948131473,False
1764,0.4952309126878724,False
1555,0.49518398768520366,False
2306,0.4951206945242348,False
6789,0.49506832268293194,False
4215,0.4949988090429992,False
1759,0.4949799870700765,False
3215,0.49491290306170427,False
3490,0.49487156896544576,False
2384,0.49485108792685933,False
8265,0.49482672227345725,False
3732,0.49480743648050424,False
3778,0.4947868091822105,False
8897,0.4947681963424057,False
8107,0.49473392419463647,False
7352,0.4947153618806098,False
7822,0.4946955204731782,False
5132,0.4946864643168936,False
2186,0.49457564181198155,False
6434,0.49457500241171665,False
7942,0.49441684542507486,False
3053,0.49426255220228976,False
3633,0.49424866258922323,False
7359,0.49423921593811954,False
7131,0.4941848218764095,False
2035,0.4941628341890372,False
7997,0.49416166062740213,False
6221,0.49415683338491884,False
7232,0.49413506352427555,False
4133,0.49413022001643725,False
5601,0.4941259984060657,False
2881,0.4940667126102402,False
7289,0.4940575375279932,False
5733,0.4940430339826833,False
5967,0.4940118535457703,False
8165,0.49392299790540645,False
8746,0.4939086069694426,False
7206,0.4938882864721742,False
6743,0.49388190242247976,False
7899,0.4937998001373581,False
3930,0.4937760906080022,False
1129,0.49376449393415783,False
2550,0.4937538028225493,False
4416,0.4937499327155029,False
5484,0.4937331279797132,False
1350,0.49371137977276114,False
1305,0.493710871016146,False
5688,0.49367185055113133,False
3695,0.4936481171997124,False
6316,0.4936234902755684,False
4611,0.49353731088413394,False
5263,0.4935353394729549,False
7415,0.49347911653751003,False
8606,0.49340434889622203,False
1921,0.4934025175531292,False
260,0.4933894333126057,False
5524,0.4933610084156371,False
1269,0.4933426572272953,False
5150,0.49331686323119783,False
8045,0.4933065408460124,False
8374,0.49330137246265604,False
7544,0.49326138132746755,False
7416,0.49325668207621204,False
8294,0.49325243207716307,False
3623,0.4931838064455681,False
1156,0.4931516431526511,False
1897,0.49310961106405315,False
7382,0.49310754653316613,False
5567,0.4930894245658302,False
5856,0.4930531326851123,False
6003,0.49301726474325164,False
5072,0.49301719399954314,False
5845,0.4929361929504016,False
3602,0.4928839523290798,False
1077,0.49288086682323784,False
5244,0.4928712998149089,False
4227,0.4928033282159405,False
7152,0.4927693859080927,False
3903,0.4927414926697645,False
8415,0.49270826026642506,False
8430,0.4926609599559056,False
3646,0.49261110635218863,False
7130,0.49255891541057806,False
641,0.4925357194584408,False
6164,0.49241673052557344,False
8462,0.49241192157717445,False
6118,0.49240064973246883,False
8812,0.49235879891422474,False
2124,0.4922684225677068,False
5267,0.49223461921923783,False
5045,0.4922291117007542,False
4340,0.4922246318479027,False
4585,0.4921817835375574,False
6397,0.4921257007384672,False
4469,0.49208552938159056,False
8400,0.49203247679369744,False
7157,0.4920249842642038,False
4354,0.49198713589002135,False
8586,0.49191963645708287,False
4049,0.49185372455262516,False
5128,0.49183518213873983,False
3101,0.49181273157560035,False
665,0.4918021870729811,False
7219,0.491777796284223,False
458,0.4917256431124425,False
939,0.49165657643620264,False
7604,0.4916339238166481,False
3077,0.49162424481962363,False
8210,0.4916221407333759,False
4596,0.491585382571676,False
2052,0.4915752152524272,False
3999,0.4915153481249169,False
8449,0.4915041331261173,False
8651,0.49149203607277914,False
219,0.4914494520688763,False
2760,0.4913932409862286,False
1948,0.49134577433384113,False
4302,0.4913284027885442,False
928,0.49131704737829796,False
6488,0.4913119588137224,False
8649,0.49128931612994153,False
2401,0.491270442892312,False
4195,0.4912231024746033,False
5757,0.49122046792152707,False
1415,0.49116605142672815,False
8368,0.4911606135250128,False
2099,0.49114894478655174,False
5217,0.4911193070560166,False
5696,0.4911081094750107,False
1957,0.49106423308935576,False
7589,0.49104948868657633,False
5121,0.4910044635455099,False
4140,0.49099629254754756,False
3958,0.49093021708201046,False
7396,0.4909053297931686,False
4816,0.49089696660099813,False
3062,0.4908791577813201,False
3613,0.4908398079328579,False
4487,0.49079896887315316,False
781,0.49076953545698965,False
7618,0.49074743647791114,False
5904,0.4907381095234631,False
5432,0.4907098577644917,False
6532,0.49070920004091173,False
1188,0.4907040461129143,False
485,0.490634790268863,False
6597,0.490620379589511,False
5240,0.4905489825959625,False
6920,0.4905395018683733,False
2768,0.4905152313562164,False
4845,0.4904924111414755,False
7438,0.490484595148842,False
185,0.49047919512024074,False
7078,0.4903916105290507,False
4928,0.49033948233747326,False
8466,0.490317294563047,False
1204,0.49025425967918557,False
1573,0.4902521647170234,False
4776,0.4902392644295956,False
4217,0.490137597264425,False
1103,0.4899739695678335,False
222,0.48995894504854265,False
1653,0.48992783207347285,False
7269,0.4898916330207859,False
7375,0.48984170893324236,False
3776,0.4898025031296151,False
2791,0.4897870083820199,False
2636,0.48975198546207305,False
7994,0.4897264626638594,False
1924,0.4897161394162511,False
2372,0.48954866489114257,False
7871,0.489529290792127,False
8703,0.48952586864076114,False
406,0.48950632107321485,False
1973,0.48950590544527317,False
6284,0.48949684548622063,False
8055,0.4894967001673819,False
3769,0.48944934148557384,False
4849,0.4894360613472816,False
7655,0.4893901901735629,False
7457,0.48933022077261784,False
6463,0.48928841273160845,False
8475,0.4892598173213246,False
453,0.4891614818548901,False
2977,0.4891206554847493,False
1605,0.488773611237444,False
6377,0.48867826053843877,False
7601,0.4885832692021807,False
6146,0.48858173092072527,False
2535,0.4885295835628258,False
994,0.48851810249236577,False
4396,0.4884470596300116,False
183,0.48842212219136505,False
1262,0.4884126248170593,False
7540,0.48837939936910535,False
2154,0.4883791670525232,False
3460,0.48837511303673514,False
7568,0.48835357597471307,False
255,0.48835100164254563,False
7378,0.4883351010012948,False
1958,0.4883071315275621,False
6230,0.48830686775457494,False
5620,0.48827396422524183,False
1654,0.4882430835570686,False
5592,0.48823113900273607,False
3920,0.48822151946164627,False
6465,0.4881728303924451,False
6502,0.4881590842473055,False
3742,0.4881095575937699,False
4994,0.48806214970839334,False
2451,0.4880150213216304,False
8689,0.48800651313986065,False
3089,0.48793772144992387,False
2388,0.4878867270300153,False
3947,0.4878733870642917,False
493,0.4878730742071853,False
3804,0.4878690069670008,False
267,0.4878616254175047,False
1600,0.4878130691150173,False
2683,0.48777456056456314,False
8486,0.487729943545932,False
6127,0.48772158990043674,False
8585,0.48769909925992583,False
351,0.4876819848373767,False
3275,0.48761684293824653,False
3094,0.4874535981098157,False
4622,0.487421100273901,False
5691,0.48740477115181885,False
7021,0.4873326470513186,False
160,0.4872336788090614,False
4595,0.48718847230295864,False
5512,0.4871867524573928,False
1198,0.48710763530507,False
2036,0.4870655779901915,False
4001,0.48703967121562636,False
8803,0.48702003959895795,False
98,0.4869755776923033,False
7334,0.48694862618832413,False
6678,0.48694750388127894,False
8673,0.4869428096786064,False
4878,0.4869172417958293,False
8355,0.48690313905978244,False
6656,0.4868780361237015,False
2878,0.4868616429072782,False
3459,0.4868223250311394,False
4533,0.48681221378226447,False
3391,0.48675193755734836,False
771,0.4867198090021617,False
7141,0.4867052035371907,False
4011,0.4866990117826888,False
6165,0.48658664013936387,False
4363,0.48654924555638557,False
6527,0.48646000668388334,False
8493,0.48641676367532155,False
7477,0.4863661763367273,False
4037,0.48623746972640236,False
1345,0.4862271571069713,False
1731,0.48621877269848357,False
2074,0.48621386911995185,False
28,0.48613330167514907,False
1432,0.4860282403410302,False
3872,0.4859866508897101,False
8028,0.48593274397535136,False
666,0.485925047420784,False
7547,0.4858621775597117,False
767,0.48581850671985655,False
6115,0.48577735918722775,False
772,0.4857177739735068,False
8654,0.4856879754572713,False
8059,0.4856533667520085,False
7545,0.48561461270638057,False
8801,0.4856070741831338,False
8076,0.4855968997069865,False
1627,0.48558026943010796,False
4130,0.4855724052583852,False
6415,0.48556112568110266,False
4618,0.48551860706028244,False
8303,0.48550555681534785,False
3134,0.48547532089570933,False
4020,0.4854145143891755,False
1757,0.48540699056223124,False
126,0.4853946234967763,False
6545,0.48539260586754385,False
6203,0.4853840006170381,False
3895,0.48535543820326477,False
1416,0.4853387001010039,False
3542,0.4853316021095566,False
7833,0.4852729912602218,False
6830,0.48521407908831626,False
4005,0.48517857248364044,False
156,0.48511149137086523,False
7984,0.485095142108803,False
4542,0.4850950463970859,False
5448,0.48505503463852756,False
5739,0.4850247129518709,False
5995,0.48494482649308174,False
5913,0.48482143082443957,False
8832,0.4846814354819377,False
7254,0.48465838482680845,False
1041,0.48461229275072787,False
5600,0.48453439169622975,False
8292,0.48450027294998166,False
122,0.4844685928495771,False
6016,0.4843990415094005,False
743,0.48439761715787505,False
7425,0.484334171536471,False
8756,0.48432229546824596,False
4536,0.4842358081038538,False
949,0.4841384211273102,False
7268,0.4840913113106233,False
8121,0.484026598734224,False
1724,0.4840009025035866,False
4457,0.4839668852086396,False
7548,0.4839244464672547,False
602,0.4839048842819315,False
7807,0.48383459967489073,False
8909,0.4838264188521382,False
3708,0.4838171422282026,False
6625,0.4837182154749572,False
3465,0.4835994694013656,False
22,0.48359471910429874,False
3189,0.48353907788418005,False
654,0.48351669476779313,False
3093,0.48350937104283737,False
1477,0.48348449172826186,False
8737,0.48343356719859104,False
991,0.48342548800178387,False
2041,0.48340282206190605,False
7183,0.4833695510828908,False
617,0.48335065737485217,False
3621,0.48330318326143307,False
5954,0.4832974737891992,False
5675,0.4832230878841501,False
3139,0.4831535377300729,False
409,0.4831389947420562,False
293,0.48313557341179847,False
5472,0.4831178268397475,False
708,0.4831145085258073,False
1649,0.4830837913245679,False
1648,0.48302852318642253,False
8261,0.48302103557813786,False
3191,0.48300564266209595,False
5127,0.4830006662262364,False
3493,0.48289734346880175,False
8660,0.48285039319488254,False
2623,0.4828455766581328,False
607,0.48279461836883536,False
7834,0.48276905409421245,False
5697,0.4827312207070738,False
1545,0.48269550923495086,False
6455,0.4825868137592363,False
2850,0.4825867470622236,False
5556,0.482582961207894,False
3584,0.4825694961290198,False
5626,0.4825335158171484,False
2937,0.48252068479242166,False
189,0.48245983520170893,False
7826,0.482404762354457,False
3953,0.48236036633781015,False
7179,0.4823552233381985,False
7171,0.4822848550165986,False
7953,0.4822802419659657,False
7596,0.48227207146073264,False
6974,0.48217851145403967,False
8327,0.4821750430871805,False
824,0.482157848702234,False
2212,0.4821490749999085,False
6718,0.4821222564914895,False
8156,0.4820910142986394,False
1855,0.48207640585246864,False
7215,0.4820654518570532,False
2031,0.48200596476494445,False
4225,0.481983087579925,False
7197,0.4819546476736343,False
2836,0.4819208220691768,False
1975,0.48191688342729183,False
556,0.48187251749739557,False
3217,0.48186234018070123,False
5829,0.48186163209360183,False
4790,0.4818606249162549,False
8665,0.48184622983429065,False
3404,0.48184346540839557,False
3993,0.4818259586432,False
7144,0.4818065103056726,False
8232,0.48171446641091936,False
2593,0.4816790399556246,False
77,0.4816535721694353,False
5669,0.48164776665086106,False
2792,0.4816458396867231,False
1879,0.4816112021767361,False
5575,0.4815951547365782,False
8054,0.48157491867396274,False
6367,0.48155780143734644,False
6990,0.48152987711377143,False
2040,0.48152689511312463,False
2267,0.4814834379935124,False
7048,0.48139627881863606,False
5356,0.48139253098889323,False
2376,0.48137946644878116,False
1943,0.4812973542338066,False
7316,0.48127957210098016,False
5270,0.4812590122140779,False
8112,0.48122902338153956,False
3365,0.4812200569798841,False
4397,0.4811661036841635,False
1968,0.48103986731375653,False
3115,0.4810239502838374,False
6852,0.4810065864173691,False
5788,0.480979429962197,False
5727,0.48097713174859297,False
5957,0.4808975003202433,False
670,0.4808158050859745,False
435,0.48080467899940216,False
7379,0.4807086492397889,False
637,0.48066325737054,False
7008,0.4806537901148214,False
6909,0.4805179640642741,False
4079,0.4805013096198579,False
897,0.48039452874084154,False
3120,0.48034496946433863,False
1635,0.48032881099664465,False
5866,0.4802763497089617,False
3729,0.4802609312489702,False
5667,0.4802591266914247,False
4086,0.4802507298378892,False
6151,0.48021277251998323,False
1905,0.48018751648938474,False
6419,0.4801374809234962,False
3125,0.4800427284353991,False
4604,0.4800043283563272,False
7575,0.4799338810307292,False
149,0.4798662441207562,False
7368,0.47984256595470365,False
7343,0.47982897777232947,False
3126,0.4798154774098987,False
2032,0.4797706281606553,False
1874,0.47974633375942527,False
8749,0.47971002773108884,False
6822,0.4796337872237757,False
5171,0.479600639211573,False
5481,0.47959965230460594,False
6812,0.4795333787538229,False
7074,0.47947632594753736,False
908,0.4793906742436319,False
8804,0.47934848495347265,False
1155,0.4793424262358333,False
8571,0.479336682981371,False
2057,0.4792221449116523,False
1327,0.47917190402264614,False
5711,0.47905564231143505,False
5615,0.47899414075224817,False
1830,0.47892982933708783,False
5522,0.4789130889804465,False
2353,0.47886575947473065,False
4326,0.47882042842380534,False
2167,0.4787651872744538,False
6093,0.47864960610494756,False
3185,0.4786490973415431,False
2985,0.4786435066532291,False
3876,0.478635160139141,False
2753,0.4786325781791915,False
3501,0.47860968822690203,False
2439,0.47858753687650074,False
3463,0.4785672033677446,False
1552,0.4785487947587059,False
2684,0.4783809119392577,False
6393,0.47829690008733444,False
2527,0.47829575581052264,False
5571,0.47823709213552623,False
7998,0.4781584369702436,False
5400,0.4781259709684222,False
3127,0.47811028944678097,False
2243,0.47807362342829923,False
1900,0.4780623077025942,False
5569,0.47805497629424837,False
3570,0.47795943353099674,False
2853,0.47794911131743956,False
3451,0.47781668639509783,False
8223,0.47777758949784127,False
8306,0.47774912663634056,False
6708,0.47774615813791826,False
7005,0.477707095171556,False
8747,0.4776624910325412,False
4211,0.4776122596981186,False
1268,0.47759722779757907,False
6605,0.4775587097425424,False
1394,0.47755646855580375,False
3641,0.47751791042133973,False
3848,0.4775163313340106,False
4023,0.4774575316525476,False
3792,0.4774509870534951,False
2548,0.4774404876244341,False
6728,0.47742008813209724,False
8868,0.4774091595486339,False
3768,0.47738299471689044,False
30,0.4773786091229172,False
8072,0.4773653209151995,False
1733,0.4773208329639939,False
6228,0.4772943984486389,False
3102,0.47722471476231737,False
3705,0.4771933471572462,False
7910,0.4771820048300417,False
7878,0.4769582035993931,False
2019,0.47692245548059226,False
5621,0.47688683166197715,False
2961,0.4768361132937384,False
5818,0.4768236155801091,False
5186,0.4767785729760553,False
5124,0.4766907447671243,False
1788,0.47668025493808863,False
1622,0.47666959689689625,False
623,0.4765942627944391,False
1002,0.4765701357324038,False
2885,0.4765167550869023,False
6515,0.47649200248844736,False
6161,0.4764232457216164,False
761,0.4764111097746374,False
2507,0.4763377117427413,False
6870,0.4763340096991793,False
4874,0.4763089527548046,False
5509,0.47627105685904997,False
4762,0.47607620690709906,False
1227,0.4760542506172951,False
6147,0.4760486643113107,False
7242,0.4760320877398989,False
1519,0.4760308184718551,False
2776,0.4760270975228448,False
6575,0.4759748701565339,False
1888,0.47594542826868314,False
8811,0.47594154417488094,False
1992,0.47593802354213355,False
6091,0.4758498181248553,False
5607,0.4758382083039945,False
2478,0.475792455482185,False
4997,0.4757046957754694,False
5091,0.47566466638864924,False
2528,0.4755369177621267,False
7449,0.47552268979742157,False
5282,0.47552189657626776,False
7791,0.47544333286991763,False
4370,0.47541457577911567,False
704,0.4753990911319493,False
6130,0.47538878479094376,False
1182,0.4753597940101962,False
8886,0.4753483816930729,False
5786,0.4752403473448712,False
7611,0.47518022929252945,False
2967,0.4751635771029361,False
5297,0.47516183565042824,False
6589,0.4750726197791162,False
2825,0.4750136476394749,False
6059,0.4749814563678731,False
7461,0.47496564915986195,False
1306,0.47487832346877606,False
319,0.47481559166099707,False
1460,0.47478017460841826,False
3253,0.4747530980184217,False
3827,0.474719268141596,False
2453,0.4746765624425924,False
1652,0.4746499932874326,False
6714,0.47463761014486405,False
2696,0.4746369224510657,False
7252,0.4746111262971485,False
6841,0.47460592208937114,False
6616,0.47449386087407497,False
1919,0.47448429496090727,False
1458,0.4744232463974292,False
7463,0.4743427848439946,False
2809,0.47426463877205016,False
7811,0.4742508711675702,False
2139,0.4741522722026444,False
7844,0.4740992825186335,False
8559,0.4740619768270006,False
3384,0.47403147701522325,False
6935,0.4739663254834595,False
5388,0.4739583598857118,False
5664,0.4738989376035612,False
3387,0.4738441105674658,False
4366,0.4738415065623023,False
2992,0.4738363433761571,False
2551,0.4738263718445119,False
5220,0.4738052462187188,False
57,0.473788838950322,False
5230,0.47371903203496474,False
4879,0.473689970951442,False
6308,0.4736391607769189,False
7561,0.47359313432552147,False
7479,0.47358976999868646,False
3197,0.47350056108545496,False
3028,0.47349510277217943,False
6635,0.4734531994961961,False
2020,0.473427020673835,False
8349,0.47328216384302235,False
425,0.4732066000580118,False
449,0.4731911978540293,False
8723,0.4730328267391714,False
7335,0.47303107924142385,False
6524,0.47297532542100906,False
1509,0.4729231836940038,False
5934,0.4728948449903284,False
2704,0.4728634343910308,False
6469,0.4728166581437852,False
8365,0.4727811896992928,False
4540,0.4727012738582023,False
3432,0.47269325761585745,False
2659,0.4726301356621676,False
8931,0.4726233172816044,False
650,0.4726227447676941,False
6964,0.4725916823335107,False
342,0.472585275810181,False
1424,0.47256017384984444,False
6083,0.4725419082183342,False
8282,0.47253659725563396,False
5158,0.4725289594978415,False
3246,0.47251128037827766,False
1123,0.47241423446809533,False
422,0.47234905650732384,False
1422,0.47232524170486734,False
4704,0.4723094722189217,False
2840,0.47223905961761803,False
3287,0.4722213635122854,False
7923,0.47219585172987727,False
4294,0.47218219585447013,False
6973,0.47217831244262826,False
32,0.4721256628723165,False
4287,0.47212380098339385,False
7687,0.4721207733625289,False
3471,0.47211724089625196,False
6553,0.47198723355676975,False
1886,0.4719736673108252,False
6497,0.47196332162191806,False
1711,0.4719298277343182,False
8279,0.4719263586156828,False
26,0.4718775621037794,False
7897,0.4718524807623607,False
7291,0.471850196984403,False
8146,0.4718193210040652,False
6483,0.47164989542138186,False
1117,0.4715726014209628,False
206,0.47152455875252824,False
1554,0.471502716447444,False
6476,0.4714745447576271,False
776,0.47144370450258916,False
5242,0.471404759269586,False
6333,0.47138635291774805,False
7132,0.4713769496729944,False
8352,0.47129556610777273,False
3818,0.4712610688874614,False
3610,0.47125363607445964,False
289,0.4711673188368345,False
3577,0.47115123405642767,False
490,0.47111148251959073,False
1382,0.4710872658977379,False
5613,0.4710105109364824,False
4602,0.47099675108790534,False
1461,0.4709859242668844,False
8167,0.4709754200351076,False
2511,0.4707876565472025,False
1423,0.4707553661177418,False
8119,0.47071050811282783,False
3495,0.47069174040939243,False
7722,0.470683053380522,False
7550,0.4706752285063053,False
1224,0.4706683034246254,False
5337,0.47064592648214804,False
4115,0.47061001895626053,False
366,0.47060009014057913,False
2320,0.4705946446343987,False
82,0.47055319683328356,False
8262,0.47041477512736696,False
4175,0.47040971514606417,False
6200,0.47039059351188317,False
97,0.47038426526620825,False
3609,0.4703408937685907,False
1116,0.47023925085999835,False
7487,0.47014819086756604,False
2795,0.4701102979064666,False
4200,0.4701071545507288,False
8269,0.47008934356940574,False
3489,0.4699451657771412,False
8313,0.46990018298810926,False
3852,0.469880168294491,False
5039,0.46984655622659377,False
2221,0.469844688026451,False
3330,0.4698417183809508,False
478,0.4698077581121523,False
6235,0.4697993491640656,False
3688,0.46970579445655114,False
1080,0.4696943364900631,False
6416,0.4696850981088792,False
4459,0.46968205035055777,False
7619,0.46962557152980305,False
8189,0.46962197234497455,False
4197,0.46958490176127876,False
3521,0.4695129194282068,False
1210,0.4694970748419268,False
2416,0.46939787777761466,False
6459,0.4693014056423024,False
7135,0.4692971685731465,False
1246,0.46922777730847604,False
582,0.469227079755836,False
6421,0.46921948782026984,False
3164,0.4692110038818752,False
3079,0.46920648863944,False
3131,0.4691932222731009,False
90,0.4691732636176187,False
635,0.4691714894971653,False
6733,0.46912469995927214,False
130,0.4691154738832101,False
11,0.46903907484724044,False
104,0.46901591491935496,False
1134,0.4690018978754764,False
2796,0.4689830709617028,False
5853,0.468955629879374,False
4517,0.468915943939497,False
5530,0.4689097847393643,False
1720,0.46889939097714045,False
5573,0.46882390084079495,False
8608,0.4688191800625883,False
6557,0.46880892341898694,False
4753,0.4687074407308625,False
2745,0.46869899179426294,False
8128,0.46859519456383747,False
2601,0.4685898531726761,False
4118,0.46856407754598495,False
8573,0.46852232668760374,False
5744,0.4684950882731932,False
1664,0.46834965869009043,False
6378,0.4683246070889836,False
8975,0.46831739845453396,False
4401,0.46829096377761387,False
4956,0.4682788771596523,False
4134,0.4682261258029841,False
5178,0.46815769549805053,False
5750,0.46815551312005377,False
6442,0.4681267081679004,False
2472,0.46810760785136235,False
2116,0.4680906281583431,False
3136,0.46807997305317167,False
6719,0.46806324750962225,False
8857,0.4680600043103892,False
3,0.46799337260554363,False
8777,0.4679665012955168,False
4328,0.46796256435294564,False
8531,0.46795210960852396,False
5506,0.46786457212508836,False
3219,0.4677283202509598,False
6657,0.4677013186790467,False
1343,0.4676894280765195,False
7330,0.46767474115679963,False
4640,0.46765356967469446,False
7796,0.4676054864339502,False
4128,0.4675182560152112,False
1341,0.46750872390427284,False
151,0.46750255210482816,False
7741,0.46748634530084526,False
662,0.4674388112992426,False
6854,0.4674322779352224,False
5748,0.4674188320071461,False
7683,0.4673702781635992,False
7648,0.4673458296380167,False
8552,0.46733629437921514,False
1818,0.4673353212274731,False
2265,0.4672948568075998,False
1375,0.4672944462537829,False
2180,0.46721670211726946,False
2131,0.46715276237625686,False
8620,0.46712588014946577,False
1317,0.4671253263593267,False
7006,0.4670805450509116,False
6586,0.4670762182044086,False
8278,0.46702542787034257,False
7162,0.4669769406919159,False
1609,0.4669765929309199,False
6462,0.46697601026810304,False
4564,0.4669334849715819,False
5867,0.46692483286114467,False
2237,0.4669135789300178,False
6046,0.46690141320743894,False
4513,0.4668940213733976,False
6975,0.466821899011452,False
3176,0.46677565169574614,False
4738,0.466762170159363,False
7612,0.46676186030320543,False
8754,0.46673470846291504,False
4486,0.4666774321270005,False
1700,0.46654460906323014,False
6153,0.4665354129273587,False
6548,0.46639113951390404,False
1168,0.4662557603543103,False
8993,0.4662015934371773,False
7204,0.4661688506645573,False
1241,0.46615730736594974,False
7849,0.4661128872705277,False
2564,0.4659810582237439,False
5847,0.46597375357897003,False
3890,0.4659571241822631,False
7975,0.4658831828196328,False
6566,0.46586180823574413,False
1881,0.465782079674961,False
3665,0.46573348430495776,False
6983,0.46563848407821046,False
2508,0.4656088900993463,False
7578,0.4654713262876815,False
6581,0.4654422193889815,False
6961,0.465382760106363,False
5668,0.46535704807790235,False
6009,0.4653480381739858,False
1697,0.4652643761982928,False
4520,0.46524674953842676,False
1276,0.4651809148565329,False
5719,0.4651476333404559,False
512,0.4651022156540487,False
8409,0.46509862883001735,False
4341,0.46506028745524114,False
1938,0.46502083347752465,False
5093,0.46499729826030234,False
2735,0.46494773505746023,False
3133,0.4649145815281487,False
5576,0.46491318368793244,False
6062,0.46487198266983354,False
29,0.46479121070124146,False
1419,0.46475692940867824,False
5543,0.4647522124865221,False
8781,0.46464578548537583,False
8940,0.46461386229020785,False
1772,0.4645723551971416,False
899,0.46456484514975244,False
2383,0.4645621845190263,False
4412,0.46451773501666094,False
8440,0.464513241972927,False
1593,0.4644723969055825,False
4803,0.46447150314129354,False
703,0.4644447722976503,False
8715,0.4644282822017635,False
8576,0.4643753969586782,False
4873,0.46436132495013704,False
6021,0.46424051571738884,False
1076,0.46422415353454016,False
932,0.4641892477551006,False
5839,0.46414594262507713,False
1585,0.4639151657709534,False
533,0.46388962136957046,False
8818,0.46387030260192325,False
8874,0.4638589647632248,False
8925,0.46382892277306365,False
1516,0.46376777710868655,False
6797,0.46370390608976797,False
8710,0.46364995662710806,False
7028,0.46364792353248485,False
5631,0.46364152250143437,False
4430,0.4636067990107973,False
5781,0.46345212152372695,False
6601,0.4634269075971475,False
2233,0.46338794903635616,False
114,0.4633617951086995,False
8277,0.46321495125224177,False
2371,0.4632130812939675,False
1441,0.4631674455860576,False
2303,0.46314919503250096,False
1380,0.4631397841987949,False
1568,0.46309813076677564,False
7895,0.4630859997388904,False
8308,0.4630377906193779,False
2063,0.4629303441553933,False
7958,0.46291802962829187,False
5239,0.4628587157863279,False
1057,0.46268841616389655,False
8561,0.4626205247090223,False
438,0.46261176780087354,False
8766,0.46260299167971236,False
976,0.46259766496021865,False
7598,0.46255161345190776,False
2009,0.46246148919665775,False
8765,0.46244024448077936,False
6331,0.462394507783646,False
7247,0.4623568723726413,False
4498,0.4623443048444685,False
5151,0.4623228344052518,False
419,0.46230685644145825,False
2917,0.4622726971222739,False
6795,0.4622048238031325,False
3544,0.4621486061920532,False
6425,0.4620987103544817,False
469,0.46204295421566005,False
1619,0.4620292451448206,False
541,0.46201643142504417,False
2959,0.46192207890903036,False
6004,0.46189122213826916,False
4661,0.4618475104230467,False
3086,0.4618390557601735,False
7393,0.4618320544854738,False
839,0.46175440751399194,False
7323,0.46167224661179357,False
7642,0.46157818381525656,False
2224,0.4615771441668568,False
5279,0.46150238684850997,False
2773,0.4614242590220217,False
4400,0.4614048396750904,False
6487,0.4613294167999327,False
7554,0.4613241054595169,False
2346,0.4613199834488784,False
7861,0.4612884969088207,False
2238,0.46117718614355613,False
2467,0.46105507387548333,False
143,0.4610436584452633,False
847,0.4610022572880351,False
6736,0.4609958919415752,False
4944,0.46092892290231574,False
4976,0.4609007529292774,False
316,0.4608146334945514,False
2679,0.46079535839239505,False
3026,0.46074612121963604,False
5943,0.46074277463594837,False
8526,0.4607361504212612,False
8098,0.4607246064959422,False
2417,0.46069874027187957,False
4652,0.4606285112476781,False
8499,0.4606229677866222,False
5551,0.4605962772991235,False
5172,0.4604717745709666,False
7697,0.46030505006835737,False
280,0.4602636867800134,False
75,0.4601990428619464,False
5767,0.4601098383357139,False
4258,0.4600112912335948,False
4720,0.4599085227988478,False
2087,0.4598799792567744,False
166,0.45985911524960665,False
8525,0.4597934043043749,False
3039,0.4596760161960895,False
1865,0.4596283861179293,False
244,0.4595767639527189,False
8760,0.4595509271748241,False
4952,0.45939202675765606,False
48,0.45936548229098584,False
3143,0.45928444421685016,False
5991,0.4592520814458282,False
531,0.459175757205547,False
2494,0.4591700662691367,False
3887,0.45913256875367936,False
2148,0.4590854152055089,False
2338,0.4590774653432369,False
6897,0.4590269674371714,False
272,0.45901117755100534,False
5586,0.45897851625216013,False
8640,0.4588956706948961,False
1388,0.45885650600251265,False
4097,0.4588180227957342,False
5271,0.4587971562298955,False
8626,0.4587095966417892,False
7220,0.45869629050794064,False
2888,0.4586635264128726,False
5209,0.4586267571819852,False
2039,0.45852577015369983,False
7167,0.45840909374490546,False
3581,0.45834980659916613,False
3347,0.4583286693189812,False
3209,0.4583159566138573,False
3917,0.4582843602743698,False
8149,0.45821626930999076,False
1917,0.4581558565625992,False
6628,0.4581525451870107,False
7567,0.45808956511300747,False
7928,0.45795212641907584,False
2536,0.45786231300641017,False
8288,0.45782785185968716,False
1511,0.45780789946586115,False
995,0.45774677836842564,False
4739,0.4577022071567602,False
3736,0.45761277242366366,False
7145,0.45759031850217463,False
1482,0.4575408206440373,False
5812,0.45751534079101536,False
8736,0.45750950070589286,False
3998,0.45737120768531203,False
6530,0.4572704682963335,False
7570,0.45726350279628436,False
6535,0.4572374208145626,False
38,0.45713183291030196,False
5731,0.4569936662457612,False
2192,0.4569263985276351,False
3179,0.45689994117892596,False
6389,0.4568997359159387,False
4789,0.4568369381350426,False
7417,0.45678706283522297,False
2188,0.4567779419995963,False
7961,0.4567008945921936,False
6257,0.45668685538636944,False
6481,0.4566248318249607,False
6965,0.4566078493710603,False
1551,0.45653121478501174,False
4271,0.45651917075476744,False
4265,0.45645935479033395,False
240,0.45644700368973684,False
5537,0.45644678866164684,False
7100,0.45644313463194025,False
396,0.4563297194279075,False
3962,0.4563059592050257,False
4208,0.4562835691949933,False
7885,0.4562431784056817,False
7607,0.45618510687200786,False
5416,0.4560860842355958,False
1220,0.45606817723435383,False
5521,0.45599923354776195,False
1148,0.4559577120518082,False
2891,0.4559552836404081,False
3587,0.45587146812793866,False
4139,0.4558548713445777,False
7,0.4558529123993076,False
1866,0.4558259405086489,False
4899,0.4557865573663255,False
8956,0.45568396789367455,False
7727,0.45557381874661834,False
1085,0.45556697372597116,False
7239,0.45554816546097726,False
1089,0.455437642721155,False
6595,0.45543570226588365,False
2868,0.4553858034763114,False
3583,0.45532287677118705,False
2639,0.45529873669385346,False
5715,0.45526383860527747,False
7182,0.4551798299319557,False
6631,0.45506692411291777,False
7678,0.455061260803825,False
8484,0.4548699930272613,False
2473,0.45479016329944943,False
2742,0.45476760686094886,False
2831,0.45470923130409713,False
6754,0.45469637848146804,False
6546,0.45466117960686653,False
8954,0.4546434845515604,False
7193,0.4546419679329157,False
5324,0.4546354648053224,False
4296,0.45453001401332116,False
373,0.45443629793547863,False
8518,0.4544098889036112,False
8661,0.45440375519636556,False
7600,0.4543556690798512,False
3604,0.45426231390969557,False
674,0.4542541123616423,False
169,0.45423827710393133,False
5260,0.4542313770540941,False
8844,0.45415234632399576,False
1849,0.4540060246347665,False
6865,0.4539572752276702,False
7530,0.45385585574703,False
4496,0.45382585397986697,False
1233,0.4537584288628299,False
775,0.45375334936430833,False
4725,0.45370382192730874,False
4575,0.4536078838486449,False
7630,0.45358204168428295,False
6433,0.453579743337107,False
5587,0.45351555937518884,False
3932,0.4534683005823136,False
1340,0.4534625584454947,False
8180,0.4534587157954261,False
4864,0.45344890537238414,False
8283,0.4534292721799068,False
3158,0.4533920665348348,False
2837,0.4533662448048383,False
7209,0.4533089144649528,False
426,0.4533054394826854,False
49,0.45323861259425763,False
7580,0.45317419069985165,False
196,0.45316042605370976,False
5610,0.45306269964232304,False
3904,0.45298513678348507,False
2929,0.4529426758289656,False
2333,0.4529177102192409,False
5801,0.4528965032710072,False
5837,0.4528347015132773,False
8067,0.45282763253955166,False
2317,0.4527964665640521,False
209,0.4527913143535221,False
7991,0.4527119038946535,False
2284,0.4526751791042304,False
947,0.45266768617488495,False
7549,0.45262767820488836,False
766,0.45262713696015344,False
281,0.4525930021418605,False
6071,0.45259174982678374,False
909,0.4525718365577329,False
5848,0.45248326015334456,False
2051,0.4524563746257249,False
3873,0.45235327006182596,False
2394,0.4523481812893577,False
1833,0.4523315728552661,False
395,0.45232018507531657,False
8578,0.4522952862976669,False
7624,0.4522931945357158,False
4775,0.4521552130405239,False
6723,0.45211437404810206,False
7962,0.45207910088650183,False
5841,0.45207042378444506,False
7626,0.4520508954469539,False
5386,0.45204649868892777,False
3099,0.45200099167648233,False
5742,0.4519905210825847,False
8865,0.45196731992022926,False
3505,0.45191777064754113,False
4010,0.45186599230940033,False
2318,0.45185351212835173,False
3032,0.4518157174353229,False
7838,0.45179415362118575,False
7557,0.45177736693752607,False
5652,0.45175599953624834,False
8158,0.4517462781022574,False
8347,0.45174535462867277,False
6183,0.4517017143028596,False
4192,0.4516953651630184,False
942,0.4516610179899538,False
4757,0.4516542357634527,False
2607,0.45161059993046226,False
1446,0.45155609119066736,False
3055,0.45152312075699785,False
5118,0.45141852358557155,False
7392,0.4513231331895311,False
6997,0.4513014247787287,False
2230,0.4512831148987101,False
3220,0.4512233831089059,False
6427,0.4511706025826462,False
8351,0.45111783271238265,False
1899,0.4511116276921738,False
5086,0.451098289244685,False
258,0.4510938737672894,False
3661,0.4510697514072613,False
5558,0.45103956774586873,False
8016,0.45100698857391014,False
4516,0.4509487550114279,False
6940,0.45087278917156304,False
492,0.4508721753955092,False
8727,0.450753172312604,False
1494,0.45072413658487337,False
1396,0.45068766280669315,False
5123,0.45066363509901264,False
2725,0.45059676938728893,False
172,0.45051151949163587,False
4920,0.4504558658139067,False
2752,0.45044917796470757,False
5034,0.45041015501163756,False
7799,0.45039488985437603,False
1028,0.45036138362123457,False
2361,0.45035428221652446,False
4562,0.4503401166165537,False
372,0.45031761653542735,False
7590,0.4502722958672255,False
2174,0.4501196158288882,False
7905,0.4500407727176756,False
3791,0.4499939663330834,False
2256,0.4499596728861554,False
2983,0.44987885041470105,False
3020,0.44987435809656023,False
4959,0.4498548712860758,False
8630,0.4498443308034392,False
4826,0.449769902916761,False
4643,0.4496170334331564,False
2151,0.44955927641063725,False
91,0.44954811747843104,False
2722,0.44949949815450646,False
5632,0.4493794617338717,False
8177,0.44935650325045323,False
2580,0.4493384049443829,False
4910,0.4493022952069011,False
8274,0.4492913081470443,False
8216,0.4492728080011163,False
8761,0.4492612428752215,False
7402,0.4492493930120351,False
1039,0.4492346021547655,False
2023,0.449195378782143,False
1999,0.4491390863206681,False
5532,0.4490062797229913,False
719,0.44899971221685187,False
8117,0.4489936636357275,False
2329,0.4489247930641955,False
1575,0.44891480345473533,False
5539,0.44889839041407575,False
4259,0.44882712023250965,False
2672,0.4487574218507915,False
5223,0.4485971128989008,False
1223,0.448590550322917,False
3274,0.44857605234109066,False
5104,0.4484975878831794,False
3326,0.448472720237546,False
6559,0.4484571704719582,False
4344,0.44842968960764057,False
588,0.4484209671999644,False
8563,0.4483123371161429,False
3437,0.44829592005579944,False
8914,0.44828982628219793,False
815,0.44808221265296944,False
3284,0.44804315543082784,False
3838,0.448036725051556,False
8957,0.44803401072297694,False
242,0.4480316250910937,False
980,0.44802618058287474,False
866,0.4478494053583206,False
1650,0.4478323109669987,False
2325,0.4478076189949616,False
5231,0.4477397074788374,False
315,0.4477311775441551,False
4665,0.44772308741761274,False
6564,0.4477110123452582,False
4794,0.44769558205937504,False
1113,0.4476287468022293,False
6514,0.4476221791226625,False
8933,0.4476217625478684,False
8295,0.4475364965522123,False
1362,0.44752379421694,False
5628,0.4474584467227732,False
5595,0.44742554512392274,False
8491,0.4474100661081894,False
2669,0.44731949919380415,False
6410,0.44728396205090926,False
2884,0.44721440701067017,False
6141,0.44714711461754386,False
8853,0.4471195575993221,False
2713,0.44711518756723057,False
2909,0.44707597203017535,False
864,0.4469987926030833,False
8784,0.44697128969929234,False
1249,0.4468772414565441,False
1166,0.44681567395701594,False
6504,0.44680374379816007,False
926,0.44677228237340627,False
5795,0.4467653781214677,False
5183,0.44669541733872625,False
2366,0.44668987021526585,False
1863,0.446688763858967,False
7153,0.4466618090459713,False
8011,0.44652879391124567,False
5007,0.44646787331328786,False
3528,0.44646119446114974,False
4598,0.44641120081780233,False
3560,0.44628147968555515,False
4772,0.4462529750360932,False
7060,0.4462501536481548,False
2289,0.44623102698079625,False
4124,0.44621814865098713,False
2468,0.4461831838665293,False
2064,0.4461806711158568,False
4550,0.44609413079947574,False
2813,0.4460604194287449,False
7491,0.44603344988210525,False
7303,0.4459996763095011,False
3929,0.44588618041057515,False
5523,0.4457972746213334,False
8864,0.44574637805241574,False
6891,0.44565429615152924,False
702,0.44560777105902727,False
6895,0.4455073303889662,False
6835,0.44547960696624544,False
2175,0.4454581505155195,False
13,0.4454297816782356,False
6898,0.445362643330057,False
5644,0.4453534599341135,False
1308,0.44534878178627957,False
8468,0.44533667143206174,False
4060,0.4452581403052602,False
3267,0.4452513082125573,False
7573,0.44517894461169527,False
5572,0.445164878948754,False
3510,0.44515130265546365,False
838,0.44514105612087,False
1838,0.44512583582859105,False
759,0.44507740507650334,False
194,0.4450480722831986,False
4338,0.4449199164682486,False
3640,0.44483168711644017,False
3323,0.4447831970742916,False
1734,0.44471973170987855,False
4632,0.444680414621656,False
1979,0.4446113651914969,False
3174,0.4445969029736177,False
8363,0.444571061934966,False
163,0.44445897781887095,False
5163,0.4442098691195353,False
6643,0.44420162531869034,False
6798,0.4442015783155866,False
3178,0.4440670037085467,False
7979,0.44404518352757133,False
7170,0.44401834168475274,False
2598,0.443988564629958,False
3813,0.4439744006402168,False
1972,0.4439007519837609,False
2927,0.44385895778650597,False
816,0.4438461827959218,False
8218,0.443823036367729,False
1374,0.4438077717694888,False
62,0.4437724912060902,False
2762,0.4437241906930315,False
6400,0.44363966209320127,False
4786,0.4436020678794297,False
5633,0.4435666534811165,False
6187,0.4435141077075152,False
7390,0.44347250707678,False
4754,0.4433698923145253,False
2812,0.4433289394517117,False
6928,0.44327664575837206,False
7981,0.44324236883931245,False
4685,0.4432315760661947,False
978,0.4431472764496917,False
4063,0.4431458922791111,False
234,0.4430830313468657,False
3494,0.44301777787395497,False
3206,0.442990164252786,False
6641,0.44298243600778325,False
953,0.44296531916100745,False
7448,0.44294530746831284,False
2630,0.4428982798893884,False
2584,0.44288523914348255,False
4305,0.4427980123973026,False
7924,0.44274814882415325,False
8806,0.44270007102451736,False
5511,0.44267719382190907,False
2240,0.4426504222279438,False
7546,0.4426075895850648,False
3628,0.44252344574291025,False
3973,0.4425062655910513,False
7992,0.44246952686530705,False
4634,0.44245950011058144,False
6233,0.44240972497408104,False
7366,0.44240503992985614,False
7441,0.4423992529094143,False
1470,0.44235324936857334,False
470,0.4422953874323933,False
265,0.4422936355270635,False
3278,0.44227181973244534,False
1910,0.4422050001614568,False
2235,0.4421206613526478,False
8767,0.44204075244027374,False
1867,0.4419865411753739,False
6640,0.44191170009042824,False
7680,0.4418774867430003,False
2862,0.44178232941342765,False
7471,0.4417347465823625,False
6904,0.4417280696656878,False
2592,0.44169890508018905,False
5850,0.4416638794720236,False
3261,0.44165889288610133,False
7634,0.4415903006601393,False
2574,0.4415729042002288,False
3856,0.44143349732821074,False
1401,0.4412603347410823,False
3294,0.44124653842929434,False
6914,0.44122813162441016,False
7661,0.441219407226544,False
1462,0.44119606218034574,False
7063,0.44115270883374647,False
6941,0.44111574125193465,False
6857,0.4411027790934034,False
6607,0.4410758119930669,False
1364,0.44100320985081465,False
7507,0.4409940376401621,False
1745,0.4409477484070848,False
3009,0.4407709922489318,False
5880,0.4407657699170989,False
6838,0.44069952400539214,False
1594,0.4405173395836991,False
5752,0.4404976049173228,False
8264,0.4404875604364207,False
8346,0.44048208051113363,False
7960,0.4404525832774086,False
4331,0.44042608075403067,False
5908,0.44040756147843085,False
7659,0.4403997566089304,False
5545,0.4403741720801626,False
4324,0.44034056907300123,False
1796,0.44027323399624135,False
8898,0.44024446202092854,False
6478,0.4402247936694025,False
4707,0.44021867615716026,False
375,0.4401260273535574,False
5376,0.440112071613204,False
2225,0.44010981125737847,False
387,0.4399686438485877,False
2619,0.43995862353294396,False
8510,0.43995050192877433,False
1237,0.43994909706364765,False
5805,0.4399321793369038,False
2200,0.43987286201913944,False
68,0.43984017881000603,False
2321,0.4396785653822424,False
3554,0.43967275408883355,False
1613,0.4396466661179782,False
1261,0.43963433283597964,False
846,0.43959407826246494,False
6874,0.43948210678973143,False
6523,0.43946039623504707,False
8600,0.4394277686141418,False
5125,0.43934510594578313,False
5844,0.4393033814932739,False
1017,0.43930122045622355,False
8414,0.4392996894334174,False
5999,0.4392743576984276,False
7347,0.43926627787727596,False
3252,0.4390901774719146,False
6445,0.43908077862864203,False
6773,0.4389736718551767,False
7582,0.43894500132392034,False
7789,0.43889004089702893,False
3788,0.4388723071913044,False
7288,0.4387970409438832,False
6653,0.4387540223083757,False
6886,0.43874511438154207,False
2843,0.4386833052706234,False
4858,0.4386454919404595,False
5729,0.4386262413378299,False
1787,0.43862507925398064,False
220,0.4385788670533944,False
6464,0.4385342240062132,False
6454,0.4385293843650605,False
1907,0.43851698952380785,False
6948,0.4384846399097596,False
7203,0.4382588391043356,False
6571,0.4381864843727123,False
6936,0.43810446991198454,False
2298,0.43808958141136056,False
6428,0.43805954847095613,False
1150,0.4380353143601413,False
710,0.4380260153350574,False
4512,0.43799527856606907,False
7312,0.43796219650142376,False
5199,0.4379015650232795,False
2352,0.4378909290809015,False
3630,0.4377722812279594,False
6670,0.4377463906128027,False
8968,0.43773591072197254,False
2375,0.43772192074443633,False
1553,0.43769143066420946,False
7509,0.4376596490594495,False
3558,0.4376261285080161,False
5026,0.43757529491164,False
6213,0.43753525585490516,False
5243,0.4375020242903269,False
5498,0.4374187753807046,False
7656,0.43738807942248376,False
2305,0.4373708387893489,False
7788,0.4373377603130521,False
2740,0.4372939405808361,False
4007,0.4372659923787541,False
4961,0.43726582330458036,False
8330,0.43725521594427896,False
6245,0.43724275634329957,False
1105,0.43718664351448877,False
1118,0.43715565900164455,False
7245,0.4371546134669098,False
4690,0.4370838726401181,False
6662,0.4370481535562025,False
1806,0.4369528310982224,False
8641,0.4368991729879763,False
4837,0.4368671359430197,False
3747,0.4368437007879501,False
3128,0.43677679061539676,False
7458,0.43656261727635165,False
7038,0.43656143040213685,False
7723,0.436543117257943,False
4362,0.43652271465956455,False
1683,0.43651414586590886,False
3975,0.4364985807542002,False
5105,0.4364660360521954,False
5932,0.4364442289170748,False
5650,0.43643857622771653,False
4365,0.4363969479554309,False
1004,0.4362973887368992,False
7669,0.4362921677151271,False
4835,0.4361881156625578,False
8312,0.43618307049635463,False
6837,0.4361826314081903,False
8417,0.4361735153022516,False
8614,0.43614469517655235,False
5446,0.4359883564999925,False
4714,0.43590463139365565,False
3909,0.435840683471804,False
6976,0.4356380855987894,False
6730,0.4355885525930375,False
2199,0.4355760236590579,False
2185,0.43556969366140275,False
7711,0.43548775803457823,False
8666,0.43537032124374625,False
5653,0.4353387956333475,False
8214,0.43525012531112695,False
8085,0.43514722755180313,False
5538,0.43504686575688584,False
3487,0.4350414864168329,False
2514,0.4349301437743594,False
8575,0.4349057513315078,False
5174,0.4348360544977652,False
8333,0.43481867516397443,False
3825,0.4347855919110207,False
6664,0.43476707340874743,False
5516,0.4347586692414648,False
3454,0.4343107948356083,False
5179,0.43425589891320837,False
8500,0.43421325446074815,False
4549,0.43420211465045594,False
2834,0.43415759455966035,False
2625,0.4340680251193249,False
4435,0.4339895248809313,False
2242,0.4339706087990092,False
4731,0.43393674507420726,False
718,0.43392926589364583,False
1429,0.4339055667206765,False
3250,0.433882781573772,False
5968,0.43386603755297853,False
227,0.43386591166314387,False
4715,0.4338308270939289,False
7329,0.4337237651530211,False
8794,0.4337131435870023,False
1758,0.43371201125374276,False
5313,0.43368703234497974,False
3575,0.4336748816781288,False
6438,0.4336702093651763,False
2102,0.43365844545930315,False
8724,0.43362826105634567,False
4537,0.43356769463456657,False
4886,0.43354050824521084,False
6604,0.43352376632396433,False
84,0.43346397529543473,False
2613,0.43340693669009805,False
4748,0.4333164040994625,False
3511,0.4332305280414108,False
4534,0.43321266306702866,False
1287,0.43320206123957095,False
5899,0.4331624234942823,False
3534,0.4329583875243361,False
6499,0.43290796082155175,False
4179,0.43287855399127045,False
5722,0.432806595026188,False
3934,0.4327911817505228,False
3744,0.43276624901473965,False
402,0.432599180397451,False
428,0.43258299837131364,False
5987,0.4324425457937436,False
8529,0.4324177244530283,False
2254,0.4323813201430583,False
7385,0.4323414346974218,False
7189,0.4323217892547461,False
3057,0.43227187451740323,False
7321,0.4322383920000614,False
8924,0.4321471805191791,False
745,0.4321377602574604,False
3799,0.432070777483888,False
4746,0.43198007731951066,False
1399,0.4319420529729853,False
8826,0.43185061159711147,False
1082,0.4318461158872237,False
8501,0.43181665802956887,False
4974,0.43179552558551765,False
6041,0.4317758008556147,False
6385,0.43166318615190497,False
1046,0.4316345729961215,False
2423,0.43158157416602944,False
5175,0.4315559464467998,False
1110,0.4314443732861871,False
6810,0.43142642793607455,False
8708,0.431353098121938,False
5648,0.43131377500494045,False
4946,0.43127092987438526,False
796,0.43117513287787224,False
1058,0.4311725740613836,False
2953,0.43114527093406685,False
7505,0.4311198496408733,False
6293,0.4310080167742616,False
3841,0.43099940799284975,False
7319,0.4309198921332994,False
6474,0.4309192913758478,False
1049,0.4308064757242834,False
6,0.43076515134847415,False
8014,0.43071799164250846,False
1887,0.430601701012451,False
7387,0.43057743472144683,False
5098,0.43050224995721115,False
3901,0.43048169010818704,False
5754,0.4304797830207653,False
2403,0.430422713224572,False
3288,0.43028663802730344,False
3247,0.4302738392491991,False
6747,0.4302448923075831,False
1325,0.43015654837787015,False
3977,0.4301521349876693,False
3378,0.4300712708682402,False
1338,0.43003838968607394,False
6661,0.43002384318603476,False
4249,0.43000030829160146,False
4278,0.4299279081172457,False
1045,0.4297419385861619,False
7587,0.42972698549886795,False
5978,0.42967282130168544,False
8340,0.4296010537914749,False
1920,0.42957697082573154,False
364,0.4294649640652533,False
7999,0.42938815559582505,False
807,0.4293366608276241,False
4070,0.429290295084147,False
7307,0.42926253454970453,False
8135,0.42925828630588736,False
8198,0.429190067087369,False
2749,0.42914497975993376,False
1689,0.4290961456423397,False
8977,0.42909362066569934,False
4654,0.42908918415134606,False
6467,0.42906781987144477,False
4371,0.4289709785445017,False
5875,0.42892201051554774,False
6468,0.4289021403414106,False
4787,0.4289021002932955,False
1059,0.4288962812110788,False
3196,0.42884178292794217,False
1707,0.42882391755231025,False
291,0.4288174449027069,False
6087,0.42874267095155216,False
6646,0.42872246054029683,False
99,0.4286884051929172,False
2114,0.42868087803617216,False
8206,0.4286576538937177,False
7499,0.4285253210021574,False
106,0.42836688951067137,False
6495,0.4283272567019553,False
4411,0.42829472768393667,False
3051,0.4282060521622991,False
2465,0.428197933642962,False
5941,0.42815222193992203,False
7248,0.4281516687347447,False
5720,0.4281345298266892,False
5358,0.42811259414085256,False
3578,0.4281046071611886,False
5083,0.4280974280261844,False
8113,0.4280585875669487,False
8378,0.4280482339636778,False
5107,0.4280250463886161,False
2640,0.42802066646138964,False
8420,0.4280191708584908,False
1124,0.4280144925928949,False
1428,0.4278241145943214,False
5384,0.42781251449189067,False
4518,0.4277871345761463,False
6860,0.4277812066857176,False
4332,0.4277405504446819,False
7403,0.4276844703448318,False
8132,0.42762686463688865,False
489,0.42761208180540855,False
5148,0.42756705590128646,False
2269,0.42753735748719873,False
7018,0.42739138082377187,False
2680,0.4272786789561876,False
4701,0.42723424758285694,False
198,0.4272232133778792,False
6037,0.4271048751097686,False
4364,0.4270949785595588,False
4708,0.4270814162997848,False
2179,0.42700967262917905,False
158,0.42700169110334474,False
651,0.42696809536624614,False
2676,0.42693427801259537,False
2452,0.4269181570162209,False
8587,0.42679176800804325,False
586,0.42663684737989027,False
3307,0.4266333357905576,False
3678,0.4265962527346278,False
6122,0.42636250999868397,False
4214,0.42631147697779914,False
5565,0.4262890043403194,False
7756,0.4262832228447498,False
4627,0.42622115462386345,False
1762,0.4261776301967966,False
8923,0.42614239146452604,False
4636,0.4261357718530038,False
7094,0.42608922556378676,False
4163,0.42593038946989625,False
4247,0.4259148849505886,False
1405,0.4258578823063285,False
8345,0.4258320415288745,False
5325,0.4257612051731536,False
3333,0.4257478489911417,False
894,0.4255265274324489,False
1403,0.42550517519178016,False
7610,0.42547138313790245,False
3524,0.4254560597565405,False
6305,0.4254427036278434,False
4103,0.42539827524110346,False
4310,0.42530652871695496,False
4255,0.425236184378771,False
6824,0.42503209542684767,False
15,0.42501158799440186,False
2898,0.42500333157717535,False
5876,0.42496688097028973,False
3017,0.4249542160962405,False
6449,0.4249447157870942,False
1620,0.42485840246541845,False
8297,0.4248131142417853,False
1564,0.4248008594281718,False
4948,0.42478519378349183,False
834,0.4246998348347712,False
3426,0.4246620420582271,False
5640,0.42465509310691607,False
7257,0.4246039732942925,False
1556,0.4245149408744835,False
6802,0.4244782229683808,False
6420,0.4244616323321279,False
2070,0.4244483859655632,False
2121,0.4244073464523631,False
8260,0.4243982049339812,False
4233,0.4242537806373621,False
8191,0.4242251011846793,False
880,0.42415082993996145,False
8896,0.42410715098024543,False
2924,0.423875231657705,False
5597,0.42385832383317984,False
6633,0.42384728722753473,False
3350,0.42375031387933065,False
3023,0.4237181089906281,False
6809,0.4237177044886334,False
5475,0.4236331329935063,False
3228,0.4235281352782354,False
5584,0.4235226664801643,False
488,0.42349824738111636,False
5612,0.4234673628270427,False
4223,0.42346722946077997,False
2926,0.42346482585618883,False
6323,0.4232526847005487,False
3424,0.42319407411639887,False
187,0.42316675925912,False
2915,0.42307439146376674,False
5616,0.4230126214464551,False
5916,0.42294355987710963,False
7313,0.42291053663475314,False
6461,0.42286675305263394,False
46,0.4227382037619751,False
560,0.42255579160407913,False
8377,0.42252658402916227,False
3851,0.4225164036729821,False
3543,0.4225154554792547,False
4869,0.42250148146334626,False
2698,0.422443585998062,False
8188,0.4224011600221521,False
5195,0.4223872016120824,False
2516,0.42235544159943544,False
3632,0.4222996654518307,False
347,0.4222968772274204,False
1510,0.4222409992388294,False
3190,0.4222089551321254,False
5210,0.4222079020032006,False
2103,0.42219296705764364,False
6446,0.42218968433504356,False
2342,0.4221326698153555,False
5871,0.42199694269370913,False
1352,0.4219925546218487,False
7255,0.42194908425108085,False
608,0.4219440124482276,False
2654,0.4219329462333606,False
5851,0.4218976734757456,False
6724,0.42188327342969634,False
683,0.4218316956890975,False
81,0.42181074420059755,False
4765,0.421806670403007,False
1373,0.4216898566076258,False
6418,0.42168308594292814,False
2005,0.4216786847784635,False
601,0.4216676485794065,False
8250,0.42164678513461123,False
1145,0.42164255699636943,False
3428,0.4215719174958102,False
1094,0.42154988026367174,False
8384,0.4215238056876803,False
4525,0.4215207101110831,False
2014,0.4215051557321417,False
7224,0.4213115477507736,False
1331,0.42117731255522045,False
5009,0.4211250410870877,False
1824,0.4211180620487108,False
7107,0.42107779082677443,False
5563,0.42106993071984966,False
7462,0.4210378932292061,False
4522,0.4209989915240477,False
3242,0.42096465114974296,False
117,0.4209419153855728,False
8648,0.42091399112406325,False
8596,0.4209002452506628,False
5580,0.4208859485307713,False
1391,0.42084636656834945,False
8696,0.420827913221289,False
6119,0.4207836001364564,False
1310,0.4207440779951954,False
5153,0.4207295870736737,False
1832,0.4206626713373435,False
7856,0.42056046093350014,False
2181,0.42046744851155493,False
8379,0.4202923428278296,False
279,0.42022180308356305,False
8991,0.42021040985867364,False
4860,0.4201960339398015,False
4158,0.42011902466324524,False
6977,0.42001686957519435,False
7790,0.41999809266857857,False
6807,0.4199163616320757,False
8002,0.4199084445620233,False
1169,0.41989492587119787,False
8134,0.4198845416313139,False
4029,0.419861389387877,False
8331,0.41984367851572657,False
2411,0.4198345261291326,False
4137,0.4197745629211224,False
5606,0.41960562017382075,False
1444,0.41949982115570117,False
1659,0.41949496350041776,False
3971,0.4194211023142164,False
552,0.4194123530178922,False
2118,0.41940802707447555,False
8639,0.419310966221259,False
3885,0.4192049694726383,False
3622,0.41910099308260806,False
2112,0.4190597504374798,False
4700,0.4189478089332405,False
6267,0.4189004875496875,False
4254,0.41877804902237675,False
87,0.41877124135387733,False
7667,0.4187396283164469,False
6103,0.4187239506250379,False
1139,0.4186962074243635,False
6513,0.4186362013354597,False
6687,0.41863169915212345,False
5126,0.4186157404778449,False
3188,0.4185814582710368,False
7140,0.4185441646435757,False
2569,0.418522850560898,False
5299,0.4183912695279366,False
7581,0.4183580826572432,False
3149,0.41829464901960806,False
464,0.4181552217924006,False
8623,0.4181525013264965,False
6512,0.4178954352885569,False
6853,0.4177546014025899,False
5156,0.4177484154997846,False
6443,0.4176917230189228,False
7832,0.4176694159036133,False
8965,0.41761529552459536,False
6930,0.41757292743250596,False
8018,0.41740785271854847,False
6403,0.41738446282871705,False
2573,0.41733203812301833,False
3513,0.41731695666239793,False
2145,0.4172316971793561,False
3714,0.41717454139771987,False
4475,0.4171577584092296,False
8237,0.41711985139665125,False
6993,0.41697493608149583,False
8092,0.41696476458306,False
7489,0.4168239709385688,False
2115,0.41655044613203773,False
5935,0.4165219513168082,False
3382,0.4165160736427805,False
8405,0.41649558304735973,False
5756,0.416478823268709,False
1309,0.4164202339687612,False
8992,0.41636023088125823,False
2775,0.41623872963165803,False
1122,0.4162371929812463,False
6192,0.4162210908817227,False
4698,0.4161359798746626,False
6549,0.41610163590555793,False
3104,0.41606286663938946,False
5886,0.41596959589925064,False
3925,0.4159376028174874,False
382,0.4159373356006465,False
6028,0.41582349540163194,False
7399,0.4157359523148819,False
3846,0.415634131546284,False
3864,0.41560545670408267,False
1142,0.41559410885030684,False
700,0.415528366345412,False
1823,0.4155161821000025,False
1845,0.4154980044332875,False
8842,0.41548313576916707,False
4285,0.41543081182181985,False
455,0.4154296119613778,False
3268,0.4153992073259133,False
7629,0.4153631432368469,False
3868,0.4152118266622368,False
6829,0.41520905183814055,False
6168,0.4151899300950389,False
4428,0.4150152270922822,False
1160,0.41498944782866737,False
6598,0.41497453475601276,False
7842,0.4149513890456094,False
3344,0.41494477110972255,False
8044,0.41489804197075075,False
5224,0.41486224043361336,False
4458,0.4147614728477947,False
2869,0.4147510517323973,False
2994,0.414553144964323,False
7872,0.41452268157170413,False
1469,0.41450279549319924,False
8827,0.41449534993258946,False
4650,0.41447209013919445,False
7954,0.4144462667703825,False
5075,0.4144396369215071,False
6690,0.4144363816116707,False
5196,0.4143952333650248,False
2964,0.41438365338909056,False
1478,0.41436885139263147,False
4583,0.41436060662942736,False
2460,0.4142334743816777,False
5562,0.41422856243040207,False
2024,0.4140866129777341,False
6220,0.4140474589413634,False
3939,0.41404406279846495,False
6520,0.41403472327052604,False
2719,0.4139879198467541,False
1574,0.41397190064024136,False
4507,0.4138711309525605,False
616,0.41366759259170666,False
5671,0.4136075223283018,False
931,0.41360185596817667,False
8805,0.4135096734034225,False
8556,0.41346014448298246,False
6218,0.41344375594766924,False
2307,0.4134010889659085,False
6473,0.41331470463531794,False
4381,0.4132794788346327,False
2475,0.41322259423846525,False
821,0.4131866525141549,False
7965,0.41317240067612365,False
5710,0.41314771597423067,False
6665,0.4131454294846361,False
3652,0.4131361951055322,False
5012,0.41313027357464555,False
8026,0.4130799141032005,False
973,0.4130544201295858,False
1795,0.4130154091933214,False
4017,0.41299430849409047,False
713,0.4128953220385274,False
3679,0.41281545829445987,False
2643,0.4127873632637826,False
7565,0.4127477906457484,False
2649,0.412724754060083,False
8978,0.41260118352828057,False
6971,0.41253258637696133,False
3660,0.41246049520143363,False
7967,0.4124537309608507,False
5436,0.4124165453700423,False
363,0.412347189418623,False
3634,0.41233706341582127,False
6253,0.4123179696115026,False
276,0.4122666782741141,False
1978,0.4121799654846815,False
5911,0.4121000037184993,False
8255,0.41206035137832714,False
6525,0.4118548935158263,False
3879,0.4117339746356833,False
3976,0.41142639235781125,False
2357,0.41140779522153015,False
7813,0.4114056540518364,False
4689,0.41108278535354065,False
625,0.4110753123807787,False
2081,0.41104330624230334,False
8985,0.41100262385839903,False
8693,0.4109761013879378,False
5923,0.41087800389905466,False
7543,0.41087563869612614,False
2622,0.4108363900997781,False
1069,0.4108006430103868,False
2913,0.41072677933612833,False
6980,0.41065614723693034,False
205,0.41052251487216584,False
565,0.4105163528575033,False
4088,0.4104417396313808,False
7857,0.41043915174501167,False
3054,0.4104387125563583,False
8631,0.4104203518720328,False
73,0.4103619355714777,False
141,0.41010468021317753,False
1244,0.4098987126004662,False
6528,0.40974102293369097,False
5996,0.40973693222502566,False
8502,0.40971094018104887,False
5519,0.4097039302006216,False
8862,0.40968925460788264,False
4482,0.4096865006237719,False
8572,0.40968076706930195,False
2295,0.4096474773058782,False
7435,0.40954623683610125,False
797,0.40946506005111116,False
6015,0.4093563911342764,False
7517,0.4093329935068115,False
7037,0.40931573737281124,False
2901,0.4092457613602068,False
8536,0.40920654442077514,False
4286,0.40912086902065575,False
2914,0.409096393640897,False
339,0.40901426667903773,False
3631,0.4089630834763027,False
2110,0.4088877264488914,False
7758,0.4088758586228626,False
3781,0.40874262865345884,False
1584,0.4086951480599512,False
2627,0.40864437590714225,False
171,0.4085836389589706,False
3816,0.40848792461140465,False
1275,0.4084611620936757,False
3322,0.4084389737176581,False
4933,0.40836431882096585,False
4853,0.4083422666713864,False
8304,0.40827900184445204,False
5323,0.4082087809894022,False
3088,0.4081892084376542,False
1985,0.4080031850824221,False
8227,0.4079777246463891,False
3922,0.4079572224257342,False
5359,0.4079319573100337,False
3036,0.4078697830982577,False
7801,0.40783197973760815,False
4311,0.40782505822862775,False
8350,0.40782054522385786,False
4040,0.4077641248018866,False
6162,0.40773693454333704,False
3754,0.40773555171356984,False
4588,0.4077259459820477,False
879,0.4077246427665978,False
7768,0.40771916673191055,False
6808,0.40761318007945185,False
5233,0.4075528759284599,False
5427,0.40746156443960113,False
1890,0.40728769415490335,False
7111,0.4072074303563388,False
3448,0.40720702190593505,False
4613,0.4070720423801306,False
2408,0.40705192960084635,False
6949,0.40702732577049483,False
5682,0.40697470285387066,False
8320,0.4069698440122792,False
8082,0.4069069976322421,False
4380,0.40686680521103524,False
5619,0.4067133017846287,False
2702,0.4066081390534516,False
3444,0.40648959826114567,False
2896,0.4064646073620827,False
4189,0.40637230251437845,False
502,0.40632931742936357,False
3058,0.40620242646027943,False
5802,0.40616149818595104,False
8829,0.4060917610522426,False
8289,0.4059825424323469,False
2561,0.4059455344427406,False
131,0.4058535838529252,False
4246,0.4057534355144874,False
6401,0.4057512679374575,False
3429,0.40562455769763395,False
506,0.4055914641465432,False
4742,0.405587809563658,False
4908,0.4055840780933556,False
6352,0.4049736545138372,False
8447,0.4049708852225544,False
5167,0.40496377127285677,False
7859,0.4049511792736245,False
2761,0.40488955287507883,False
2480,0.40487815305727426,False
5843,0.40484306277080156,False
5298,0.4048196659992324,False
2098,0.4047451272918018,False
4242,0.4047314398478643,False
5296,0.40466195523484144,False
7824,0.4045834387559506,False
8179,0.40450807600471045,False
8394,0.40447979093782044,False
6354,0.40444183269532674,False
1201,0.40442573735277715,False
2397,0.4044223655936369,False
5278,0.4043684331300996,False
496,0.4042715151781846,False
2196,0.40419168775810604,False
3301,0.40418060711089265,False
5245,0.4041600677478956,False
8953,0.4040911306567677,False
871,0.40406727309512475,False
3022,0.4040583720116584,False
3567,0.4040121109432874,False
1632,0.4040106594462101,False
4030,0.4039690874180238,False
566,0.40394629016391037,False
5316,0.40391125323547156,False
5515,0.403905247578208,False
3750,0.4039051509644258,False
6065,0.4038540374757062,False
4409,0.4038515045410859,False
8133,0.40383598309207175,False
8671,0.40378565238579667,False
66,0.40366480436860985,False
6060,0.40362775997206707,False
4996,0.40353982065505495,False
5079,0.4034780621310927,False
3692,0.4033635558033587,False
8487,0.4033454783265135,False
4895,0.4032366010433358,False
5877,0.40322159364214366,False
8799,0.40317873127688714,False
3911,0.40317281605682337,False
1844,0.40313746746403806,False
6236,0.4029993840957586,False
8903,0.40290084408095234,False
7275,0.4027052958227276,False
3978,0.4027026840680146,False
4797,0.402546480855717,False
3942,0.402478721468242,False
3725,0.402433414104751,False
2690,0.4023332783865861,False
4185,0.40232202723808796,False
8517,0.4022875509719129,False
7059,0.4022746376809283,False
2300,0.4022639440050777,False
7946,0.40220599005236796,False
2844,0.40216600877609465,False
6510,0.4021108808890333,False
4502,0.40192187105805727,False
8375,0.40175534443397704,False
7712,0.4016515116883859,False
1425,0.4014726807015552,False
5704,0.40144771366440335,False
1748,0.4013756945814106,False
4076,0.4012763609779703,False
3807,0.4011858704425643,False
6794,0.40117910055673095,False
1072,0.4009891357484001,False
1086,0.40092698874708704,False
4647,0.4008619281980954,False
3349,0.40083941597525974,False
7688,0.4007718422563153,False
2674,0.4007713106467142,False
7128,0.40075920448120295,False
6547,0.4007343504612533,False
329,0.40072726631079125,False
6862,0.4006268409315642,False
3720,0.4005197397809118,False
495,0.4003575197179828,False
4075,0.4002804306038894,False
1942,0.4002735683165673,False
4257,0.4002227028145076,False
424,0.4001971103627023,False
6206,0.40019428464037604,False
4625,0.4000696931641655,False
1005,0.40006617014618795,False
344,0.39997810788005334,False
8926,0.39974366727662436,False
6932,0.39971708415994656,False
145,0.39970855243463393,False
6888,0.39970492668860796,False
5139,0.3997030828827697,False
8684,0.3996062501291142,False
2130,0.39954123715034373,False
5445,0.3995252562864352,False
6893,0.3995026252692283,False
2665,0.39949582867109334,False
4226,0.39948426586053115,False
414,0.39940503340375016,False
7383,0.3993519903310285,False
1885,0.3993321318855353,False
6826,0.39901596890672675,False
4047,0.398944077939797,False
6639,0.3989061138845948,False
8757,0.3989029970261246,False
6776,0.3988261180693108,False
1596,0.3987867231426384,False
7709,0.39873237763497393,False
1014,0.39868793686065346,False
288,0.39859198642293187,False
4592,0.3985519729341923,False
5505,0.39837391936978117,False
6634,0.3983405247548992,False
3160,0.398324318378013,False
2604,0.39828234189737466,False
945,0.3982562042571171,False
2637,0.3982173248497778,False
5928,0.3980941714248839,False
7050,0.398061502123341,False
8828,0.3980215883741349,False
3137,0.3979707094428353,False
3802,0.39793932338178045,False
3155,0.39793785344280447,False
7516,0.39783461677634524,False
2682,0.39768387256685733,False
6916,0.39762661057366877,False
3854,0.39757710495360354,False
4576,0.3973948759410172,False
5365,0.3973528982429359,False
6579,0.3973155619423765,False
853,0.39723017572833685,False
8091,0.397214341311126,False
5585,0.39720307470455696,False
5248,0.3971171214489366,False
2444,0.39704943934138165,False
7488,0.3970386899244689,False
7940,0.39695218504447166,False
2458,0.39693936296521776,False
3445,0.39688043765071174,False
8314,0.3967998620342456,False
6611,0.39672866387269184,False
7120,0.39667003254553945,False
2539,0.39664613487483136,False
6121,0.3966182844112862,False
3734,0.39657593160785,False
4111,0.39653331753785315,False
2311,0.3964042273158341,False
4597,0.39638587697677863,False
2339,0.39631238103214755,False
5777,0.3963057792215525,False
2076,0.39628402300132687,False
7045,0.396218500670742,False
176,0.3961808134934608,False
115,0.3961696812018889,False
4623,0.3960321929035986,False
8058,0.3959736324314187,False
7355,0.39589297560103537,False
5321,0.3958483955616527,False
3283,0.3956825253702829,False
1672,0.3956198180824453,False
6770,0.3956125889925413,False
6175,0.39559078584965585,False
6615,0.3954894880341988,False
3162,0.39544699370851455,False
676,0.39534225374629367,False
3383,0.39527530327631544,False
720,0.39524318554121185,False
6224,0.3952278294313859,False
1839,0.3951799743349526,False
4392,0.39504072606379376,False
4218,0.3950036336009534,False
3436,0.39493083562447384,False
4443,0.39492288243426543,False
6588,0.39484834695639304,False
717,0.3947533162312536,False
6173,0.39470576844839406,False
4436,0.39466455924463856,False
575,0.3946586809256499,False
5251,0.3945971092944423,False
753,0.39457118578455624,False
4402,0.39453184416845277,False
3440,0.3944803019494162,False
8305,0.39446577180183473,False
5698,0.39438034309375886,False
7267,0.3943050115179501,False
5822,0.39420419089997516,False
6901,0.39417012047031075,False
259,0.3941543753143256,False
3910,0.39414274760356505,False
2448,0.39412638880121187,False
4960,0.39403173474162495,False
2529,0.39387159146833617,False
1158,0.3938518504096156,False
2232,0.3938082682363376,False
8522,0.39379637528537037,False
6411,0.39372401013609776,False
6772,0.39371486562040564,False
436,0.39370702341571995,False
1678,0.39354021885058865,False
536,0.39352169766449663,False
2341,0.393493269346333,False
8497,0.3934800924445315,False
2944,0.39341926961020074,False
3289,0.39340884988885966,False
2210,0.39321581951417794,False
1735,0.3931907132919667,False
893,0.3931526286397957,False
3900,0.3930917964625076,False
7281,0.3930172688949566,False
1293,0.39299634120133536,False
5403,0.3928748346259005,False
3075,0.39279038736459165,False
2205,0.3927162654142259,False
7110,0.3925535897356422,False
5622,0.3924754857104274,False
1578,0.3924011351428009,False
5874,0.3923875426824013,False
857,0.3923746680296249,False
2778,0.39230057955195824,False
3438,0.392270019447179,False
3366,0.39226422322135646,False
6370,0.3921926429944566,False
5485,0.3920998008445835,False
3329,0.3920750725299617,False
8635,0.3920490525010108,False
859,0.39177901914052515,False
6125,0.3916107552719148,False
2086,0.3916001125621019,False
2757,0.3914916148040592,False
6695,0.3914639132946404,False
8604,0.3914256191485151,False
2029,0.3913914084383915,False
3913,0.39131494617641827,False
2693,0.3912816211331986,False
4883,0.3911953437802087,False
412,0.3911423387368209,False
7056,0.39106723323149783,False
8570,0.3909517604611832,False
6105,0.39094163401619514,False
895,0.39068522754040386,False
1775,0.3904784798586964,False
3626,0.3904730188911092,False
2943,0.3904255592370833,False
7374,0.39040911513215326,False
4881,0.39037051891704483,False
1018,0.3903604148906191,False
5108,0.3903584112644908,False
7584,0.390353740082531,False
3100,0.3903526416424414,False
1258,0.3903148001947245,False
4586,0.3902964487111787,False
334,0.3902244496762284,False
6204,0.3901986921671734,False
3405,0.3900936049901456,False
8284,0.39008564347842106,False
3336,0.3900680381105585,False
3477,0.3900358752665766,False
2981,0.39000489524929133,False
6423,0.3900020761133386,False
2004,0.3899939599093391,False
4668,0.38997472637153735,False
3893,0.38994593430402885,False
6539,0.389929661528291,False
6558,0.3898654129000321,False
6534,0.38981523563399373,False
891,0.3897846097361281,False
3110,0.3896230206092482,False
5205,0.3895392415942755,False
2132,0.3895001196386145,False
4988,0.3894128252096337,False
5526,0.38934115314986323,False
8544,0.3893160108782897,False
7783,0.38918656322004797,False
5820,0.3890568162570201,False
4527,0.38891952551550635,False
8589,0.38888873704190363,False
861,0.3888243182703475,False
2304,0.388823825140079,False
5855,0.38881136773771935,False
3765,0.38880949205113974,False
6278,0.3887685485943455,False
2390,0.3886825685309116,False
6885,0.38862099835217123,False
4621,0.38854332641099226,False
852,0.3885134013769353,False
3983,0.3885039457131339,False
1211,0.38849403278555666,False
1668,0.38844407260516595,False
2362,0.38840379276403625,False
5303,0.38828612569875876,False
5527,0.38827454808035206,False
6503,0.3882455617466021,False
4348,0.3881662317179608,False
3810,0.38815830027129483,False
8399,0.3881526602534433,False
7794,0.3880885303135626,False
811,0.38801827164405245,False
7315,0.3880116619321693,False
7562,0.3879894914887776,False
297,0.3879290088498346,False
6292,0.38791921567403187,False
6000,0.3879150307168544,False
8755,0.38789893680107096,False
4810,0.38783515511282163,False
7538,0.3877376932584319,False
4028,0.38771507987410947,False
7990,0.3877029147702232,False
6934,0.3876640683679497,False
8108,0.38762685765823335,False
1504,0.38761287440047143,False
4983,0.3875962841693184,False
5131,0.38748073569166525,False
3863,0.38736993214355764,False
6984,0.3873425407411053,False
2671,0.3873111058486245,False
3455,0.38730894364202284,False
2259,0.3871573370393148,False
5405,0.3871417119383585,False
7532,0.38700780618585084,False
4144,0.3869895758200125,False
1676,0.3869103272661354,False
7797,0.38681181055500663,False
5591,0.3866950023723193,False
1767,0.3866583757849175,False
5549,0.38665762359035694,False
1904,0.3866515995748361,False
8711,0.38646065658846074,False
7520,0.38645352827364926,False
1313,0.3863719976143473,False
4379,0.38636756594437727,False
5293,0.38627993782519593,False
2667,0.38619750373225775,False
4316,0.38617870188952896,False
3483,0.38610609938221535,False
5773,0.38587004377922746,False
2398,0.3857889846734441,False
7938,0.385764926979229,False
6682,0.3857595569699718,False
0,0.3857588934036357,False
116,0.385757502335479,False
4756,0.3857445654481014,False
7973,0.3855867313441025,False
8916,0.38558124430867063,False
3777,0.3855624275256754,False
5300,0.38551305362909344,False
2343,0.3854319954733864,False
3653,0.3853656095085906,False
7125,0.38531866186374863,False
8504,0.38530410306461554,False
1582,0.38529770616663056,False
3146,0.38521427542633224,False
2072,0.38500363727635284,False
4426,0.38489298987163967,False
4052,0.3847469119599047,False
966,0.3846727104618677,False
4129,0.38467192271512335,False
1837,0.3846398281494702,False
1701,0.38463690324390437,False
4170,0.38462403156722563,False
3369,0.38456297598632105,False
1752,0.38439512333414555,False
5721,0.38433481770233974,False
7427,0.3842977103521531,False
1674,0.3841647396037681,False
1791,0.38410108635171586,False
58,0.38394485122390204,False
6868,0.3839290803808609,False
5638,0.38390422565085297,False
8769,0.38366231654433186,False
2015,0.3836231436319709,False
379,0.383507831532712,False
6760,0.383429860461345,False
4857,0.3834074557094822,False
8495,0.38321569889925594,False
4547,0.3830256365139559,False
1279,0.38297442464454823,False
8069,0.3829008192157981,False
8290,0.38287908106995927,False
5564,0.3827647441713305,False
7148,0.3827371821039974,False
6879,0.3827333162795639,False
6023,0.3827245794140077,False
1267,0.3826401137968744,False
6382,0.3826317088451505,False
3598,0.38250528796915173,False
2281,0.3824936486251495,False
1001,0.3824705195002079,False
6603,0.3823783463599004,False
7086,0.38220759365031565,False
4617,0.3821695742754713,False
8473,0.3820890339512882,False
6489,0.3820444774560932,False
6913,0.3820172542520546,False
1111,0.381957957729017,False
5215,0.3819361725303736,False
6321,0.3818571923994408,False
6766,0.3817825851881948,False
890,0.38177359291049034,False
3282,0.38164022937312764,False
5559,0.3815894230224178,False
6782,0.38157872594814696,False
1508,0.38154660694123793,False
5761,0.3813478701557156,False
1675,0.38131011067716564,False
4142,0.3811927284323459,False
6576,0.3811316825952455,False
1055,0.38112954280651967,False
8722,0.38105768964795167,False
4752,0.38097421157060035,False
178,0.38093128101158547,False
2156,0.38091165946968814,False
6791,0.38084717360692844,False
4814,0.3808209006259908,False
537,0.3808161002418939,False
8225,0.38079725610698667,False
5235,0.38077439554085785,False
4696,0.38074105814704057,False
4610,0.38068309496579056,False
7238,0.3806129198154761,False
2252,0.3804616271186941,False
4427,0.3804568738122642,False
5352,0.3804238264496361,False
6154,0.38040141283525286,False
4721,0.38023294974080957,False
5966,0.3801522524029437,False
7632,0.37993486589221404,False
7227,0.3799104039294243,False
1595,0.3798964223465653,False
8520,0.3797513953996869,False
4423,0.37966377617634456,False
4087,0.3796195241980488,False
1665,0.3796002698848517,False
5982,0.37958783481833264,False
2849,0.3795259171343199,False
3273,0.3794781335731416,False
6881,0.3793205366169998,False
472,0.37920504720964554,False
2071,0.37912731519772563,False
1126,0.3790158571755009,False
8734,0.3788649584279443,False
5798,0.3787483076836938,False
2197,0.37863061238087975,False
7766,0.3785704685809086,False
950,0.3785433066031181,False
3141,0.37851211283777647,False
4861,0.3785049179263313,False
6075,0.37827027334504715,False
6070,0.3782683005646673,False
5447,0.37820778922473375,False
123,0.3781550096690819,False
1356,0.37809723792160155,False
6298,0.3780449476840118,False
525,0.3780019337458972,False
809,0.3779764673687446,False
6821,0.3779737985477002,False
4501,0.37795332972826085,False
1386,0.3779487580894411,False
8474,0.3779267645546241,False
6594,0.3779129556504004,False
4267,0.37788836497861134,False
249,0.3778616903844374,False
3988,0.3777685965004652,False
370,0.3776811018744714,False
595,0.37759227306681376,False
8787,0.377549067110907,False
3960,0.3774024503290242,False
7229,0.3773858726358509,False
7706,0.3772655418591766,False
7027,0.37713860476554445,False
3248,0.37704592838600565,False
7535,0.3770011549342685,False
1250,0.3769893934751437,False
5541,0.3768880869727968,False
6731,0.37688612826073603,False
6107,0.3768622040469997,False
6325,0.37683602390981485,False
5258,0.3768200069723416,False
1034,0.3766738649307919,False
215,0.37655247431619143,False
4677,0.3764272352013638,False
7806,0.3763201365680444,False
8904,0.37627809169589405,False
6859,0.3762668235162857,False
4104,0.3762202058462983,False
3643,0.3761961629806238,False
6395,0.3761834268457694,False
7200,0.37607543856260917,False
3290,0.3760178061485795,False
8655,0.3760094983105338,False
855,0.3759788120773524,False
2285,0.3759405992740865,False
323,0.3758653619548434,False
3888,0.3755784523585738,False
6143,0.3755094932125649,False
7900,0.3753107136612766,False
8202,0.37520765042145887,False
4044,0.3751923810801334,False
4143,0.3751849859349741,False
8212,0.37505651756195046,False
5281,0.3749999749892479,False
5969,0.37496774195667476,False
312,0.3748328018576321,False
2531,0.37480950004853736,False
7033,0.3747867805356267,False
3472,0.37450684601680695,False
1302,0.3743969493236592,False
3345,0.37425556315901853,False
563,0.3741451813447092,False
5247,0.3741278634435417,False
4783,0.37411568864553285,False
8116,0.37411540961741013,False
6710,0.3740132763471644,False
5643,0.37400560383832837,False
7674,0.37397770922263746,False
4069,0.3739141909497794,False
367,0.37388701173496064,False
3231,0.37387276604821557,False
4844,0.3738526677759807,False
7851,0.37366173134922476,False
7328,0.3735937627734559,False
5663,0.37332270702892456,False
1219,0.37331727203368026,False
6876,0.3732749178938831,False
5343,0.3732487568274705,False
2545,0.3732226131649865,False
7430,0.37314969293421657,False
3154,0.3730869974908587,False
4649,0.37274824805092477,False
1864,0.37271183721345963,False
1346,0.37270724269992367,False
108,0.37266793179838864,False
6955,0.37264301904071434,False
6264,0.37263578704891986,False
8643,0.3726345881163906,False
8077,0.37253413285976456,False
7481,0.3724841571403938,False
1187,0.3724122180709066,False
8936,0.3723576071901927,False
2387,0.3723479252774368,False
5136,0.3723342069647231,False
3124,0.37232393295533583,False
1912,0.3723189791746994,False
2804,0.3723051130043107,False
7082,0.3721727583626464,False
2239,0.3721686227258021,False
7271,0.37206782396480154,False
3270,0.37205205109336237,False
4051,0.3719491084864045,False
4165,0.37193601425588196,False
8547,0.37191928782424954,False
3941,0.3718853002573309,False
2008,0.37180487142376967,False
264,0.3717967873866429,False
2830,0.37178348229750624,False
858,0.3717621748465241,False
6969,0.37170612103095246,False
3599,0.3716113646075348,False
1474,0.3715534640862225,False
8591,0.37152042862952445,False
1135,0.37139590439567094,False
6732,0.37133969858507104,False
4261,0.37133169916502884,False
133,0.37120397301613994,False
210,0.3712032513961504,False
3625,0.3711653117237042,False
6831,0.3711074634290509,False
5292,0.3710574972352487,False
6011,0.3709457854815466,False
8276,0.3709419729857149,False
5138,0.3709324499881394,False
137,0.3708703260406362,False
6128,0.3708694515070613,False
5974,0.37081865067127856,False
3555,0.3707593232683199,False
6992,0.3706007719590839,False
903,0.3705960591286626,False
4606,0.37056495831315134,False
1883,0.37053223610760977,False
2875,0.37053101158180574,False
4198,0.37052986292112294,False
8209,0.3705122721523432,False
2441,0.370511865029237,False
5289,0.37051135687459114,False
4096,0.3702968445496112,False
354,0.3701234716662848,False
5834,0.3700359067602599,False
6281,0.3700306434149471,False
8024,0.36989992394925875,False
2415,0.36988399920471526,False
2459,0.3698173585107058,False
7035,0.36980948701125615,False
4193,0.3697966387278121,False
1050,0.36977673224322705,False
8332,0.3697244818315759,False
6375,0.3696401598516758,False
5859,0.36958972763978365,False
6277,0.36953856043718425,False
7077,0.36932319885640774,False
5887,0.3692359935026798,False
885,0.3692257602335919,False
6775,0.3691900525862707,False
2204,0.36917220626068564,False
4369,0.3691579198756646,False
6715,0.3690995187912263,False
6493,0.36886176516649655,False
6600,0.36880129600737716,False
5797,0.3687566588476256,False
69,0.36872295083841794,False
8679,0.3687142208786321,False
887,0.3686768944301087,False
7344,0.36845380154919605,False
2549,0.3684426493590595,False
1281,0.36836580366819743,False
8342,0.3682474392433453,False
1800,0.36824015506761476,False
6573,0.36816984357642946,False
2816,0.3680433192496933,False
5165,0.36798333110773984,False
6580,0.36787178383513985,False
1693,0.36758464267413943,False
7195,0.3674015816015949,False
2578,0.3673201575749752,False
6742,0.36724983093808383,False
100,0.3672421436114863,False
7370,0.3670804617881698,False
4608,0.3670759657274839,False
8813,0.3669554283640924,False
5236,0.3668835362302031,False
5707,0.3667833473914896,False
3467,0.3667160640491414,False
1621,0.36647280700271173,False
21,0.3664306512983321,False
7765,0.3663875337790311,False
3123,0.36625485948886444,False
3408,0.36621057394921835,False
1770,0.366202240372739,False
7776,0.3661820039278651,False
8358,0.3661520634443219,False
4339,0.36611854791109644,False
5958,0.3661102806939836,False
5791,0.36601739985843895,False
6249,0.36597785779744874,False
4395,0.365749213552458,False
6137,0.36574336631842513,False
4090,0.36571487573697625,False
6194,0.3655654255540676,False
827,0.3655613839594027,False
3667,0.3654416098657724,False
4815,0.36540191633873786,False
5971,0.365396459540664,False
576,0.3653123956126883,False
7677,0.36527295425148626,False
2377,0.3652414396112543,False
5259,0.3651389184907682,False
7644,0.36512121761341454,False
800,0.3650535879077254,False
3795,0.3649637519099217,False
7777,0.3649215245885219,False
1236,0.3649135504973871,False
4043,0.36486979647658163,False
2275,0.3648153424687542,False
1131,0.36456159879870076,False
4897,0.36450870227026233,False
3266,0.3644986964716729,False
8820,0.3643123807716085,False
7112,0.3643085169902967,False
5194,0.3642290697857707,False
3933,0.3641472687416851,False
1927,0.3641362644980944,False
8856,0.36410817929319916,False
1173,0.364050876532556,False
2438,0.3640218410387071,False
8048,0.36398800282374894,False
3672,0.36395197720853956,False
2266,0.36393316771509654,False
8950,0.36379406440888234,False
7490,0.36374055258427324,False
3419,0.36365638095556785,False
3719,0.36352906403405805,False
6722,0.3634875914603797,False
5162,0.36345339878321753,False
6767,0.36343808244822295,False
4448,0.3634229341664294,False
1848,0.36340113248438644,False
7053,0.36335442100509885,False
5317,0.36324143886910076,False
1591,0.3631916042999743,False
6314,0.3631665477880657,False
1033,0.363130476488939,False
1626,0.3630753306727449,False
3620,0.363022976803716,False
359,0.36288359267353987,False
3002,0.36276935948447575,False
8532,0.36274251107937655,False
1662,0.36272741213930054,False
5382,0.3626918524418718,False
8790,0.362616027719556,False
1522,0.36261165797300066,False
8628,0.36260090144646034,False
2276,0.36251562745657984,False
7902,0.3623779776304831,False
369,0.3622639948957678,False
8650,0.36222723991697703,False
3423,0.3621707810470448,False
4683,0.3621705855331572,False
3996,0.36195508951336447,False
3775,0.361925561913601,False
7497,0.3618802892833016,False
5088,0.36185477607319155,False
471,0.3618424551430545,False
7210,0.36168170979190617,False
8369,0.36157850157535326,False
6583,0.3615525032480462,False
2150,0.3615318089783029,False
1260,0.36148552589788463,False
4939,0.361485172905805,False
277,0.36143072874099946,False
6855,0.36140115506687426,False
1950,0.36140064914103237,False
7177,0.36136693208518605,False
3096,0.36131469074158584,False
2897,0.36114831376069423,False
4382,0.36112905370440695,False
2006,0.3611242292224091,False
6251,0.36102890693085954,False
5714,0.3609786257628316,False
3745,0.36090535919270783,False
4121,0.3608595335438931,False
8030,0.36084007568548043,False
7277,0.36083864412622224,False
7969,0.36075423911537896,False
1969,0.3606846799859604,False
2534,0.3606724734393393,False
988,0.36062841113088434,False
5961,0.36058287960347396,False
3159,0.36043712085461166,False
2826,0.36037721312716614,False
1495,0.360342622862804,False
8791,0.3602842959114578,False
8509,0.35997345551660026,False
442,0.35987597380694447,False
3786,0.3598633817403365,False
1353,0.35982820199641835,False
3889,0.35976115853698476,False
545,0.35975405594829984,False
8431,0.35954510572354187,False
6345,0.35953120605563205,False
6929,0.3594405930604251,False
287,0.35943526608711796,False
2095,0.35938136240118834,False
7721,0.3593376132208513,False
4033,0.35932233698001803,False
4295,0.35917942264605246,False
6366,0.35917548994420656,False
2222,0.3591391064009007,False
6872,0.3591231968254577,False
7362,0.3591231012596733,False
2764,0.35910923585648974,False
2066,0.3590944863650958,False
6317,0.3590856424946227,False
6471,0.3590491718318975,False
8900,0.35900052028523133,False
7020,0.35898337401403674,False
7847,0.3589782904824355,False
4639,0.35894169542486215,False
4812,0.358845745760275,False
4093,0.3585799789628717,False
1062,0.35856463300254166,False
8521,0.3585158085018636,False
5574,0.3585086178532507,False
6470,0.3584431428453913,False
4818,0.35841510239383323,False
8403,0.3583101350066059,False
4619,0.35822766039223486,False
4888,0.35817493648136456,False
7354,0.35816737185115805,False
8465,0.35811798477163886,False
938,0.3580648107189184,False
2743,0.35799251478495026,False
8974,0.35796030052027783,False
1856,0.3578602002309169,False
4599,0.35780339966058966,False
6676,0.3577962224479875,False
1195,0.35759497741629626,False
180,0.35758028594386887,False
3547,0.3575546358679773,False
2440,0.35747127366975057,False
2781,0.3574517356611786,False
1248,0.3573764568129796,False
4499,0.35725655058384104,False
8503,0.3571315914231055,False
8438,0.357129311237841,False
1750,0.3570578301238467,False
7070,0.35701669031705846,False
153,0.356972323093352,False
7553,0.3569205050622274,False
7282,0.3568963260352978,False
1491,0.3567877167317725,False
741,0.35672498939780684,False
7818,0.35671140232883414,False
4146,0.3567096883378897,False
5764,0.35670523780872476,False
6806,0.3566781624494053,False
2227,0.3566347638869883,False
8528,0.35656480601276824,False
8706,0.35654050087248834,False
4442,0.3565117267801395,False
1370,0.3564285443992364,False
975,0.35637453941874514,False
3821,0.35632266203133534,False
8653,0.35626892684615064,False
5336,0.3561871348029428,False
4624,0.3561779926588433,False
3300,0.35602194912255153,False
2533,0.3559517767367477,False
787,0.355944555479483,False
1566,0.3559284265949774,False
5641,0.35589469769820525,False
1453,0.35582985925694416,False
2789,0.35565457439270975,False
314,0.35564993873529493,False
2369,0.3556269845152124,False
1171,0.35553638316471337,False
1557,0.3555214983820053,False
8758,0.3553427759938299,False
875,0.35533763968859194,False
8997,0.3553091453516763,False
6820,0.35528596586314043,False
1704,0.35525901956024614,False
6404,0.3552185107172889,False
8023,0.3551805608320653,False
3753,0.35517256654486684,False
124,0.35515785862393806,False
2808,0.35513373231951695,False
4019,0.3550091740448077,False
2488,0.3549755501851292,False
6799,0.35494018513883474,False
7498,0.3548911332367687,False
1108,0.3548719272543789,False
6663,0.35482154633674845,False
4830,0.354767935010635,False
653,0.35458600470999846,False
3715,0.3544741656442614,False
5198,0.35434390701043356,False
4425,0.3541937540866469,False
8972,0.35416426721497635,False
353,0.354158397491172,False
1404,0.3539401447304236,False
8208,0.3538588727962569,False
6509,0.3538259024494028,False
1234,0.3536919103525537,False
301,0.3536166158572974,False
268,0.35351906855006293,False
8130,0.35348223437083426,False
8482,0.3533652425065911,False
7400,0.35335900101641976,False
7474,0.3533185694610388,False
5783,0.35320727706796007,False
7725,0.35317311922799643,False
2827,0.353159402821434,False
6318,0.3530092707203006,False
2951,0.35300728350150495,False
3473,0.3529264533629787,False
7943,0.35286978390757723,False
4018,0.35281201876587986,False
5435,0.35273254606785553,False
7696,0.35258771506009257,False
3291,0.352583435864532,False
6536,0.3525507803787784,False
4574,0.35252271449790346,False
8439,0.35242218116240204,False
2966,0.3524175298654998,False
7092,0.35241419022490333,False
1282,0.3524088136227952,False
3995,0.3523925111953778,False
6511,0.3522385444722566,False
3869,0.3521634979435388,False
3169,0.3520825292578755,False
960,0.35206685381430736,False
298,0.35206549673266513,False
1710,0.3519982982028105,False
6866,0.3519757400038124,False
8899,0.35194051671251286,False
4463,0.3518834603513384,False
1284,0.3518822425701859,False
2173,0.35155919261734286,False
8412,0.3515557091035573,False
4907,0.351271542245356,False
3845,0.35126458225046253,False
2359,0.3511487036402266,False
4378,0.3510809596080559,False
8367,0.35107823365973767,False
4480,0.35099637588079957,False
2975,0.35087913190306774,False
2274,0.3508662092312978,False
4447,0.350812630541627,False
4494,0.3507526193598816,False
8800,0.3506115990993729,False
225,0.35055615501770415,False
686,0.3505445467728694,False
4281,0.35051960908272706,False
1011,0.3504625717863721,False
2947,0.35038397368896634,False
2319,0.3503425990955842,False
2428,0.35032367316317864,False
43,0.35022002355049386,False
2164,0.3501363756580916,False
3822,0.35012119506113754,False
8797,0.35009459600179266,False
3512,0.35005412436514427,False
6861,0.35001637682719644,False
4530,0.34997499054761494,False
5442,0.3499488173974643,False
6110,0.34994761049406486,False
1728,0.34990591644041236,False
6673,0.3498770730962835,False
275,0.3498322385514979,False
5743,0.3497691787899331,False
2260,0.34974810150321284,False
6908,0.34971921212345475,False
6817,0.3496976305295721,False
1559,0.3496854814185916,False
6627,0.3495757291292769,False
1933,0.34949790840455686,False
1546,0.34945126153423145,False
7585,0.3494475733521906,False
510,0.34932175278007876,False
946,0.34930572722201514,False
898,0.3492349202278684,False
7437,0.3491787204082826,False
1231,0.3490598492445525,False
7714,0.34904645567761855,False
2082,0.3490282607630254,False
7072,0.3489539895464258,False
6918,0.34891482337605034,False
8186,0.34889801084684735,False
3743,0.348809716260106,False
3862,0.3487832214582759,False
2770,0.3487002184288671,False
515,0.3485232189068715,False
8852,0.34844904404695964,False
1526,0.34830700107325924,False
6996,0.3482633481194999,False
4141,0.3482318947972165,False
2426,0.34822469042631565,False
193,0.3481781321795553,False
3568,0.3481735175536312,False
7715,0.3481730944396447,False
2323,0.348109924376085,False
1433,0.34798014578347847,False
4399,0.34795764434078447,False
7588,0.34774961501293683,False
4026,0.34759209002928665,False
67,0.3475625337759958,False
2864,0.3474970929194891,False
6072,0.34749562637803155,False
2337,0.3474498687048394,False
6012,0.34744916898237704,False
7266,0.34742209325999807,False
6748,0.3473858122674731,False
2759,0.3473829019273264,False
139,0.34732357014996457,False
3697,0.3472818430744701,False
4232,0.3471172657197096,False
916,0.34711622001211245,False
1639,0.34710526449176377,False
497,0.346987927350221,False
2526,0.3469148349535028,False
1243,0.34686598850786515,False
8094,0.34680438027734567,False
207,0.34676738153772746,False
8543,0.34672153985864335,False
8837,0.3466585456371599,False
4894,0.3466211679782068,False
4605,0.34656542760843606,False
1222,0.3465243629788801,False
1768,0.3465038173265451,False
5730,0.3464118301881051,False
2189,0.346401012953555,False
4204,0.3463010457073562,False
7295,0.34630061078558333,False
1297,0.34625745873558794,False
8612,0.34624826769466044,False
941,0.34622593876793983,False
3940,0.34622255161922166,False
7909,0.34612420288692497,False
1066,0.3460790465062258,False
4474,0.34607116717457065,False
790,0.3460290538124294,False
3479,0.3460125439918419,False
7439,0.34601126431021695,False
1048,0.34595786971101283,False
2920,0.34583808097320506,False
4161,0.34579466282080057,False
335,0.34576926038042194,False
6289,0.3456060616101573,False
8922,0.34555117403534696,False
7256,0.3455411747395994,False
7369,0.34552826837177264,False
83,0.34548530492934515,False
4303,0.3454105508845399,False
2673,0.34538248709379377,False
7413,0.3453491989658861,False
2828,0.34534332875866164,False
3052,0.345337118381311,False
175,0.34514997137711134,False
1850,0.3451397354860128,False
6013,0.345130957970269,False
4439,0.34504278839206914,False
1407,0.34500793922700307,False
327,0.34498314366606647,False
7891,0.3449175207483627,False
499,0.3447819843759394,False
7775,0.3447346440577933,False
1601,0.3446184103102455,False
5895,0.3445895078434203,False
6414,0.344530712515444,False
7921,0.3445266516722509,False
6242,0.3444646399486724,False
1291,0.3444635668595599,False
4641,0.3443843354777069,False
2177,0.3443758434026724,False
7163,0.3443021545656782,False
631,0.34407685065209936,False
4337,0.34403017593919216,False
39,0.3439617739003121,False
5907,0.34389031453369623,False
3265,0.3438554114496099,False
8084,0.34382660167862505,False
1840,0.3437968457598196,False
7792,0.34377953050886445,False
6506,0.3437566394624881,False
6758,0.3437516132526447,False
4117,0.34365940085334146,False
833,0.34363781064103455,False
6777,0.3434940822865482,False
230,0.3434593177103678,False
8404,0.34345154252957477,False
8637,0.3434136416983418,False
1514,0.3433899078378757,False
7041,0.343288893668575,False
2766,0.3431781358092241,False
8728,0.3431573567786903,False
1778,0.34311082503366375,False
818,0.3430992953534071,False
6551,0.34304392727586097,False
7746,0.34303314346589064,False
8582,0.34302874252944476,False
349,0.3430095068468409,False
6369,0.3429767367013558,False
1088,0.3429696422487802,False
8252,0.34292073481090124,False
2140,0.34290074697718026,False
2149,0.34287614486553736,False
8569,0.34273544861397387,False
128,0.3427032186067033,False
8762,0.3426687325666537,False
2183,0.3426180630570897,False
5495,0.3425295253569428,False
4184,0.34241860391909085,False
5882,0.34239463690231897,False
7258,0.34229714839892234,False
8930,0.342244647826553,False
2724,0.3422409955976273,False
7044,0.3421743739854249,False
7945,0.34211459214946577,False
4132,0.34203934887613024,False
1606,0.3419945495682888,False
6100,0.341981471028116,False
7563,0.34197626850572743,False
5059,0.3419020295400216,False
7970,0.3418514627496621,False
3296,0.341846097679251,False
1803,0.3417549103390735,False
7662,0.3413563969200871,False
3153,0.34125017554820847,False
2348,0.3411598748571381,False
6593,0.3411505849745512,False
7882,0.34113370820866523,False
454,0.3410526483581822,False
25,0.3410362936529389,False
514,0.34099119317163257,False
8846,0.34062565398964567,False
283,0.34054274536541373,False
6896,0.340382946236147,False
8406,0.34024727016062095,False
2347,0.3401383356112686,False
2158,0.3401177367619229,False
4384,0.34008115365667757,False
3157,0.3400716188676331,False
8029,0.3400286843058891,False
5116,0.33999735470714076,False
3951,0.339992519042474,False
1487,0.3399895572080843,False
4472,0.33998578789918404,False
7700,0.3399757249280692,False
6526,0.33993884515835265,False
2509,0.3399293099107962,False
2912,0.3399130054235262,False
5110,0.33991147368416036,False
2093,0.3398328707292762,False
2916,0.33980492869203394,False
8390,0.33977663511708484,False
72,0.33967689828310177,False
6408,0.33962355284772244,False
5534,0.33962067709200794,False
5159,0.3396044466395477,False
3803,0.3394887726481111,False
3954,0.3393877967150572,False
1842,0.33925936239312293,False
1387,0.3392114633794141,False
6149,0.33910408660126884,False
4263,0.339041163365627,False
6353,0.3388986712116165,False
7907,0.3388526161501159,False
1947,0.3388460981532061,False
962,0.3388367148890185,False
8538,0.3387876562526157,False
1634,0.33877869661092846,False
769,0.3387528486190689,False
5751,0.33867437886857665,False
3619,0.33862864458528597,False
4563,0.3385937498886059,False
5983,0.3385869630961464,False
3936,0.33855545893282946,False
4403,0.33851870679182916,False
605,0.3384973656284537,False
5775,0.3384496904365187,False
8450,0.33829345898265106,False
1786,0.3382368797621807,False
5095,0.33810156755484055,False
204,0.33809868735177145,False
3935,0.3380388097460844,False
6744,0.33796384836287996,False
2911,0.33795261868100307,False
6364,0.33788991239689026,False
1068,0.3378000817595828,False
758,0.3377918918328576,False
1438,0.337688359483815,False
2658,0.33763635688344634,False
1032,0.3376297006809884,False
3129,0.3374513999733128,False
50,0.33742684540223045,False
2863,0.3374137004516839,False
4612,0.33737182810838817,False
2111,0.337348101761881,False
1178,0.3373171029807961,False
7542,0.33729333237821646,False
2437,0.3370726591461128,False
6159,0.33706517760446975,False
503,0.33701510713683014,False
5830,0.3369726949858051,False
3045,0.3369312655677224,False
3147,0.33691064625152084,False
3694,0.33690206522713756,False
1922,0.3368456534231505,False
2302,0.3368217614163171,False
3624,0.33678560480189784,False
7169,0.33677800564551225,False
2214,0.33677282003501335,False
3654,0.33669547958115925,False
2934,0.33666395571661056,False
841,0.3365591650789609,False
1467,0.3365433131049485,False
3359,0.336501662168029,False
1190,0.33643157551119796,False
5466,0.3363283211745967,False
826,0.33626499795241943,False
343,0.33614665548373573,False
2815,0.33611447588487126,False
5919,0.3361113299763024,False
7055,0.3360066312771227,False
8086,0.3359795881821313,False
8184,0.33596912619653546,False
1390,0.33592916584845334,False
3842,0.3358542854824107,False
6132,0.33580440908896275,False
3410,0.3357759425605028,False
7919,0.3357273669930144,False
3797,0.3357256783426319,False
969,0.33571467423525314,False
6617,0.3356260400076436,False
4554,0.3355267755861721,False
1618,0.3355125233706146,False
1954,0.33550482450115443,False
3680,0.33546591539608994,False
5533,0.3354069767854858,False
2552,0.3353972318513689,False
5191,0.33526788264786445,False
8593,0.3349948321068582,False
5676,0.3348720500870283,False
2631,0.33485210946684296,False
7272,0.33483843385516054,False
955,0.33470864447960946,False
7466,0.3346309598668462,False
8427,0.33460285950752405,False
5679,0.3345108774483882,False
667,0.33448281222969944,False
2688,0.3344638548081458,False
4682,0.3344010667032798,False
8366,0.3343264500962259,False
881,0.3342342752778037,False
5092,0.3341739503754168,False
8311,0.33414999826868175,False
989,0.334146775928548,False
8872,0.33411028260409403,False
4761,0.3340995068197597,False
2859,0.3340890751600202,False
7218,0.334033749907321,False
5234,0.3338646430835998,False
8021,0.33384672603713667,False
4521,0.33379836031441534,False
3027,0.3337884802753757,False
4431,0.3335878434457775,False
842,0.33347471921391353,False
8895,0.3334163822754021,False
8115,0.3333931380103412,False
6815,0.3332513959223173,False
1766,0.3332082051983236,False
5152,0.33307859934188816,False
2466,0.33300862068776366,False
5973,0.33298517160237656,False
251,0.3329193649834033,False
4460,0.3328489226322022,False
5776,0.33280636428385535,False
1294,0.33278837137956785,False
8057,0.33272953238430036,False
4213,0.3324757630680324,False
7511,0.33246114796390447,False
1702,0.3324256954878444,False
5367,0.33240649789548266,False
4147,0.3323949354243214,False
4308,0.3322972750868823,False
8226,0.33226501448112694,False
3450,0.33223493757400335,False
6387,0.332159226742847,False
3762,0.33200124729223124,False
3037,0.33198828620326165,False
1646,0.33189715871693337,False
8646,0.3318590833640825,False
4315,0.3317955499764584,False
6624,0.33174910938862523,False
4008,0.33167549028497917,False
4095,0.3316452367181301,False
6677,0.331601791212191,False
3042,0.33156881691240636,False
1451,0.3315678896480549,False
5655,0.331554451831368,False
5566,0.33154266658566106,False
4489,0.33153088295102773,False
71,0.3314722748224987,False
2980,0.33145719582132005,False
7502,0.3314309742235781,False
4471,0.33140527412963644,False
7757,0.3314019827969301,False
1073,0.3313972777093542,False
5257,0.3313453808915502,False
1669,0.33129539147932285,False
1747,0.33125952627787436,False
1333,0.3312155642668724,False
8617,0.331132940335072,False
3435,0.3310015966140388,False
3226,0.3309768024175591,False
120,0.3309289619072307,False
791,0.33083748539726154,False
6761,0.33081284340994316,False
1642,0.33080183694925713,False
7350,0.33075530529918246,False
4068,0.33068966160664204,False
2442,0.33066319861406085,False
5130,0.330546141949712,False
517,0.3304996914833695,False
6068,0.33049745582897655,False
2291,0.330442647663011,False
6587,0.33042649249037154,False
125,0.3303565450864056,False
5276,0.3303021719279326,False
7339,0.33029719203605884,False
78,0.33019293167328095,False
6660,0.33011791070846336,False
5166,0.3301160411458474,False
1774,0.32988605898292617,False
5264,0.329781722222689,False
4541,0.3297282156636176,False
1533,0.32971015543480275,False
5823,0.32970976667491275,False
8173,0.3295942001649354,False
8456,0.3295201614040204,False
3024,0.3295057622077523,False
6786,0.3294462187825415,False
5452,0.3294305909398086,False
8416,0.3293983700221734,False
3183,0.3293781565181095,False
3106,0.32937748527499183,False
8009,0.32924906939139953,False
4024,0.32913794289668624,False
3204,0.329046705072612,False
8713,0.3290158043259454,False
6440,0.32898552489369487,False
5211,0.32890768777209456,False
4135,0.32886216369718374,False
4680,0.3288426838827139,False
2560,0.32880108079912096,False
7122,0.32878815771061953,False
2605,0.3286183696623612,False
2443,0.3285746610870709,False
6702,0.3285719977472524,False
3412,0.32855267102697505,False
937,0.3285041310742333,False
4705,0.32846589932692316,False
8594,0.3284227242710669,False
8019,0.32841000641373186,False
1392,0.3282180323867218,False
5602,0.32819006058663286,False
7574,0.3281450706715182,False
5000,0.3281141817463048,False
5929,0.328109986106382,False
4514,0.32785377710493396,False
7583,0.3277908322458088,False
1042,0.32777125333239,False
1982,0.3276165879368287,False
8370,0.3275860694588128,False
7506,0.3275479799673736,False
8152,0.3274532378575535,False
808,0.32738042576014764,False
6556,0.3272977068931374,False
5960,0.3272973454864074,False
4833,0.32727179613997814,False
584,0.32725271700461794,False
2678,0.3271429812359852,False
4743,0.3270800789919085,False
5349,0.3270469200018461,False
421,0.3269793631316227,False
4212,0.3269214857369077,False
1163,0.3268876119340387,False
1044,0.32678968137275316,False
1492,0.3267679634135083,False
6562,0.32674970413394383,False
3475,0.3267114460156156,False
940,0.3266321556235416,False
4347,0.3266004678916688,False
5611,0.32639396486873906,False
7754,0.3263916250695028,False
8519,0.32638249233208316,False
3712,0.3262391078966597,False
4174,0.32610255127402965,False
8970,0.3261014499137532,False
4825,0.32597871605116024,False
3470,0.3258539834493677,False
7702,0.325701223007432,False
217,0.3256953829313085,False
2847,0.32552148127494557,False
4741,0.32549864835426007,False
4321,0.3254759340345409,False
4304,0.3254610417306271,False
6044,0.3254175810882094,False
245,0.32533746474565295,False
7067,0.3252662640671043,False
7848,0.32519870492287845,False
779,0.32511580142628144,False
1817,0.3250790090022737,False
2407,0.32506861375251855,False
8301,0.32505405169170554,False
3018,0.32499161789704734,False
6608,0.32497330731149077,False
2647,0.32495746601097586,False
7024,0.3249528707773341,False
3194,0.32494193999522025,False
148,0.3249328543424759,False
218,0.3248326462761399,False
2406,0.324727102328869,False
5800,0.324719871850358,False
8562,0.32471161163180173,False
8017,0.3246586234543716,False
2974,0.3246556572009442,False
3972,0.3245718045110964,False
7198,0.32457079536956557,False
3780,0.32450013733019023,False
4407,0.3244189518819635,False
7823,0.32425702268930445,False
42,0.32417633514229965,False
8568,0.3241619057429038,False
7613,0.3240049431902539,False
1729,0.3238505337928722,False
3396,0.3238299172236909,False
8407,0.3237774852464854,False
1935,0.3237587524580476,False
3642,0.32372033342099793,False
7226,0.3236353206146402,False
5778,0.3236233799567863,False
4290,0.3235737620309521,False
4953,0.3235181427980557,False
1280,0.32350716965494086,False
3208,0.3234237475008465,False
1452,0.3233154756734745,False
3819,0.3232525435365272,False
6076,0.32315033162412105,False
4898,0.3230660537756592,False
7914,0.3230513173147189,False
3969,0.3229270929949468,False
3105,0.3229244877985245,False
3883,0.3229111880954412,False
6803,0.3228924429759286,False
3394,0.3228440729653591,False
8429,0.3226932899129274,False
4552,0.3226895827328158,False
7482,0.32257111071244515,False
7349,0.32243987552394654,False
1502,0.32241547132228077,False
321,0.3223585495138747,False
6207,0.3221487330478349,False
6407,0.3221260634506214,False
7836,0.3220691353928936,False
6900,0.3220334064100511,False
2919,0.32186493629731505,False
5883,0.3218636080082329,False
4025,0.3218533235802873,False
5225,0.32183577932492285,False
2399,0.3218194586406112,False
3015,0.321794517085165,False
3411,0.3217307781965672,False
8836,0.3215544859611932,False
2092,0.3214680148217621,False
8535,0.3214624366175296,False
2870,0.32140858657714133,False
4750,0.321385708387389,False
4484,0.32130581799127,False
2557,0.321247943449768,False
8919,0.321169390696037,False
3979,0.321102411021971,False
1680,0.3210422124962484,False
8464,0.32098316769536295,False
6533,0.32098083936761507,False
5962,0.32096417950054223,False
150,0.3209169558752631,False
2264,0.3208997347416743,False
3182,0.3208518439756807,False
7004,0.32076435765474803,False
2022,0.32051804617247837,False
1794,0.32050393524026904,False
1336,0.3204010385018341,False
8080,0.32040028309988394,False
2251,0.32038137106281783,False
6962,0.32037369427895196,False
3385,0.3203514870551286,False
3173,0.3202919837914762,False
3826,0.32015514484315516,False
4896,0.3201255936593624,False
6734,0.3200466959156243,False
3579,0.3200136363918202,False
5578,0.31996484586119067,False
854,0.31996122084572437,False
6452,0.3199112886964911,False
3070,0.3198800000047945,False
4252,0.31986705582860764,False
7892,0.31960407527847345,False
4206,0.31954656344284227,False
5806,0.31940038115558483,False
374,0.31928018716014506,False
6406,0.3192614333214024,False
3338,0.31919321727728595,False
216,0.31910336474636813,False
2373,0.3191011050886823,False
6967,0.3190778049570249,False
7358,0.3190493062618429,False
7246,0.31901423180806493,False
3650,0.31893536153523594,False
4728,0.31884487108675214,False
358,0.3188212893126451,False
345,0.31879889764012526,False
804,0.3187930625923624,False
6273,0.3186871696945499,False
3902,0.31853919214431253,False
3355,0.31853099362813153,False
2807,0.31848556719935506,False
8625,0.31843989333660055,False
6444,0.31841403938026386,False
8185,0.3183793219798167,False
7732,0.31837142732194446,False
285,0.31836934623228147,False
3498,0.3181540971072715,False
5528,0.31806249969447703,False
4964,0.31803183005881,False
2257,0.31801393170080317,False
418,0.317864986847268,False
751,0.3178294670977849,False
3001,0.3177750256757941,False
7521,0.3177588757528253,False
6492,0.31772727785301436,False
3244,0.31768430441223916,False
7306,0.3176245587447699,False
2169,0.3176031087864754,False
3572,0.3175717451836231,False
7903,0.31750022531492017,False
5142,0.3174940279878351,False
3664,0.3174792038918398,False
5662,0.31744619209564146,False
1367,0.31743562167995626,False
5483,0.3174185936576119,False
7446,0.3171436166183518,False
7635,0.3170923672345954,False
4590,0.31706693239297945,False
3331,0.3170050368790949,False
3309,0.3169464734547405,False
948,0.31692132131394835,False
4091,0.3168629651010312,False
6828,0.3168590968929354,False
7001,0.31679105217552456,False
4491,0.3167619234746834,False
4194,0.31674600248330304,False
902,0.3167102062878318,False
8433,0.3166399919451472,False
408,0.31648972062046615,False
8398,0.31645185139606,False
6846,0.3163758125838215,False
6947,0.3162965148652345,False
3229,0.3162514328399958,False
2982,0.3162472355852228,False
2350,0.31623839512303004,False
8478,0.31618319011917223,False
1459,0.31615710710404427,False
6827,0.31592773626247156,False
5658,0.31572654198953554,False
247,0.3157115085007982,False
4532,0.3156729439025543,False
144,0.3156416249410804,False
250,0.3155679867637648,False
346,0.3155070941986902,False
1560,0.3154760724043284,False
5902,0.31529126273953273,False
7625,0.31519150637003507,False
8270,0.3151834173677765,False
1821,0.3150541940059123,False
6145,0.3150397828665987,False
7883,0.3150204319227803,False
4207,0.3150129576943512,False
3076,0.31500082554684744,False
4277,0.3149394426070646,False
85,0.3148447544283258,False
348,0.31459919640917167,False
2700,0.31458011548826004,False
4781,0.3145316791828239,False
2501,0.31440766759440975,False
3758,0.31431996301032844,False
6020,0.3143187899860183,False
112,0.3143083735509633,False
5674,0.31423170432041775,False
6938,0.31419970779642026,False
6688,0.3141815494694059,False
6005,0.31416979209688034,False
1194,0.31405209811074414,False
4082,0.3140217089362781,False
6737,0.31399232587357395,False
54,0.3139511128771226,False
3346,0.313947788179427,False
4112,0.31392243814024007,False
8982,0.3138385127836437,False
3518,0.3138278619009669,False
8609,0.3138018092863109,False
2774,0.3137072159156254,False
8599,0.3137033637704354,False
7684,0.31362077768600116,False
465,0.31353913725231136,False
6757,0.3135305764571134,False
7559,0.3135249121141042,False
2246,0.3134991231028864,False
3227,0.31337710824918635,False
4573,0.3133139062361567,False
8065,0.31326000015956557,False
6402,0.3131696645894174,False
5885,0.31316926690325936,False
1579,0.31292916342081445,False
4548,0.3127102613194189,False
6942,0.3126939164268071,False
1083,0.31267922541181303,False
4077,0.31262357823398945,False
6136,0.31259190215747884,False
5921,0.31228638963239813,False
8890,0.3122545910665295,False
2477,0.3119231058219424,False
7654,0.3118762012411619,False
2855,0.311594395913377,False
8515,0.31156061257532597,False
2446,0.3114615836778308,False
4591,0.31145379621713687,False
8527,0.31138245465349745,False
6287,0.3113467219425247,False
393,0.3112439311916801,False
6729,0.31118390905320636,False
1914,0.3111442983764675,False
3644,0.3111331388249948,False
7109,0.3110933092681518,False
3433,0.31108718241436195,False
1908,0.31096910906322206,False
8615,0.31082625529624847,False
547,0.3108078162253436,False
7802,0.31058804711499405,False
5149,0.31052314794214364,False
6239,0.3104120726224296,False
6755,0.3103814030823055,False
341,0.31036731325629197,False
4169,0.3102956591688433,False
8996,0.31023953605106713,False
873,0.3102085882205929,False
579,0.31018964594821924,False
3097,0.3100590943037772,False
7047,0.31004352386178574,False
8319,0.30999900054295987,False
657,0.30997285320467044,False
7199,0.30993081172955295,False
748,0.30991999813463567,False
4801,0.30983827491549465,False
7058,0.30949839217030245,False
4108,0.30948564326900363,False
8383,0.3094507695294569,False
5024,0.30933580515763276,False
4889,0.309319898821354,False
6787,0.3091148778592072,False
933,0.30908843329746244,False
331,0.30905313045592053,False
129,0.30896224646823056,False
8869,0.308951471264262,False
2883,0.30890980934904577,False
164,0.3088502099270292,False
5355,0.30871727122040876,False
2583,0.3086551592109709,False
4318,0.30864127620582826,False
7240,0.3086002392271629,False
2900,0.3085298421262203,False
5623,0.30845162550967503,False
4799,0.30835795042844377,False
8917,0.3083363082181502,False
8211,0.30819704722406244,False
3635,0.3081655755172366,False
318,0.3081642657934265,False
5552,0.3081077640146474,False
984,0.30810696335408033,False
8389,0.30809374800654704,False
2645,0.3080659955718695,False
627,0.30804868287980414,False
795,0.30767095198717853,False
1238,0.30753215438416437,False
5771,0.3074017092945545,False
3727,0.3073275992724627,False
4466,0.3072908950668501,False
7615,0.3072749562185678,False
8376,0.3068973907685868,False
7367,0.30688823978952495,False
4906,0.3068684003985634,False
1379,0.3068607766913185,False
2971,0.30681678228793224,False
3943,0.3067432025389575,False
6286,0.3066138748272703,False
5891,0.30656599148810365,False
1436,0.3065604892325713,False
1809,0.30632923613810364,False
4681,0.3062837236149069,False
580,0.30626074956498883,False
3403,0.30620505835440776,False
5428,0.30611584609051495,False
534,0.30611180329800175,False
4441,0.3059755792397705,False
896,0.30594872395696165,False
8605,0.3059354794396077,False
8309,0.3058642921776253,False
1589,0.3058588106578146,False
1490,0.3056668421225129,False
7009,0.30565719201055047,False
5555,0.30561609209459517,False
7472,0.30543901280384456,False
7051,0.3054052093179016,False
8356,0.30529124968093624,False
6599,0.3051228381585696,False
6696,0.3050961003761819,False
7858,0.30505639822477104,False
5269,0.30503448412678863,False
7002,0.3049977668725199,False
162,0.30499529030658695,False
1064,0.30497407273365384,False
2054,0.3048656986051643,False
8382,0.3047423215936868,False
2432,0.30471197805672945,False
7552,0.3046810055594895,False
8170,0.30466215895186505,False
6381,0.30453285152434195,False
6921,0.30452134924361557,False
63,0.30447367582629975,False
1550,0.3044691063657732,False
3730,0.30446856875386835,False
5397,0.30440617852915425,False
4717,0.3043980189855079,False
5794,0.3042121637142916,False
7926,0.30415594985408534,False
1713,0.3040958733768587,False
7253,0.3040022284486332,False
1944,0.3039165300476848,False
3011,0.30390750639843733,False
3090,0.30390511433641787,False
8663,0.30366128523817176,False
5503,0.30354713846594894,False
7213,0.30342073968309996,False
558,0.3029892317855208,False
79,0.3029217474631892,False
1031,0.30271763337759583,False
3449,0.3025935775008603,False
2123,0.30256990585521276,False
7176,0.3024609173498259,False
6424,0.30225901193861404,False
4760,0.3021537522871632,False
5157,0.30215355150526285,False
4419,0.30206940000414917,False
7731,0.3020554417562892,False
8056,0.30197465513319444,False
4827,0.3019484070226587,False
8677,0.3018368503992308,False
8364,0.30178771030702084,False
7043,0.30143379278621124,False
6202,0.30137357995874303,False
8239,0.30128889016998217,False
1481,0.30126356172480323,False
7622,0.3012486472043529,False
3565,0.30116322557017117,False
1583,0.30103291823363354,False
5842,0.3008842300475609,False
912,0.30087996016981844,False
7577,0.3008555329035223,False
5347,0.300809269755971,False
5494,0.30064424637424375,False
3711,0.30064116587948686,False
7181,0.30061162229002675,False
5250,0.30059218806059435,False
5291,0.3005585185395904,False
7912,0.30052644806442746,False
3351,0.3005233724853494,False
4293,0.30052051469299923,False
5854,0.3004642022158636,False
8542,0.3003051288828666,False
756,0.3002979920830258,False
6910,0.3002882339495097,False
1146,0.30027340455723045,False
4607,0.3002266950344319,False
2786,0.3001184410052326,False
1132,0.3000340452783904,False
6568,0.3000188545385164,False
1749,0.2998943330720179,False
4309,0.2998708048420634,False
2193,0.2998438408562441,False
5252,0.2997611588410029,False
4901,0.2997326763997854,False
8111,0.2996953955149742,False
2949,0.2996577048316736,False
5726,0.2995638498272888,False
2784,0.29955098665133495,False
6945,0.2993013584186346,False
2292,0.29928217892217945,False
3801,0.2990003325489162,False
4780,0.2988691713889435,False
5338,0.29879014937041565,False
5274,0.29878627888746534,False
8187,0.29874661140494835,False
3546,0.29866913775338877,False
2800,0.2985442924836406,False
6232,0.2985380320849395,False
646,0.2983750133522807,False
2479,0.29836283852062695,False
4662,0.2982494140199977,False
4792,0.29820401284203835,False
3303,0.2979980798832027,False
4578,0.29786567234037736,False
4264,0.29775841836282674,False
4222,0.29765630282494693,False
5598,0.29757902564969146,False
3061,0.2974867758604086,False
3700,0.2973966723353252,False
5824,0.2973046000643396,False
7784,0.29730301325290953,False
7877,0.29716484715194885,False
6300,0.29713318894843055,False
397,0.2971324319426928,False
5862,0.2970948331606422,False
7682,0.296961797912107,False
4569,0.2969097553154201,False
6623,0.29686967582377066,False
5672,0.2968664385155758,False
443,0.296735772493422,False
350,0.2966581443778143,False
5865,0.2966416945892674,False
7798,0.29660929211563236,False
7839,0.2965186274120261,False
538,0.29648856142253216,False
8323,0.29648078463239996,False
1813,0.2964055367713149,False
3407,0.29639076065344655,False
5792,0.2963891205288314,False
4244,0.29623076478568755,False
705,0.29614980421651665,False
8050,0.29604037476157613,False
3685,0.29603736658915786,False
6906,0.2960224613965027,False
7815,0.2959168124388135,False
6055,0.2959019078923986,False
3180,0.29587267066540274,False
3413,0.29582379405377157,False
1951,0.2957728226494563,False
1349,0.2957453673552891,False
5651,0.29567234775117784,False
7787,0.2955765563878436,False
4357,0.2955413665634562,False
8771,0.2955149393401659,False
1793,0.2952413701967248,False
4196,0.2951134864874589,False
5938,0.2950431366321424,False
4758,0.2950267713784172,False
2767,0.295020387908861,False
5238,0.29474576406455094,False
4094,0.29473123328488643,False
7186,0.2945212494278283,False
1213,0.2944811916926249,False
4150,0.2944778563564231,False
1918,0.29444421771428386,False
8066,0.2941671840240832,False
7314,0.29416259095702574,False
4635,0.2941520991698386,False
5878,0.2940697925828584,False
4420,0.2940678249799562,False
8964,0.2939805401549443,False
3847,0.293933859244818,False
3618,0.293903768128886,False
4969,0.2938179347847131,False
76,0.2938145846856632,False
3749,0.2937868859334803,False
911,0.29378233109037943,False
7322,0.2937399757190115,False
450,0.2936814682745715,False
7062,0.29367492095516906,False
6531,0.29354230535034936,False
6104,0.29350872900351005,False
8778,0.2933028613075211,False
7105,0.2930636682173868,False
7867,0.29303478317736303,False
1525,0.2929720948198634,False
7803,0.2929112330588292,False
5808,0.2929030673679071,False
2705,0.29272539530723274,False
8782,0.2927109169595279,False
152,0.29255132670463524,False
5609,0.2924702419836556,False
2805,0.2924321507143723,False
6887,0.29237499126163186,False
4515,0.2920998840140945,False
3545,0.29206422527596987,False
4404,0.29199303158773837,False
1611,0.29186481654986046,False
5804,0.29181708130414546,False
3166,0.29176796397564,False
4270,0.2916344312585353,False
1172,0.2916208977307406,False
4424,0.2914687647237155,False
304,0.29144272928141357,False
3007,0.29143311398265637,False
6309,0.2913380928944461,False
1612,0.2911978281369833,False
2470,0.2911549562281061,False
2571,0.29099096300554206,False
3704,0.2909747001299604,False
5636,0.2909592887616465,False
5661,0.2907875495532302,False
1008,0.2904568314875762,False
232,0.2903174092581644,False
4445,0.29028594767666804,False
2989,0.29026015878303707,False
4209,0.2900754862654537,False
7868,0.28985072312053334,False
86,0.28978722573303617,False
2732,0.28972102145633133,False
2216,0.28965438009121613,False
6024,0.2895289060685393,False
5618,0.28948904236393674,False
7845,0.2894575525129868,False
5504,0.2894277011292621,False
1877,0.28939373251909367,False
8672,0.2893262725226471,False
3684,0.2893167946768818,False
1598,0.2893071570205809,False
4500,0.2893071308367121,False
6636,0.28922585517376864,False
3562,0.2891519472147811,False
798,0.2890943248683028,False
1029,0.2889610871523431,False
6871,0.288565351249351,False
6157,0.2884974374486124,False
8477,0.28847137434514497,False
5789,0.2884460656275513,False
8861,0.28841816387773567,False
113,0.28833609406648764,False
3569,0.28824039034116045,False
825,0.28812283653844983,False
1994,0.2880811876714399,False
3829,0.28803183895786477,False
1303,0.2879868097593571,False
5768,0.28797315949249913,False
27,0.28793905893427263,False
549,0.2878473517621648,False
8461,0.28782359797524887,False
2616,0.2877100953593465,False
3409,0.28756353696396375,False
3003,0.2874036618493956,False
1257,0.2873188875697309,False
3298,0.2871727502596812,False
3186,0.287136533285838,False
3474,0.28711991707631107,False
5418,0.28702744717869516,False
2687,0.28702286391730153,False
5327,0.2869737134288395,False
7451,0.28693807048923353,False
8483,0.2868496017388978,False
1587,0.28675969327720857,False
4361,0.28669764087083294,False
633,0.286692042009905,False
1782,0.2866482346064387,False
1854,0.2866227805027725,False
8104,0.2865962460301501,False
3693,0.28621817035377517,False
993,0.286163253250136,False
2048,0.28612670073697427,False
6247,0.2859794970019224,False
336,0.28582783694620356,False
2936,0.2857301184301751,False
1454,0.2854934276455883,False
4368,0.28547254885978257,False
1570,0.2854444935602597,False
7529,0.28538831434045486,False
6856,0.28534394410946123,False
6988,0.2853164290468153,False
2521,0.28530927070162015,False
4732,0.2851498534591079,False
7747,0.28508793239484176,False
1955,0.28498799014881954,False
2890,0.2849362220601902,False
4870,0.2848875633163669,False
7651,0.28478748479430593,False
4031,0.2847008851786543,False
518,0.2846270712232405,False
7772,0.2846186378031456,False
2902,0.28452282130271905,False
7982,0.2844511070115416,False
8328,0.2843896861630834,False
6311,0.28431028181172346,False
6186,0.2842176331255621,False
3989,0.28421274170041966,False
2435,0.2841750930934335,False
8354,0.28415994292550195,False
8566,0.2840569285370342,False
747,0.28402186885075753,False
5451,0.2838106878690735,False
2211,0.28375134621994474,False
3151,0.2835123309516826,False
5419,0.28314266351882644,False
5747,0.28307719832318073,False
1698,0.2830034265372497,False
5912,0.28294922615311596,False
2152,0.28285216029405236,False
6905,0.282850000365725,False
2279,0.2827452704175837,False
3588,0.2826687519838627,False
1535,0.2825576854624816,False
2650,0.28249553498971797,False
5712,0.28239659827841035,False
8360,0.282393694729724,False
2085,0.28233492771689433,False
8496,0.2823271705611862,False
920,0.2822389650793161,False
6801,0.2820197872765443,False
2955,0.28196742172685996,False
600,0.2815197167001565,False
4388,0.28145822415284866,False
3354,0.2813267577774236,False
3431,0.281037924580116,False
5430,0.28096636387574186,False
6490,0.2809275692606655,False
5817,0.2808947207843666,False
361,0.28089012587353285,False
6577,0.28077823599066826,False
6651,0.2807253996201153,False
5873,0.2806469381772798,False
1208,0.28052575898433885,False
8273,0.2805153923250811,False
8877,0.28036318565082413,False
1571,0.28027994894888475,False
7311,0.28017157189780995,False
2894,0.2799148750894695,False
8253,0.27978092516267483,False
1928,0.2797683029632236,False
7161,0.27952817337616725,False
3340,0.27951768545707834,False
6335,0.27946720047917245,False
7873,0.27940435438276046,False
3824,0.279385743486776,False
1442,0.2786299808424406,False
8588,0.2784653368569145,False
5490,0.27843162658012827,False
2856,0.27840817451655364,False
2147,0.27836499755548777,False
7880,0.2782776529839633,False
1140,0.27823807876195666,False
1719,0.27806167807463195,False
2195,0.2780448496859509,False
3259,0.2780419418829204,False
7759,0.2778723595839729,False
4231,0.2778639248332485,False
680,0.27784182260963963,False
2126,0.27776822414432617,False
5060,0.27773503729353,False
4351,0.2774358120117851,False
7276,0.27743060410271275,False
1369,0.2771121876291846,False
5930,0.2771015872483963,False
1903,0.27700993771408894,False
3839,0.2769885703326469,False
523,0.27697791826069285,False
878,0.276639158692662,False
5550,0.27652474132247906,False
8732,0.2764769568693666,False
706,0.2762855280775625,False
7594,0.27621644643244386,False
2833,0.2762156049486737,False
7627,0.2761516150300718,False
2689,0.27610199571553207,False
7551,0.2755288686673195,False
2431,0.27547518233272394,False
3000,0.27547169215654926,False
5390,0.2753780162434704,False
3645,0.27516204655595566,False
5389,0.2751477945226597,False
2324,0.27511606915092096,False
548,0.27495255231292265,False
762,0.27476664574705617,False
5033,0.27476399601711227,False
2007,0.2746898891539788,False
4839,0.2746796120554515,False
1484,0.2745277117538453,False
2170,0.27451976733950895,False
3184,0.2744474893733206,False
3809,0.2742981829070241,False
365,0.2742301655230449,False
3325,0.27422336127953323,False
6456,0.2741580782534792,False
2608,0.27412286725504076,False
1741,0.27402085232781853,False
7442,0.27344831841955614,False
6842,0.2731332196679485,False
5790,0.2731328248435842,False
8579,0.27297115316901166,False
5553,0.2729608213036895,False
4528,0.27287145102448496,False
8203,0.27266118540603407,False
672,0.2726354474049627,False
5493,0.27260626981372416,False
6390,0.27235813742699094,False
4391,0.27234674231960937,False
3991,0.27218039682450906,False
1691,0.2721680568644793,False
8564,0.2720643345246447,False
7518,0.2718821047627972,False
7443,0.27182675785137256,False
7633,0.27154283693784687,False
3276,0.2714568069001043,False
7898,0.2714285642836595,False
5896,0.27125588610586954,False
1722,0.2710958300151858,False
532,0.27097262224194213,False
4065,0.2705725704007492,False
7781,0.27032284755392616,False
8697,0.2702624521034669,False
229,0.27023045616406904,False
3710,0.270156494291744,False
6839,0.270123588061026,False
968,0.2699917789429936,False
7142,0.2699711294980299,False
7089,0.26986117868935683,False
6989,0.26975379210667705,False
1312,0.2696640570953777,False
3212,0.2695347683524385,False
4105,0.2695038513843586,False
2617,0.2694465448448957,False
389,0.26931150781350527,False
1534,0.26927108175066317,False
7231,0.26915537809595863,False
546,0.26911856687330515,False
7217,0.2688805158807735,False
3092,0.26863573488097153,False
7184,0.2684718390693383,False
2907,0.26845683575637974,False
8907,0.26838749776767296,False
8039,0.26835798307262404,False
2206,0.2683473696339724,False
6409,0.26817744882732014,False
6952,0.26809300590883295,False
1880,0.26807635592267304,False
1940,0.26799273953568176,False
337,0.26796080443529874,False
1756,0.26785690466824247,False
6863,0.26772102646198104,False
6508,0.2675389046463733,False
5603,0.2675124878851152,False
3038,0.26748636901223627,False
3981,0.26732826010894817,False
7391,0.26720568841571696,False
6498,0.2668462385120381,False
2393,0.26675491333567086,False
2699,0.26630956341017176,False
5568,0.26610055810495653,False
6396,0.2660514122414511,False
1531,0.26582353545134296,False
2838,0.26575746934391353,False
7875,0.26559748241582787,False
4730,0.26553407774328797,False
468,0.2655294825820128,False
4260,0.2654529370054148,False
7862,0.26540334516395214,False
7863,0.2653513740807036,False
7046,0.2652985739544436,False
2080,0.26515313567923104,False
1206,0.2650841537447876,False
860,0.26501128054303313,False
6451,0.2646774010487472,False
7103,0.26453038958785446,False
8436,0.26435661764275603,False
4658,0.26429247838572223,False
6698,0.2641764411834143,False
6301,0.26414077672925274,False
4422,0.2641301033506267,False
6521,0.2640538090558784,False
4006,0.2639736976270896,False
5453,0.26387669491057064,False
7022,0.26362320742776024,False
8397,0.2634811392383811,False
8344,0.26341751435285515,False
8090,0.26337221158500645,False
3759,0.2633145266497447,False
6205,0.2633044792877604,False
3499,0.2631932483211839,False
3446,0.2630594693312031,False
3389,0.26297412970608364,False
4433,0.26284375832222184,False
325,0.2628146396429808,False
8388,0.2627651833868465,False
2877,0.262690709831298,False
6805,0.26266723029480327,False
4938,0.26235291943534705,False
1296,0.2623356363534822,False
3461,0.2623152831528389,False
1420,0.2621960216774523,False
8181,0.2621213276776608,False
8839,0.26209668481655596,False
6519,0.26201195219228923,False
1682,0.26198862725292915,False
2611,0.26198472882472174,False
3526,0.26185163743997203,False
5949,0.2618293510603067,False
7394,0.26181734374556204,False
155,0.2617409938606694,False
5939,0.2615211088398901,False
2691,0.26145664938832647,False
7645,0.261302278728829,False
1185,0.2612799538350587,False
6336,0.261245328370501,False
2780,0.26108115204002585,False
5594,0.2608497717347752,False
2349,0.26075378403635807,False
7937,0.26072515031792304,False
2769,0.260366443034432,False
2055,0.2601962748374517,False
7445,0.26006362767018854,False
423,0.25944056052866626,False
5478,0.25943293006095464,False
1868,0.2593668663861633,False
5635,0.2593253466365643,False
3589,0.2593168275216999,False
1737,0.2588837114659546,False
7920,0.2587786704189368,False
7095,0.2585513093714771,False
2425,0.25792930045895335,False
5058,0.2578954709097006,False
5439,0.25771967845609967,False
3040,0.25762454106380595,False
8322,0.2574673723111343,False
1524,0.2574589538807589,False
3794,0.2573525718012579,False
5272,0.25729093400539077,False
5614,0.25728986334295206,False
6725,0.25678962759707497,False
910,0.2567683471891641,False
5942,0.25672672037168287,False
6356,0.25670750227715133,False
1264,0.25652663541305853,False
8545,0.2565144064918641,False
7658,0.25619596271309375,False
8830,0.2561088367084386,False
5981,0.25595366520410184,False
5706,0.2559295580393565,False
1119,0.2555526587357241,False
1884,0.25547089584418997,False
8153,0.25533539647156084,False
1565,0.2552576257637929,False
5103,0.25512274299748094,False
3723,0.25509023264623554,False
4083,0.2549726734352316,False
8079,0.2548572107265589,False
5964,0.2544309219245036,False
3306,0.2542717989946714,False
118,0.25426505342060707,False
8428,0.2541252716968722,False
921,0.2540251367989335,False
6307,0.2539691338995269,False
2090,0.2539623416295573,False
3466,0.25374837330670913,False
8199,0.25365442927938253,False
6500,0.2535664601000355,False
3302,0.2534808597180599,False
7812,0.2534436374454372,False
1409,0.2533917366362399,False
8061,0.2533855025732006,False
1760,0.2533651373816435,False
7202,0.253296522682606,False
7279,0.2529790017092052,False
8537,0.25295139675570305,False
7694,0.25284172246110237,False
384,0.2527566085816554,False
5394,0.25271518409805394,False
6592,0.2526480202036021,False
863,0.25255357740940215,False
934,0.25242068773304216,False
2695,0.25239933413446625,False
7647,0.2521358192933624,False
4876,0.2518220132122874,False
4850,0.2510686517678677,False
2530,0.250894687912662,False
2025,0.25079703854412494,False
6482,0.2506193105031086,False
5488,0.25050081682981473,False
6129,0.25021405803863594,False
7460,0.2501985201762383,False
8272,0.25015580163904594,False
1090,0.2494228757352469,False
2109,0.2493813019146272,False
7705,0.24918614053803115,False
5846,0.24908575153871323,False
6679,0.24858748269039066,False
388,0.24846162020882734,False
760,0.248184803203047,False
562,0.24805118884866778,False
645,0.24799248570263066,False
4481,0.24760714329787722,False
3614,0.24754590297143245,False
5922,0.24747343452249682,False
1063,0.24744792637503538,False
7469,0.24740289806852495,False
8980,0.24735148987465702,False
8481,0.24731119378042665,False
7719,0.24724758718660544,False
2628,0.24688512895619671,False
338,0.24683572228701922,False
8893,0.24680528549831113,False
7805,0.24678493694410444,False
257,0.24645381688189702,False
3721,0.24642321501895717,False
1846,0.24639596392428223,False
3065,0.2462988188835286,False
7453,0.24609381896756474,False
7093,0.24603883065100587,False
8183,0.24575141045153945,False
7628,0.2455290205995429,False
5294,0.24545767060886647,False
459,0.2453098003971419,False
8089,0.2450828991592471,False
5067,0.24505148492177076,False
1434,0.2449952800513442,False
119,0.24489671557303277,False
5340,0.2445115334416066,False
5350,0.2444594913735147,False
6951,0.24443697500637987,False
1926,0.24438973385452475,False
6613,0.2443437276063615,False
3670,0.24425740007073118,False
6560,0.24405895041921352,False
7114,0.2440100474073757,False
7327,0.24385718185418925,False
7889,0.24367714982748015,False
6256,0.24355996562936663,False
8047,0.24354942986828482,False
2572,0.24310656379793172,False
1797,0.24308697167689008,False
4880,0.24288885801418797,False
8905,0.2423573428736952,False
4863,0.2422533340660645,False
8141,0.24185165070212652,False
553,0.24165130782609404,False
18,0.24161996382491507,False
8995,0.24151933347004342,False
1776,0.24149636587257287,False
7676,0.24147097750817675,False
8937,0.2408932227214734,False
410,0.24069812922340242,False
4313,0.2405671663799912,False
8644,0.24042725770280135,False
7016,0.24029213849610573,False
765,0.24028369184383855,False
660,0.23987370744792325,False
5284,0.23987322394209926,False
3830,0.23973245779926664,False
4843,0.23970967151186806,False
1963,0.2396674011373463,False
4488,0.2395678673424381,False
5066,0.23953123087814074,False
6108,0.2395078441589506,False
6717,0.2393464364610062,False
59,0.23883560259521391,False
3308,0.23880624883445484,False
7447,0.2387537624373612,False
1527,0.2386698505393475,False
6061,0.23849049466944486,False
6193,0.23836528460204776,False
7101,0.2374651842318683,False
136,0.23723817623583138,False
6322,0.23716566566978006,False
383,0.2369767166576998,False
3148,0.23689734256951697,False
923,0.23679793583466113,False
1273,0.23671795051903202,False
4945,0.23664985419294035,False
7360,0.23664471239481522,False
7404,0.2364493124200902,False
3335,0.23623182908552545,False
5410,0.236204603204202,False
6430,0.23614909430626702,False
5510,0.23614738300785362,False
378,0.23608907576070062,False
802,0.2359875958781431,False
3334,0.2353016974914152,False
7948,0.2352961822265512,False
6956,0.2352491214881963,False
7090,0.23524041644837548,False
5770,0.2352122559351034,False
4157,0.2346973804627327,False
4913,0.2342733018848515,False
4027,0.23425874616299838,False
7113,0.23417721453732043,False
7894,0.23411539857785577,False
4173,0.23402324652570194,False
1180,0.23395389563639551,False
4987,0.23358663421530443,False
6259,0.23334705923890164,False
6374,0.23322372025628527,False
4733,0.2329745592842076,False
1811,0.23291066259102014,False
1025,0.23287787491856599,False
3994,0.23274040620696138,False
7468,0.23263203652607325,False
1384,0.2324748766086109,False
6045,0.23216685359413952,False
8645,0.23203274949443356,False
3540,0.23172743683979286,False
8419,0.23156031914731326,False
7380,0.2314713302526436,False
8140,0.23136508666260344,False
6036,0.23136397349296056,False
8442,0.23132810408919377,False
8267,0.23132804431307577,False
7519,0.23129123682757335,False
2582,0.23121283302272597,False
8629,0.2310498015763481,False
6923,0.23103197450118423,False
8150,0.231010738624571,False
6067,0.23080393010223466,False
6226,0.23047058172684545,False
3751,0.230392937520435,False
2161,0.2302321122411654,False
6026,0.22981148548063873,False
2779,0.22977700220175837,False
2462,0.22975377107597147,False
571,0.22972950560733593,False
8476,0.22954888823149885,False
6160,0.22910048362784338,False
333,0.2290191896425229,False
6911,0.228730610230379,False
4679,0.22871152181892895,False
4637,0.22862548999911336,False
6050,0.2285918985460438,False
2797,0.22837120746312536,False
3251,0.2283180821919769,False
6022,0.2282406050957872,False
1738,0.2278861918821842,False
5312,0.22773244204627005,False
6195,0.22739516028780848,False
4766,0.22729604703626424,False
7707,0.22715348068019475,False
6215,0.2271432386555169,False
6057,0.22714018445631112,False
3496,0.2270365042762895,False
8945,0.22703091500978093,False
8325,0.2269425210657389,False
4071,0.22670410252811485,False
3476,0.2266956875897888,False
7345,0.22659191933314013,False
311,0.22654382935172238,False
3783,0.2264958137616122,False
7935,0.22629462828117078,False
7429,0.22589121277041177,False
6180,0.22579312273266405,False
1801,0.22578708269865086,False
7192,0.2257118297055824,False
4440,0.2256797167962174,False
7459,0.22561933855007824,False
7115,0.2254253346565226,False
1506,0.22541073871920603,False
411,0.22526808986805533,False
944,0.2252273604783655,False
8664,0.2251162041909802,False
8704,0.2250774808432525,False
3875,0.2250629799216999,False
2589,0.22503485143977078,False
8580,0.22473118118780702,False
7841,0.2246525074407851,False
4468,0.22456728405575396,False
5639,0.22455522822178986,False
813,0.2245009329997887,False
5084,0.224431338898686,False
5471,0.22436768202025242,False
167,0.22432885959447307,False
987,0.22421543164583568,False
3882,0.22418758863885196,False
4856,0.22415606374052882,False
4151,0.22410955544102393,False
236,0.22409267133369343,False
8948,0.22407647423618884,False
1765,0.22401632603433713,False
8796,0.22396273506018727,False
8215,0.22373068983884117,False
2610,0.22368185982342004,False
7223,0.22362907303444304,False
8516,0.22342768416831185,False
5833,0.2233181002902362,False
3503,0.22313421455635105,False
3926,0.2230482630496462,False
639,0.22289642767848866,False
4628,0.2228195018597362,False
7881,0.22278533235436848,False
2656,0.2226292114362656,False
5141,0.22251104968937052,False
6612,0.22241778218840255,False
6540,0.22210851153309413,False
3671,0.2219692948455319,False
2258,0.22196858824596857,False
3509,0.2219350753015589,False
4167,0.2217855607127278,False
2108,0.2217229173480613,False
822,0.22163078890056434,False
127,0.22147076614247524,False
3590,0.2214177127588364,False
951,0.2213731656971835,False
1528,0.2211041488948394,False
4967,0.2210848464386976,False
8460,0.22085426886791992,False
8808,0.22084576167948466,False
4782,0.22040112421556524,False
8081,0.22034149918227136,False
8674,0.22024866746494273,False
2652,0.22022670311007084,False
2626,0.22017947525045656,False
1255,0.22006058594665864,False
8455,0.21974033678043525,False
972,0.21931425791548106,False
5998,0.21914423905689545,False
4551,0.21899046474545206,False
3897,0.21889334340811503,False
5870,0.2185029117009216,False
7689,0.2183100295259621,False
1660,0.21826403432196814,False
6306,0.21808512976366068,False
6291,0.21773912248161623,False
2596,0.21760658217513396,False
4579,0.21760200068459626,False
4238,0.2172101712980228,False
8070,0.2171253017291213,False
2122,0.2171040617568905,False
5577,0.21709869435254503,False
7068,0.21705381717767308,False
4763,0.21700252095621775,False
4059,0.21699119556261146,False
1967,0.21694084979224398,False
3586,0.21670407934547878,False
7906,0.2166875977273452,False
7444,0.21667618122694385,False
2727,0.21657953743220093,False
8709,0.21644583901611644,False
5716,0.21587235981650027,False
3582,0.21577019075505932,False
6937,0.21575935667899193,False
7419,0.2156512132513227,False
5984,0.2156266595440865,False
2978,0.21559976677796544,False
2867,0.2155651246985988,False
1421,0.21553341793564962,False
6850,0.2154664828549024,False
1536,0.2153817060103958,False
2547,0.21534448881283633,False
1486,0.21529748798317114,False
2496,0.21521078068239788,False
3008,0.21517990775257098,False
5268,0.2151598503292677,False
6816,0.2147199056585841,False
5740,0.21453863365538198,False
2010,0.2144804363534611,False
8647,0.21441914051459027,False
8228,0.21433920148723581,False
7666,0.21423435022497628,False
2892,0.21422077454408184,False
2286,0.21402269584829933,False
3698,0.21401097715138964,False
5718,0.21397181630784648,False
587,0.21393530895276658,False
3280,0.2139201284086008,False
3716,0.21370687080077874,False
6399,0.21368460231185488,False
1532,0.21366104064835664,False
3357,0.21353280417512457,False
8441,0.21340575777261167,False
6671,0.21340449748654794,False
6299,0.21338378540430716,False
4963,0.21337736733118212,False
7810,0.2131951280093648,False
8667,0.2131512885459522,False
7500,0.21309301381290804,False
7333,0.21296091424163233,False
8670,0.2128354023197303,False
4483,0.21274074809607246,False
292,0.212730034747809,False
3373,0.21267253835831493,False
513,0.21266520796475347,False
486,0.2126398983865209,False
3010,0.2124945972202366,False
4330,0.21248715729798703,False
4050,0.21247740240425508,False
669,0.21246651083304272,False
1681,0.21246132864277395,False
612,0.21241466124648267,False
7126,0.21231956566026577,False
4058,0.21231956566026577,False
1902,0.2123145594514035,False
2860,0.212275318881722,False
5256,0.21207771750452994,False
4937,0.2120632645830976,False
7178,0.21199365502185163,False
2798,0.21173684522512376,False
4374,0.21171111280464186,False
6978,0.21149760908148876,False
7418,0.2114615515573879,False
8867,0.21133036099252536,False
3877,0.21119131292369542,False
8507,0.21116397267309703,False
7188,0.2110755111369539,False
5894,0.2110737752531203,False
1342,0.21104217615432647,False
539,0.21097607605792065,False
6800,0.21095858696863842,False
5207,0.21094962833434025,False
2513,0.2108265147577073,False
3138,0.21065408311157752,False
6915,0.21065011791139973,False
559,0.21063128467811207,False
8015,0.21062388472018184,False
7717,0.21056927679114373,False
7464,0.21049524545666878,False
9,0.2103765835382788,False
1873,0.21025205423446772,False
5135,0.21010482307111247,False
3627,0.2098366315456894,False
1013,0.2098172124387755,False
3379,0.20957770600356565,False
7265,0.20932426077000096,False
7236,0.20930860266718704,False
4834,0.20928114684494858,False
7235,0.20925578023791824,False
3239,0.20911422258179754,False
4645,0.20910537966658524,False
4149,0.20898303524792342,False
8479,0.20878853366749042,False
3072,0.2087838281341674,False
5994,0.20867212498727042,False
3937,0.20866435403305822,False
8887,0.20865380577451018,False
8469,0.20856384763899197,False
8607,0.20825628707757649,False
7039,0.20812921111192131,False
6320,0.2081264666169739,False
2503,0.20807173911506127,False
3605,0.20775784882590198,False
1193,0.20765537549621355,False
692,0.20761626602499092,False
7014,0.2075567868314737,False
3341,0.20749477897258803,False
7840,0.20743245933423385,False
2720,0.2074303665473743,False
3417,0.2071645563291144,False
3277,0.20715923494563357,False
7755,0.2070733652868139,False
3663,0.2070246860555209,False
7032,0.20694822919883601,False
407,0.20690155775516633,False
5976,0.20682735502944147,False
5955,0.20677138254481744,False
2327,0.20670373761398667,False
5857,0.20661988747030147,False
814,0.20655243320479932,False
8457,0.2063099852592586,False
8043,0.20630523103718154,False
5011,0.20622870860758852,False
1235,0.20619641682093642,False
5745,0.20616628789733796,False
2590,0.20594807901250856,False
4429,0.2058326666330244,False
2506,0.20570059354678832,False
5443,0.2056618501603195,False
8443,0.20563081599422303,False
3414,0.20562296992449106,False
2143,0.20554535884265684,False
5849,0.20541975989537256,False
6675,0.20538525695170518,False
1726,0.20535871647554962,False
5501,0.20527315422596168,False
1035,0.20522825143019732,False
2191,0.20506938604090605,False
1483,0.2050465936957154,False
31,0.20502553210820718,False
7675,0.2050141985773346,False
7208,0.20492984835162262,False
5016,0.20485737490842457,False
8788,0.20478190104126962,False
5746,0.20457302095655988,False
8418,0.20455760155497135,False
1716,0.20449018684605438,False
7191,0.20440884658071765,False
4004,0.2043493861235008,False
2250,0.20431961148892802,False
6697,0.2042718786855399,False
7363,0.20408059399432202,False
6346,0.20406210749628625,False
1003,0.20395491136414642,False
870,0.20394457335732574,False
6014,0.20390058183960846,False
2712,0.2038268413111811,False
1644,0.20377816748775626,False
6957,0.20346764320747412,False
7332,0.20337051012529056,False
399,0.2031810026627325,False
7691,0.20317434373850202,False
466,0.2031065810802055,False
1802,0.2030869156648771,False
7377,0.20300591481791425,False
7249,0.20291375212487828,False
3755,0.20290559661112867,False
4601,0.20287865810035935,False
8908,0.20276472975538046,False
1040,0.20272317662647904,False
643,0.20261052992054107,False
5332,0.20259285602064267,False
5970,0.20251600838386502,False
4256,0.20240984579711677,False
2872,0.20217098935093122,False
7663,0.2021440652600377,False
8424,0.20211663693753457,False
1315,0.20210359254326138,False
4684,0.2019911808113807,False
7405,0.20186456248365633,False
4855,0.20178804553589952,False
8127,0.20175398970116268,False
6472,0.20174159309995515,False
6884,0.20172820889712945,False
7708,0.20156661228744213,False
3203,0.20149151517077976,False
5204,0.20148405301189098,False
2968,0.20139509725150356,False
7003,0.20136697694753086,False
1717,0.20131824348280744,False
487,0.20105214181932934,False
1577,0.2009413081273709,False
1727,0.2009097959216536,False
740,0.20081813646732938,False
6912,0.20071190671348185,False
4386,0.20039266930575034,False
6751,0.20009286256030898,False
6240,0.200041786145005,False
3997,0.20000735265405478,False
1137,0.20000313303134068,False
3016,0.1999683637516929,False
2491,0.19994571553573964,False
8196,0.19988555208591427,False
4633,0.19987587622821357,False
8656,0.19982156975246412,False
5214,0.19966707561442215,False
4755,0.1995150737039966,False
3871,0.19949753055737202,False
1449,0.19949172744237578,False
1205,0.1994080046357721,False
3805,0.1993794915312473,False
2756,0.19922034213160922,False
2218,0.19920679918450698,False
7679,0.19904942611214566,False
5547,0.1990147701531229,False
1761,0.19892654956287284,False
5898,0.19884849269870306,False
3122,0.19877508197156774,False
5749,0.19862098388516317,False
5945,0.19856821441809666,False
7853,0.19846958085440378,False
4593,0.19843318255221434,False
8675,0.19838454860352422,False
8705,0.19835888779710795,False
4539,0.1983357367709871,False
7795,0.1983311215564558,False
5893,0.19830455557538312,False
8658,0.19826448184207612,False
8197,0.19813621615904634,False
8858,0.19813504448569905,False
7386,0.19790806818622783,False
5965,0.19762981357314593,False
6783,0.197472492856646,False
8088,0.19743560279709108,False
8434,0.19735529015047984,False
2062,0.19734292936425063,False
5029,0.1970499918356643,False
6903,0.1969906920333402,False
3216,0.19698757419991275,False
8902,0.19694589571154902,False
4711,0.19688305345709584,False
8546,0.19688040774934568,False
1815,0.19678643805124058,False
8962,0.19666560657847698,False
2368,0.19658982816892936,False
4629,0.19655396984845028,False
3091,0.19638492368841193,False
237,0.19636630550023265,False
7901,0.1963283549721921,False
1,0.19619170385460472,False
2226,0.19617093572690847,False
6184,0.19616829869720606,False
1666,0.19615152762632593,False
5736,0.19615136915102593,False
7428,0.19612014427213803,False
2820,0.1959302602954515,False
1831,0.1959231654784542,False
4887,0.19592003742199718,False
8386,0.19589047756259556,False
6096,0.1957095144567556,False
7010,0.19570148802449155,False
14,0.19569242278668997,False
3591,0.1956648912059353,False
8025,0.1956648912059353,False
385,0.19555873606765192,False
8624,0.19553486364387285,False
8353,0.19546624543499913,False
8698,0.19543445203141505,False
6140,0.19538174529445762,False
2739,0.19523056684711088,False
7752,0.19511894361832105,False
8176,0.19484079753451783,False
3171,0.19465390513055494,False
8034,0.19458680790102045,False
5828,0.19451843634092403,False
5992,0.1944277600236513,False
8508,0.19441296171274958,False
1500,0.1943536064816959,False
5489,0.19429714954402372,False
4678,0.1942108849916759,False
8172,0.19415216013999248,False
6572,0.19395337376108757,False
5810,0.19388438498553506,False
4561,0.19383649642203402,False
5387,0.19377378271898518,False
3285,0.1937413438918936,False
5143,0.19371843349146872,False
5637,0.19335968126987976,False
6790,0.1930791096223376,False
6981,0.1930309452307862,False
3177,0.19298013062250877,False
8742,0.1929308232412853,False
1316,0.1926769277916547,False
2651,0.19253264615366514,False
7261,0.19249446963051597,False
6538,0.19247982043928893,False
7670,0.1924775074812041,False
7287,0.19221164830350995,False
6738,0.19220457745982636,False
7827,0.1921943166645532,False
5517,0.19200567418602835,False
1825,0.19197494396542875,False
7660,0.19195083562883483,False
2960,0.19193121976390426,False
1377,0.19177334956347108,False
7222,0.19154393163406175,False
6002,0.19138594175605725,False
8100,0.1913818740042103,False
8610,0.1913780258925494,False
7026,0.19123650070202178,False
8458,0.19097128761449203,False
4190,0.19088519718435834,False
4406,0.19080649965855787,False
8445,0.19079198118144053,False
6655,0.1907869262277335,False
491,0.1907840174837908,False
1097,0.19076030181720008,False
3210,0.19067535308620367,False
2044,0.19054518062850892,False
7196,0.19043046709899392,False
6477,0.19039892448789852,False
4806,0.19037478344363878,False
5858,0.19029931888639207,False
1152,0.19027554210144867,False
6606,0.19024490124921736,False
8889,0.1902347123288574,False
629,0.19007580015536543,False
8793,0.19005475942776473,False
177,0.1900284460329459,False
5813,0.1899810573301798,False
1876,0.18997780072078202,False
8524,0.1898788853269418,False
2037,0.1898580473570308,False
8006,0.18985583105792633,False
6825,0.18979138073896012,False
5784,0.1897717888160789,False
7730,0.1896728848818123,False
4013,0.189578828618822,False
5728,0.18920540043177297,False
6877,0.18911090968957933,False
3395,0.1890891554961736,False
8120,0.1890598986682358,False
2821,0.18903792777518777,False
3752,0.18897369020357052,False
6774,0.18886074609191525,False
8249,0.18875859011581203,False
8910,0.18874933361136825,False
5326,0.18870130007993613,False
4695,0.18858370654181378,False
3986,0.18856712505576012,False
8296,0.18843908984509947,False
3539,0.18833332037499884,False
952,0.18831569150634514,False
3927,0.1882428154885875,False
7061,0.1881644332424072,False
5900,0.18805340213314928,False
2287,0.1879968750833987,False
874,0.18788757898886785,False
6703,0.18762252168121293,False
8891,0.18756362188405154,False
6647,0.18755536514554644,False
7304,0.1875516278434036,False
475,0.18749768340728376,False
7643,0.18747563185922267,False
7724,0.1874604155574009,False
8935,0.18745744011903512,False
7603,0.18733323536659335,False
6943,0.18731735944834177,False
1472,0.18725085588750381,False
7283,0.1870627629961284,False
1319,0.18704962793915889,False
6276,0.18695808153064114,False
1332,0.1869120931466902,False
6585,0.1869053561053891,False
3682,0.1868637858126309,False
8022,0.1868201741752543,False
6126,0.18681346935700557,False
1475,0.18675524847651492,False
7251,0.18671298571822928,False
1215,0.18636089654492705,False
1283,0.18632649045735228,False
7230,0.18630206294018048,False
7397,0.18621585118644626,False
8574,0.1860347399409802,False
5542,0.18601911903452217,False
7621,0.1859484083463723,False
3371,0.18579523050127092,False
7668,0.18576906409414268,False
8603,0.1857626455010355,False
8217,0.1857139356746452,False
3400,0.1857067764503001,False
516,0.18569698567182458,False
3850,0.18555486671379376,False
4398,0.18549554901615295,False
7317,0.18543696110261182,False
8598,0.18525745642684227,False
3241,0.18524051523442955,False
5946,0.18509298785836834,False
7692,0.18498755630017627,False
6211,0.18495171127039703,False
5723,0.18487957263135732,False
3681,0.1848730092779074,False
901,0.18483922215501863,False
6622,0.1848328459215743,False
3532,0.18473347134227297,False
6480,0.18458649205210167,False
8010,0.1845819083910147,False
8960,0.18458001985332567,False
5415,0.1845560505314569,False
368,0.18431259223575994,False
3608,0.18422007027867032,False
8783,0.1841050344124613,False
3132,0.18357108820725557,False
4807,0.18328030827710806,False
2142,0.18327651760618788,False
7934,0.18327300934362442,False
6926,0.18322036432977812,False
1852,0.18308588812656093,False
8425,0.1830855254135426,False
5402,0.18295408580668002,False
2987,0.18294303445463878,False
1153,0.18269683297467937,False
8038,0.18269247323515675,False
2845,0.1825761087329157,False
8558,0.1825136400133009,False
8005,0.1823774744388798,False
2433,0.18236641373354057,False
7456,0.18226769258698505,False
7431,0.18217323960250864,False
5852,0.18216324228384373,False
2234,0.18214304810199428,False
5953,0.18213564476519495,False
1878,0.18210665206189314,False
2058,0.1821061733424386,False
7764,0.18205031057583287,False
7652,0.18203947426782538,False
4669,0.18198654149531715,False
8622,0.18185617815656102,False
4616,0.18178969042298382,False
65,0.1817269294301118,False
8373,0.18169063515712408,False
7017,0.1816485926230896,False
835,0.18163797406496768,False
8716,0.1815832695544709,False
504,0.18141178188566917,False
7713,0.1812993007441324,False
6649,0.18128851488682918,False
8324,0.18127364085789818,False
5283,0.18115683947173866,False
6431,0.18112819920050943,False
4941,0.18112103533570423,False
522,0.18106329269326363,False
8963,0.18104926198448656,False
243,0.18101923782927687,False
5765,0.18087117373485356,False
6541,0.1808047265329819,False
6709,0.18067700962883404,False
4671,0.18042910468901946,False
8071,0.18028670936937777,False
8448,0.18011678378465282,False
8221,0.1800769488023137,False
5670,0.18007072257984122,False
8310,0.1797983671195809,False
5630,0.17958196658342654,False
2570,0.17947508037100918,False
1009,0.1794446807087905,False
4653,0.17940815219893272,False
6844,0.17903229682939778,False
7993,0.17890162604191728,False
6139,0.1788165800791459,False
6946,0.17847700905690622,False
3205,0.17842639650765477,False
16,0.17839359266876945,False
2354,0.17834391437635475,False
956,0.17831254005485642,False
6721,0.17813986835508472,False
6925,0.17795966493935633,False
7699,0.1777235518678092,False
7250,0.1776288107404507,False
4180,0.17758832350816084,False
2134,0.17748330733099557,False
4824,0.17747543121289722,False
2697,0.17726613278235645,False
5769,0.1772058371468014,False
6019,0.1771959767481313,False
6894,0.17714532438744596,False
1138,0.1771212282495659,False
1207,0.17708500471793795,False
8064,0.17672905018543886,False
8611,0.17666016956366032,False
7744,0.17657758122498501,False
1240,0.1764287428579605,False
7855,0.17624791785429494,False
7592,0.17623754717707832,False
2268,0.1762205635571426,False
8592,0.17620273600801556,False
7716,0.17605639179047133,False
8636,0.17599448992574387,False
2750,0.1759840769440593,False
5890,0.17597977682621319,False
936,0.17595234015852454,False
5286,0.17580438193806616,False
7079,0.17571172736798438,False
6047,0.17546283189983305,False
6522,0.17504522330352618,False
6610,0.17491870130878637,False
1959,0.17488318413977014,False
3853,0.17473804783995003,False
1006,0.17469011082880628,False
6781,0.17458501560555567,False
7864,0.17436804533377562,False
4176,0.1743511860346187,False
8619,0.17397290373551005,False
4545,0.17383939919761138,False
7388,0.17383506817781644,False
598,0.1737541739047341,False
5480,0.17372084999841622,False
8307,0.17360129487724377,False
8514,0.17359449985227585,False
3441,0.1735291380946719,False
730,0.17308616126192522,False
2542,0.1730633007978288,False
8298,0.1728341412379501,False
7728,0.17282476080076553,False
2963,0.17272477613937634,False
4497,0.17269268215796815,False
3899,0.1726879234544341,False
2928,0.172499946342834,False
8682,0.17230620982586592,False
8687,0.17229823521203907,False
1690,0.17191338449715562,False
6243,0.1717143417229795,False
2313,0.1716532837341813,False
3596,0.17135952626452863,False
6681,0.17134252828449442,False
476,0.17131783363735978,False
4950,0.1712931752921284,False
4565,0.17113497606551153,False
6561,0.17109924296960255,False
88,0.17101509158268086,False
8595,0.17098982605199714,False
5785,0.17086425152173967,False
261,0.1708058566010224,False
6764,0.17078479106458797,False
1479,0.17072155249360688,False
1183,0.1706800526164955,False
3538,0.1704763195403455,False
6303,0.17044310161657977,False
6210,0.17032715548282645,False
53,0.17028701031460303,False
5529,0.17005064391626667,False
7888,0.16989837625778878,False
2819,0.16987908699226512,False
7593,0.1697874963421456,False
235,0.16977471117105608,False
7031,0.16972206810457985,False
4182,0.16959968695382996,False
2021,0.16951544559480838,False
2207,0.16937630997975286,False
6944,0.16935652380542962,False
2893,0.16903132867785017,False
7064,0.1690301772982631,False
5884,0.16902087435793514,False
6134,0.16891059602986505,False
4385,0.1689002989973266,False
4415,0.16882189165816994,False
5708,0.16880927993716094,False
8498,0.16875735040299422,False
1007,0.1682401641648591,False
5042,0.16812235485496757,False
6883,0.1680963260079022,False
2635,0.16800778507464845,False
5482,0.16783724696658436,False
5491,0.16778777035784506,False
6241,0.16775379646202557,False
7042,0.16775038962368602,False
7636,0.16772765836126335,False
5642,0.1676532515659958,False
6632,0.16764850249007324,False
6550,0.167584894087172,False
6753,0.16731327438908236,False
6578,0.1672546371692888,False
8541,0.1670831455714267,False
8807,0.16706787274727597,False
7695,0.16683209403241273,False
2941,0.16674424443431765,False
3764,0.1666117722662411,False
2419,0.1663837154034987,False
6985,0.1663288553397047,False
8074,0.1662800845003755,False
7301,0.16626260291186273,False
1562,0.16624372280012925,False
2741,0.16623609864553088,False
7510,0.16602949911585901,False
110,0.16601446649910043,False
6819,0.1659476259415803,False
1808,0.1655914268908876,False
8423,0.16552510754234515,False
405,0.16541538799182667,False
1696,0.16538779558615496,False
1177,0.16503055716097942,False
3348,0.1648973264499385,False
7637,0.16488615983379462,False
5821,0.16487031895522913,False
5335,0.16479509047793525,False
4276,0.16479401988619055,False
3181,0.16478774692122428,False
7527,0.16468144010586766,False
6749,0.16460348359825444,False
8471,0.16451059830649303,False
7371,0.16410236855282173,False
7066,0.16401320054466711,False
8959,0.16398056491439156,False
6458,0.16393173817912401,False
957,0.16369630048455816,False
5227,0.16340993899166906,False
7007,0.16317865447657878,False
4162,0.16308091880981035,False
1925,0.16268424154162636,False
4648,0.16263916165562384,False
7672,0.16236630042813233,False
3439,0.16231169404399506,False
6699,0.16215944426405063,False
4056,0.16215337949804892,False
480,0.16187800098497018,False
5737,0.16187718778024665,False
200,0.16181538504025944,False
569,0.16152480243494666,False
3358,0.16139727678579613,False
8470,0.16134583462225766,False
5835,0.1612385425601763,False
7241,0.16112973260946362,False
6018,0.1610412289120869,False
5073,0.16103309218828682,False
5920,0.1609989170889344,False
6392,0.16054259716195726,False
7572,0.16030833224510024,False
3593,0.16026502465410694,False
5444,0.16000517424419367,False
5605,0.15995896990988917,False
8337,0.1599264935788206,False
1347,0.1598260874800287,False
7620,0.1598098203872633,False
4745,0.15970466863688587,False
5694,0.15928141820815103,False
2670,0.15920752271156388,False
6741,0.159206527170264,False
7879,0.1586969036669868,False
5917,0.15847830624258633,False
3202,0.158429674932994,False
7874,0.15821156162191027,False
3541,0.15811549782394824,False
7686,0.15787499060311386,False
1030,0.15780390540351974,False
8007,0.15764217158653024,False
5956,0.15752912884139275,False
6768,0.1574540092775767,False
6848,0.157341191693756,False
8863,0.15726555780450416,False
1996,0.15709835179855086,False
8359,0.1569138857677476,False
3859,0.15670489733572282,False
462,0.15651696981350147,False
7720,0.15648356858344276,False
4054,0.15642366686934434,False
8453,0.15573472783387068,False
7745,0.1546989266825648,False
1311,0.15451055926960763,False
6109,0.15434131694433237,False
7608,0.1543051419098594,False
6982,0.15407861034535378,False
7831,0.15378343436574704,False
4802,0.15376141964981171,False
8512,0.1530336928322636,False
4631,0.15271804973532396,False
6999,0.1521216461446652,False
7234,0.15161968151603172,False
6953,0.15158315796370872,False
6833,0.15136084768996141,False
5544,0.15114101104855107,False
3860,0.15087511672431908,False
1603,0.15086440954192173,False
4580,0.150778408803418,False
6771,0.15076591187149702,False
8888,0.15073542584386995,False
8444,0.15063144719522994,False
1021,0.15035380610004043,False
6654,0.15017892789460138,False
6485,0.14994281820141042,False
8494,0.14986612398629215,False
1037,0.1493117648666501,False
668,0.14919172363786867,False
6759,0.1491340558013867,False
6650,0.1491118759854495,False
2253,0.14892526156981267,False
6959,0.148721439797227,False
4177,0.14857607726794952,False
1501,0.14835223954534074,False
6384,0.1481872187757592,False
440,0.1481122737007998,False
5438,0.14770887312957595,False
2129,0.14744569942784072,False
4245,0.1474176798967596,False
3192,0.14739368719517196,False
1822,0.14717118189964434,False
6864,0.14698257521263455,False
831,0.14696909860991866,False
7685,0.14693071264666183,False
3218,0.14686361707929552,False
5182,0.14623341631386727,False
2921,0.14602245595197233,False
792,0.14550855146486594,False
6638,0.14521458466248424,False
253,0.14498418995310022,False
5155,0.14469997328364537,False
1339,0.14443276597836846,False
5634,0.14442540264577272,False
7450,0.14417930752595062,False
2782,0.14409054918445835,False
300,0.14383748040704383,False
8391,0.14367504202150633,False
6338,0.1434577532127587,False
2746,0.14344797489084163,False
8101,0.1430018015467054,False
856,0.1429248075763381,False
4203,0.14282458479051374,False
794,0.14263799693332915,False
4923,0.14259352302308556,False
6778,0.14258230953580323,False
2322,0.14255912986012922,False
8329,0.14212600149684934,False
6584,0.142125533059605,False
4495,0.14207567577153907,False
2666,0.14200898426724748,False
2310,0.14179772343151095,False
8642,0.14178957968074762,False
8193,0.14175399417528303,False
6529,0.14154657367696116,False
2841,0.14149282287796328,False
4413,0.1414807841892254,False
7119,0.1407568887756,False
4084,0.14064322048081948,False
8316,0.14063982545984782,False
7036,0.14021801775973472,False
4492,0.14018518325724558,False
4747,0.13988520097390028,False
3116,0.13969040641752156,False
6720,0.13896540089105236,False
6494,0.13882631906223328,False
6591,0.13858054394271196,False
1812,0.1384741202110551,False
915,0.13800294929810952,False
1870,0.13793793466099002,False
1869,0.13747866602758213,False
8613,0.13725635126481184,False
6413,0.1367583906583678,False
4687,0.1357927536613094,False
6008,0.13575261104762443,False
7761,0.13547829921445625,False
4229,0.1351126847209805,False
286,0.1350838943134146,False
6756,0.1350050613584011,False
2395,0.1346865968527525,False
3067,0.1342958294765747,False
5434,0.13423674905397423,False
6590,0.1334785265375585,False
8087,0.13326375781381652,False
7671,0.13306369828253592,False
2497,0.13305518328112,False
5772,0.13296656614046834,False
371,0.1319034634489998,False
8036,0.13183741799480936,False
1393,0.13180927443091844,False
3844,0.13160265233430513,False
6029,0.13159320919400788,False
3928,0.13154859702062774,False
8584,0.13149571585964298,False
7436,0.13109808207575852,False
1679,0.1310332348880926,False
2668,0.13000118845473213,False
8951,0.1299090381707402,False
6092,0.12961580109841525,False
6780,0.12941181324416098,False
1688,0.1293910385735155,False
4644,0.12849811183368082,False
3849,0.12840354959783196,False
1520,0.12833660905153077,False
3313,0.1281432626058097,False
2772,0.1281283377853608,False
6882,0.12812583421399668,False
8049,0.12766298770009463,False
4282,0.12717276915186088,False
7890,0.12637157629489262,False
5627,0.12587531191056914,False
5703,0.12564476756804768,False
8882,0.12555563339020012,False
4057,0.12548357119576733,False
6117,0.12537498932435448,False
376,0.12500074372257186,False
3790,0.1245354613794928,False
7870,0.12385093696208088,False
3592,0.12365641423626023,False
786,0.12309800972759126,False
7049,0.12237773186017295,False
3152,0.12212003045029776,False
2562,0.12103181561315342,False
7773,0.12045344848790021,False
1170,0.12029746421337353,False
520,0.12012271787558246,False
5950,0.11998577027350589,False
5840,0.11969938794748641,False
2182,0.11941122104320107,False
4840,0.11912946542259492,False
784,0.11881204822711007,False
6620,0.11866335841031192,False
92,0.11844130798122512,False
8160,0.11830048204753421,False
1106,0.11819241399595959,False
8166,0.11744799279482639,False
1226,0.11734258197138871,False
4160,0.1173006825989059,False
3866,0.11645274850495589,False
4297,0.1156927807817966,False
6380,0.11547498799986772,False
7233,0.11526509609341903,False
6960,0.11514522202406642,False
970,0.11466787003723339,False
1136,0.11446312234766244,False
6326,0.11397253901002363,False
8906,0.11359878693297008,False
2910,0.11358137949506397,False
6027,0.11322578635256743,False
5599,0.11291098779904518,False
7376,0.11226053291854411,False
6619,0.1117565122614936,False
6398,0.11156215734668282,False
8163,0.11145430265692521,False
1694,0.1113613382144129,False
1012,0.11081513237009502,False
1616,0.10990892242703558,False
974,0.1095831881848207,False
2396,0.10952541347678102,False
3368,0.10920440081539949,False
3669,0.10893005748868233,False
7780,0.10847795396198998,False
2492,0.10696846083638341,False
5425,0.10610502859331866,False
919,0.10544766581194835,False
3767,0.10534610417671018,False
5915,0.10525151520687824,False
6010,0.10445062879908547,False
8194,0.10388519230932397,False
142,0.10301891774843824,False
4831,0.10226358690435539,False
3585,0.10225294247018002,False
7718,0.10166367991431649,False
8878,0.10106485011686643,False
7649,0.10079230227887762,False
8263,0.1004663932854442,False
6142,0.10011109482730449,False
2187,0.10005821804909162,False
2925,0.09993685030152315,False
5588,0.09973898598933494,False
6618,0.09845753900143146,False
1102,0.09820205445766132,False
7740,0.0978159250498609,False
7117,0.0977512484313592,False
2481,0.09465765900696338,False
6847,0.09346452296706727,False
7284,0.09331566399876329,False
6713,0.09299080887522196,False
6769,0.0913039130631511,False
4524,0.0911526475138869,False
6466,0.08974914942492336,False
6006,0.08952489037927298,False
3311,0.0893242864817925,False
4000,0.08925578823018362,False
925,0.0888423503879834,False
644,0.08882745168676415,False
6133,0.0883759881120385,False
1785,0.08790997930741277,False
2236,0.0874280466040926,False
8984,0.08499919216410588,False
2454,0.08440978415309915,False
7395,0.08432139986871177,False
1023,0.08367331783315252,False
4470,0.0825109476294568,False
7088,0.08202316583536838,False
2038,0.081770581775141,False
5454,0.08157355517815384,False
8392,0.08112285170612445,False
4012,0.0805807853915762,False
6968,0.08050032242455944,False
3170,0.07884103314579656,False
5897,0.0787535515119231,False
1705,0.07813775941348472,False
540,0.07680333102645019,False
7735,0.07659409324406649,False
8530,0.07596075732721051,False
5774,0.07572358996077116,False
4092,0.07491773385617495,False
362,0.07475472307341767,False
263,0.07396041168539293,False
1357,0.07352554829186995,False
892,0.07258967871705645,False
5977,0.0683406401125784,False
4156,0.06709381751616458,False
930,0.0664023788302842,False
2606,0.06556942687419196,False
1314,0.06398782452879227,False
3980,0.06362084944966981,False
6124,0.06309645097913423,False
1242,0.06292389773002231,False
8681,0.05820494078293431,False
5861,0.05679149187077301,False
3262,0.05550867375941805,False
270,0.053257672252125444,False
5926,0.05294499992231744,False
1931,0.052921123441964694,False
2790,0.05076629270696971,False
2386,0.05068780851058181,False
2125,0.05031226124316946,False
3556,0.04931267201856466,False
1692,0.04799513371846112,False
8802,0.047228753460129204,False
8413,0.04705899442246804,False
3796,0.04647684515294515,False
4408,0.04606791486847187,False
3485,0.04569892183678885,False
4216,0.045371650848750125,False
7606,0.043596401860715984,False
7294,0.042567381844687946,False
6917,0.04159738393381065,False
7407,0.0413475659650284,False
109,0.04112686548420638,False
7485,0.039826702357267506,False
2721,0.03904067204446832,False
1071,0.03755439774040693,False
971,0.03689629247119719,False
7793,0.035869858711057516,False
6025,0.034298692080211454,False
8513,0.03350865311556932,False
4038,0.03343758824907635,False
3919,0.028822738593447195,False
3815,0.02853584696132147,False
3761,0.028347669016404425,False
6745,0.027881332260061727,False
671,0.027878185851405658,False
2621,0.027352479443973683,False
1597,0.024912706251499498,False
5285,0.021321326112986372,False
3098,0.02054282042959218,False
7837,0.014821893121945977,False
7452,0.012039388770140122,False
977,0.010261600920891071,False
4349,0.007152267217244468,False
2028,0.0032052390889320903,False
3956,0.0014899479756597994,False
6867,0.0014145358346121454,False
8381,1.4470499485981857e-06,False
